[2026-07-17 10:28:30.225] [0;32mI (21146) TASK_NL: Scan[0]: name=Elements 88E6 ip=192.168.50.16 id=D0:62:31:20:BA:73 model=NL52 fw=12.2.3[0m
[2026-07-17 10:28:30.225] [0;32mI (21146) TASK_NL: Scan[1]: name=4D FEB8 ip=192.168.50.160 id=89:F8:DC:10:D0:09 model=NL69 fw=12.3.6[0m
[2026-07-17 10:28:30.225] [0;32mI (21155) TASK_NL: Scan matched [1] D0623120BA73 at 192.168.50.16 (name=Elements 88E6)[0m
[2026-07-17 10:28:30.225] [0;32mI (21164) TASK_NL: Scan matched [0] 89F8DC10D009 at 192.168.50.160 (name=4D FEB8)[0m
[2026-07-17 10:28:30.225] [0;32mI (21172) TASK_NL: ExecuteScan: found 2 devices, publishing[0m
[2026-07-17 10:28:30.225] [0;32mI (21198) AWS_IOT: Subscribing topic switchlink/B0E9FEC6718C/app_to_nanoleaf_maint[0m
[2026-07-17 10:28:30.225] 
[2026-07-17 10:28:30.340] [0;32mI (21314) NL_LTPDU: CISS: recovered session to 192.168.50.16 (counter=802, ver=V3.0)[0m
[2026-07-17 10:28:30.340] 
[2026-07-17 10:28:30.602] wifi status is 5 1 2
[2026-07-17 10:28:30.602] 
[2026-07-17 10:28:30.602] wifi ipv4 info:
[2026-07-17 10:28:30.602] 
[2026-07-17 10:28:30.602] 192.168.50.200.
[2026-07-17 10:28:30.602] 
[2026-07-17 10:28:30.602] 255.255.255.0.
[2026-07-17 10:28:30.602] 
[2026-07-17 10:28:30.602] 192.168.50.1.
[2026-07-17 10:28:30.602] 
[2026-07-17 10:28:30.602] Subscribe Success!!!
[2026-07-17 10:28:30.602] 
[2026-07-17 10:28:30.602] cannot find matter check
[2026-07-17 10:28:30.602] send check matter:
[2026-07-17 10:28:30.602] Update MQTT parameters save nvs Success
[2026-07-17 10:28:30.602] [0;32mI (21514) NVS: Flash write 2[0m
[2026-07-17 10:28:30.602] sub-device count:0,ind dev:0
[2026-07-17 10:28:30.602] owndev_sum:0,ble_sum:0,ir_sum:0,iot_sum:0,fid_cnt:0
[2026-07-17 10:28:30.602] IOT_Running free heap 6171532
[2026-07-17 10:28:30.602] 
[2026-07-17 10:28:30.602] uart: 29 ## [set_wifi_send_shadow] 5 1
[2026-07-17 10:28:30.602] 
[2026-07-17 10:28:30.602] 
[2026-07-17 10:28:30.602] uart: 130 AT+BCDS ff04000206a59934d 0010B940B0E9FEC6718C48ca43a5b6dc0F0602200a08974004000000000000ff0cf900000000000000000000000000000000ff62
[2026-07-17 10:28:30.602] 
[2026-07-17 10:28:30.602] 
[2026-07-17 10:28:30.602] 
[2026-07-17 10:28:30.895] pTopic:$aws/rules/bi_wifi_data_report/switchlink/B0E9FEC6718C/link_to_shadow
[2026-07-17 10:28:30.895] pData:BCD ff04000206a59934b 0010B940B0E9FEC6718C48ca43a5b6dc0F0601200a08974004000000000000ff0cfb00000000000000000000000000000000ff62
[2026-07-17 10:28:30.895] [0;33mW (21736) TASK_NL: [1] CISS verify failed (err=8), fallback SRP[0m
[2026-07-17 10:28:30.895] [0;32mI (21745) NL_LTPDU: SRP reconnect: device=Elements 88E6 clientId=1[0m
[2026-07-17 10:28:30.895] pTopic:switchlink/B0E9FEC6718C/link_to_nanoleaf_maint
[2026-07-17 10:28:30.895] pData:{"msgType":"nanoleaf_scan","trigger":"wifi_connected","timestamp":1784255311,"managed":{"total":2,"devices":[{"deviceId":"89F8DC10D009","clientId":1,"state":"auth","online":0},{"deviceId":"D0623120BA73","clientId":1,"state":"auth","online":0}]},"devices":[{"deviceId":"D0:62:31:20:BA:73","ip":"192.168.50.16","port":12566,"model":"NL52","firmware":"12.2.3"},{"deviceId":"89:F8:DC:10:D0:09","ip":"192.168.50.160","port":12566,"model":"NL69","firmware":"12.3.6"}]}
[2026-07-17 10:28:30.895] [0;32mI (21788) NL_LTPDU:   pubA[0:4]=83EA7F15[0m
[2026-07-17 10:28:30.895] pTopic:$aws/rules/bi_hub_fetch_data_matter/switchlink/B0E9FEC6718C/link_to_dev_matter
[2026-07-17 10:28:30.895] pData:BCD FF040002C6A59934D 0010B940B0E9FEC6718C48CA43A5B6DC000800000000
[2026-07-17 10:28:30.895] pTopic:$aws/rules/bi_wifi_activate_iot_cert_v1/switchlink/B0E9FEC6718C/link_to_verify
[2026-07-17 10:28:30.895] pData:{"eventType":"Wo.Device.Create","platform":"device","deviceID":"B0E9FEC6718C","sn":"B0E9FEC6718C","bleVersion":20,"wifiVersion":20,"wifiMac":"48CA43A5B6DC","hardwareVersion":4,"uiInfo":{"uiMac":"B0E9FED4ACF4","armVersion":16,"dspVersion":16,"uiVersion":1,"fontVersion":1,"fontLang":"default","musicVersion":1}}
[2026-07-17 10:28:30.895] pTopic:$aws/rules/bi_wifi_data_report/switchlink/B0E9FEC6718C/link_to_shadow
[2026-07-17 10:28:30.895] pData:BCD ff04000206a59934d 0010B940B0E9FEC6718C48ca43a5b6dc0F0602200a08974004000000000000ff0cf900000000000000000000000000000000ff62
[2026-07-17 10:28:30.895] 
[2026-07-17 10:28:30.963] [0;32mI (21937) NL_LTPDU: CISS: recovered session to 192.168.50.160 (counter=123, ver=V3.0)[0m
[2026-07-17 10:28:30.963] 
[2026-07-17 10:28:31.045] [0;32mI (22009) NL_LTPDU: TCP connected to 192.168.50.16:12566[0m
[2026-07-17 10:28:31.045] [0;33mW (22009) TASK_NL: [0] CISS verify failed (err=9), fallback SRP[0m
[2026-07-17 10:28:31.045] [0;32mI (22011) NL_LTPDU: SRP reconnect: device=4D FEB8 clientId=1[0m
[2026-07-17 10:28:31.045] 
[2026-07-17 10:28:31.078] [0;32mI (22053) NL_LTPDU:   pubA[0:4]=86AD4DA9[0m
[2026-07-17 10:28:31.078] 
[2026-07-17 10:28:31.299] [0;32mI (22273) NL_LTPDU: TCP connected to 192.168.50.160:12566[0m
[2026-07-17 10:28:31.299] 
[2026-07-17 10:28:31.482] [0;32mI (22418) NL_LTPDU:   step1 rsp: salt len=4, salt[0:4]=B1425B20[0m
[2026-07-17 10:28:31.482] [0;32mI (22418) NL_LTPDU:   step1 rsp: B[0:4]=AA69E332, B len=256[0m
[2026-07-17 10:28:31.482] [0;32mI (22420) NL_LTPDU:   session_version: len=0 val=FFFF[0m
[2026-07-17 10:28:31.482] [0;32mI (22426) NL_SRP:   k[0:8]=4CBA3FB2923E01FB[0m
[2026-07-17 10:28:31.482] [0;32mI (22430) NL_SRP:   szA=256, szB=256[0m
[2026-07-17 10:28:31.482] [0;32mI (22435) NL_SRP:   u[0:8]=A66E43FD3D98A925[0m
[2026-07-17 10:28:31.482] [0;32mI (22440) NL_SRP:   x[0:8]=3E8A4C86CE14ECC1[0m
[2026-07-17 10:28:31.482] 
[2026-07-17 10:28:31.575] [0;32mI (22538) NL_SRP: SrpComputeSecret OK[0m
[2026-07-17 10:28:31.575] [0;32mI (22538) NL_LTPDU:   SrpComputeSecret OK[0m
[2026-07-17 10:28:31.575] 
[2026-07-17 10:28:31.667] [0;33mW (22631) NL_LTPDU: SRP auth done: iSock=56 (fd assigned)[0m
[2026-07-17 10:28:31.667] [0;32mI (22631) NL_LTPDU:   using session ver: V3.0[0m
[2026-07-17 10:28:31.667] [0;32mI (22631) NL_LTPDU: SRP token reconnect OK, ClientId=1[0m
[2026-07-17 10:28:31.667] [0;32mI (22637) TASK_NL: [1] Auth OK → ACTIVE (192.168.50.16)[0m
[2026-07-17 10:28:31.667] 
[2026-07-17 10:28:31.714] pTopic:switchlink/B0E9FEC6718C/link_to_nanoleaf_property
[2026-07-17 10:28:31.714] pData:{"msgType":"online","deviceId":"D0623120BA73","timestamp":1784255312,"online":true,"reason":"srp_connected"}
[2026-07-17 10:28:31.714] 
[2026-07-17 10:28:31.776] [0;32mI (22725) NL_LTPDU:   step1 rsp: salt len=4, salt[0:4]=6402BBBE[0m
[2026-07-17 10:28:31.776] [0;32mI (22726) NL_LTPDU:   step1 rsp: B[0:4]=8A563B4F, B len=256[0m
[2026-07-17 10:28:31.776] [0;32mI (22727) NL_LTPDU:   session_version: len=0 val=FFFF[0m
[2026-07-17 10:28:31.776] [0;32mI (22733) NL_SRP:   k[0:8]=4CBA3FB2923E01FB[0m
[2026-07-17 10:28:31.776] [0;32mI (22738) NL_SRP:   szA=256, szB=256[0m
[2026-07-17 10:28:31.776] [0;32mI (22742) NL_SRP:   u[0:8]=7B6B49855D5BFF57[0m
[2026-07-17 10:28:31.776] [0;32mI (22747) NL_SRP:   x[0:8]=967DB5F0924158D5[0m
[2026-07-17 10:28:31.776] 
[2026-07-17 10:28:31.931] [0;32mI (22835) NL_LTPDU: BatchGet D0623120BA73: 6 eps, rsp=116 bytes[0m
[2026-07-17 10:28:31.931] [0;32mI (22836) TASK_NL: [1] Status changed: on=0 br=49 ct=1500 hu=0 sa=0 eff="Bloom"[0m
[2026-07-17 10:28:31.931] [0;32mI (22846) NL_SRP: SrpComputeSecret OK[0m
[2026-07-17 10:28:31.931] [0;32mI (22846) NL_LTPDU:   SrpComputeSecret OK[0m
[2026-07-17 10:28:31.931] pTopic:switchlink/B0E9FEC6718C/link_to_nanoleaf_property
[2026-07-17 10:28:31.931] pData:{"msgType":"status","deviceId":"D0623120BA73","timestamp":1784255312,"endpoints":[{"endpoint":"lb/0/oo","value":false},{"endpoint":"lb/0/pb","value":49},{"endpoint":"lb/0/ct","value":1500},{"endpoint":"lb/0/hu","value":0},{"endpoint":"lb/0/sa","value":0},{"endpoint":"effect/select","value":"Bloom"}]}
[2026-07-17 10:28:31.931] 
[2026-07-17 10:28:31.992] [0;33mW (22943) NL_LTPDU: SRP auth done: iSock=55 (fd assigned)[0m
[2026-07-17 10:28:31.992] [0;32mI (22943) NL_LTPDU:   using session ver: V3.0[0m
[2026-07-17 10:28:31.992] [0;32mI (22943) NL_LTPDU: SRP token reconnect OK, ClientId=1[0m
[2026-07-17 10:28:31.992] [0;32mI (22949) TASK_NL: [0] Auth OK → ACTIVE (192.168.50.160)[0m
[2026-07-17 10:28:31.992] 
[2026-07-17 10:28:32.178] pTopic:switchlink/B0E9FEC6718C/link_to_nanoleaf_property
[2026-07-17 10:28:32.178] pData:{"msgType":"online","deviceId":"89F8DC10D009","timestamp":1784255312,"online":true,"reason":"srp_connected"}
[2026-07-17 10:28:32.178] [0;32mI (23135) NL_LTPDU: BatchGet 89F8DC10D009: 6 eps, rsp=118 bytes[0m
[2026-07-17 10:28:32.178] [0;32mI (23135) TASK_NL: [0] Status changed: on=0 br=29 ct=2201 hu=30 sa=85 eff="*Solid*"[0m
[2026-07-17 10:28:32.178] 
[2026-07-17 10:28:32.364] pTopic:switchlink/B0E9FEC6718C/link_to_nanoleaf_property
[2026-07-17 10:28:32.364] pData:{"msgType":"status","deviceId":"89F8DC10D009","timestamp":1784255312,"endpoints":[{"endpoint":"lb/0/oo","value":false},{"endpoint":"lb/0/pb","value":29},{"endpoint":"lb/0/ct","value":2201},{"endpoint":"lb/0/hu","value":30},{"endpoint":"lb/0/sa","value":85},{"endpoint":"effect/select","value":"*Solid*"}]}
[2026-07-17 10:28:32.364] 
[2026-07-17 10:28:32.643] uart: 10 AT+GET_UTC
[2026-07-17 10:28:32.643] 
[2026-07-17 10:28:32.643] 
[2026-07-17 10:28:32.643] utc 3, 6a
[2026-07-17 10:28:32.643] 
[2026-07-17 10:28:32.643] utc 2, 59
[2026-07-17 10:28:32.643] 
[2026-07-17 10:28:32.643] utc 1, 93
[2026-07-17 10:28:32.643] 
[2026-07-17 10:28:32.643] utc 0, 4f
[2026-07-17 10:28:32.643] 
[2026-07-17 10:28:32.643] UTC : 6a59934f
[2026-07-17 10:28:32.643] 
[2026-07-17 10:28:32.643] uart: 11 AT+LISTEN 1
[2026-07-17 10:28:32.643] 
[2026-07-17 10:28:32.643] 
[2026-07-17 10:28:32.643] get listen cmd
[2026-07-17 10:28:32.643] uart: 16 AT+BLEVERSION 14
[2026-07-17 10:28:32.643] 
[2026-07-17 10:28:32.643] 
[2026-07-17 10:28:32.643] uart: 24 AT+BOOTBLEVERSION 140402
[2026-07-17 10:28:32.643] 
[2026-07-17 10:28:32.643] 
[2026-07-17 10:28:32.643] get boot ble version 20 4 2
[2026-07-17 10:28:32.643] 
[2026-07-17 10:28:32.643] uart: 39 AT+TEST shadow CMD|01010300A|AAAYAA==18
[2026-07-17 10:28:32.643] 
[2026-07-17 10:28:32.643] 
[2026-07-17 10:28:32.643] CMD|01010300A|AAAYAA==18
[2026-07-17 10:28:32.643] 
[2026-07-17 10:28:32.643] uart: 0 
[2026-07-17 10:28:32.643] 
[2026-07-17 10:28:32.643] 
[2026-07-17 10:28:32.643] 
[2026-07-17 10:28:32.813] pTopic:$aws/rules/bi_ble_data_report_arch2/switchlink/B0E9FEC6718C/link_to_status
[2026-07-17 10:28:32.813] pData:{"protocolVersion":1,"count":1,"messages":[{"id":"f94bda3a-0da2-44b5-b039-414235a056b5","eventType":"Wo.Hub.VersionReport","data":{"deviceID":"b0e9fec6718c","createTime":1784255311,"contentType":"hex","content":"14|14"}}]}
[2026-07-17 10:28:32.813] pTopic:$aws/rules/bi_hub_fetch_data_arch2/switchlink/B0E9FEC6718C/link_to_data
[2026-07-17 10:28:32.813] pData:{"protocolVersion":1,"count":1,"messages":[{"id":"a9a12902-f906-4063-8eff-81626aff9dee","eventType":"Wo.Hub.SyncBindDevices","data":{"deviceID":"b0e9fec6718c","createTime":1784255311,"contentType":"base64","commandLevel":5,"content":"CMD|01010300A|AAAYAA==18"}}]}
[2026-07-17 10:28:32.813] 
[2026-07-17 10:28:37.096] [0;32mI (28059) NL_LTPDU: BatchGet D0623120BA73: 6 eps, rsp=116 bytes[0m
[2026-07-17 10:28:37.096] 
[2026-07-17 10:28:37.296] [0;32mI (28256) NL_LTPDU: BatchGet 89F8DC10D009: 6 eps, rsp=118 bytes[0m
[2026-07-17 10:28:37.296] 
[2026-07-17 10:28:37.481] free heap: 6225648, minimum free heap: 6098456, Internal 8bit free heap: 30476, 8bit free heap: 6225648The current date/time is: Fri Jul 17 02:28:36 2026
[2026-07-17 10:28:37.481] 
[2026-07-17 10:28:37.481] 
[2026-07-17 10:28:37.931] uart: 16 ## RE-BOOTING...
[2026-07-17 10:28:37.931] 
[2026-07-17 10:28:37.931] 
[2026-07-17 10:28:37.931] 
[2026-07-17 10:28:38.413] uart: 11 AT+MOTION 1
[2026-07-17 10:28:38.413] 
[2026-07-17 10:28:38.413] 
[2026-07-17 10:28:38.413] btn on press
[2026-07-17 10:28:38.413] uart: 118 AT+BCDS ff040002000000000 0010B9400000000000000F0001300a00000040000000000000ff000000000000000000000000000000000000ff00
[2026-07-17 10:28:38.413] 
[2026-07-17 10:28:38.413] 
[2026-07-17 10:28:38.413] uart: 19 AT+TEMPHUMI +237 64
[2026-07-17 10:28:38.413] 
[2026-07-17 10:28:38.413] 
[2026-07-17 10:28:38.413] temp_ep:65535,temp_data:2370 humi_ep:65535,humi_data:6400
[2026-07-17 10:28:38.413] 
[2026-07-17 10:28:38.413] 
[2026-07-17 10:28:38.490] pTopic:$aws/rules/bi_wifi_data_report/switchlink/B0E9FEC6718C/link_to_shadow
[2026-07-17 10:28:38.490] pData:BCD ff040002000000000 0010B9400000000000000F0001300a00000040000000000000ff000000000000000000000000000000000000ff00
[2026-07-17 10:28:38.490] uart: 46 AT+UIINFO B0E9FED4ACF4101001010164656661756C74
[2026-07-17 10:28:38.490] 
[2026-07-17 10:28:38.490] 
[2026-07-17 10:28:38.490] UiMac:b0e9fed4acf4
[2026-07-17 10:28:38.490] UiInfo:16 16 1 1 1 default
[2026-07-17 10:28:38.490] 
[2026-07-17 10:28:39.512] ESP-ROM:esp32s3-20210327
[2026-07-17 10:28:39.512] Build:Mar 27 2021
[2026-07-17 10:28:39.512] rst:0x1 (POWERON),boot:0x8 (SPI_FAST_FLASH_BOOT)
[2026-07-17 10:28:39.512] SPIWP:0xee
[2026-07-17 10:28:39.512] mode:DIO, clock div:1
[2026-07-17 10:28:39.512] Valid secure boot key blocks: 0
[2026-07-17 10:28:39.512] 
[2026-07-17 10:28:39.697] secure boot verification succeeded
[2026-07-17 10:28:39.697] load:0x3fce2980,len:0x39cc
[2026-07-17 10:28:39.697] load:0x403c8700,len:0x4
[2026-07-17 10:28:39.697] load:0x403c8704,len:0xcb8
[2026-07-17 10:28:39.697] load:0x403cb700,len:0x52e8
[2026-07-17 10:28:39.697] entry 0x403c8914
[2026-07-17 10:28:39.697] [0;32mI (73) boot: ESP-IDF v5.3.1-dirty 2nd stage bootloader[0m
[2026-07-17 10:28:39.697] [0;32mI (73) boot: compile time Mar 19 2025 17:10:11[0m
[2026-07-17 10:28:39.697] [0;32mI (73) boot: Multicore bootloader[0m
[2026-07-17 10:28:39.697] [0;32mI (77) boot: chip revision: v0.2[0m
[2026-07-17 10:28:39.697] [0;32mI (80) boot.esp32s3: Boot SPI Speed : 80MHz[0m
[2026-07-17 10:28:39.697] [0;32mI (85) boot.esp32s3: SPI Mode       : DIO[0m
[2026-07-17 10:28:39.697] [0;32mI (90) boot.esp32s3: SPI Flash Size : 16MB[0m
[2026-07-17 10:28:39.697] [0;32mI (95) boot: Enabling RNG early entropy source...[0m
[2026-07-17 10:28:39.697] [0;32mI (100) boot: Partition Table:[0m
[2026-07-17 10:28:39.697] [0;32mI (104) boot: ## Label            Usage          Type ST Offset   Length[0m
[2026-07-17 10:28:39.697] [0;32mI (111) boot:  0 esp_secure_cert  unknown          3f 06 0000d000 00002000[0m
[2026-07-17 10:28:39.697] [0;32mI (119) boot:  1 nvs              WiFi data        01 02 00010000 001eb000[0m
[2026-07-17 10:28:39.697] [0;32mI (126) boot:  2 nvs_keys         NVS keys         01 04 001fb000 00001000[0m
[2026-07-17 10:28:39.697] [0;32mI (134) boot:  3 otadata          OTA data         01 00 001fc000 00002000[0m
[2026-07-17 10:28:39.697] [0;32mI (141) boot:  4 phy_init         RF data          01 01 001fe000 00001000[0m
[2026-07-17 10:28:39.697] [0;32mI (149) boot:  5 ota_0            OTA app          00 10 00200000 00200000[0m
[2026-07-17 10:28:39.697] [0;32mI (156) boot:  6 ota_1            OTA app          00 11 00400000 00200000[0m
[2026-07-17 10:28:39.697] [0;32mI (164) boot:  7 fctry            WiFi data        01 02 00600000 00010000[0m
[2026-07-17 10:28:39.697] [0;32mI (172) boot:  8 filedata         unknown          3e 06 00610000 009f0000[0m
[2026-07-17 10:28:39.697] [0;32mI (179) boot: End of partition table[0m
[2026-07-17 10:28:39.697] [0;32mI (183) esp_image: segment 0: paddr=00400020 vaddr=3c150020 size=4b358h (308056) map[0m
[2026-07-17 10:28:39.697] 
[2026-07-17 10:28:39.775] [0;32mI (253) esp_image: segment 1: paddr=0044b380 vaddr=3fc9a500 size=04c98h ( 19608) load[0m
[2026-07-17 10:28:39.775] [0;32mI (258) esp_image: segment 2: paddr=00450020 vaddr=42000020 size=142c20h (1322016) map[0m
[2026-07-17 10:28:39.775] 
[2026-07-17 10:28:40.192] [0;32mI (522) esp_image: segment 3: paddr=00592c48 vaddr=3fc9f198 size=01f80h (  8064) load[0m
[2026-07-17 10:28:40.192] [0;32mI (525) esp_image: segment 4: paddr=00594bd0 vaddr=40374000 size=16460h ( 91232) load[0m
[2026-07-17 10:28:40.192] [0;32mI (550) esp_image: segment 5: paddr=005ab038 vaddr=00000000 size=04f98h ( 20376) [0m
[2026-07-17 10:28:40.192] [0;32mI (554) esp_image: Verifying image signature...[0m
[2026-07-17 10:28:40.192] [0;32mI (555) secure_boot_v2: Verifying with RSA-PSS...[0m
[2026-07-17 10:28:40.192] [0;32mI (560) secure_boot_v2: Signature verified successfully![0m
[2026-07-17 10:28:40.192] [0;32mI (572) boot: Loaded app from partition at offset 0x400000[0m
[2026-07-17 10:28:40.192] [0;32mI (573) secure_boot_v2: enabling secure boot v2...[0m
[2026-07-17 10:28:40.192] [0;32mI (575) secure_boot_v2: secure boot v2 is already enabled, continuing..[0m
[2026-07-17 10:28:40.192] [0;32mI (582) boot: Checking flash encryption...[0m
[2026-07-17 10:28:40.192] [0;32mI (587) flash_encrypt: flash encryption is enabled (1 plaintext flashes left)[0m
[2026-07-17 10:28:40.192] [0;32mI (595) boot: Disabling RNG early entropy source...[0m
[2026-07-17 10:28:40.192] [0;32mI (613) octal_psram: vendor id    : 0x0d (AP)[0m
[2026-07-17 10:28:40.192] [0;32mI (613) octal_psram: dev id       : 0x02 (generation 3)[0m
[2026-07-17 10:28:40.192] [0;32mI (613) octal_psram: density      : 0x03 (64 Mbit)[0m
[2026-07-17 10:28:40.192] [0;32mI (618) octal_psram: good-die     : 0x01 (Pass)[0m
[2026-07-17 10:28:40.192] [0;32mI (623) octal_psram: Latency      : 0x01 (Fixed)[0m
[2026-07-17 10:28:40.192] [0;32mI (628) octal_psram: VCC          : 0x01 (3V)[0m
[2026-07-17 10:28:40.192] [0;32mI (633) octal_psram: SRF          : 0x01 (Fast Refresh)[0m
[2026-07-17 10:28:40.192] [0;32mI (639) octal_psram: BurstType    : 0x01 (Hybrid Wrap)[0m
[2026-07-17 10:28:40.192] [0;32mI (645) octal_psram: BurstLen     : 0x01 (32 Byte)[0m
[2026-07-17 10:28:40.192] [0;32mI (650) octal_psram: Readlatency  : 0x02 (10 cycles@Fixed)[0m
[2026-07-17 10:28:40.192] [0;32mI (657) octal_psram: DriveStrength: 0x00 (1/1)[0m
[2026-07-17 10:28:40.192] [0;32mI (662) MSPI Timing: PSRAM timing tuning index: 4[0m
[2026-07-17 10:28:40.192] [0;32mI (667) esp_psram: Found 8MB PSRAM device[0m
[2026-07-17 10:28:40.192] [0;32mI (672) esp_psram: Speed: 80MHz[0m
[2026-07-17 10:28:40.192] 
[2026-07-17 10:28:40.238] [0;32mI (718) mmu_psram: Read only data copied and mapped to SPIRAM[0m
[2026-07-17 10:28:40.238] 
[2026-07-17 10:28:40.423] [0;32mI (905) mmu_psram: Instructions copied and mapped to SPIRAM[0m
[2026-07-17 10:28:40.423] [0;32mI (906) cpu_start: Multicore app[0m
[2026-07-17 10:28:40.423] 
[2026-07-17 10:28:41.147] [0;32mI (1465) esp_psram: SPI SRAM memory test OK[0m
[2026-07-17 10:28:41.147] [0;32mI (1491) cpu_start: Pro cpu start user code[0m
[2026-07-17 10:28:41.147] [0;32mI (1491) cpu_start: cpu freq: 240000000 Hz[0m
[2026-07-17 10:28:41.147] [0;32mI (1491) app_init: Application information:[0m
[2026-07-17 10:28:41.147] [0;32mI (1494) app_init: Project name:     hub3[0m
[2026-07-17 10:28:41.147] [0;32mI (1499) app_init: App version:      1.0[0m
[2026-07-17 10:28:41.147] [0;32mI (1503) app_init: Compile time:     Jul 15 2026 17:30:56[0m
[2026-07-17 10:28:41.147] [0;32mI (1509) app_init: ELF file SHA256:  5daa5178c...[0m
[2026-07-17 10:28:41.147] [0;32mI (1515) app_init: ESP-IDF:          v5.3.1[0m
[2026-07-17 10:28:41.147] [0;32mI (1520) efuse_init: Min chip rev:     v0.0[0m
[2026-07-17 10:28:41.147] [0;32mI (1524) efuse_init: Max chip rev:     v0.99 [0m
[2026-07-17 10:28:41.147] [0;32mI (1529) efuse_init: Chip rev:         v0.2[0m
[2026-07-17 10:28:41.147] [0;32mI (1534) heap_init: Initializing. RAM available for dynamic allocation:[0m
[2026-07-17 10:28:41.147] [0;32mI (1542) heap_init: At 3FCB5B00 len 00033C10 (207 KiB): RAM[0m
[2026-07-17 10:28:41.147] [0;32mI (1548) heap_init: At 3FCE9710 len 00005724 (21 KiB): RAM[0m
[2026-07-17 10:28:41.147] [0;32mI (1554) heap_init: At 3FCF0000 len 00008000 (32 KiB): DRAM[0m
[2026-07-17 10:28:41.147] [0;32mI (1560) heap_init: At 600FE100 len 00001EE8 (7 KiB): RTCRAM[0m
[2026-07-17 10:28:41.147] [0;32mI (1567) esp_psram: Adding pool of 6209K of PSRAM memory to heap allocator[0m
[2026-07-17 10:28:41.147] [0;32mI (1575) spi_flash: detected chip: generic[0m
[2026-07-17 10:28:41.147] [0;32mI (1579) spi_flash: flash io: dio[0m
[2026-07-17 10:28:41.147] [0;33mW (1583) flash_encrypt: Flash encryption mode is DEVELOPMENT (not secure)[0m
[2026-07-17 10:28:41.147] [0;32mI (1617) sleep: Configure to isolate all GPIO pins in sleep state[0m
[2026-07-17 10:28:41.147] [0;32mI (1618) sleep: Enable automatic switching of GPIO sleep configuration[0m
[2026-07-17 10:28:41.147] [0;32mI (1620) coexist: coex firmware version: 4482466[0m
[2026-07-17 10:28:41.147] [0;32mI (1626) coexist: coexist rom version e7ae62f[0m
[2026-07-17 10:28:41.147] [0;32mI (1631) main_task: Started on CPU0[0m
[2026-07-17 10:28:41.147] [0;32mI (1635) main_task: Calling app_main()[0m
[2026-07-17 10:28:41.147] 
[2026-07-17 10:28:41.458] [0;31mE (1704) NVS: Nvs read data 0 err 4354[0m
[2026-07-17 10:28:41.458] [0;31mE (1714) NVS: Nvs read data 3 err 4354[0m
[2026-07-17 10:28:41.458] [0;32mI (1715) gpio: GPIO[3]| InputEn: 0| OutputEn: 0| OpenDrain: 0| Pullup: 0| Pulldown: 0| Intr:0 [0m
[2026-07-17 10:28:41.458] [0;32mI (1717) gpio: GPIO[6]| InputEn: 0| OutputEn: 0| OpenDrain: 0| Pullup: 0| Pulldown: 0| Intr:0 [0m
[2026-07-17 10:28:41.458] build time : 20260715 17:33:32
[2026-07-17 10:28:41.458] 
[2026-07-17 10:28:41.458] Burned successfully, mac: 48CA43A5B6DC
[2026-07-17 10:28:41.458] build time hex: 07EA070F112120
[2026-07-17 10:28:41.458] 
[2026-07-17 10:28:41.458] free heap 6558608
[2026-07-17 10:28:41.458] 
[2026-07-17 10:28:41.458] &&&&&&&&&&&&&&&&&&booting&&&&&&&&&&&&&&&&&&&
[2026-07-17 10:28:41.458] 
[2026-07-17 10:28:41.458] slot type 0x0
[2026-07-17 10:28:41.458] 
[2026-07-17 10:28:41.458] slot subtype 0x11
[2026-07-17 10:28:41.458] 
[2026-07-17 10:28:41.458] slot address 0x400000
[2026-07-17 10:28:41.458] 
[2026-07-17 10:28:41.458] slot size 0x200000
[2026-07-17 10:28:41.458] 
[2026-07-17 10:28:41.458] slot label ota_1
[2026-07-17 10:28:41.458] 
[2026-07-17 10:28:41.458] slot encrypted 0x1
[2026-07-17 10:28:41.458] 
[2026-07-17 10:28:41.458] [0;31mE (1758) HTTP_CLIENT: The certificate status is set to available[0m
[2026-07-17 10:28:41.458] Device Work Mode - Type:0x00000024 MAC:E6:BD:71:60:CF:28 WorkMode:0 AutoRelockTime:0 min
[2026-07-17 10:28:41.458] [0;32mI (1767) privdata: Device work mode cache initialized with 1 entries[0m
[2026-07-17 10:28:41.458] set host name: SwitchBot-Hub-3-A5B6DC
[2026-07-17 10:28:41.458] [0;32mI (1795) pp: pp rom version: e7ae62f[0m
[2026-07-17 10:28:41.458] [0;32mI (1795) net80211: net80211 rom version: e7ae62f[0m
[2026-07-17 10:28:41.458] I (1798) wifi:wifi driver task: 3fccbe3c, prio:23, stack:6656, core=1
[2026-07-17 10:28:41.458] I (1827) wifi:wifi firmware version: ccaebfa
[2026-07-17 10:28:41.458] I (1827) wifi:wifi certification version: v7.0
[2026-07-17 10:28:41.458] I (1827) wifi:config NVS flash: enabled
[2026-07-17 10:28:41.458] I (1827) wifi:config nano formating: disabled
[2026-07-17 10:28:41.458] I (1832) wifi:Init data frame dynamic rx buffer num: 32
[2026-07-17 10:28:41.458] I (1837) wifi:Init static rx mgmt buffer num: 5
[2026-07-17 10:28:41.458] I (1841) wifi:Init management short buffer num: 32
[2026-07-17 10:28:41.458] I (1845) wifi:Init static tx buffer num: 16
[2026-07-17 10:28:41.458] I (1850) wifi:Init tx cache buffer num: 32
[2026-07-17 10:28:41.458] I (1853) wifi:Init static tx FG buffer num: 2
[2026-07-17 10:28:41.458] I (1857) wifi:Init static rx buffer size: 1600
[2026-07-17 10:28:41.458] I (1861) wifi:Init static rx buffer num: 10
[2026-07-17 10:28:41.458] I (1865) wifi:Init dynamic rx buffer num: 32
[2026-07-17 10:28:41.458] [0;32mI (1869) wifi_init: rx ba win: 6[0m
[2026-07-17 10:28:41.458] [0;32mI (1873) wifi_init: accept mbox: 6[0m
[2026-07-17 10:28:41.458] [0;32mI (1877) wifi_init: tcpip mbox: 32[0m
[2026-07-17 10:28:41.458] [0;32mI (1881) wifi_init: udp mbox: 6[0m
[2026-07-17 10:28:41.458] [0;32mI (1885) wifi_init: tcp mbox: 6[0m
[2026-07-17 10:28:41.458] [0;32mI (1889) wifi_init: tcp tx win: 5760[0m
[2026-07-17 10:28:41.458] [0;32mI (1893) wifi_init: tcp rx win: 5760[0m
[2026-07-17 10:28:41.458] [0;32mI (1897) wifi_init: tcp mss: 1440[0m
[2026-07-17 10:28:41.458] [0;32mI (1901) wifi_init: WiFi/LWIP prefer SPIRAM[0m
[2026-07-17 10:28:41.458] [0;32mI (1926) chip[DL]: NVS set: chip-counters/reboot-count = 71 (0x47)[0m
[2026-07-17 10:28:41.458] [0;32mI (1930) chip[DL]: Real time clock set to 946684800 (0100/00/01 00:00:00 UTC)[0m
[2026-07-17 10:28:41.458] [0;32mI (1930) BLE_INIT: BT controller compile version [aa16a46][0m
[2026-07-17 10:28:41.458] [0;32mI (1936) BLE_INIT: Bluetooth MAC: 48:ca:43:a5:b6:de[0m
[2026-07-17 10:28:41.458] [0;32mI (1942) phy_init: phy_version 680,a6008b2,Jun  4 2024,16:41:10[0m
[2026-07-17 10:28:41.458] 
[2026-07-17 10:28:41.521] [0;32mI (1999) NimBLE: GAP procedure initiated: stop advertising.
[2026-07-17 10:28:41.521] [0m
[2026-07-17 10:28:41.521] [0;32mI (2000) NimBLE: Failed to restore IRKs from store; status=8
[2026-07-17 10:28:41.521] [0m
[2026-07-17 10:28:41.521] [0;32mI (2001) CHIP[DL]: BLE host-controller synced[0m
[2026-07-17 10:28:41.521] 
[2026-07-17 10:28:42.433] [0;32mI (2506) chip[DL]: Starting ESP WiFi layer[0m
[2026-07-17 10:28:42.433] I (2507) wifi:mode : sta (48:ca:43:a5:b6:dc)
[2026-07-17 10:28:42.433] I (2507) wifi:enable tsf
[2026-07-17 10:28:42.433] W (2507) wifi:Haven't to connect to a suitable AP now!
[2026-07-17 10:28:42.433] [0;32mI (2511) chip[DL]: Attempting to connect WiFi station interface[0m
[2026-07-17 10:28:42.433] [0;32mI (2518) chip[DL]: WiFi station state change: NotConnected -> Connecting[0m
[2026-07-17 10:28:42.433] [0;32mI (2525) chip[DL]: Done driving station state, nothing else to do...[0m
[2026-07-17 10:28:42.433] I (2525) wifi:new:<8,0>, old:<1,0>, ap:<255,255>, sta:<8,0>, prof:1, snd_ch_cfg:0x0[0;32mI (2532) chip[SVR]: 
[2026-07-17 10:28:42.433] Initializing subscription resumption storage...[0m
[2026-07-17 10:28:42.433] I (2542) wifi:state: init -> auth (0xb0)
[2026-07-17 10:28:42.433] [0;32mI (2548) chip[SVR]: Server initializing...[0m
[2026-07-17 10:28:42.433] [0;32mI (2556) chip[TS]: Last Known Good Time: 2023-10-14T01:16:48[0m
[2026-07-17 10:28:42.433] I (2558) wifi:state: auth -> assoc (0x0)
[2026-07-17 10:28:42.433] [0;32mI (2566) chip[DMG]: AccessControl: initializing[0m
[2026-07-17 10:28:42.433] I (2568) wifi:[0;32mI (2570) chip[DMG]: state: assoc -> init (0x2c0)Examples::AccessControlDelegate::Init
[2026-07-17 10:28:42.433] [0m
[2026-07-17 10:28:42.433] [0;32mI (2579) chip[DMG]: AccessControl: setting[0m
[2026-07-17 10:28:42.433] I (2584) wifi:[0;32mI (2584) chip[DMG]: Coexist: Wi-Fi connect fail, apply reconnect coex policy
[2026-07-17 10:28:42.433] DefaultAclStorage: initializing
[2026-07-17 10:28:42.433] [0m
[2026-07-17 10:28:42.433] I (2596) wifi:[0;32mI (2596) chip[DMG]: new:<8,0>, old:<8,0>, ap:<255,255>, sta:<8,0>, prof:1, snd_ch_cfg:0x0DefaultAclStorage: 0 entries loaded[0m
[2026-07-17 10:28:42.433] 
[2026-07-17 10:28:42.433] [0;32mI (2640) mdns_mem: mDNS task will be created from SPIRAM[0m
[2026-07-17 10:28:42.433] [0;32mI (2655) chip[ZCL]: Using ZAP configuration...[0m
[2026-07-17 10:28:42.433] [0;32mI (2655) esp_matter_cluster: Cluster plugin init common callback[0m
[2026-07-17 10:28:42.433] [0;32mI (2656) chip[DMG]: AccessControlCluster: initializing[0m
[2026-07-17 10:28:42.433] [0;32mI (2662) chip[ZCL]: 0x3c162488 ep 0 clus 0x0000_0030 attr 0x0000_0000 not supported[0m
[2026-07-17 10:28:42.433] [0;32mI (2670) chip[ZCL]: Initiating Admin Commissioning cluster.[0m
[2026-07-17 10:28:42.433] [0;32mI (2680) chip[DL]: NVS set: chip-counters/life-count = 70 (0x46)[0m
[2026-07-17 10:28:42.433] [0;32mI (2683) chip[DIS]: Updating services using commissioning mode 1[0m
[2026-07-17 10:28:42.433] [0;31mE (2690) mdns: mdns_service_remove_for_host(6674): Invalid state or arguments[0m
[2026-07-17 10:28:42.433] [0;31mE (2698) mdns: mdns_service_remove_for_host(6674): Invalid state or arguments[0m
[2026-07-17 10:28:42.433] [0;31mE (2705) mdns: mdns_service_remove_for_host(6674): Invalid state or arguments[0m
[2026-07-17 10:28:42.433] [0;32mI (2714) chip[DIS]: Advertise commission parameter vendorID=5015 productID=2027 discriminator=3229/12 cm=1 cp=0[0m
[2026-07-17 10:28:42.433] [0;32mI (2725) chip[IN]: CASE Server enabling CASE session setups[0m
[2026-07-17 10:28:42.433] [0;32mI (2731) chip[SVR]: Joining Multicast groups[0m
[2026-07-17 10:28:42.433] [0;32mI (2735) chip[SVR]: Server initialization complete[0m
[2026-07-17 10:28:42.433] [0;32mI (2741) chip[SVR]: Server Listening...[0m
[2026-07-17 10:28:42.433] [0;32mI (2746) esp_matter_core: Dynamic endpoint 0 added[0m
[2026-07-17 10:28:42.433] [0;32mI (2751) esp_matter_attribute: ********** W : Endpoint 0x0001's Cluster 0x00000003's Attribute 0x00000001 is 3 **********[0m
[2026-07-17 10:28:42.433] [0;32mI (2762) esp_matter_core: Dynamic endpoint 1 added[0m
[2026-07-17 10:28:42.433] [0;32mI (2773) chip[DL]: WIFI_EVENT_STA_START[0m
[2026-07-17 10:28:42.433] W (2774) wifi:Haven't to connect to a suitable AP now!
[2026-07-17 10:28:42.433] [0;32mI (2776) app_bridged_device: MAX_BRIDGED_DEVICE_COUNT 62
[2026-07-17 10:28:42.433] 
[2026-07-17 10:28:42.433] [0m
[2026-07-17 10:28:42.433] [0;32mI (2777) chip[DL]: Attempting to connect WiFi station interface[0m
[2026-07-17 10:28:42.433] Set Wifi Reconnect Enable 0
[2026-07-17 10:28:42.433] 
[2026-07-17 10:28:42.433] [0;32mI (2791) chip[DL]: Done driving station state, nothing else to do...[0m
[2026-07-17 10:28:42.433] [0;32mI (2800) chip[DL]: WIFI_EVENT_STA_DISCONNECTED[0m
[2026-07-17 10:28:42.433] [0;32mI (2805) chip[DL]: WiFi station state change: Connecting -> Connecting_Failed[0m
[2026-07-17 10:28:42.433] W (2813) wifi:Haven't to connect to a suitable AP now!
[2026-07-17 10:28:42.433] [0;31mE (2818) chip[DL]: Failed to get configured network when updating network status: Error ESP32:0x0500300F[0m
[2026-07-17 10:28:42.433] W (2828) wifi:Haven't to connect to a suitable AP now!
[2026-07-17 10:28:42.433] [0;32mI (2833) chip[DL]: WiFi station state change: Connecting_Failed -> NotConnected[0m
[2026-07-17 10:28:42.433] W (2841) wifi:Haven't to connect to a suitable AP now!
[2026-07-17 10:28:42.433] ESP-IDF v5.3.1, free heap 6284616
[2026-07-17 10:28:42.433] 
[2026-07-17 10:28:42.433] [0;31mE (2845) chip[DL]: Failed to get configured network when updating network status: Error ESP32:0x0500300F[0m
[2026-07-17 10:28:42.433] uart: 25 ## [0;32mI (2859) chip[DL]: WiNext WiFi station reconnect in 100 ms[0;32mI (2858) NL_DEV: Init OK, 2 devices loaded from NVS[0m
[2026-07-17 10:28:42.433] [0m
[2026-07-17 10:28:42.433] [0;32mI (2871) chip[DL]: Done driving station state, nothing else to do...[0m
[2026-07-17 10:28:42.433] WIFI_EVENT_STA_DISCONNECTED
[2026-07-17 10:28:42.433] 
[2026-07-17 10:28:42.433] [0;32mI (2881) chip[DIS]: Updating services using commissioning mode 1[0m
[2026-07-17 10:28:42.433] [0;31mE (2888) mdns: mdns_service_remove_for_host(6677): Service doesn't exist[0m
[2026-07-17 10:28:42.433] [0;31mE (2895) mdns: mdns_service_remove_for_host(6674): Invalid state or arguments[0m
[2026-07-17 10:28:42.433] [0;32mI (2904) chip[DIS]: Advertise commission parameter vendorID=5015 productID=2027 discriminator=3229/12 cm=1 cp=0[0m
[2026-07-17 10:28:42.433] -Fi Mac 48ca43a5b6dc
[2026-07-17 10:28:42.433] 
[2026-07-17 10:28:42.433] 
[2026-07-17 10:28:42.433] [0;32mI (2916) app_main: Commissioning window opened[0m
[2026-07-17 10:28:42.433] 
[2026-07-17 10:28:42.868] [0;32mI (2958) chip[IM]: No subscriptions to resume[0m
[2026-07-17 10:28:42.868] uart: 0 
[2026-07-17 10:28:42.868] 
[2026-07-17 10:28:42.868] 
[2026-07-17 10:28:42.868] [0;32mI (2960) TASK_NL: scan interval loaded: 1800 s[0m
[2026-07-17 10:28:42.868] [0;32mI (2960) TASK_NL: Manager task started, 2 devices registered[0m
[2026-07-17 10:28:42.868] [0;32mI (2964) TASK_NL:   dev[0] eui64="89F8DC10D009" state=1 ip="192.168.50.160"[0m
[2026-07-17 10:28:42.868] [0;32mI (2972) TASK_NL:   dev[1] eui64="D0623120BA73" state=1 ip="192.168.50.16"[0m
[2026-07-17 10:28:42.868] W (2972) wifi:Haven't to connect to a suitable AP now!
[2026-07-17 10:28:42.868] uart: 19 AT+VER B0E9FEC6718C
[2026-07-17 10:28:42.868] 
[2026-07-17 10:28:42.868] 
[2026-07-17 10:28:42.868] g_bReconnectWifiEnable is false, return
[2026-07-17 10:28:42.868] get ver cmd 1
[2026-07-17 10:28:42.868] 
[2026-07-17 10:28:42.868] b0e9fec6718c
[2026-07-17 10:28:42.868] 
[2026-07-17 10:28:42.868] build time hex: 07EA070F112120
[2026-07-17 10:28:42.868] 
[2026-07-17 10:28:42.868] BaseType_t r1 = 1  r2 = 1 r3 = 1 r4 = 1 r5 = 1 r6 = 1 r7 = 1
[2026-07-17 10:28:42.868] build time hex: 07EA070F112120
[2026-07-17 10:28:42.868] 
[2026-07-17 10:28:42.868] wifi status is 4 0 1
[2026-07-17 10:28:42.868] 
[2026-07-17 10:28:42.868] wifi ipv4 info:
[2026-07-17 10:28:42.868] 
[2026-07-17 10:28:42.868] 0.0.0.0.
[2026-07-17 10:28:42.868] 
[2026-07-17 10:28:42.868] 0.0.0.0.
[2026-07-17 10:28:42.868] 
[2026-07-17 10:28:42.868] 0.0.0.0.
[2026-07-17 10:28:42.868] 
[2026-07-17 10:28:42.868] !!!PAI data!!!
[2026-07-17 10:28:42.868] 
[2026-07-17 10:28:42.868] 30 82 01 D0 30 82 01 76 A0 03 02 01 02 02 10 5B BE D7 3F F6 06 EA 40 01 B5 B1 8A 7F 5A EB 7B 30 0A 06 08 2A 86 48 CE 3D 04 03 02 30 35 31 1D 30 1B 06 03 55 04 03 0C 14 53 77 69 74 63 68 42 6F 74 20 4D 61 74 74 65 72 20 50 41 41 31 14 30 12 06 0A 2B 06 01 04 01 82 A2 7C 02 01 0C 04 31 33 39 37 30 20 17 0D 32 34 30 35 32 30 30 37 30 37 35 33 5A 18 0F 39 39 39 39 31 32 33 31 32 33 35 39 35 39 5A 30 35 31 1D 30 1B 06 03 55 04 03 0C 14 53 77 69 74 63 68 42 6F 74 20 4D 61 74 74 65 72 20 50 41 49 31 14 30 12 06 0A 2B 06 01 04 01 82 A2 7C 02 01 0C 04 31 33 39 37 30 59 30 13 06 07 2A 86 48 CE 3D 02 01 06 08 2A 86 48 CE 3D 03 01 07 03 42 00 04 F4 56 49 91 74 AB 96 45 F2 C8 22 05 B7 75 60 60 F9 C9 2F 59 3A E3 AC 0D 28 79 58 63 24 E6 AA BA 73 CE 92 2F A1 E4 4F F2 79 34 F7 F4 E6 F9 36 E6 08 A9 A5 A0 97 9A BE AE 45 87 33 AD E1 7B F0 C9 A3 66 30 64 30 12 06 03 55 1D 13 01 01 FF 04 08 30 06 01 01 FF 02 01 00 30 1F 06 03 55 1D 23 04 18 30 16 80 14 C3 96 A6 E6 94 8C C4 6B 42 A2 82 4D 2A 6F 69 47 97 EA 60 04 30 1D 06 03 55 1D 0E 04 16 04 14 95 44 27 C5 F7 28 FF 5F 0B 01 85 6D ED 4F BD 63 A0 63 A4 00 30 0E 06 03 55 1D 0F 01 01 FF 04 04 03 02 01 06 30 0A 06 08 2A 86 48 CE 3D 04 03 02 03 48 00 30 45 02 21 00 AA 81 98 FE C0 AC 0E C8 68 93 8C 42 CF D7 A9 25 FA D6 97 DC BD 2D 22 58 A4 0E A5 41 9F 79 B6 B2 02 20 4E CB E0 53 3F 4E 77 E7 C5 5E 1B 91 3C C8 86 BB B8 BC 28 D9 16 1B 98 8E 28 BB 03 A8 1F EC 1F 49 
[2026-07-17 10:28:42.868] !!!DAC data!!!
[2026-07-17 10:28:42.868] 
[2026-07-17 10:28:42.868] 30 82 01 E0 30 82 01 86 A0 03 02 01 02 02 10 6D FD FC 93 8E BE E4 D3 D4 21 61 DB 1D 30 6A 88 30 0A 06 08 2A 86 48 CE 3D 04 03 02 30 35 31 1D 30 1B 06 03 55 04 03 0C 14 53 77 69 74 63 68 42 6F 74 20 4D 61 74 74 65 72 20 50 41 49 31 14 30 12 06 0A 2B 06 01 04 01 82 A2 7C 02 01 0C 04 31 33 39 37 30 20 17 0D 32 34 31 31 32 36 31 35 30 32 30 30 5A 18 0F 39 39 39 39 31 32 33 31 32 33 35 39 35 39 5A 30 4B 31 1D 30 1B 06 03 55 04 03 0C 14 53 77 69 74 63 68 42 6F 74 20 4D 61 74 74 65 72 20 44 41 43 31 14 30 12 06 0A 2B 06 01 04 01 82 A2 7C 02 01 0C 04 31 33 39 37 31 14 30 12 06 0A 2B 06 01 04 01 82 A2 7C 02 02 0C 04 30 37 45 42 30 59 30 13 06 07 2A 86 48 CE 3D 02 01 06 08 2A 86 48 CE 3D 03 01 07 03 42 00 04 6D 26 18 73 3C 93 34 BF E2 79 13 4A 15 F3 28 A8 D2 4C 7F FB F3 1E 0A D0 4A 24 16 F8 77 90 94 B6 E3 73 AC AE DD 3E EA 6C 05 38 EA 69 89 B3 B8 A3 41 13 C4 E9 33 0E D8 5F B2 A1 35 24 DF 4B EF 13 A3 60 30 5E 30 0C 06 03 55 1D 13 01 01 FF 04 02 30 00 30 1F 06 03 55 1D 23 04 18 30 16 80 14 95 44 27 C5 F7 28 FF 5F 0B 01 85 6D ED 4F BD 63 A0 63 A4 00 30 1D 06 03 55 1D 0E 04 16 04 14 9E 92 5D 21 2C 03 09 C0 85 7B 47 36 C7 C5 37 41 9B 2A 5E 11 30 0E 06 03 55 1D 0F 01 01 FF 04 04 03 02 07 80 30 0A 06 08 2A 86 48 CE 3D 04 03 02 03 48 00 30 45 02 21 00 C5 55 BB 01 6B 80 6E 7A 18 44 1E 1A F1 43 19 F6 97 90 CF 68 C2 57 30 D0 55 BD F8 32 21 13 01 DB 02 20 6D 71 F0 4F 22 08 89 FE BA 6B E2 AC 54 15 4F 2F E1 7D 7B 6C 8F F8 86 8B 5E DB 1C D0 A3 9A 32 36 
[2026-07-17 10:28:42.868] *****matter info*****
[2026-07-17 10:28:42.868] discriminator:3229
[2026-07-17 10:28:42.868] pincode:56197092
[2026-07-17 10:28:42.868] product_id:2027
[2026-07-17 10:28:42.868] vendor_id:5015
[2026-07-17 10:28:42.868] iteration_count:10000
[2026-07-17 10:28:42.868] salt:tXmFWhA7hDuDJNDVd1CtCzlVym2mrUh9/6tqy7lBAic=
[2026-07-17 10:28:42.868] verifier:lYqofNLZlYSek3gpJAC2PpCo60FxESOTJJnOLDcpMy0E3gjpn6PLprl4MR/gIO7MXpcKEMsOXh7YxTPm8djeUp8sXhBNkqb0YISoQqKpRkJsWgfJPANqGPi3v7wTmAnKEw==
[2026-07-17 10:28:42.868] rd-id-uid:3ae9afce0abe1de90bd957a925a6e7d0
[2026-07-17 10:28:42.868] *****matter info*****
[2026-07-17 10:28:42.868] free heap 14 6257876
[2026-07-17 10:28:42.868] 
[2026-07-17 10:28:42.868] ble_pair_server_start 
[2026-07-17 10:28:42.868] [0;32mI (3298) chip[DL]: [0;32mI (3299) doorlock_callback: doorlock example init[0m
[2026-07-17 10:28:42.868] [0;32mI (3300) NVS: Flash write 4[0m
[2026-07-17 10:28:42.868] Configuring CHIPoBLE advertising (interval 25 ms, connectable)[0m
[2026-07-17 10:28:42.868] sub-device count:0,ind dev:0
[2026-07-17 10:28:42.868] [0;32mI (3316) NimBLE: GAP procedure initiated: advertise; [0m
[2026-07-17 10:28:42.868] [0;32mI (3325) NimBLE: disc_mode=2[0m
[2026-07-17 10:28:42.868] [0;32mI (3328) NimBLE:  adv_channel_map=0 own_addr_type=1 adv_filter_policy=0 adv_itvl_min=40 adv_itvl_max=40[0m
[2026-07-17 10:28:42.868] [0;32mI (3338) NimBLE: 
[2026-07-17 10:28:42.868] [0m
[2026-07-17 10:28:42.868] uart: 19 AT+TEMPHUMI +237 64[0;32mI (3341) chip[DL]: 
[2026-07-17 10:28:42.868] 
[2026-07-17 10:28:42.868] 
[2026-07-17 10:28:42.868] CHIPoBLE advertising started[0m
[2026-07-17 10:28:42.868] temp_ep:65535,temp_data:2370 humi_ep:65535,humi_data:6400
[2026-07-17 10:28:42.868] 
[2026-07-17 10:28:42.868] ATA+MATTERLIST 0
[2026-07-17 10:28:42.868] 
[2026-07-17 10:28:42.868] [0;32mI (3356) main_task: Returned from app_main()[0m
[2026-07-17 10:28:42.868] 
[2026-07-17 10:28:44.095] uart: 19 AT+VER B0E9FEC6718C
[2026-07-17 10:28:44.095] 
[2026-07-17 10:28:44.095] 
[2026-07-17 10:28:44.095] get ver cmd 1
[2026-07-17 10:28:44.095] 
[2026-07-17 10:28:44.095] b0e9fec6718c
[2026-07-17 10:28:44.095] 
[2026-07-17 10:28:44.095] build time hex: 07EA070F112120
[2026-07-17 10:28:44.095] 
[2026-07-17 10:28:44.095] uart: 17 AT+IOTAREA 000000
[2026-07-17 10:28:44.095] 
[2026-07-17 10:28:44.095] 
[2026-07-17 10:28:44.095] uart: 14 AT+SET_SSID 10
[2026-07-17 10:28:44.095] 
[2026-07-17 10:28:44.095] 
[2026-07-17 10:28:44.095] g_tAwsIot.tConf.ssid :
[2026-07-17 10:28:44.095] 
[2026-07-17 10:28:44.095]  asus-82-24
[2026-07-17 10:28:44.095] 
[2026-07-17 10:28:44.095] uart: 0 
[2026-07-17 10:28:44.095] 
[2026-07-17 10:28:44.095] 
[2026-07-17 10:28:44.095] uart: 10 asus-82-24
[2026-07-17 10:28:44.095] 
[2026-07-17 10:28:44.095] 
[2026-07-17 10:28:44.095] uart: 11 AT+SET_PW 8
[2026-07-17 10:28:44.095] 
[2026-07-17 10:28:44.095] 
[2026-07-17 10:28:44.095] get password cmd len 8 
[2026-07-17 10:28:44.095] 
[2026-07-17 10:28:44.158] uart: 0 
[2026-07-17 10:28:44.158] 
[2026-07-17 10:28:44.158] 
[2026-07-17 10:28:44.158] uart: 8 asus8224
[2026-07-17 10:28:44.158] 
[2026-07-17 10:28:44.158] 
[2026-07-17 10:28:44.158] uart: 26 AT+BOOTBLEVERSION 14040233
[2026-07-17 10:28:44.158] 
[2026-07-17 10:28:44.158] 
[2026-07-17 10:28:44.158] get boot ble version 20 4 2
[2026-07-17 10:28:44.158] 
[2026-07-17 10:28:44.158] uart: 46 AT+UIINFO B0E9FED4ACF4101001010164656661756C74
[2026-07-17 10:28:44.158] 
[2026-07-17 10:28:44.158] 
[2026-07-17 10:28:44.158] UiMac:b0e9fed4acf4
[2026-07-17 10:28:44.158] UiInfo:16 16 1 1 1 default
[2026-07-17 10:28:44.158] 
[2026-07-17 10:28:45.861] uart: 9 AT+STATUS
[2026-07-17 10:28:45.861] 
[2026-07-17 10:28:45.861] 
[2026-07-17 10:28:45.861] wifi status is 4 0 1
[2026-07-17 10:28:45.861] 
[2026-07-17 10:28:45.861] wifi ipv4 info:
[2026-07-17 10:28:45.861] 
[2026-07-17 10:28:45.861] 0.0.0.0.
[2026-07-17 10:28:45.861] 
[2026-07-17 10:28:45.861] 0.0.0.0.
[2026-07-17 10:28:45.861] 
[2026-07-17 10:28:45.861] 0.0.0.0.
[2026-07-17 10:28:45.861] 
[2026-07-17 10:28:45.861] 
[2026-07-17 10:28:46.620] [0;32mI (7046) chip[DL]: WIFI_EVENT_SCAN_DONE[0m
[2026-07-17 10:28:46.620] [0;32mI (7046) chip[DL]: No scan callback[0m
[2026-07-17 10:28:46.620] WIFI_EVENT_SCAN_DONE
[2026-07-17 10:28:46.620] scan ap num 20
[2026-07-17 10:28:46.620] 
[2026-07-17 10:28:46.620]  0, -34, test-20
[2026-07-17 10:28:46.620]  1, -47, IPC_7B8E
[2026-07-17 10:28:46.620]  2, -48, HUAWEI-J1FE2L
[2026-07-17 10:28:46.620]  3, -48, HUAWEI88_2.4G
[2026-07-17 10:28:46.620]  4, -50, IPC_AC31
[2026-07-17 10:28:46.620]  5, -50, IPC_7B20
[2026-07-17 10:28:46.620]  6, -50, test2026
[2026-07-17 10:28:46.620]  7, -51, SwitchBot_default
[2026-07-17 10:28:46.620]  8, -54, asus-82-24
[2026-07-17 10:28:46.620]  9, -55, www
[2026-07-17 10:28:46.620] 10, -56, woan-guonei
[2026-07-17 10:28:46.620] 11, -57, woan-guest
[2026-07-17 10:28:46.620] 12, -57, Buffalo-G-B0E0-WPA3
[2026-07-17 10:28:46.620] 13, -58, woanmarket
[2026-07-17 10:28:46.620] 14, -59, IPC_44F6
[2026-07-17 10:28:46.620] 15, -59, IPC_0E12
[2026-07-17 10:28:46.620] 16, -59, IPC_4976
[2026-07-17 10:28:46.620] 17, -60, IPC_13B9
[2026-07-17 10:28:46.620] 18, -61, tendadada
[2026-07-17 10:28:46.620] 19, -61, IPC_3CF7
[2026-07-17 10:28:46.620] Set Wifi Reconnect Enable 1
[2026-07-17 10:28:46.620] 
[2026-07-17 10:28:46.620] ssid: 10 asus-82-24
[2026-07-17 10:28:46.620] pw:   8 asus8224
[2026-07-17 10:28:46.620] W (7089) wifi:Haven't to connect to a suitable AP now!
[2026-07-17 10:28:46.620] W (7094) wifi:Password length matches WPA2 standards, authmode threshold changes from OPEN to WPA2
[2026-07-17 10:28:46.620] 
[2026-07-17 10:28:46.728] I (7201) wifi:new:<8,0>, old:<8,0>, ap:<255,255>, sta:<8,0>, prof:1, snd_ch_cfg:0x0
[2026-07-17 10:28:46.728] I (7201) wifi:state: init -> auth (0xb0)
[2026-07-17 10:28:46.728] I (7208) wifi:state: auth -> assoc (0x0)
[2026-07-17 10:28:46.728] I (7217) wifi:state: assoc -> run (0x10)
[2026-07-17 10:28:46.728] 
[2026-07-17 10:28:46.897] I (7268) wifi:connected with asus-82-24, aid = 18, channel 8, BW20, bssid = a0:36:bc:6f:e1:68
[2026-07-17 10:28:46.897] I (7268) wifi:security: WPA2-PSK, phy: bgn, rssi: -56
[2026-07-17 10:28:46.897] I (7271) wifi:pm start, type: 1
[2026-07-17 10:28:46.897] 
[2026-07-17 10:28:46.897] I (7273) wifi:dp: 1, bi: 102400, li: 3, scale listen interval from 307200 us to 307200 us
[2026-07-17 10:28:46.897] I (7281) wifi:set rx beacon pti, rx_bcn_pti: 14, bcn_timeout: 25000, mt_pti: 14, mt_time: 10000
[2026-07-17 10:28:46.897] [0;32mI (7290) chip[DL]: WIFI_EVENT_STA_CONNECTED[0m
[2026-07-17 10:28:46.897] [0;32mI (7294) chip[DL]: WiFi station state change: NotConnected -> Connected[0m
[2026-07-17 10:28:46.897] I (7296) wifi:<ba-add>idx:0 (ifx:0, a0:36:bc:6f:e1:68), tid:6, ssn:1, winSize:64
[2026-07-17 10:28:46.897] I (7309) wifi:AP's beacon interval = 102400 us, DTIM period = 1
[2026-07-17 10:28:46.897] [0;32mI (7314) chip[DL]: WiFi station interface connected[0m
[2026-07-17 10:28:46.897] [0;32mI (7320) chip[ZCL]: WiFiDiagnosticsDelegate: OnConnectionStatusChanged[0m
[2026-07-17 10:28:46.897] [0;32mI (7327) chip[DL]: Done driving station state, nothing else to do...[0m
[2026-07-17 10:28:46.897] [0;32mI (7334) chip[DL]: Updating advertising data[0m
[2026-07-17 10:28:46.897] [0;32mI (7339) chip[DL]: Configuring CHIPoBLE advertising (interval 25 ms, connectable)[0m
[2026-07-17 10:28:46.897] [0;32mI (7347) chip[DL]: Device already advertising, stop active advertisement and restart[0m
[2026-07-17 10:28:46.897] [0;32mI (7355) NimBLE: GAP procedure initiated: stop advertising.
[2026-07-17 10:28:46.897] [0m
[2026-07-17 10:28:46.897] [0;32mI (7362) NimBLE: GAP procedure initiated: advertise; [0m
[2026-07-17 10:28:46.897] [0;32mI (7367) NimBLE: disc_mode=2[0m
[2026-07-17 10:28:46.897] [0;32mI (7371) NimBLE:  adv_channel_map=0 own_addr_type=1 adv_filter_policy=0 adv_itvl_min=40 adv_itvl_max=40[0m
[2026-07-17 10:28:46.897] [0;32mI (7381) NimBLE: 
[2026-07-17 10:28:46.897] [0m
[2026-07-17 10:28:46.897] 
[2026-07-17 10:28:47.869] [0;32mI (8290) esp_netif_handlers: sta ip: 192.168.50.200, mask: 255.255.255.0, gw: 192.168.50.1[0m
[2026-07-17 10:28:47.869] [0;32mI (8290) chip[DL]: IP_EVENT_STA_GOT_IP[0m
[2026-07-17 10:28:47.869] [0;32mI (8292) chip[DL]: IPv4 address changed on WiFi station interface: 192.168.50.200/255.255.255.0 gateway 192.168.50.1[0m
[2026-07-17 10:28:47.869] [0;32mI (8304) chip[DL]: IPv4 Internet connectivity ESTABLISHED[0m
[2026-07-17 10:28:47.869] IP_EVENT_STA_GOT_IP
[2026-07-17 10:28:47.869] 
[2026-07-17 10:28:47.869] WiFi: ip got...
[2026-07-17 10:28:47.869] 
[2026-07-17 10:28:47.869] Starting SNTP...
[2026-07-17 10:28:47.869] 
[2026-07-17 10:28:47.869] wifi status is 5 0 2
[2026-07-17 10:28:47.869] 
[2026-07-17 10:28:47.869] wifi ipv4 info:
[2026-07-17 10:28:47.869] 
[2026-07-17 10:28:47.869] 192.168.50.200.
[2026-07-17 10:28:47.869] 
[2026-07-17 10:28:47.869] 255.255.255.0.
[2026-07-17 10:28:47.869] 
[2026-07-17 10:28:47.869] 192.168.50.1.
[2026-07-17 10:28:47.869] 
[2026-07-17 10:28:47.869] [0;32mI (8323) app_main: Interface IP Address Changed[0m
[2026-07-17 10:28:47.869] [0;32mI (8328) chip[DIS]: Updating services using commissioning mode 1[0m
[2026-07-17 10:28:47.869] [0;31mE (8335) mdns: mdns_service_remove_for_host(6677): Service doesn't exist[0m
[2026-07-17 10:28:47.869] [0;31mE (8342) mdns: mdns_service_remove_for_host(6674): Invalid state or arguments[0m
[2026-07-17 10:28:47.869] [0;32mI (8351) chip[DIS]: Advertise commission parameter vendorID=5015 productID=2027 discriminator=3229/12 cm=1 cp=0[0m
[2026-07-17 10:28:47.869] 
[2026-07-17 10:28:48.348] [0;32mI (8794) chip[DL]: IP_EVENT_GOT_IP6[0m
[2026-07-17 10:28:48.348] [0;32mI (8794) chip[DL]: IPv6 addr available. Ready on WIFI_STA_DEF interface: fe80:0000:0000:0000:4aca:43ff:fea5:b6dc[0m
[2026-07-17 10:28:48.348] WIFI: ipv6 got...
[2026-07-17 10:28:48.348] [0;32mI (8800) app_main: Interface IP Address Changed[0m
[2026-07-17 10:28:48.348] [0;32mI (8805) chip[DIS]: Updating services using commissioning mode 1[0m
[2026-07-17 10:28:48.348] [0;31mE (8812) mdns: mdns_service_remove_for_host(6677): Service doesn't exist[0m
[2026-07-17 10:28:48.348] [0;31mE (8819) mdns: mdns_service_remove_for_host(6674): Invalid state or arguments[0m
[2026-07-17 10:28:48.348] [0;32mI (8828) chip[DIS]: Advertise commission parameter vendorID=5015 productID=2027 discriminator=3229/12 cm=1 cp=0[0m
[2026-07-17 10:28:48.348] 
[2026-07-17 10:28:48.549] I (9037) wifi:<ba-add>idx:1 (ifx:0, a0:36:bc:6f:e1:68), tid:0, ssn:1, winSize:64
[2026-07-17 10:28:48.549] 
[2026-07-17 10:28:49.044] uart: 46 AT+UIINFO B0E9FED4ACF4101001010164656661756C74
[2026-07-17 10:28:49.044] 
[2026-07-17 10:28:49.044] 
[2026-07-17 10:28:49.044] UiMac:b0e9fed4acf4
[2026-07-17 10:28:49.044] UiInfo:16 16 1 1 1 default
[2026-07-17 10:28:49.044] 
[2026-07-17 10:28:49.821] Waiting for system time to be set... (1/10): sntp 946684806, year 100
[2026-07-17 10:28:49.821] 
[2026-07-17 10:28:49.821] TASK_Ota delete!!!
[2026-07-17 10:28:49.821] 
[2026-07-17 10:28:49.821] 
[2026-07-17 10:28:51.231] [0;32mI (11719) ROUTE_HOOK: Received RIO[0m
[2026-07-17 10:28:51.231] [0;32mI (11719) ROUTE_HOOK: prefix FDEA:C98F:38B2:1:: lifetime 1800[0m
[2026-07-17 10:28:51.231] 
[2026-07-17 10:28:51.634] wifi status is 5 0 2
[2026-07-17 10:28:51.634] 
[2026-07-17 10:28:51.634] wifi ipv4 info:
[2026-07-17 10:28:51.634] 
[2026-07-17 10:28:51.634] 192.168.50.200.
[2026-07-17 10:28:51.634] 
[2026-07-17 10:28:51.634] 255.255.255.0.
[2026-07-17 10:28:51.634] 
[2026-07-17 10:28:51.634] 192.168.50.1.
[2026-07-17 10:28:51.634] 
[2026-07-17 10:28:51.634] 
[2026-07-17 10:28:51.836] Waiting for system time to be set... (2/10): sntp 1784255330, year 126
[2026-07-17 10:28:51.836] 
[2026-07-17 10:28:51.836] SNTP DONE!
[2026-07-17 10:28:51.836] first UTC time 0x6a599362
[2026-07-17 10:28:51.836] 
[2026-07-17 10:28:51.836] AWS IoT SDK Version 3.0.1-
[2026-07-17 10:28:51.836] 
[2026-07-17 10:28:51.836] IOT init free heap 6267860
[2026-07-17 10:28:51.836] 
[2026-07-17 10:28:51.836] Area:00 00
[2026-07-17 10:28:51.836] Connecting to AWS...
[2026-07-17 10:28:51.836] 
[2026-07-17 10:28:51.836] free heap 6267572
[2026-07-17 10:28:51.836] 
[2026-07-17 10:28:51.836] Client ID 31 : SwitchBot-W1096000-B0E9FEC6718C
[2026-07-17 10:28:51.836] 
[2026-07-17 10:28:51.836] 
[2026-07-17 10:28:52.358] [0;32mI (12794) chip[DL]: IP_EVENT_GOT_IP6[0m
[2026-07-17 10:28:52.358] [0;32mI (12794) chip[DL]: IPv6 addr available. Ready on WIFI_STA_DEF interface: fdca:3937:091c:3fb0:4aca:43ff:fea5:b6dc[0m
[2026-07-17 10:28:52.358] [0;32mI (12798) ROUTE_HOOK: Hook already installed on netif, skip...[0m
[2026-07-17 10:28:52.358] WIFI: ipv6 got...
[2026-07-17 10:28:52.358] [0;32mI (12806) app_main: Interface IP Address Changed[0m
[2026-07-17 10:28:52.358] [0;32mI (12812) chip[DIS]: Updating services using commissioning mode 1[0m
[2026-07-17 10:28:52.358] [0;31mE (12818) mdns: mdns_service_remove_for_host(6677): Service doesn't exist[0m
[2026-07-17 10:28:52.358] [0;31mE (12826) mdns: mdns_service_remove_for_host(6674): Invalid state or arguments[0m
[2026-07-17 10:28:52.358] [0;32mI (12835) chip[DIS]: Advertise commission parameter vendorID=5015 productID=2027 discriminator=3229/12 cm=1 cp=0[0m
[2026-07-17 10:28:52.358] 
[2026-07-17 10:28:53.827] free heap: 6225892, minimum free heap: 6160224, Internal 8bit free heap: 31324, 8bit free heap: 6225892The current date/time is: Fri Jul 17 02:28:52 2026
[2026-07-17 10:28:53.827] 
[2026-07-17 10:28:53.827] 
[2026-07-17 10:28:53.995] set Auto Reconnect to true - 0
[2026-07-17 10:28:53.995] 
[2026-07-17 10:28:53.995] AWS connected!!!
[2026-07-17 10:28:53.995] 
[2026-07-17 10:28:53.995] free heap 6226036
[2026-07-17 10:28:53.995] 
[2026-07-17 10:28:53.995] [0;32mI (14468) AWS_IOT: Subscribing topic switchlink/B0E9FEC6718C/app_to_link[0m
[2026-07-17 10:28:53.995] [0;32mI (14485) TASK_NL: scan: WiFi 连接成功，触发 mDNS 扫描[0m
[2026-07-17 10:28:53.995] [0;32mI (14485) TASK_NL: ExecuteScan: trigger=wifi_connected[0m
[2026-07-17 10:28:53.995] 
[2026-07-17 10:28:54.693] [0;32mI (15184) AWS_IOT: Subscribing topic switchlink/B0E9FEC6718C/app_to_command[0m
[2026-07-17 10:28:54.693] 
[2026-07-17 10:28:55.203] [0;32mI (15695) AWS_IOT: Subscribing topic switchlink/B0E9FEC6718C/app_to_data[0m
[2026-07-17 10:28:55.203] 
[2026-07-17 10:28:55.530] [0;32mI (16010) AWS_IOT: Subscribing topic switchlink/B0E9FEC6718C/app_to_secret[0m
[2026-07-17 10:28:55.530] 
[2026-07-17 10:28:55.854] [0;32mI (16338) AWS_IOT: Subscribing topic switchlink/B0E9FEC6718C/app_to_nanoleaf_func_req[0m
[2026-07-17 10:28:55.854] 
[2026-07-17 10:28:56.134] [0;32mI (16627) AWS_IOT: Subscribing topic switchlink/B0E9FEC6718C/app_to_nanoleaf_maint[0m
[2026-07-17 10:28:56.134] 
[2026-07-17 10:28:56.582] wifi status is 5 1 2
[2026-07-17 10:28:56.582] 
[2026-07-17 10:28:56.582] wifi ipv4 info:
[2026-07-17 10:28:56.582] 
[2026-07-17 10:28:56.582] 192.168.50.200.
[2026-07-17 10:28:56.582] 
[2026-07-17 10:28:56.582] 255.255.255.0.
[2026-07-17 10:28:56.582] 
[2026-07-17 10:28:56.582] 192.168.50.1.
[2026-07-17 10:28:56.582] 
[2026-07-17 10:28:56.582] Subscribe Success!!!
[2026-07-17 10:28:56.582] 
[2026-07-17 10:28:56.582] cannot find matter check
[2026-07-17 10:28:56.582] send check matter:
[2026-07-17 10:28:56.582] sub-device count:0,ind dev:0
[2026-07-17 10:28:56.582] owndev_sum:0,ble_sum:0,ir_sum:0,iot_sum:0,fid_cnt:0
[2026-07-17 10:28:56.582] IOT_Running free heap 6176976
[2026-07-17 10:28:56.582] 
[2026-07-17 10:28:56.582] uart: 29 ## [set_wifi_send_shadow] 5 1
[2026-07-17 10:28:56.582] 
[2026-07-17 10:28:56.582] 
[2026-07-17 10:28:56.582] uart: 130 AT+BCDS ff040002000000012 0010B940B0E9FEC6718C48ca43a5b6dc0F0002200a07974040000000000000ff0cfd00000000000000000000000000000000ff00
[2026-07-17 10:28:56.582] 
[2026-07-17 10:28:56.582] 
[2026-07-17 10:28:56.582] 
[2026-07-17 10:28:56.814] pTopic:$aws/rules/bi_hub_fetch_data_matter/switchlink/B0E9FEC6718C/link_to_dev_matter
[2026-07-17 10:28:56.814] pData:BCD FF040002C6A599366 0010B940B0E9FEC6718C48CA43A5B6DC000800000000
[2026-07-17 10:28:56.814] pTopic:$aws/rules/bi_wifi_activate_iot_cert_v1/switchlink/B0E9FEC6718C/link_to_verify
[2026-07-17 10:28:56.814] pData:{"eventType":"Wo.Device.Create","platform":"device","deviceID":"B0E9FEC6718C","sn":"B0E9FEC6718C","bleVersion":20,"wifiVersion":20,"wifiMac":"48CA43A5B6DC","hardwareVersion":4,"uiInfo":{"uiMac":"B0E9FED4ACF4","armVersion":16,"dspVersion":16,"uiVersion":1,"fontVersion":1,"fontLang":"default","musicVersion":1}}
[2026-07-17 10:28:56.814] pTopic:$aws/rules/bi_wifi_data_report/switchlink/B0E9FEC6718C/link_to_shadow
[2026-07-17 10:28:56.814] pData:BCD ff040002000000012 0010B940B0E9FEC6718C48ca43a5b6dc0F0002200a07974040000000000000ff0cfd00000000000000000000000000000000ff00
[2026-07-17 10:28:56.814] 
[2026-07-17 10:28:57.093] [0;32mI (17540) TASK_NL: Scan[0]: name=Elements 88E6 ip=192.168.50.16 id=D0:62:31:20:BA:73 model=NL52 fw=12.2.3[0m
[2026-07-17 10:28:57.093] [0;32mI (17541) TASK_NL: Scan[1]: name=4D FEB8 ip=192.168.50.160 id=89:F8:DC:10:D0:09 model=NL69 fw=12.3.6[0m
[2026-07-17 10:28:57.093] [0;32mI (17550) TASK_NL: Scan matched [1] D0623120BA73 at 192.168.50.16 (name=Elements 88E6)[0m
[2026-07-17 10:28:57.093] [0;32mI (17558) TASK_NL: Scan matched [0] 89F8DC10D009 at 192.168.50.160 (name=4D FEB8)[0m
[2026-07-17 10:28:57.093] [0;32mI (17566) TASK_NL: ExecuteScan: found 2 devices, publishing[0m
[2026-07-17 10:28:57.093] 
[2026-07-17 10:28:57.278] pTopic:switchlink/B0E9FEC6718C/link_to_nanoleaf_maint
[2026-07-17 10:28:57.278] pData:{"msgType":"nanoleaf_scan","trigger":"wifi_connected","timestamp":1784255337,"managed":{"total":2,"devices":[{"deviceId":"89F8DC10D009","clientId":1,"state":"auth","online":0},{"deviceId":"D0623120BA73","clientId":1,"state":"auth","online":0}]},"devices":[{"deviceId":"D0:62:31:20:BA:73","ip":"192.168.50.16","port":12566,"model":"NL52","firmware":"12.2.3"},{"deviceId":"89:F8:DC:10:D0:09","ip":"192.168.50.160","port":12566,"model":"NL69","firmware":"12.3.6"}]}
[2026-07-17 10:28:57.278] [0;32mI (17765) NL_LTPDU: CISS: recovered session to 192.168.50.160 (counter=2, ver=V3.0)[0m
[2026-07-17 10:28:57.278] [0;32mI (17765) NL_LTPDU: CISS: recovered session to 192.168.50.16 (counter=2, ver=V3.0)[0m
[2026-07-17 10:28:57.278] 
[2026-07-17 10:28:57.387] [0;33mW (17846) TASK_NL: [0] CISS verify failed (err=8), fallback SRP[0m
[2026-07-17 10:28:57.387] [0;32mI (17847) NL_LTPDU: SRP reconnect: device=4D FEB8 clientId=1[0m
[2026-07-17 10:28:57.387] [0;33mW (17852) TASK_NL: [1] CISS verify failed (err=8), fallback SRP[0m
[2026-07-17 10:28:57.387] [0;32mI (17855) NL_LTPDU: SRP reconnect: device=Elements 88E6 clientId=1[0m
[2026-07-17 10:28:57.387] [0;32mI (17887) NL_LTPDU:   pubA[0:4]=168C49A2[0m
[2026-07-17 10:28:57.387] 
[2026-07-17 10:28:57.433] [0;32mI (17920) NL_LTPDU:   pubA[0:4]=420969DA[0m
[2026-07-17 10:28:57.433] 
[2026-07-17 10:28:57.556] [0;32mI (18049) NL_LTPDU: TCP connected to 192.168.50.160:12566[0m
[2026-07-17 10:28:57.556] 
[2026-07-17 10:28:57.618] [0;32mI (18108) NL_LTPDU: TCP connected to 192.168.50.16:12566[0m
[2026-07-17 10:28:57.618] 
[2026-07-17 10:28:58.239] [0;32mI (18695) NL_LTPDU:   step1 rsp: salt len=4, salt[0:4]=730AE3FF[0m
[2026-07-17 10:28:58.239] [0;32mI (18695) NL_LTPDU:   step1 rsp: B[0:4]=4F9C1FC5, B len=256[0m
[2026-07-17 10:28:58.239] [0;32mI (18697) NL_LTPDU:   session_version: len=0 val=FFFF[0m
[2026-07-17 10:28:58.239] [0;32mI (18703) NL_SRP:   k[0:8]=4CBA3FB2923E01FB[0m
[2026-07-17 10:28:58.239] [0;32mI (18707) NL_SRP:   szA=256, szB=256[0m
[2026-07-17 10:28:58.239] [0;32mI (18712) NL_SRP:   u[0:8]=B7755CAB82D5F1F1[0m
[2026-07-17 10:28:58.239] [0;32mI (18717) NL_SRP:   x[0:8]=FE26FEC7556F8229[0m
[2026-07-17 10:28:58.239] 
[2026-07-17 10:28:58.331] [0;32mI (18815) NL_SRP: SrpComputeSecret OK[0m
[2026-07-17 10:28:58.331] [0;32mI (18816) NL_LTPDU:   SrpComputeSecret OK[0m
[2026-07-17 10:28:58.331] 
[2026-07-17 10:28:58.502] [0;33mW (18921) NL_LTPDU: SRP auth done: iSock=55 (fd assigned)[0m
[2026-07-17 10:28:58.502] [0;32mI (18921) NL_LTPDU:   using session ver: V3.0[0m
[2026-07-17 10:28:58.502] [0;32mI (18921) NL_LTPDU: SRP token reconnect OK, ClientId=1[0m
[2026-07-17 10:28:58.502] [0;32mI (18927) TASK_NL: [0] Auth OK → ACTIVE (192.168.50.160)[0m
[2026-07-17 10:28:58.502] pTopic:switchlink/B0E9FEC6718C/link_to_nanoleaf_property
[2026-07-17 10:28:58.502] pData:{"msgType":"online","deviceId":"89F8DC10D009","timestamp":1784255339,"online":true,"reason":"srp_connected"}
[2026-07-17 10:28:58.502] [0;32mI (18970) NL_LTPDU:   step1 rsp: salt len=4, salt[0:4]=401B41AE[0m
[2026-07-17 10:28:58.502] [0;32mI (18971) NL_LTPDU:   step1 rsp: B[0:4]=A5F4C403, B len=256[0m
[2026-07-17 10:28:58.502] [0;32mI (18972) NL_LTPDU:   session_version: len=0 val=FFFF[0m
[2026-07-17 10:28:58.502] [0;32mI (18978) NL_SRP:   k[0:8]=4CBA3FB2923E01FB[0m
[2026-07-17 10:28:58.502] [0;32mI (18983) NL_SRP:   szA=256, szB=256[0m
[2026-07-17 10:28:58.502] [0;32mI (18987) NL_SRP:   u[0:8]=86F9E7D31095FF4B[0m
[2026-07-17 10:28:58.502] [0;32mI (18992) NL_SRP:   x[0:8]=F5826D13F356B18B[0m
[2026-07-17 10:28:58.502] 
[2026-07-17 10:28:58.765] uart: 10 AT+GET_UTC
[2026-07-17 10:28:58.765] 
[2026-07-17 10:28:58.765] 
[2026-07-17 10:28:58.765] utc 3, 6a
[2026-07-17 10:28:58.765] 
[2026-07-17 10:28:58.765] utc 2, 59
[2026-07-17 10:28:58.765] 
[2026-07-17 10:28:58.765] utc 1, 93
[2026-07-17 10:28:58.765] 
[2026-07-17 10:28:58.765] utc 0, 68
[2026-07-17 10:28:58.765] 
[2026-07-17 10:28:58.765] UTC : 6a599368
[2026-07-17 10:28:58.765] 
[2026-07-17 10:28:58.765] [0;32mI (19087) NL_LTPDU: BatchGet 89F8DC10D009: 6 eps, rsp=118 bytes[0m
[2026-07-17 10:28:58.765] [0;32mI (19088) TASK_NL: [0] Status changed: on=0 br=29 ct=2201 hu=30 sa=85 eff="*Solid*"[0m
[2026-07-17 10:28:58.765] [0;32mI (19090) NL_SRP: SrpComputeSecret OK[0m
[2026-07-17 10:28:58.765] [0;32mI (19096) NL_LTPDU:   SrpComputeSecret OK[0m
[2026-07-17 10:28:58.765] [0;33mW (19107) NL_LTPDU: SRP auth done: iSock=56 (fd assigned)[0m
[2026-07-17 10:28:58.765] [0;32mI (19107) NL_LTPDU:   using session ver: V3.0[0m
[2026-07-17 10:28:58.765] [0;32mI (19112) NL_LTPDU: SRP token reconnect OK, ClientId=1[0m
[2026-07-17 10:28:58.765] [0;32mI (19117) TASK_NL: [1] Auth OK → ACTIVE (192.168.50.16)[0m
[2026-07-17 10:28:58.765] uart: 11 AT+LISTEN 1
[2026-07-17 10:28:58.765] 
[2026-07-17 10:28:58.765] 
[2026-07-17 10:28:58.765] get listen cmd
[2026-07-17 10:28:58.765] uart: 16 AT+BLEVERSION 14
[2026-07-17 10:28:58.765] 
[2026-07-17 10:28:58.765] 
[2026-07-17 10:28:58.765] uart: 24 AT+BOOTBLEVERSION 140402
[2026-07-17 10:28:58.765] 
[2026-07-17 10:28:58.765] 
[2026-07-17 10:28:58.765] get boot ble version 20 4 2
[2026-07-17 10:28:58.765] 
[2026-07-17 10:28:58.765] pTopic:switchlink/B0E9FEC6718C/link_to_nanoleaf_property
[2026-07-17 10:28:58.765] pData:{"msgType":"status","deviceId":"89F8DC10D009","timestamp":1784255339,"endpoints":[{"endpoint":"lb/0/oo","value":false},{"endpoint":"lb/0/pb","value":29},{"endpoint":"lb/0/ct","value":2201},{"endpoint":"lb/0/hu","value":30},{"endpoint":"lb/0/sa","value":85},{"endpoint":"effect/select","value":"*Solid*"}]}
[2026-07-17 10:28:58.765] uart: 39 AT+TEST shadow CMD|00010000A|AAAYAA==18
[2026-07-17 10:28:58.765] 
[2026-07-17 10:28:58.765] 
[2026-07-17 10:28:58.765] pTopic:switchlink/B0E9FEC6718C/link_to_nanoleaf_property
[2026-07-17 10:28:58.765] CMD|00010000A|AAAYAA==18
[2026-07-17 10:28:58.765] 
[2026-07-17 10:28:58.765] pData:{"msgType":"online","deviceId":"D0623120BA73","timestamp":1784255339,"online":true,"reason":"srp_connected"}
[2026-07-17 10:28:58.765] uart: 0 
[2026-07-17 10:28:58.765] 
[2026-07-17 10:28:58.765] 
[2026-07-17 10:28:58.765] pTopic:$aws/rules/bi_ble_data_report_arch2/switchlink/B0E9FEC6718C/link_to_status
[2026-07-17 10:28:58.765] pData:{"protocolVersion":1,"count":1,"messages":[{"id":"5b49ae08-0b03-4019-acc4-0ad06dcc88a0","eventType":"Wo.Hub.VersionReport","data":{"deviceID":"b0e9fec6718c","createTime":1784255336,"contentType":"hex","content":"14|14"}}]}
[2026-07-17 10:28:58.765] pTopic:$aws/rules/bi_hub_fetch_data_arch2/switchlink/B0E9FEC6718C/link_to_data
[2026-07-17 10:28:58.765] pData:{"protocolVersion":1,"count":1,"messages":[{"id":"e563f5c2-425c-4460-822a-3ae1abc60637","eventType":"Wo.Hub.SyncBindDevices","data":{"deviceID":"b0e9fec6718c","createTime":1784255336,"contentType":"base64","commandLevel":5,"content":"CMD|00010000A|AAAYAA==18"}}]}
[2026-07-17 10:28:58.765] 
[2026-07-17 10:28:58.826] [0;32mI (19309) NL_LTPDU: BatchGet D0623120BA73: 6 eps, rsp=116 bytes[0m
[2026-07-17 10:28:58.826] [0;32mI (19309) TASK_NL: [1] Status changed: on=0 br=49 ct=1500 hu=0 sa=0 eff="Bloom"[0m
[2026-07-17 10:28:58.826] 
[2026-07-17 10:28:58.996] pTopic:switchlink/B0E9FEC6718C/link_to_nanoleaf_property
[2026-07-17 10:28:58.996] pData:{"msgType":"status","deviceId":"D0623120BA73","timestamp":1784255339,"endpoints":[{"endpoint":"lb/0/oo","value":false},{"endpoint":"lb/0/pb","value":49},{"endpoint":"lb/0/ct","value":1500},{"endpoint":"lb/0/hu","value":0},{"endpoint":"lb/0/sa","value":0},{"endpoint":"effect/select","value":"Bloom"}]}
[2026-07-17 10:28:58.996] 
[2026-07-17 10:28:59.649] uart: 130 AT+BCDS ff04000206a599369 0010B940B0E9FEC6718C48ca43a5b6dc0F0003200a07974001000000000000ff0cfe00000000000000000000000000000000ff00
[2026-07-17 10:28:59.649] 
[2026-07-17 10:28:59.649] 
[2026-07-17 10:28:59.649] uart: 130 AT+BCDS ff04000206a599369 0010B940B0E9FEC6718C48ca43a5b6dc0F0004200a07974001000000000000ff0cfe00000000000000000000000000000000ff21
[2026-07-17 10:28:59.649] 
[2026-07-17 10:28:59.649] 
[2026-07-17 10:28:59.649] 
[2026-07-17 10:28:59.849] pTopic:$aws/rules/bi_wifi_data_report/switchlink/B0E9FEC6718C/link_to_shadow
[2026-07-17 10:28:59.849] pData:BCD ff04000206a599369 0010B940B0E9FEC6718C48ca43a5b6dc0F0003200a07974001000000000000ff0cfe00000000000000000000000000000000ff00
[2026-07-17 10:28:59.849] pTopic:$aws/rules/bi_wifi_data_report/switchlink/B0E9FEC6718C/link_to_shadow
[2026-07-17 10:28:59.849] pData:BCD ff04000206a599369 0010B940B0E9FEC6718C48ca43a5b6dc0F0004200a07974001000000000000ff0cfe00000000000000000000000000000000ff21
[2026-07-17 10:28:59.849] app_to_link:BCD 4104220306de7df63 0010b940B0E9FEC6718C1a570f7205010300974e01970896
[2026-07-17 10:28:59.849] uart: 40 AT+BCDI 410422010 0010b940B0E9FEC6718C01
[2026-07-17 10:28:59.849] 
[2026-07-17 10:28:59.849] 
[2026-07-17 10:28:59.849] 
[2026-07-17 10:29:00.036] pTopic:switchlink/B0E9FEC6718C/link_to_app
[2026-07-17 10:29:00.036] pData:BCD 410422010 0010b940B0E9FEC6718C01
[2026-07-17 10:29:00.036] 
[2026-07-17 10:29:01.889] free heap: 6225988, minimum free heap: 6055432, Internal 8bit free heap: 30616, 8bit free heap: 6225988The current date/time is: Fri Jul 17 02:29:00 2026
[2026-07-17 10:29:01.889] 
[2026-07-17 10:29:01.889] app_to_link:BCD 9004b90306de7e7b5 0010b940B0E9FEC6718C1a570f7205010300974e01970896
[2026-07-17 10:29:01.889] uart: 40 AT+BCDI 9004b9010 0010b940B0E9FEC6718C01
[2026-07-17 10:29:01.889] 
[2026-07-17 10:29:01.889] 
[2026-07-17 10:29:01.889] 
[2026-07-17 10:29:02.044] pTopic:switchlink/B0E9FEC6718C/link_to_app
[2026-07-17 10:29:02.044] pData:BCD 9004b9010 0010b940B0E9FEC6718C01
[2026-07-17 10:29:02.044] 
[2026-07-17 10:29:03.217] app_to_link:BCD 1b04c80406de7ec0d 0010b940B0E9FEC6718C2a570f560f0700000000000000000000000000000000
[2026-07-17 10:29:03.217] uart: 40 AT+BCDI 1b04c8010 0010b940B0E9FEC6718C01
[2026-07-17 10:29:03.217] 
[2026-07-17 10:29:03.217] 
[2026-07-17 10:29:03.217] 
[2026-07-17 10:29:03.263] pTopic:switchlink/B0E9FEC6718C/link_to_app
[2026-07-17 10:29:03.263] pData:BCD 1b04c8010 0010b940B0E9FEC6718C01
[2026-07-17 10:29:03.263] 
[2026-07-17 10:29:03.711] [0;32mI (24201) NL_LTPDU: BatchGet 89F8DC10D009: 6 eps, rsp=118 bytes[0m
[2026-07-17 10:29:03.711] 
[2026-07-17 10:29:04.019] [0;32mI (24502) NL_LTPDU: BatchGet D0623120BA73: 6 eps, rsp=116 bytes[0m
[2026-07-17 10:29:04.019] 
[2026-07-17 10:29:09.346] [0;32mI (29834) NL_LTPDU: BatchGet 89F8DC10D009: 6 eps, rsp=118 bytes[0m
[2026-07-17 10:29:09.346] 
[2026-07-17 10:29:09.469] [0;32mI (29961) NL_LTPDU: BatchGet D0623120BA73: 6 eps, rsp=116 bytes[0m
[2026-07-17 10:29:09.469] 
[2026-07-17 10:29:09.855] free heap: 6225960, minimum free heap: 6055432, Internal 8bit free heap: 30616, 8bit free heap: 6225960The current date/time is: Fri Jul 17 02:29:08 2026
[2026-07-17 10:29:09.855] 
[2026-07-17 10:29:09.855] 
[2026-07-17 10:29:12.552] app_to_link:BCD Vc04cZ01C6DE81089 0010B940B0E9FEC6718C06570F81
[2026-07-17 10:29:12.552] uart: 74 AT+BCDI Vc04cZ032 0010B940B0E9FEC6718C010797400a200087974080974e0301970896
[2026-07-17 10:29:12.552] 
[2026-07-17 10:29:12.552] 
[2026-07-17 10:29:12.552] pTopic:switchlink/B0E9FEC6718C/link_to_app
[2026-07-17 10:29:12.552] pData:BCD Vc04cZ032 0010B940B0E9FEC6718C010797400a200087974080974e0301970896
[2026-07-17 10:29:12.552] 
[2026-07-17 10:29:12.848] [0;32mI (33298) chip[DL]: bleAdv Timeout : Start slow advertisement[0m
[2026-07-17 10:29:12.848] [0;32mI (33299) chip[DL]: Configuring CHIPoBLE advertising (interval 500 ms, connectable)[0m
[2026-07-17 10:29:12.848] [0;32mI (33301) chip[DL]: Device already advertising, stop active advertisement and restart[0m
[2026-07-17 10:29:12.848] [0;32mI (33310) NimBLE: GAP procedure initiated: stop advertising.
[2026-07-17 10:29:12.848] [0m
[2026-07-17 10:29:12.848] [0;32mI (33317) NimBLE: GAP procedure initiated: advertise; [0m
[2026-07-17 10:29:12.848] [0;32mI (33322) NimBLE: disc_mode=2[0m
[2026-07-17 10:29:12.848] [0;32mI (33326) NimBLE:  adv_channel_map=0 own_addr_type=1 adv_filter_policy=0 adv_itvl_min=800 adv_itvl_max=800[0m
[2026-07-17 10:29:12.848] [0;32mI (33336) NimBLE: 
[2026-07-17 10:29:12.848] [0m
[2026-07-17 10:29:12.848] 
[2026-07-17 10:29:13.763] [0;32mI (34242) NL_LTPDU: BatchGet 89F8DC10D009: 6 eps, rsp=118 bytes[0m
[2026-07-17 10:29:13.763] 
[2026-07-17 10:29:14.677] [0;32mI (35161) NL_LTPDU: BatchGet D0623120BA73: 6 eps, rsp=116 bytes[0m
[2026-07-17 10:29:14.677] 
[2026-07-17 10:29:17.870] free heap: 6225988, minimum free heap: 6055432, Internal 8bit free heap: 30616, 8bit free heap: 6225988The current date/time is: Fri Jul 17 02:29:16 2026
[2026-07-17 10:29:17.870] 
[2026-07-17 10:29:17.870] 
[2026-07-17 10:29:19.065] [0;32mI (39556) NL_LTPDU: BatchGet 89F8DC10D009: 6 eps, rsp=118 bytes[0m
[2026-07-17 10:29:19.065] 
[2026-07-17 10:29:19.499] [0;32mI (39977) NL_LTPDU: BatchGet D0623120BA73: 6 eps, rsp=116 bytes[0m
[2026-07-17 10:29:19.499] 
[2026-07-17 10:29:24.204] [0;32mI (44695) NL_LTPDU: BatchGet 89F8DC10D009: 6 eps, rsp=118 bytes[0m
[2026-07-17 10:29:24.204] 
[2026-07-17 10:29:24.728] [0;32mI (45215) NL_LTPDU: BatchGet D0623120BA73: 6 eps, rsp=116 bytes[0m
[2026-07-17 10:29:24.728] 
[2026-07-17 10:29:25.875] free heap: 6225828, minimum free heap: 6055432, Internal 8bit free heap: 30484, 8bit free heap: 6225828The current date/time is: Fri Jul 17 02:29:24 2026
[2026-07-17 10:29:25.875] 
[2026-07-17 10:29:25.875] 
[2026-07-17 10:29:28.939] [0;32mI (49420) NL_LTPDU: BatchGet 89F8DC10D009: 6 eps, rsp=118 bytes[0m
[2026-07-17 10:29:28.939] 
[2026-07-17 10:29:29.745] [0;32mI (50224) ROUTE_HOOK: Received RIO[0m
[2026-07-17 10:29:29.745] [0;32mI (50224) ROUTE_HOOK: prefix FDEA:C98F:38B2:1:: lifetime 1800[0m
[2026-07-17 10:29:29.745] 
[2026-07-17 10:29:29.916] [0;32mI (50408) NL_LTPDU: BatchGet D0623120BA73: 6 eps, rsp=116 bytes[0m
[2026-07-17 10:29:29.916] 
[2026-07-17 10:29:33.874] free heap: 6225848, minimum free heap: 6055432, Internal 8bit free heap: 30484, 8bit free heap: 6225848The current date/time is: Fri Jul 17 02:29:32 2026
[2026-07-17 10:29:33.874] 
[2026-07-17 10:29:33.874] 
[2026-07-17 10:29:34.044] [0;32mI (54533) NL_LTPDU: BatchGet 89F8DC10D009: 6 eps, rsp=118 bytes[0m
[2026-07-17 10:29:34.044] 
[2026-07-17 10:29:34.567] [0;32mI (55051) NL_LTPDU: BatchGet D0623120BA73: 6 eps, rsp=116 bytes[0m
[2026-07-17 10:29:34.567] 
[2026-07-17 10:29:39.245] [0;32mI (59735) NL_LTPDU: BatchGet 89F8DC10D009: 6 eps, rsp=118 bytes[0m
[2026-07-17 10:29:39.245] 
[2026-07-17 10:29:39.876] [0;32mI (60358) NL_LTPDU: BatchGet D0623120BA73: 6 eps, rsp=116 bytes[0m
[2026-07-17 10:29:39.876] 
[2026-07-17 10:29:41.921] free heap: 6225848, minimum free heap: 6055432, Internal 8bit free heap: 30484, 8bit free heap: 6225848The current date/time is: Fri Jul 17 02:29:40 2026
[2026-07-17 10:29:41.921] 
[2026-07-17 10:29:41.921] 
[2026-07-17 10:29:44.287] [0;32mI (64780) NL_LTPDU: BatchGet 89F8DC10D009: 6 eps, rsp=118 bytes[0m
[2026-07-17 10:29:44.287] 
[2026-07-17 10:29:44.999] [0;32mI (65479) NL_LTPDU: BatchGet D0623120BA73: 6 eps, rsp=116 bytes[0m
[2026-07-17 10:29:44.999] 
[2026-07-17 10:29:49.177] [0;32mI (69671) NL_LTPDU: BatchGet 89F8DC10D009: 6 eps, rsp=118 bytes[0m
[2026-07-17 10:29:49.177] 
[2026-07-17 10:29:49.795] [0;32mI (70284) NL_LTPDU: BatchGet D0623120BA73: 6 eps, rsp=116 bytes[0m
[2026-07-17 10:29:49.795] 
[2026-07-17 10:29:49.920] free heap: 6225824, minimum free heap: 6055432, Internal 8bit free heap: 30484, 8bit free heap: 6225824The current date/time is: Fri Jul 17 02:29:48 2026
[2026-07-17 10:29:49.920] 
[2026-07-17 10:29:49.920] 
[2026-07-17 10:29:54.327] [0;32mI (74807) NL_LTPDU: BatchGet 89F8DC10D009: 6 eps, rsp=118 bytes[0m
[2026-07-17 10:29:54.327] 
[2026-07-17 10:29:54.914] [0;32mI (75394) NL_LTPDU: BatchGet D0623120BA73: 6 eps, rsp=116 bytes[0m
[2026-07-17 10:29:54.914] 
[2026-07-17 10:29:57.922] free heap: 6225848, minimum free heap: 6055432, Internal 8bit free heap: 30484, 8bit free heap: 6225848The current date/time is: Fri Jul 17 02:29:56 2026
[2026-07-17 10:29:57.922] 
[2026-07-17 10:29:57.922] 
[2026-07-17 10:29:59.632] [0;32mI (80126) NL_LTPDU: BatchGet 89F8DC10D009: 6 eps, rsp=118 bytes[0m
[2026-07-17 10:29:59.632] 
[2026-07-17 10:30:00.546] [0;32mI (81038) NL_LTPDU: BatchGet D0623120BA73: 6 eps, rsp=116 bytes[0m
[2026-07-17 10:30:00.546] 
[2026-07-17 10:30:04.236] [0;32mI (84724) NL_LTPDU: BatchGet 89F8DC10D009: 6 eps, rsp=118 bytes[0m
[2026-07-17 10:30:04.236] 
[2026-07-17 10:30:05.479] [0;32mI (85964) NL_LTPDU: BatchGet D0623120BA73: 6 eps, rsp=116 bytes[0m
[2026-07-17 10:30:05.479] 
[2026-07-17 10:30:05.929] free heap: 6225848, minimum free heap: 6055432, Internal 8bit free heap: 30484, 8bit free heap: 6225848The current date/time is: Fri Jul 17 02:30:04 2026
[2026-07-17 10:30:05.929] 
[2026-07-17 10:30:05.929] 
[2026-07-17 10:30:09.476] [0;32mI (89966) NL_LTPDU: BatchGet 89F8DC10D009: 6 eps, rsp=118 bytes[0m
[2026-07-17 10:30:09.476] 
[2026-07-17 10:30:10.174] [0;32mI (90667) NL_LTPDU: BatchGet D0623120BA73: 6 eps, rsp=116 bytes[0m
[2026-07-17 10:30:10.174] 
[2026-07-17 10:30:13.923] free heap: 6225744, minimum free heap: 6055432, Internal 8bit free heap: 30352, 8bit free heap: 6225744The current date/time is: Fri Jul 17 02:30:12 2026
[2026-07-17 10:30:13.923] 
[2026-07-17 10:30:13.923] 
[2026-07-17 10:30:14.461] [0;32mI (94952) NL_LTPDU: BatchGet 89F8DC10D009: 6 eps, rsp=118 bytes[0m
[2026-07-17 10:30:14.461] 
[2026-07-17 10:30:14.984] [0;32mI (95475) NL_LTPDU: BatchGet D0623120BA73: 6 eps, rsp=116 bytes[0m
[2026-07-17 10:30:14.984] 
[2026-07-17 10:30:19.216] [0;32mI (99698) NL_LTPDU: BatchGet 89F8DC10D009: 6 eps, rsp=118 bytes[0m
[2026-07-17 10:30:19.216] 
[2026-07-17 10:30:20.102] [0;32mI (100591) NL_LTPDU: BatchGet D0623120BA73: 6 eps, rsp=116 bytes[0m
[2026-07-17 10:30:20.102] 
[2026-07-17 10:30:21.957] free heap: 6225744, minimum free heap: 6055432, Internal 8bit free heap: 30352, 8bit free heap: 6225744The current date/time is: Fri Jul 17 02:30:20 2026
[2026-07-17 10:30:21.957] 
[2026-07-17 10:30:21.957] 
[2026-07-17 10:30:24.334] [0;32mI (104814) NL_LTPDU: BatchGet 89F8DC10D009: 6 eps, rsp=118 bytes[0m
[2026-07-17 10:30:24.334] 
[2026-07-17 10:30:25.260] [0;32mI (105740) NL_LTPDU: BatchGet D0623120BA73: 6 eps, rsp=116 bytes[0m
[2026-07-17 10:30:25.260] 
[2026-07-17 10:30:29.452] [0;32mI (109932) NL_LTPDU: BatchGet 89F8DC10D009: 6 eps, rsp=118 bytes[0m
[2026-07-17 10:30:29.452] 
[2026-07-17 10:30:29.965] free heap: 6225876, minimum free heap: 6055432, Internal 8bit free heap: 30484, 8bit free heap: 6225876The current date/time is: Fri Jul 17 02:30:28 2026
[2026-07-17 10:30:29.965] 
[2026-07-17 10:30:29.965] 
[2026-07-17 10:30:30.135] [0;32mI (110619) NL_LTPDU: BatchGet D0623120BA73: 6 eps, rsp=116 bytes[0m
[2026-07-17 10:30:30.135] 
[2026-07-17 10:30:34.358] [0;32mI (114839) NL_LTPDU: BatchGet 89F8DC10D009: 6 eps, rsp=118 bytes[0m
[2026-07-17 10:30:34.358] 
[2026-07-17 10:30:35.256] [0;32mI (115738) NL_LTPDU: BatchGet D0623120BA73: 6 eps, rsp=116 bytes[0m
[2026-07-17 10:30:35.256] 
[2026-07-17 10:30:37.970] free heap: 6225876, minimum free heap: 6055432, Internal 8bit free heap: 30484, 8bit free heap: 6225876The current date/time is: Fri Jul 17 02:30:36 2026
[2026-07-17 10:30:37.970] 
[2026-07-17 10:30:37.970] 
[2026-07-17 10:30:39.476] [0;32mI (119961) NL_LTPDU: BatchGet 89F8DC10D009: 6 eps, rsp=118 bytes[0m
[2026-07-17 10:30:39.476] 
[2026-07-17 10:30:40.096] [0;32mI (120585) NL_LTPDU: BatchGet D0623120BA73: 6 eps, rsp=116 bytes[0m
[2026-07-17 10:30:40.096] 
[2026-07-17 10:30:44.590] [0;32mI (125080) NL_LTPDU: BatchGet 89F8DC10D009: 6 eps, rsp=118 bytes[0m
[2026-07-17 10:30:44.590] 
[2026-07-17 10:30:45.286] [0;32mI (125773) NL_LTPDU: BatchGet D0623120BA73: 6 eps, rsp=116 bytes[0m
[2026-07-17 10:30:45.286] 
[2026-07-17 10:30:45.965] free heap: 6225904, minimum free heap: 6055432, Internal 8bit free heap: 30484, 8bit free heap: 6225904The current date/time is: Fri Jul 17 02:30:44 2026
[2026-07-17 10:30:45.965] 
[2026-07-17 10:30:45.965] 
[2026-07-17 10:30:49.510] [0;32mI (129993) NL_LTPDU: BatchGet 89F8DC10D009: 6 eps, rsp=118 bytes[0m
[2026-07-17 10:30:49.510] 
[2026-07-17 10:30:50.128] [0;32mI (130610) NL_LTPDU: BatchGet D0623120BA73: 6 eps, rsp=116 bytes[0m
[2026-07-17 10:30:50.128] 
[2026-07-17 10:30:53.977] free heap: 6225908, minimum free heap: 6055432, Internal 8bit free heap: 30484, 8bit free heap: 6225908The current date/time is: Fri Jul 17 02:30:52 2026
[2026-07-17 10:30:53.977] 
[2026-07-17 10:30:53.977] 
[2026-07-17 10:30:54.631] [0;32mI (135115) NL_LTPDU: BatchGet 89F8DC10D009: 6 eps, rsp=118 bytes[0m
[2026-07-17 10:30:54.631] 
[2026-07-17 10:30:55.248] [0;32mI (135736) NL_LTPDU: BatchGet D0623120BA73: 6 eps, rsp=116 bytes[0m
[2026-07-17 10:30:55.248] 
[2026-07-17 10:30:59.833] [0;32mI (140323) NL_LTPDU: BatchGet 89F8DC10D009: 6 eps, rsp=118 bytes[0m
[2026-07-17 10:30:59.833] 
[2026-07-17 10:31:00.576] [0;32mI (141058) NL_LTPDU: BatchGet D0623120BA73: 6 eps, rsp=116 bytes[0m
[2026-07-17 10:31:00.576] 
[2026-07-17 10:31:01.970] free heap: 6226332, minimum free heap: 6055432, Internal 8bit free heap: 30484, 8bit free heap: 6226332The current date/time is: Fri Jul 17 02:31:00 2026
[2026-07-17 10:31:01.970] 
[2026-07-17 10:31:01.970] 
[2026-07-17 10:31:04.778] [0;32mI (145261) NL_LTPDU: BatchGet 89F8DC10D009: 6 eps, rsp=118 bytes[0m
[2026-07-17 10:31:04.778] 
[2026-07-17 10:31:05.275] [0;32mI (145761) NL_LTPDU: BatchGet D0623120BA73: 6 eps, rsp=116 bytes[0m
[2026-07-17 10:31:05.275] 
[2026-07-17 10:31:09.780] [0;32mI (150270) NL_LTPDU: BatchGet 89F8DC10D009: 6 eps, rsp=118 bytes[0m
[2026-07-17 10:31:09.780] 
[2026-07-17 10:31:10.027] free heap: 6226176, minimum free heap: 6055432, Internal 8bit free heap: 30352, 8bit free heap: 6226176The current date/time is: Fri Jul 17 02:31:08 2026
[2026-07-17 10:31:10.027] 
[2026-07-17 10:31:10.027] 
[2026-07-17 10:31:10.478] [0;32mI (150971) NL_LTPDU: BatchGet D0623120BA73: 6 eps, rsp=116 bytes[0m
[2026-07-17 10:31:10.478] 
[2026-07-17 10:31:10.634] uart: 11 AT+MOTION 0
[2026-07-17 10:31:10.634] 
[2026-07-17 10:31:10.634] 
[2026-07-17 10:31:10.634] btn on press
[2026-07-17 10:31:10.634] uart: 130 AT+BCDS ff04000206a5993ec 0010B940B0E9FEC6718C48ca43a5b6dc0F0005000a07974041000000000000ff0cff00000000000000000000000000000000ff01
[2026-07-17 10:31:10.634] 
[2026-07-17 10:31:10.634] 
[2026-07-17 10:31:10.634] 
[2026-07-17 10:31:10.695] pTopic:$aws/rules/bi_wifi_data_report/switchlink/B0E9FEC6718C/link_to_shadow
[2026-07-17 10:31:10.695] pData:BCD ff04000206a5993ec 0010B940B0E9FEC6718C48ca43a5b6dc0F0005000a07974041000000000000ff0cff00000000000000000000000000000000ff01
[2026-07-17 10:31:10.695] 
[2026-07-17 10:31:15.490] [0;32mI (155984) NL_LTPDU: BatchGet 89F8DC10D009: 6 eps, rsp=118 bytes[0m
[2026-07-17 10:31:15.490] 
[2026-07-17 10:31:15.910] [0;32mI (156403) NL_LTPDU: BatchGet D0623120BA73: 6 eps, rsp=116 bytes[0m
[2026-07-17 10:31:15.910] 
[2026-07-17 10:31:17.727] uart: 11 AT+MOTION 1
[2026-07-17 10:31:17.727] 
[2026-07-17 10:31:17.727] 
[2026-07-17 10:31:17.727] btn on press
[2026-07-17 10:31:17.727] uart: 130 AT+BCDS ff04000206a5993f3 0010B940B0E9FEC6718C48ca43a5b6dc0F0006200a07974041000000000000ff0cfc00000000000000000000000000000000ff01
[2026-07-17 10:31:17.727] 
[2026-07-17 10:31:17.727] 
[2026-07-17 10:31:17.727] 
[2026-07-17 10:31:17.773] pTopic:$aws/rules/bi_wifi_data_report/switchlink/B0E9FEC6718C/link_to_shadow
[2026-07-17 10:31:17.773] pData:BCD ff04000206a5993f3 0010B940B0E9FEC6718C48ca43a5b6dc0F0006200a07974041000000000000ff0cfc00000000000000000000000000000000ff01
[2026-07-17 10:31:17.773] 
[2026-07-17 10:31:18.035] free heap: 6224772, minimum free heap: 6055432, Internal 8bit free heap: 30484, 8bit free heap: 6224772The current date/time is: Fri Jul 17 02:31:16 2026
[2026-07-17 10:31:18.035] 
[2026-07-17 10:31:18.035] 
[2026-07-17 10:31:19.800] [0;32mI (160283) NL_LTPDU: BatchGet 89F8DC10D009: 6 eps, rsp=118 bytes[0m
[2026-07-17 10:31:19.800] 
[2026-07-17 10:31:20.733] [0;33mW (161194) NL_LTPDU: socket 56: peer closed (FIN detected)[0m
[2026-07-17 10:31:20.733] [0;33mW (161195) TASK_NL: [1] TCP fail → re-auth (CISS)[0m
[2026-07-17 10:31:20.733] [0;32mI (161221) NL_LTPDU: CISS: recovered session to 192.168.50.16 (counter=28, ver=V3.0)[0m
[2026-07-17 10:31:20.733] 
[2026-07-17 10:31:24.440] [0;31mE (164922) NL_LTPDU: recv failed: no data (errno=104, timeout=5000ms)[0m
[2026-07-17 10:31:24.440] [0;33mW (164923) TASK_NL: [1] CISS TCP fail, skip SRP → yield[0m
[2026-07-17 10:31:24.440] [0;33mW (164924) TASK_NL: [1] Auth failed (err=3, retry=1/3)[0m
[2026-07-17 10:31:24.440] 
[2026-07-17 10:31:24.518] [0;31mE (165005) NL_LTPDU: CISS: connect 192.168.50.16:12566 failed: errno=104[0m
[2026-07-17 10:31:24.518] [0;33mW (165005) TASK_NL: [1] CISS connect TCP fail, skip SRP → yield[0m
[2026-07-17 10:31:24.518] [0;33mW (165008) TASK_NL: [1] Auth failed (err=3, retry=2/3)[0m
[2026-07-17 10:31:24.518] 
[2026-07-17 10:31:24.919] [0;32mI (165403) NL_LTPDU: BatchGet 89F8DC10D009: 6 eps, rsp=118 bytes[0m
[2026-07-17 10:31:24.919] 
[2026-07-17 10:31:26.022] free heap: 6226728, minimum free heap: 6055432, Internal 8bit free heap: 30604, 8bit free heap: 6226728The current date/time is: Fri Jul 17 02:31:24 2026
[2026-07-17 10:31:26.022] 
[2026-07-17 10:31:26.022] 
[2026-07-17 10:31:30.063] [0;32mI (170557) NL_LTPDU: BatchGet 89F8DC10D009: 6 eps, rsp=118 bytes[0m
[2026-07-17 10:31:30.063] 
[2026-07-17 10:31:34.038] free heap: 6226724, minimum free heap: 6055432, Internal 8bit free heap: 30604, 8bit free heap: 6226724The current date/time is: Fri Jul 17 02:31:32 2026
[2026-07-17 10:31:34.038] 
[2026-07-17 10:31:34.038] 
[2026-07-17 10:31:34.950] [0;32mI (175438) NL_LTPDU: BatchGet 89F8DC10D009: 6 eps, rsp=118 bytes[0m
[2026-07-17 10:31:34.950] 
[2026-07-17 10:31:35.167] [0;31mE (175644) NL_LTPDU: CISS: connect 192.168.50.16:12566 failed: errno=104[0m
[2026-07-17 10:31:35.167] [0;33mW (175644) TASK_NL: [1] CISS connect TCP fail, skip SRP → yield[0m
[2026-07-17 10:31:35.167] [0;33mW (175647) TASK_NL: [1] Auth failed (err=3, retry=3/3)[0m
[2026-07-17 10:31:35.167] 
[2026-07-17 10:31:35.354] pTopic:switchlink/B0E9FEC6718C/link_to_nanoleaf_property
[2026-07-17 10:31:35.354] pData:{"msgType":"online","deviceId":"D0623120BA73","timestamp":1784255495,"online":false,"reason":"tcp_disconnected"}
[2026-07-17 10:31:35.354] 
[2026-07-17 10:31:40.405] [0;32mI (180888) NL_LTPDU: BatchGet 89F8DC10D009: 6 eps, rsp=118 bytes[0m
[2026-07-17 10:31:40.405] 
[2026-07-17 10:31:42.033] free heap: 6226724, minimum free heap: 6055432, Internal 8bit free heap: 30604, 8bit free heap: 6226724The current date/time is: Fri Jul 17 02:31:40 2026
[2026-07-17 10:31:42.033] 
[2026-07-17 10:31:42.033] 
[2026-07-17 10:31:42.497] matter pair timeout
[2026-07-17 10:31:42.497] close_matter_ble
[2026-07-17 10:31:42.497] ble_pair_server_stop 
[2026-07-17 10:31:42.497] [0;32mI (182979) NimBLE: GAP procedure initiated: stop advertising.
[2026-07-17 10:31:42.497] [0m
[2026-07-17 10:31:42.497] [0;32mI (182981) chip[DL]: BLE deinit successful and memory reclaimed[0m
[2026-07-17 10:31:42.497] [0;32mI (182999) NVS: Flash write 4[0m
[2026-07-17 10:31:42.497] 
[2026-07-17 10:31:45.204] [0;32mI (185687) NL_LTPDU: BatchGet 89F8DC10D009: 6 eps, rsp=118 bytes[0m
[2026-07-17 10:31:45.204] 
[2026-07-17 10:31:50.032] free heap: 6295648, minimum free heap: 6058824, Internal 8bit free heap: 72776, 8bit free heap: 6295648The current date/time is: Fri Jul 17 02:31:48 2026
[2026-07-17 10:31:50.032] 
[2026-07-17 10:31:50.032] 
[2026-07-17 10:31:50.329] [0;32mI (190809) NL_LTPDU: BatchGet 89F8DC10D009: 6 eps, rsp=118 bytes[0m
[2026-07-17 10:31:50.329] 
[2026-07-17 10:31:55.237] [0;32mI (195722) NL_LTPDU: BatchGet 89F8DC10D009: 6 eps, rsp=118 bytes[0m
[2026-07-17 10:31:55.237] 
[2026-07-17 10:31:58.047] free heap: 6295668, minimum free heap: 6057076, Internal 8bit free heap: 72776, 8bit free heap: 6295668The current date/time is: Fri Jul 17 02:31:56 2026
[2026-07-17 10:31:58.047] 
[2026-07-17 10:31:58.047] 
[2026-07-17 10:31:59.427] [0;32mI (199920) ROUTE_HOOK: Received RIO[0m
[2026-07-17 10:31:59.427] [0;32mI (199920) ROUTE_HOOK: prefix FDEA:C98F:38B2:1:: lifetime 1800[0m
[2026-07-17 10:31:59.427] 
[2026-07-17 10:32:00.279] [0;32mI (200767) NL_LTPDU: BatchGet 89F8DC10D009: 6 eps, rsp=118 bytes[0m
[2026-07-17 10:32:00.279] 
[2026-07-17 10:32:05.607] [0;32mI (206092) NL_LTPDU: BatchGet 89F8DC10D009: 6 eps, rsp=118 bytes[0m
[2026-07-17 10:32:05.607] 
[2026-07-17 10:32:06.041] free heap: 6295516, minimum free heap: 6057036, Internal 8bit free heap: 72644, 8bit free heap: 6295516The current date/time is: Fri Jul 17 02:32:04 2026
[2026-07-17 10:32:06.041] 
[2026-07-17 10:32:06.041] 
[2026-07-17 10:32:10.723] [0;32mI (211204) NL_LTPDU: BatchGet 89F8DC10D009: 6 eps, rsp=118 bytes[0m
[2026-07-17 10:32:10.723] 
[2026-07-17 10:32:14.051] free heap: 6295544, minimum free heap: 6056944, Internal 8bit free heap: 72644, 8bit free heap: 6295544The current date/time is: Fri Jul 17 02:32:12 2026
[2026-07-17 10:32:14.051] 
[2026-07-17 10:32:14.051] 
[2026-07-17 10:32:15.302] [0;32mI (215790) NL_LTPDU: BatchGet 89F8DC10D009: 6 eps, rsp=118 bytes[0m
[2026-07-17 10:32:15.302] 
[2026-07-17 10:32:15.412] [0;32mI (215896) ROUTE_HOOK: Ignore invalid ICMP packet[0m
[2026-07-17 10:32:15.412] 
[2026-07-17 10:32:16.230] [0;32mI (216725) ROUTE_HOOK: Received RIO[0m
[2026-07-17 10:32:16.230] [0;32mI (216726) ROUTE_HOOK: prefix FDEA:C98F:38B2:1:: lifetime 1800[0m
[2026-07-17 10:32:16.230] 
[2026-07-17 10:32:20.830] [0;32mI (221312) NL_LTPDU: BatchGet 89F8DC10D009: 6 eps, rsp=118 bytes[0m
[2026-07-17 10:32:20.830] 
[2026-07-17 10:32:22.052] free heap: 6295544, minimum free heap: 6056944, Internal 8bit free heap: 72644, 8bit free heap: 6295544The current date/time is: Fri Jul 17 02:32:20 2026
[2026-07-17 10:32:22.052] 
[2026-07-17 10:32:22.052] 
[2026-07-17 10:32:25.550] [0;32mI (226036) NL_LTPDU: BatchGet 89F8DC10D009: 6 eps, rsp=118 bytes[0m
[2026-07-17 10:32:25.550] 
[2026-07-17 10:32:30.056] free heap: 6295488, minimum free heap: 6056832, Internal 8bit free heap: 72608, 8bit free heap: 6295488The current date/time is: Fri Jul 17 02:32:28 2026
[2026-07-17 10:32:30.056] 
[2026-07-17 10:32:30.056] 
[2026-07-17 10:32:30.676] [0;32mI (231167) NL_LTPDU: BatchGet 89F8DC10D009: 6 eps, rsp=118 bytes[0m
[2026-07-17 10:32:30.676] 
[2026-07-17 10:32:35.947] [0;32mI (236428) NL_LTPDU: BatchGet 89F8DC10D009: 6 eps, rsp=118 bytes[0m
[2026-07-17 10:32:35.947] 
[2026-07-17 10:32:38.056] free heap: 6295544, minimum free heap: 6056808, Internal 8bit free heap: 72644, 8bit free heap: 6295544The current date/time is: Fri Jul 17 02:32:36 2026
[2026-07-17 10:32:38.056] 
[2026-07-17 10:32:38.056] 
[2026-07-17 10:32:40.576] [0;32mI (241068) NL_LTPDU: BatchGet 89F8DC10D009: 6 eps, rsp=118 bytes[0m
[2026-07-17 10:32:40.576] 
[2026-07-17 10:32:45.823] [0;32mI (246318) NL_LTPDU: BatchGet 89F8DC10D009: 6 eps, rsp=118 bytes[0m
[2026-07-17 10:32:45.823] 
[2026-07-17 10:32:46.055] free heap: 6295360, minimum free heap: 6056808, Internal 8bit free heap: 72480, 8bit free heap: 6295360The current date/time is: Fri Jul 17 02:32:44 2026
[2026-07-17 10:32:46.055] 
[2026-07-17 10:32:46.055] 
[2026-07-17 10:32:50.855] [0;32mI (251334) NL_LTPDU: BatchGet 89F8DC10D009: 6 eps, rsp=118 bytes[0m
[2026-07-17 10:32:50.855] 
[2026-07-17 10:32:54.061] free heap: 6295544, minimum free heap: 6056808, Internal 8bit free heap: 72644, 8bit free heap: 6295544The current date/time is: Fri Jul 17 02:32:52 2026
[2026-07-17 10:32:54.061] 
[2026-07-17 10:32:54.061] 
[2026-07-17 10:32:55.720] [0;32mI (256200) NL_LTPDU: BatchGet 89F8DC10D009: 6 eps, rsp=118 bytes[0m
[2026-07-17 10:32:55.720] 
[2026-07-17 10:33:01.241] [0;32mI (261721) NL_LTPDU: BatchGet 89F8DC10D009: 6 eps, rsp=118 bytes[0m
[2026-07-17 10:33:01.241] 
[2026-07-17 10:33:02.062] free heap: 6295544, minimum free heap: 6056808, Internal 8bit free heap: 72644, 8bit free heap: 6295544The current date/time is: Fri Jul 17 02:33:00 2026
[2026-07-17 10:33:02.062] 
[2026-07-17 10:33:02.062] 
[2026-07-17 10:33:05.907] [0;32mI (266390) NL_LTPDU: BatchGet 89F8DC10D009: 6 eps, rsp=118 bytes[0m
[2026-07-17 10:33:05.907] 
[2026-07-17 10:33:10.063] free heap: 6295524, minimum free heap: 6056808, Internal 8bit free heap: 72644, 8bit free heap: 6295524The current date/time is: Fri Jul 17 02:33:08 2026
[2026-07-17 10:33:10.063] 
[2026-07-17 10:33:10.063] 
[2026-07-17 10:33:11.644] [0;32mI (272126) NL_LTPDU: BatchGet 89F8DC10D009: 6 eps, rsp=118 bytes[0m
[2026-07-17 10:33:11.644] 
[2026-07-17 10:33:15.905] [0;32mI (276386) NL_LTPDU: BatchGet 89F8DC10D009: 6 eps, rsp=118 bytes[0m
[2026-07-17 10:33:15.905] 
[2026-07-17 10:33:18.072] free heap: 6295544, minimum free heap: 6056808, Internal 8bit free heap: 72644, 8bit free heap: 6295544The current date/time is: Fri Jul 17 02:33:16 2026
[2026-07-17 10:33:18.072] 
[2026-07-17 10:33:18.072] 
[2026-07-17 10:33:21.834] [0;32mI (282323) NL_LTPDU: BatchGet 89F8DC10D009: 6 eps, rsp=118 bytes[0m
[2026-07-17 10:33:21.834] 
[2026-07-17 10:33:26.062] free heap: 6240544, minimum free heap: 6056808, Internal 8bit free heap: 72480, 8bit free heap: 6240544The current date/time is: Fri Jul 17 02:33:24 2026
[2026-07-17 10:33:26.062] 
[2026-07-17 10:33:26.062] 
[2026-07-17 10:33:26.388] [0;32mI (286871) NL_LTPDU: BatchGet 89F8DC10D009: 6 eps, rsp=118 bytes[0m
[2026-07-17 10:33:26.388] 
[2026-07-17 10:33:31.097] [0;32mI (291588) NL_LTPDU: BatchGet 89F8DC10D009: 6 eps, rsp=118 bytes[0m
[2026-07-17 10:33:31.097] 
[2026-07-17 10:33:34.076] free heap: 6295544, minimum free heap: 6056808, Internal 8bit free heap: 72644, 8bit free heap: 6295544The current date/time is: Fri Jul 17 02:33:32 2026
[2026-07-17 10:33:34.076] 
[2026-07-17 10:33:34.076] 
[2026-07-17 10:33:36.290] [0;32mI (296784) NL_LTPDU: BatchGet 89F8DC10D009: 6 eps, rsp=118 bytes[0m
[2026-07-17 10:33:36.290] 
[2026-07-17 10:33:41.161] [0;32mI (301653) NL_LTPDU: BatchGet 89F8DC10D009: 6 eps, rsp=118 bytes[0m
[2026-07-17 10:33:41.161] 
[2026-07-17 10:33:42.076] free heap: 6295376, minimum free heap: 6056728, Internal 8bit free heap: 72476, 8bit free heap: 6295376The current date/time is: Fri Jul 17 02:33:40 2026
[2026-07-17 10:33:42.076] 
[2026-07-17 10:33:42.076] 
[2026-07-17 10:33:46.771] [0;32mI (307265) NL_LTPDU: BatchGet 89F8DC10D009: 6 eps, rsp=118 bytes[0m
[2026-07-17 10:33:46.771] 
[2026-07-17 10:33:50.078] free heap: 6295524, minimum free heap: 6056728, Internal 8bit free heap: 72644, 8bit free heap: 6295524The current date/time is: Fri Jul 17 02:33:48 2026
[2026-07-17 10:33:50.078] 
[2026-07-17 10:33:50.078] 
[2026-07-17 10:33:51.358] [0;32mI (311851) NL_LTPDU: BatchGet 89F8DC10D009: 6 eps, rsp=118 bytes[0m
[2026-07-17 10:33:51.358] 
[2026-07-17 10:33:56.587] [0;32mI (317075) NL_LTPDU: BatchGet 89F8DC10D009: 6 eps, rsp=118 bytes[0m
[2026-07-17 10:33:56.587] 
[2026-07-17 10:33:58.089] free heap: 6295544, minimum free heap: 6056728, Internal 8bit free heap: 72644, 8bit free heap: 6295544The current date/time is: Fri Jul 17 02:33:56 2026
[2026-07-17 10:33:58.089] 
[2026-07-17 10:33:58.089] 
[2026-07-17 10:34:01.371] [0;32mI (321854) NL_LTPDU: BatchGet 89F8DC10D009: 6 eps, rsp=118 bytes[0m
[2026-07-17 10:34:01.371] 
[2026-07-17 10:34:06.093] free heap: 6295524, minimum free heap: 6056728, Internal 8bit free heap: 72644, 8bit free heap: 6295524The current date/time is: Fri Jul 17 02:34:04 2026
[2026-07-17 10:34:06.093] 
[2026-07-17 10:34:06.093] 
[2026-07-17 10:34:06.606] [0;32mI (327100) NL_LTPDU: BatchGet 89F8DC10D009: 6 eps, rsp=118 bytes[0m
[2026-07-17 10:34:06.606] 
[2026-07-17 10:34:11.655] [0;32mI (332149) NL_LTPDU: BatchGet 89F8DC10D009: 6 eps, rsp=118 bytes[0m
[2026-07-17 10:34:11.655] 
[2026-07-17 10:34:14.082] free heap: 6295544, minimum free heap: 6056728, Internal 8bit free heap: 72644, 8bit free heap: 6295544The current date/time is: Fri Jul 17 02:34:12 2026
[2026-07-17 10:34:14.082] 
[2026-07-17 10:34:14.082] 
[2026-07-17 10:34:16.512] [0;32mI (336997) NL_LTPDU: BatchGet 89F8DC10D009: 6 eps, rsp=118 bytes[0m
[2026-07-17 10:34:16.512] 
[2026-07-17 10:34:21.715] [0;32mI (342205) NL_LTPDU: BatchGet 89F8DC10D009: 6 eps, rsp=118 bytes[0m
[2026-07-17 10:34:21.715] 
[2026-07-17 10:34:22.086] free heap: 6295544, minimum free heap: 6056728, Internal 8bit free heap: 72644, 8bit free heap: 6295544The current date/time is: Fri Jul 17 02:34:20 2026
[2026-07-17 10:34:22.086] 
[2026-07-17 10:34:22.086] 
[2026-07-17 10:34:27.108] [0;32mI (347591) NL_LTPDU: BatchGet 89F8DC10D009: 6 eps, rsp=118 bytes[0m
[2026-07-17 10:34:27.108] 
[2026-07-17 10:34:28.627] uart: 11 AT+MOTION 0
[2026-07-17 10:34:28.627] 
[2026-07-17 10:34:28.627] 
[2026-07-17 10:34:28.627] btn on press
[2026-07-17 10:34:28.627] uart: 130 AT+BCDS ff04000206a5994b2 0010B940B0E9FEC6718C48ca43a5b6dc0F0007000a07974041000000000000ff0d0100000000000000000000000000000000ff01
[2026-07-17 10:34:28.627] 
[2026-07-17 10:34:28.627] 
[2026-07-17 10:34:28.627] 
[2026-07-17 10:34:28.812] pTopic:$aws/rules/bi_wifi_data_report/switchlink/B0E9FEC6718C/link_to_shadow
[2026-07-17 10:34:28.812] pData:BCD ff04000206a5994b2 0010B940B0E9FEC6718C48ca43a5b6dc0F0007000a07974041000000000000ff0d0100000000000000000000000000000000ff01
[2026-07-17 10:34:28.812] 
[2026-07-17 10:34:29.448] [0;32mI (349937) ROUTE_HOOK: Received RIO[0m
[2026-07-17 10:34:29.448] [0;32mI (349937) ROUTE_HOOK: prefix FDEA:C98F:38B2:1:: lifetime 1800[0m
[2026-07-17 10:34:29.448] 
[2026-07-17 10:34:30.098] free heap: 6295544, minimum free heap: 6056728, Internal 8bit free heap: 72644, 8bit free heap: 6295544The current date/time is: Fri Jul 17 02:34:28 2026
[2026-07-17 10:34:30.098] 
[2026-07-17 10:34:30.098] 
[2026-07-17 10:34:30.845] uart: 11 AT+MOTION 1
[2026-07-17 10:34:30.845] 
[2026-07-17 10:34:30.845] 
[2026-07-17 10:34:30.845] btn on press
[2026-07-17 10:34:30.845] uart: 130 AT+BCDS ff04000206a5994b4 0010B940B0E9FEC6718C48ca43a5b6dc0F0008200a07974041000000000000ff0d0100000000000000000000000000000000ff01
[2026-07-17 10:34:30.845] 
[2026-07-17 10:34:30.845] 
[2026-07-17 10:34:30.845] pTopic:$aws/rules/bi_wifi_data_report/switchlink/B0E9FEC6718C/link_to_shadow
[2026-07-17 10:34:30.845] pData:BCD ff04000206a5994b4 0010B940B0E9FEC6718C48ca43a5b6dc0F0008200a07974041000000000000ff0d0100000000000000000000000000000000ff01
[2026-07-17 10:34:30.845] 
[2026-07-17 10:34:32.008] [0;32mI (352496) NL_LTPDU: BatchGet 89F8DC10D009: 6 eps, rsp=118 bytes[0m
[2026-07-17 10:34:32.008] 
[2026-07-17 10:34:36.724] [0;32mI (357207) NL_LTPDU: BatchGet 89F8DC10D009: 6 eps, rsp=118 bytes[0m
[2026-07-17 10:34:36.724] 
[2026-07-17 10:34:38.086] free heap: 6295544, minimum free heap: 6056728, Internal 8bit free heap: 72644, 8bit free heap: 6295544The current date/time is: Fri Jul 17 02:34:36 2026
[2026-07-17 10:34:38.086] 
[2026-07-17 10:34:38.086] 
[2026-07-17 10:34:41.865] [0;32mI (362349) NL_LTPDU: BatchGet 89F8DC10D009: 6 eps, rsp=118 bytes[0m
[2026-07-17 10:34:41.865] 
[2026-07-17 10:34:46.090] free heap: 6295524, minimum free heap: 6056728, Internal 8bit free heap: 72644, 8bit free heap: 6295524The current date/time is: Fri Jul 17 02:34:44 2026
[2026-07-17 10:34:46.090] 
[2026-07-17 10:34:46.090] 
[2026-07-17 10:34:46.722] [0;32mI (367204) NL_LTPDU: BatchGet 89F8DC10D009: 6 eps, rsp=118 bytes[0m
[2026-07-17 10:34:46.722] 
[2026-07-17 10:34:51.820] [0;32mI (372312) NL_LTPDU: BatchGet 89F8DC10D009: 6 eps, rsp=118 bytes[0m
[2026-07-17 10:34:51.820] 
[2026-07-17 10:34:54.091] free heap: 6295544, minimum free heap: 6056728, Internal 8bit free heap: 72644, 8bit free heap: 6295544The current date/time is: Fri Jul 17 02:34:52 2026
[2026-07-17 10:34:54.091] 
[2026-07-17 10:34:54.091] 
[2026-07-17 10:34:57.016] [0;32mI (377511) NL_LTPDU: BatchGet 89F8DC10D009: 6 eps, rsp=118 bytes[0m
[2026-07-17 10:34:57.016] 
[2026-07-17 10:35:02.121] free heap: 6242284, minimum free heap: 6056728, Internal 8bit free heap: 72644, 8bit free heap: 6242284The current date/time is: Fri Jul 17 02:35:00 2026
[2026-07-17 10:35:02.121] 
[2026-07-17 10:35:02.121] [0;32mI (382609) NL_LTPDU: BatchGet 89F8DC10D009: 6 eps, rsp=118 bytes[0m
[2026-07-17 10:35:02.121] 
[2026-07-17 10:35:06.939] [0;32mI (387428) NL_LTPDU: BatchGet 89F8DC10D009: 6 eps, rsp=118 bytes[0m
[2026-07-17 10:35:06.939] 
[2026-07-17 10:35:10.101] free heap: 6295388, minimum free heap: 6056728, Internal 8bit free heap: 72508, 8bit free heap: 6295388The current date/time is: Fri Jul 17 02:35:08 2026
[2026-07-17 10:35:10.101] 
[2026-07-17 10:35:10.101] 
[2026-07-17 10:35:12.181] [0;32mI (392664) NL_LTPDU: BatchGet 89F8DC10D009: 6 eps, rsp=118 bytes[0m
[2026-07-17 10:35:12.181] 
[2026-07-17 10:35:17.047] [0;32mI (397531) NL_LTPDU: BatchGet 89F8DC10D009: 6 eps, rsp=118 bytes[0m
[2026-07-17 10:35:17.047] 
[2026-07-17 10:35:18.099] free heap: 6295540, minimum free heap: 6056728, Internal 8bit free heap: 72640, 8bit free heap: 6295540The current date/time is: Fri Jul 17 02:35:16 2026
[2026-07-17 10:35:18.099] 
[2026-07-17 10:35:18.099] 
[2026-07-17 10:35:22.204] [0;32mI (402700) NL_LTPDU: BatchGet 89F8DC10D009: 6 eps, rsp=118 bytes[0m
[2026-07-17 10:35:22.204] 
[2026-07-17 10:35:26.109] free heap: 6295540, minimum free heap: 6056728, Internal 8bit free heap: 72640, 8bit free heap: 6295540The current date/time is: Fri Jul 17 02:35:24 2026
[2026-07-17 10:35:26.109] 
[2026-07-17 10:35:26.109] 
[2026-07-17 10:35:27.411] [0;32mI (407897) NL_LTPDU: BatchGet 89F8DC10D009: 6 eps, rsp=118 bytes[0m
[2026-07-17 10:35:27.411] 
[2026-07-17 10:35:32.186] [0;32mI (412674) NL_LTPDU: BatchGet 89F8DC10D009: 6 eps, rsp=118 bytes[0m
[2026-07-17 10:35:32.186] 
[2026-07-17 10:35:34.114] free heap: 6295544, minimum free heap: 6056728, Internal 8bit free heap: 72644, 8bit free heap: 6295544The current date/time is: Fri Jul 17 02:35:32 2026
[2026-07-17 10:35:34.114] 
[2026-07-17 10:35:34.114] 
[2026-07-17 10:35:37.295] [0;32mI (417788) NL_LTPDU: BatchGet 89F8DC10D009: 6 eps, rsp=118 bytes[0m
[2026-07-17 10:35:37.295] 
[2026-07-17 10:35:42.108] free heap: 6295544, minimum free heap: 6056728, Internal 8bit free heap: 72644, 8bit free heap: 6295544The current date/time is: Fri Jul 17 02:35:40 2026
[2026-07-17 10:35:42.108] 
[2026-07-17 10:35:42.108] 
[2026-07-17 10:35:42.554] [0;32mI (423050) NL_LTPDU: BatchGet 89F8DC10D009: 6 eps, rsp=118 bytes[0m
[2026-07-17 10:35:42.554] 
[2026-07-17 10:35:47.501] [0;32mI (427986) NL_LTPDU: BatchGet 89F8DC10D009: 6 eps, rsp=118 bytes[0m
[2026-07-17 10:35:47.501] 
[2026-07-17 10:35:50.121] free heap: 6295544, minimum free heap: 6056728, Internal 8bit free heap: 72644, 8bit free heap: 6295544The current date/time is: Fri Jul 17 02:35:48 2026
[2026-07-17 10:35:50.121] 
[2026-07-17 10:35:50.121] 
[2026-07-17 10:35:52.509] [0;32mI (432995) NL_LTPDU: BatchGet 89F8DC10D009: 6 eps, rsp=118 bytes[0m
[2026-07-17 10:35:52.509] 
[2026-07-17 10:35:57.517] [0;32mI (438008) NL_LTPDU: BatchGet 89F8DC10D009: 6 eps, rsp=118 bytes[0m
[2026-07-17 10:35:57.517] 
[2026-07-17 10:35:58.120] free heap: 6295508, minimum free heap: 6056728, Internal 8bit free heap: 72608, 8bit free heap: 6295508The current date/time is: Fri Jul 17 02:35:56 2026
[2026-07-17 10:35:58.120] 
[2026-07-17 10:35:58.120] 
[2026-07-17 10:36:02.546] [0;32mI (443033) NL_LTPDU: BatchGet 89F8DC10D009: 6 eps, rsp=118 bytes[0m
[2026-07-17 10:36:02.546] 
[2026-07-17 10:36:06.119] free heap: 6295524, minimum free heap: 6056728, Internal 8bit free heap: 72644, 8bit free heap: 6295524The current date/time is: Fri Jul 17 02:36:04 2026
[2026-07-17 10:36:06.119] 
[2026-07-17 10:36:06.119] 
[2026-07-17 10:36:08.005] [0;32mI (448498) NL_LTPDU: BatchGet 89F8DC10D009: 6 eps, rsp=118 bytes[0m
[2026-07-17 10:36:08.005] 
[2026-07-17 10:36:12.477] [0;32mI (452971) NL_LTPDU: BatchGet 89F8DC10D009: 6 eps, rsp=118 bytes[0m
[2026-07-17 10:36:12.477] 
[2026-07-17 10:36:14.125] free heap: 6295544, minimum free heap: 6056728, Internal 8bit free heap: 72644, 8bit free heap: 6295544The current date/time is: Fri Jul 17 02:36:12 2026
[2026-07-17 10:36:14.125] 
[2026-07-17 10:36:14.125] 
[2026-07-17 10:36:17.681] [0;32mI (458171) NL_LTPDU: BatchGet 89F8DC10D009: 6 eps, rsp=118 bytes[0m
[2026-07-17 10:36:17.681] 
[2026-07-17 10:36:22.123] free heap: 6295544, minimum free heap: 6056728, Internal 8bit free heap: 72644, 8bit free heap: 6295544The current date/time is: Fri Jul 17 02:36:20 2026
[2026-07-17 10:36:22.123] 
[2026-07-17 10:36:22.123] 
[2026-07-17 10:36:22.511] [0;32mI (462999) NL_LTPDU: BatchGet 89F8DC10D009: 6 eps, rsp=118 bytes[0m
[2026-07-17 10:36:22.511] 
[2026-07-17 10:36:27.714] [0;32mI (468211) NL_LTPDU: BatchGet 89F8DC10D009: 6 eps, rsp=118 bytes[0m
[2026-07-17 10:36:27.714] 
[2026-07-17 10:36:30.126] free heap: 6295544, minimum free heap: 6056728, Internal 8bit free heap: 72644, 8bit free heap: 6295544The current date/time is: Fri Jul 17 02:36:28 2026
[2026-07-17 10:36:30.126] 
[2026-07-17 10:36:30.126] 
[2026-07-17 10:36:32.790] [0;32mI (473279) NL_LTPDU: BatchGet 89F8DC10D009: 6 eps, rsp=118 bytes[0m
[2026-07-17 10:36:32.790] 
[2026-07-17 10:36:37.649] [0;32mI (478131) NL_LTPDU: BatchGet 89F8DC10D009: 6 eps, rsp=118 bytes[0m
[2026-07-17 10:36:37.649] 
[2026-07-17 10:36:38.129] free heap: 6295544, minimum free heap: 6056728, Internal 8bit free heap: 72644, 8bit free heap: 6295544The current date/time is: Fri Jul 17 02:36:36 2026
[2026-07-17 10:36:38.129] 
[2026-07-17 10:36:38.129] 
[2026-07-17 10:36:42.768] [0;32mI (483249) NL_LTPDU: BatchGet 89F8DC10D009: 6 eps, rsp=118 bytes[0m
[2026-07-17 10:36:42.768] [0;32mI (483249) TASK_NL: [0] Status changed: on=1 br=29 ct=2201 hu=30 sa=85 eff="*Solid*"[0m
[2026-07-17 10:36:42.768] 
[2026-07-17 10:36:42.938] pTopic:switchlink/B0E9FEC6718C/link_to_nanoleaf_property
[2026-07-17 10:36:42.938] pData:{"msgType":"status","deviceId":"89F8DC10D009","timestamp":1784255803,"endpoints":[{"endpoint":"lb/0/oo","value":true},{"endpoint":"lb/0/pb","value":29},{"endpoint":"lb/0/ct","value":2201},{"endpoint":"lb/0/hu","value":30},{"endpoint":"lb/0/sa","value":85},{"endpoint":"effect/select","value":"*Solid*"}]}
[2026-07-17 10:36:42.938] 
[2026-07-17 10:36:46.134] free heap: 6295524, minimum free heap: 6056728, Internal 8bit free heap: 72644, 8bit free heap: 6295524The current date/time is: Fri Jul 17 02:36:44 2026
[2026-07-17 10:36:46.134] 
[2026-07-17 10:36:46.134] 
[2026-07-17 10:36:47.886] [0;32mI (488379) NL_LTPDU: BatchGet 89F8DC10D009: 6 eps, rsp=118 bytes[0m
[2026-07-17 10:36:47.886] [0;32mI (488379) TASK_NL: [0] Status changed: on=0 br=29 ct=2201 hu=30 sa=85 eff="*Solid*"[0m
[2026-07-17 10:36:47.886] 
[2026-07-17 10:36:48.008] pTopic:switchlink/B0E9FEC6718C/link_to_nanoleaf_property
[2026-07-17 10:36:48.008] pData:{"msgType":"status","deviceId":"89F8DC10D009","timestamp":1784255808,"endpoints":[{"endpoint":"lb/0/oo","value":false},{"endpoint":"lb/0/pb","value":29},{"endpoint":"lb/0/ct","value":2201},{"endpoint":"lb/0/hu","value":30},{"endpoint":"lb/0/sa","value":85},{"endpoint":"effect/select","value":"*Solid*"}]}
[2026-07-17 10:36:48.008] 
[2026-07-17 10:36:51.108] [0;32mI (491594) TASK_NL: [1] RetryWait done, trigger scan for reconnect[0m
[2026-07-17 10:36:51.108] [0;32mI (491594) TASK_NL: ExecuteScan: trigger=retry_recover[0m
[2026-07-17 10:36:51.108] 
[2026-07-17 10:36:54.165] free heap: 6293628, minimum free heap: 6056728, Internal 8bit free heap: 72548, 8bit free heap: 6293628The current date/time is: Fri Jul 17 02:36:52 2026
[2026-07-17 10:36:54.165] 
[2026-07-17 10:36:54.165] [0;32mI (494640) TASK_NL: Scan[0]: name=4D FEB8 ip=192.168.50.160 id=89:F8:DC:10:D0:09 model=NL69 fw=12.3.6[0m
[2026-07-17 10:36:54.165] [0;32mI (494641) TASK_NL: Scan[1]: name=Lines B5D2 ip=192.168.50.201 id=3E:0A:E0:49:41:82 model=NL59 fw=12.2.3[0m
[2026-07-17 10:36:54.165] [0;32mI (494651) TASK_NL: ExecuteScan: found 2 devices, publishing[0m
[2026-07-17 10:36:54.165] 
[2026-07-17 10:36:54.318] pTopic:switchlink/B0E9FEC6718C/link_to_nanoleaf_property
[2026-07-17 10:36:54.318] pData:{"msgType":"online","deviceId":"D0623120BA73","timestamp":1784255814,"online":false,"reason":"mdns_lost"}
[2026-07-17 10:36:54.318] pTopic:switchlink/B0E9FEC6718C/link_to_nanoleaf_maint
[2026-07-17 10:36:54.318] pData:{"msgType":"nanoleaf_scan","trigger":"retry_recover","timestamp":1784255814,"managed":{"total":2,"devices":[{"deviceId":"89F8DC10D009","clientId":1,"state":"active","online":1},{"deviceId":"D0623120BA73","clientId":1,"state":"retry_wait","online":0}]},"devices":[{"deviceId":"89:F8:DC:10:D0:09","ip":"192.168.50.160","port":12566,"model":"NL69","firmware":"12.3.6"},{"deviceId":"3E:0A:E0:49:41:82","ip":"192.168.50.201","port":12566,"model":"NL59","firmware":"12.2.3"}]}
[2026-07-17 10:36:54.318] [0;32mI (494793) NL_LTPDU: BatchGet 89F8DC10D009: 6 eps, rsp=118 bytes[0m
[2026-07-17 10:36:54.318] 
[2026-07-17 10:36:59.342] [0;33mW (499824) NL_LTPDU: socket 55: peer closed (FIN detected)[0m
[2026-07-17 10:36:59.342] [0;33mW (499825) TASK_NL: [0] TCP fail → re-auth (CISS)[0m
[2026-07-17 10:36:59.342] [0;32mI (499839) NL_LTPDU: CISS: recovered session to 192.168.50.160 (counter=95, ver=V3.0)[0m
[2026-07-17 10:36:59.342] 
[2026-07-17 10:36:59.995] [0;31mE (500473) NL_LTPDU: recv failed: no data (errno=104, timeout=5000ms)[0m
[2026-07-17 10:36:59.995] [0;33mW (500474) TASK_NL: [0] CISS TCP fail, skip SRP → yield[0m
[2026-07-17 10:36:59.995] [0;33mW (500476) TASK_NL: [0] Auth failed (err=3, retry=1/3)[0m
[2026-07-17 10:36:59.995] 
[2026-07-17 10:37:00.057] [0;31mE (500544) NL_LTPDU: CISS: connect 192.168.50.160:12566 failed: errno=104[0m
[2026-07-17 10:37:00.057] [0;33mW (500544) TASK_NL: [0] CISS connect TCP fail, skip SRP → yield[0m
[2026-07-17 10:37:00.057] [0;33mW (500547) TASK_NL: [0] Auth failed (err=3, retry=2/3)[0m
[2026-07-17 10:37:00.057] 
[2026-07-17 10:37:02.141] free heap: 6295956, minimum free heap: 6056668, Internal 8bit free heap: 72764, 8bit free heap: 6295956The current date/time is: Fri Jul 17 02:37:00 2026
[2026-07-17 10:37:02.141] 
[2026-07-17 10:37:02.141] 
[2026-07-17 10:37:10.148] free heap: 6295956, minimum free heap: 6056668, Internal 8bit free heap: 72764, 8bit free heap: 6295956The current date/time is: Fri Jul 17 02:37:08 2026
[2026-07-17 10:37:10.148] 
[2026-07-17 10:37:10.148] 
[2026-07-17 10:37:10.273] [0;31mE (510729) NL_LTPDU: CISS: connect 192.168.50.160:12566 failed: errno=104[0m
[2026-07-17 10:37:10.273] [0;33mW (510729) TASK_NL: [0] CISS connect TCP fail, skip SRP → yield[0m
[2026-07-17 10:37:10.273] [0;33mW (510732) TASK_NL: [0] Auth failed (err=3, retry=3/3)[0m
[2026-07-17 10:37:10.273] pTopic:switchlink/B0E9FEC6718C/link_to_nanoleaf_property
[2026-07-17 10:37:10.273] pData:{"msgType":"online","deviceId":"89F8DC10D009","timestamp":1784255831,"online":false,"reason":"tcp_disconnected"}
[2026-07-17 10:37:10.273] 
[2026-07-17 10:37:17.790] [0;32mI (518280) ROUTE_HOOK: Received RIO[0m
[2026-07-17 10:37:17.790] [0;32mI (518280) ROUTE_HOOK: prefix FDEA:C98F:38B2:1:: lifetime 1800[0m
[2026-07-17 10:37:17.790] 
[2026-07-17 10:37:18.144] free heap: 6295956, minimum free heap: 6056668, Internal 8bit free heap: 72764, 8bit free heap: 6295956The current date/time is: Fri Jul 17 02:37:16 2026
[2026-07-17 10:37:18.144] 
[2026-07-17 10:37:18.144] 
[2026-07-17 10:37:26.147] free heap: 6295936, minimum free heap: 6056668, Internal 8bit free heap: 72764, 8bit free heap: 6295936The current date/time is: Fri Jul 17 02:37:24 2026
[2026-07-17 10:37:26.147] 
[2026-07-17 10:37:26.147] 
[2026-07-17 10:37:34.146] free heap: 6295956, minimum free heap: 6056668, Internal 8bit free heap: 72764, 8bit free heap: 6295956The current date/time is: Fri Jul 17 02:37:32 2026
[2026-07-17 10:37:34.146] 
[2026-07-17 10:37:34.146] 
[2026-07-17 10:37:42.156] free heap: 6295956, minimum free heap: 6056668, Internal 8bit free heap: 72764, 8bit free heap: 6295956The current date/time is: Fri Jul 17 02:37:40 2026
[2026-07-17 10:37:42.156] 
[2026-07-17 10:37:42.156] 
[2026-07-17 10:37:48.620] uart: 19 AT+TEMPHUMI +239 64
[2026-07-17 10:37:48.620] 
[2026-07-17 10:37:48.620] 
[2026-07-17 10:37:48.620] temp_ep:65535,temp_data:2390 humi_ep:65535,humi_data:6400
[2026-07-17 10:37:48.620] 
[2026-07-17 10:37:48.620] 
[2026-07-17 10:37:50.156] free heap: 6295920, minimum free heap: 6056668, Internal 8bit free heap: 72728, 8bit free heap: 6295920The current date/time is: Fri Jul 17 02:37:48 2026
[2026-07-17 10:37:50.156] 
[2026-07-17 10:37:50.156] 
[2026-07-17 10:37:58.152] free heap: 6295956, minimum free heap: 6056668, Internal 8bit free heap: 72764, 8bit free heap: 6295956The current date/time is: Fri Jul 17 02:37:56 2026
[2026-07-17 10:37:58.152] 
[2026-07-17 10:37:58.152] 
[2026-07-17 10:38:06.157] free heap: 6295936, minimum free heap: 6056668, Internal 8bit free heap: 72764, 8bit free heap: 6295936The current date/time is: Fri Jul 17 02:38:04 2026
[2026-07-17 10:38:06.157] 
[2026-07-17 10:38:06.157] 
[2026-07-17 10:38:14.162] free heap: 6295952, minimum free heap: 6056668, Internal 8bit free heap: 72764, 8bit free heap: 6295952The current date/time is: Fri Jul 17 02:38:12 2026
[2026-07-17 10:38:14.162] 
[2026-07-17 10:38:14.162] 
[2026-07-17 10:38:22.159] free heap: 6295952, minimum free heap: 6056668, Internal 8bit free heap: 72764, 8bit free heap: 6295952The current date/time is: Fri Jul 17 02:38:20 2026
[2026-07-17 10:38:22.159] 
[2026-07-17 10:38:22.159] 
[2026-07-17 10:38:30.166] free heap: 6295932, minimum free heap: 6056668, Internal 8bit free heap: 72764, 8bit free heap: 6295932The current date/time is: Fri Jul 17 02:38:28 2026
[2026-07-17 10:38:30.166] 
[2026-07-17 10:38:30.166] 
[2026-07-17 10:38:38.161] free heap: 6295952, minimum free heap: 6056668, Internal 8bit free heap: 72764, 8bit free heap: 6295952The current date/time is: Fri Jul 17 02:38:36 2026
[2026-07-17 10:38:38.161] 
[2026-07-17 10:38:38.161] 
[2026-07-17 10:38:41.630] uart: 11 AT+MOTION 0
[2026-07-17 10:38:41.630] 
[2026-07-17 10:38:41.630] 
[2026-07-17 10:38:41.630] btn on press
[2026-07-17 10:38:41.630] uart: 130 AT+BCDS ff04000206a5995af 0010B940B0E9FEC6718C48ca43a5b6dc0F0009000a09974041000000000000ff0d0300000000000000000000000000000000ff01
[2026-07-17 10:38:41.630] 
[2026-07-17 10:38:41.630] 
[2026-07-17 10:38:41.630] 
[2026-07-17 10:38:41.755] pTopic:$aws/rules/bi_wifi_data_report/switchlink/B0E9FEC6718C/link_to_shadow
[2026-07-17 10:38:41.755] pData:BCD ff04000206a5995af 0010B940B0E9FEC6718C48ca43a5b6dc0F0009000a09974041000000000000ff0d0300000000000000000000000000000000ff01
[2026-07-17 10:38:41.755] 
[2026-07-17 10:38:46.173] free heap: 6295936, minimum free heap: 6056668, Internal 8bit free heap: 72764, 8bit free heap: 6295936The current date/time is: Fri Jul 17 02:38:44 2026
[2026-07-17 10:38:46.173] 
[2026-07-17 10:38:46.173] 
[2026-07-17 10:38:52.745] uart: 11 AT+MOTION 1
[2026-07-17 10:38:52.745] 
[2026-07-17 10:38:52.745] 
[2026-07-17 10:38:52.745] btn on press
[2026-07-17 10:38:52.745] uart: 130 AT+BCDS ff04000206a5995ba 0010B940B0E9FEC6718C48ca43a5b6dc0F000a200a09974041000000000000ff0d0500000000000000000000000000000000ff01
[2026-07-17 10:38:52.745] 
[2026-07-17 10:38:52.745] 
[2026-07-17 10:38:52.745] 
[2026-07-17 10:38:52.868] pTopic:$aws/rules/bi_wifi_data_report/switchlink/B0E9FEC6718C/link_to_shadow
[2026-07-17 10:38:52.868] pData:BCD ff04000206a5995ba 0010B940B0E9FEC6718C48ca43a5b6dc0F000a200a09974041000000000000ff0d0500000000000000000000000000000000ff01
[2026-07-17 10:38:52.868] 
[2026-07-17 10:38:54.166] free heap: 6295956, minimum free heap: 6056668, Internal 8bit free heap: 72764, 8bit free heap: 6295956The current date/time is: Fri Jul 17 02:38:52 2026
[2026-07-17 10:38:54.166] 
[2026-07-17 10:38:54.166] 
[2026-07-17 10:38:59.332] uart: 9 AT+STATUS
[2026-07-17 10:38:59.332] 
[2026-07-17 10:38:59.332] 
[2026-07-17 10:38:59.332] wifi status is 5 1 2
[2026-07-17 10:38:59.332] 
[2026-07-17 10:38:59.332] wifi ipv4 info:
[2026-07-17 10:38:59.332] 
[2026-07-17 10:38:59.332] 192.168.50.200.
[2026-07-17 10:38:59.332] 
[2026-07-17 10:38:59.332] 255.255.255.0.
[2026-07-17 10:38:59.332] 
[2026-07-17 10:38:59.332] 192.168.50.1.
[2026-07-17 10:38:59.332] 
[2026-07-17 10:38:59.332] 
[2026-07-17 10:38:59.425] uart: 10 AT+GET_UTC
[2026-07-17 10:38:59.425] 
[2026-07-17 10:38:59.425] 
[2026-07-17 10:38:59.425] utc 3, 6a
[2026-07-17 10:38:59.425] 
[2026-07-17 10:38:59.425] utc 2, 59
[2026-07-17 10:38:59.425] 
[2026-07-17 10:38:59.425] utc 1, 95
[2026-07-17 10:38:59.425] 
[2026-07-17 10:38:59.425] utc 0, c1
[2026-07-17 10:38:59.425] 
[2026-07-17 10:38:59.425] UTC : 6a5995c1
[2026-07-17 10:38:59.425] 
[2026-07-17 10:38:59.425] 
[2026-07-17 10:39:02.172] free heap: 6295956, minimum free heap: 6056668, Internal 8bit free heap: 72764, 8bit free heap: 6295956The current date/time is: Fri Jul 17 02:39:00 2026
[2026-07-17 10:39:02.172] 
[2026-07-17 10:39:02.172] 
[2026-07-17 10:39:10.176] free heap: 6295956, minimum free heap: 6056668, Internal 8bit free heap: 72764, 8bit free heap: 6295956The current date/time is: Fri Jul 17 02:39:08 2026
[2026-07-17 10:39:10.176] 
[2026-07-17 10:39:10.176] 
[2026-07-17 10:39:18.178] free heap: 6295920, minimum free heap: 6056668, Internal 8bit free heap: 72728, 8bit free heap: 6295920The current date/time is: Fri Jul 17 02:39:16 2026
[2026-07-17 10:39:18.178] 
[2026-07-17 10:39:18.178] 
[2026-07-17 10:39:22.208] [0;32mI (642696) ROUTE_HOOK: Ignore invalid ICMP packet[0m
[2026-07-17 10:39:22.208] 
[2026-07-17 10:39:22.425] [0;32mI (642910) ROUTE_HOOK: Received RIO[0m
[2026-07-17 10:39:22.425] [0;32mI (642910) ROUTE_HOOK: prefix FDEA:C98F:38B2:1:: lifetime 1800[0m
[2026-07-17 10:39:22.425] 
[2026-07-17 10:39:26.172] free heap: 6295936, minimum free heap: 6056668, Internal 8bit free heap: 72764, 8bit free heap: 6295936The current date/time is: Fri Jul 17 02:39:24 2026
[2026-07-17 10:39:26.172] 
[2026-07-17 10:39:26.172] 
[2026-07-17 10:39:26.511] [0;32mI (647008) ROUTE_HOOK: Ignore invalid ICMP packet[0m
[2026-07-17 10:39:26.511] 
[2026-07-17 10:39:26.714] [0;32mI (647203) ROUTE_HOOK: Received RIO[0m
[2026-07-17 10:39:26.714] [0;32mI (647203) ROUTE_HOOK: prefix FDEA:C98F:38B2:1:: lifetime 1800[0m
[2026-07-17 10:39:26.714] 
[2026-07-17 10:39:29.677] [0;32mI (650172) ROUTE_HOOK: Received RIO[0m
[2026-07-17 10:39:29.677] [0;32mI (650172) ROUTE_HOOK: prefix FDEA:C98F:38B2:1:: lifetime 1800[0m
[2026-07-17 10:39:29.677] 
[2026-07-17 10:39:34.174] free heap: 6295920, minimum free heap: 6056668, Internal 8bit free heap: 72728, 8bit free heap: 6295920The current date/time is: Fri Jul 17 02:39:32 2026
[2026-07-17 10:39:34.174] 
[2026-07-17 10:39:34.174] 
[2026-07-17 10:39:42.182] free heap: 6295956, minimum free heap: 6056668, Internal 8bit free heap: 72764, 8bit free heap: 6295956The current date/time is: Fri Jul 17 02:39:40 2026
[2026-07-17 10:39:42.182] 
[2026-07-17 10:39:42.182] 
[2026-07-17 10:39:50.176] free heap: 6295956, minimum free heap: 6056668, Internal 8bit free heap: 72764, 8bit free heap: 6295956The current date/time is: Fri Jul 17 02:39:48 2026
[2026-07-17 10:39:50.176] 
[2026-07-17 10:39:50.176] 
[2026-07-17 10:39:58.186] free heap: 6295956, minimum free heap: 6056668, Internal 8bit free heap: 72764, 8bit free heap: 6295956The current date/time is: Fri Jul 17 02:39:56 2026
[2026-07-17 10:39:58.186] 
[2026-07-17 10:39:58.186] 
[2026-07-17 10:40:06.187] free heap: 6295936, minimum free heap: 6056668, Internal 8bit free heap: 72764, 8bit free heap: 6295936The current date/time is: Fri Jul 17 02:40:04 2026
[2026-07-17 10:40:06.187] 
[2026-07-17 10:40:06.187] 
[2026-07-17 10:40:14.188] free heap: 6295956, minimum free heap: 6056668, Internal 8bit free heap: 72764, 8bit free heap: 6295956The current date/time is: Fri Jul 17 02:40:12 2026
[2026-07-17 10:40:14.188] 
[2026-07-17 10:40:14.188] 
[2026-07-17 10:40:22.188] free heap: 6295956, minimum free heap: 6056668, Internal 8bit free heap: 72764, 8bit free heap: 6295956The current date/time is: Fri Jul 17 02:40:20 2026
[2026-07-17 10:40:22.188] 
[2026-07-17 10:40:22.188] 
[2026-07-17 10:40:30.192] free heap: 6295900, minimum free heap: 6056668, Internal 8bit free heap: 72728, 8bit free heap: 6295900The current date/time is: Fri Jul 17 02:40:28 2026
[2026-07-17 10:40:30.192] 
[2026-07-17 10:40:30.192] 
[2026-07-17 10:40:38.192] free heap: 6295956, minimum free heap: 6056668, Internal 8bit free heap: 72764, 8bit free heap: 6295956The current date/time is: Fri Jul 17 02:40:36 2026
[2026-07-17 10:40:38.192] 
[2026-07-17 10:40:38.192] 
[2026-07-17 10:40:46.204] free heap: 6295936, minimum free heap: 6056668, Internal 8bit free heap: 72764, 8bit free heap: 6295936The current date/time is: Fri Jul 17 02:40:44 2026
[2026-07-17 10:40:46.204] 
[2026-07-17 10:40:46.204] 
[2026-07-17 10:40:54.196] free heap: 6295956, minimum free heap: 6056668, Internal 8bit free heap: 72764, 8bit free heap: 6295956The current date/time is: Fri Jul 17 02:40:52 2026
[2026-07-17 10:40:54.196] 
[2026-07-17 10:40:54.196] 
[2026-07-17 10:41:02.201] free heap: 6295956, minimum free heap: 6056668, Internal 8bit free heap: 72764, 8bit free heap: 6295956The current date/time is: Fri Jul 17 02:41:00 2026
[2026-07-17 10:41:02.201] 
[2026-07-17 10:41:02.201] 
[2026-07-17 10:41:10.204] free heap: 6295956, minimum free heap: 6056668, Internal 8bit free heap: 72764, 8bit free heap: 6295956The current date/time is: Fri Jul 17 02:41:08 2026
[2026-07-17 10:41:10.204] 
[2026-07-17 10:41:10.204] 
[2026-07-17 10:41:18.210] free heap: 6295956, minimum free heap: 6056668, Internal 8bit free heap: 72764, 8bit free heap: 6295956The current date/time is: Fri Jul 17 02:41:16 2026
[2026-07-17 10:41:18.210] 
[2026-07-17 10:41:18.210] 
[2026-07-17 10:41:26.204] free heap: 6295900, minimum free heap: 6056668, Internal 8bit free heap: 72728, 8bit free heap: 6295900The current date/time is: Fri Jul 17 02:41:24 2026
[2026-07-17 10:41:26.204] 
[2026-07-17 10:41:26.204] 
[2026-07-17 10:41:34.203] free heap: 6295956, minimum free heap: 6056668, Internal 8bit free heap: 72764, 8bit free heap: 6295956The current date/time is: Fri Jul 17 02:41:32 2026
[2026-07-17 10:41:34.203] 
[2026-07-17 10:41:34.203] 
[2026-07-17 10:41:42.209] free heap: 6295956, minimum free heap: 6056668, Internal 8bit free heap: 72764, 8bit free heap: 6295956The current date/time is: Fri Jul 17 02:41:40 2026
[2026-07-17 10:41:42.209] 
[2026-07-17 10:41:42.209] 
[2026-07-17 10:41:50.216] free heap: 6295936, minimum free heap: 6056668, Internal 8bit free heap: 72764, 8bit free heap: 6295936The current date/time is: Fri Jul 17 02:41:48 2026
[2026-07-17 10:41:50.216] 
[2026-07-17 10:41:50.216] 
[2026-07-17 10:41:58.210] free heap: 6295956, minimum free heap: 6056668, Internal 8bit free heap: 72764, 8bit free heap: 6295956The current date/time is: Fri Jul 17 02:41:56 2026
[2026-07-17 10:41:58.210] 
[2026-07-17 10:41:58.210] 
[2026-07-17 10:42:06.213] free heap: 6295956, minimum free heap: 6056668, Internal 8bit free heap: 72764, 8bit free heap: 6295956The current date/time is: Fri Jul 17 02:42:04 2026
[2026-07-17 10:42:06.213] 
[2026-07-17 10:42:06.213] 
[2026-07-17 10:42:10.328] [0;32mI (810825) TASK_NL: [0] RetryWait done, trigger scan for reconnect[0m
[2026-07-17 10:42:10.328] [0;32mI (810825) TASK_NL: ExecuteScan: trigger=retry_recover[0m
[2026-07-17 10:42:10.328] 
[2026-07-17 10:42:13.464] [0;32mI (813840) TASK_NL: Scan[0]: name=Lines B5D2 ip=192.168.50.201 id=3E:0A:E0:49:41:82 model=NL59 fw=12.2.3[0m
[2026-07-17 10:42:13.464] [0;32mI (813841) TASK_NL: Scan[1]: name=4D FEB8 ip=192.168.50.160 id=0A:8D:43:9C:B4:AF model=NL69 fw=12.3.6[0m
[2026-07-17 10:42:13.464] [0;32mI (813850) TASK_NL: ExecuteScan: found 2 devices, publishing[0m
[2026-07-17 10:42:13.464] pTopic:switchlink/B0E9FEC6718C/link_to_nanoleaf_property
[2026-07-17 10:42:13.464] pData:{"msgType":"online","deviceId":"89F8DC10D009","timestamp":1784256134,"online":false,"reason":"mdns_lost"}
[2026-07-17 10:42:13.464] pTopic:switchlink/B0E9FEC6718C/link_to_nanoleaf_property
[2026-07-17 10:42:13.464] pData:{"msgType":"online","deviceId":"D0623120BA73","timestamp":1784256134,"online":false,"reason":"mdns_lost"}
[2026-07-17 10:42:13.464] pTopic:switchlink/B0E9FEC6718C/link_to_nanoleaf_maint
[2026-07-17 10:42:13.464] pData:{"msgType":"nanoleaf_scan","trigger":"retry_recover","timestamp":1784256134,"managed":{"total":2,"devices":[{"deviceId":"89F8DC10D009","clientId":1,"state":"retry_wait","online":0},{"deviceId":"D0623120BA73","clientId":1,"state":"retry_wait","online":0}]},"devices":[{"deviceId":"3E:0A:E0:49:41:82","ip":"192.168.50.201","port":12566,"model":"NL59","firmware":"12.2.3"},{"deviceId":"0A:8D:43:9C:B4:AF","ip":"192.168.50.160","port":12566,"model":"NL69","firmware":"12.3.6"}]}
[2026-07-17 10:42:13.464] uart: 11 AT+MOTION 0
[2026-07-17 10:42:13.464] 
[2026-07-17 10:42:13.464] 
[2026-07-17 10:42:13.464] btn on press
[2026-07-17 10:42:13.464] uart: 130 AT+BCDS ff04000206a599683 0010B940B0E9FEC6718C48ca43a5b6dc0F000b000a09974041000000000000ff0d0200000000000000000000000000000000ff01
[2026-07-17 10:42:13.464] 
[2026-07-17 10:42:13.464] 
[2026-07-17 10:42:13.464] 
[2026-07-17 10:42:13.666] pTopic:$aws/rules/bi_wifi_data_report/switchlink/B0E9FEC6718C/link_to_shadow
[2026-07-17 10:42:13.666] pData:BCD ff04000206a599683 0010B940B0E9FEC6718C48ca43a5b6dc0F000b000a09974041000000000000ff0d0200000000000000000000000000000000ff01
[2026-07-17 10:42:13.666] 
[2026-07-17 10:42:14.223] free heap: 6292844, minimum free heap: 6056664, Internal 8bit free heap: 72764, 8bit free heap: 6292844The current date/time is: Fri Jul 17 02:42:12 2026
[2026-07-17 10:42:14.223] 
[2026-07-17 10:42:14.223] 
[2026-07-17 10:42:16.574] uart: 11 AT+MOTION 1
[2026-07-17 10:42:16.574] 
[2026-07-17 10:42:16.574] 
[2026-07-17 10:42:16.574] btn on press
[2026-07-17 10:42:16.574] uart: 130 AT+BCDS ff04000206a599686 0010B940B0E9FEC6718C48ca43a5b6dc0F000c200a09974041000000000000ff0cff00000000000000000000000000000000ff01
[2026-07-17 10:42:16.574] 
[2026-07-17 10:42:16.574] 
[2026-07-17 10:42:16.574] 
[2026-07-17 10:42:16.698] pTopic:$aws/rules/bi_wifi_data_report/switchlink/B0E9FEC6718C/link_to_shadow
[2026-07-17 10:42:16.698] pData:BCD ff04000206a599686 0010B940B0E9FEC6718C48ca43a5b6dc0F000c200a09974041000000000000ff0cff00000000000000000000000000000000ff01
[2026-07-17 10:42:16.698] 
[2026-07-17 10:42:22.235] free heap: 6295920, minimum free heap: 6056664, Internal 8bit free heap: 72728, 8bit free heap: 6295920The current date/time is: Fri Jul 17 02:42:20 2026
[2026-07-17 10:42:22.235] 
[2026-07-17 10:42:22.235] [0;32mI (822716) ROUTE_HOOK: Received RIO[0m
[2026-07-17 10:42:22.235] [0;32mI (822716) ROUTE_HOOK: prefix FDEA:C98F:38B2:1:: lifetime 1800[0m
[2026-07-17 10:42:22.235] 
[2026-07-17 10:42:30.225] free heap: 6295956, minimum free heap: 6056664, Internal 8bit free heap: 72764, 8bit free heap: 6295956The current date/time is: Fri Jul 17 02:42:28 2026
[2026-07-17 10:42:30.225] 
[2026-07-17 10:42:30.225] 
[2026-07-17 10:42:38.230] free heap: 6295956, minimum free heap: 6056664, Internal 8bit free heap: 72764, 8bit free heap: 6295956The current date/time is: Fri Jul 17 02:42:36 2026
[2026-07-17 10:42:38.230] 
[2026-07-17 10:42:38.230] 
[2026-07-17 10:42:46.223] free heap: 6295936, minimum free heap: 6056664, Internal 8bit free heap: 72764, 8bit free heap: 6295936The current date/time is: Fri Jul 17 02:42:44 2026
[2026-07-17 10:42:46.223] 
[2026-07-17 10:42:46.223] 
[2026-07-17 10:42:54.233] free heap: 6295956, minimum free heap: 6056664, Internal 8bit free heap: 72764, 8bit free heap: 6295956The current date/time is: Fri Jul 17 02:42:52 2026
[2026-07-17 10:42:54.233] 
[2026-07-17 10:42:54.233] 
[2026-07-17 10:42:56.682] uart: 63 AT+TEST shadow BCD|010211018|6a5996ae|48d569ad69d2df010148ac|4c
[2026-07-17 10:42:56.682] 
[2026-07-17 10:42:56.682] 
[2026-07-17 10:42:56.682] 
[2026-07-17 10:42:56.898] pTopic:$aws/rules/bi_ble_data_report_arch2/switchlink/B0E9FEC6718C/link_to_status
[2026-07-17 10:42:56.898] pData:{"protocolVersion":1,"count":1,"messages":[{"id":"d3a0b145-5594-471e-b997-ff34178c2f45","eventType":"Wo.Device.DataReport","data":{"deviceID":"d569ad69d2df","createTime":1784256174,"contentVersion":2,"contentType":"hex","content":"48d569ad69d2df010148ac","seq":76}}]}
[2026-07-17 10:42:56.898] 
[2026-07-17 10:43:02.227] free heap: 6295872, minimum free heap: 6055824, Internal 8bit free heap: 72680, 8bit free heap: 6295872The current date/time is: Fri Jul 17 02:43:00 2026
[2026-07-17 10:43:02.227] 
[2026-07-17 10:43:02.227] 
[2026-07-17 10:43:10.225] free heap: 6295852, minimum free heap: 6055824, Internal 8bit free heap: 72680, 8bit free heap: 6295852The current date/time is: Fri Jul 17 02:43:08 2026
[2026-07-17 10:43:10.225] 
[2026-07-17 10:43:10.225] 
[2026-07-17 10:43:18.229] free heap: 6295836, minimum free heap: 6055824, Internal 8bit free heap: 72644, 8bit free heap: 6295836The current date/time is: Fri Jul 17 02:43:16 2026
[2026-07-17 10:43:18.229] 
[2026-07-17 10:43:18.229] 
[2026-07-17 10:43:26.232] free heap: 6295872, minimum free heap: 6055824, Internal 8bit free heap: 72680, 8bit free heap: 6295872The current date/time is: Fri Jul 17 02:43:24 2026
[2026-07-17 10:43:26.232] 
[2026-07-17 10:43:26.232] 
[2026-07-17 10:43:26.295] uart: 79 AT+TEST shadow BCD|010211038|6a5996cb|35b0e9fe527e8301014a6408993b001501d300|d7
[2026-07-17 10:43:26.295] 
[2026-07-17 10:43:26.295] 
[2026-07-17 10:43:26.295] 
[2026-07-17 10:43:26.403] pTopic:$aws/rules/bi_ble_data_report_arch2/switchlink/B0E9FEC6718C/link_to_status
[2026-07-17 10:43:26.403] pData:{"protocolVersion":1,"count":1,"messages":[{"id":"9c94ff8a-b402-4231-8949-cff8404f2f14","eventType":"Wo.Device.DataReport","data":{"deviceID":"b0e9fe527e83","createTime":1784256203,"contentVersion":2,"contentType":"hex","content":"35b0e9fe527e8301014a6408993b001501d300","seq":215}}]}
[2026-07-17 10:43:26.403] 
[2026-07-17 10:43:28.277] app_to_link:ACTM b2 B0E9FE527E83570f68060100308000000c008000000c008000
[2026-07-17 10:43:28.277] 
[2026-07-17 10:43:31.321] uart: 29 AT+ACK ACTM;b2:b0e9fe527e8301
[2026-07-17 10:43:31.321] 
[2026-07-17 10:43:31.321] 
[2026-07-17 10:43:31.321] 
[2026-07-17 10:43:31.445] pTopic:switchlink/B0E9FEC6718C/link_to_app
[2026-07-17 10:43:31.445] pData:ACTM;b2:b0e9fe527e8301
[2026-07-17 10:43:31.445] 
[2026-07-17 10:43:34.242] free heap: 6295872, minimum free heap: 6055764, Internal 8bit free heap: 72680, 8bit free heap: 6295872The current date/time is: Fri Jul 17 02:43:32 2026
[2026-07-17 10:43:34.242] 
[2026-07-17 10:43:34.242] 
[2026-07-17 10:43:42.245] [0;32mI (902678) chip[SVR]: Closing pairing window[0m
[2026-07-17 10:43:42.245] [0;32mI (902678) chip[DIS]: Updating services using commissioning mode 0[0m
[2026-07-17 10:43:42.245] [0;31mE (902679) mdns: mdns_service_remove_for_host(6677): Service doesn't exist[0m
[2026-07-17 10:43:42.245] [0;31mE (902687) mdns: mdns_service_remove_for_host(6674): Invalid state or arguments[0m
[2026-07-17 10:43:42.245] [0;32mI (902694) app_main: Commissioning window closed[0m
[2026-07-17 10:43:42.245] free heap: 6296516, minimum free heap: 6055764, Internal 8bit free heap: 72680, 8bit free heap: 6296516The current date/time is: Fri Jul 17 02:43:40 2026
[2026-07-17 10:43:42.245] 
[2026-07-17 10:43:42.245] 
[2026-07-17 10:43:50.235] free heap: 6296552, minimum free heap: 6055764, Internal 8bit free heap: 72716, 8bit free heap: 6296552The current date/time is: Fri Jul 17 02:43:48 2026
[2026-07-17 10:43:50.235] 
[2026-07-17 10:43:50.235] 
[2026-07-17 10:43:58.249] free heap: 6296552, minimum free heap: 6055764, Internal 8bit free heap: 72716, 8bit free heap: 6296552The current date/time is: Fri Jul 17 02:43:56 2026
[2026-07-17 10:43:58.249] 
[2026-07-17 10:43:58.249] 
[2026-07-17 10:43:59.605] uart: 79 AT+TEST shadow BCD|010211038|6a5996ed|35b0e9fe527e8301014a64009a3b003501d300|d8
[2026-07-17 10:43:59.605] 
[2026-07-17 10:43:59.605] 
[2026-07-17 10:43:59.605] 
[2026-07-17 10:43:59.730] pTopic:$aws/rules/bi_ble_data_report_arch2/switchlink/B0E9FEC6718C/link_to_status
[2026-07-17 10:43:59.730] pData:{"protocolVersion":1,"count":1,"messages":[{"id":"13d95f20-e96a-4877-83ab-a140a3e0a7a9","eventType":"Wo.Device.DataReport","data":{"deviceID":"b0e9fe527e83","createTime":1784256237,"contentVersion":2,"contentType":"hex","content":"35b0e9fe527e8301014a64009a3b003501d300","seq":216}}]}
[2026-07-17 10:43:59.730] 
[2026-07-17 10:44:06.248] free heap: 6296532, minimum free heap: 6055764, Internal 8bit free heap: 72716, 8bit free heap: 6296532The current date/time is: Fri Jul 17 02:44:04 2026
[2026-07-17 10:44:06.248] 
[2026-07-17 10:44:06.248] 
[2026-07-17 10:44:12.470] uart: 11 AT+MOTION 0
[2026-07-17 10:44:12.470] 
[2026-07-17 10:44:12.470] 
[2026-07-17 10:44:12.470] btn on press
[2026-07-17 10:44:12.470] uart: 130 AT+BCDS ff04000206a5996fa 0010B940B0E9FEC6718C48ca43a5b6dc0F000d000a09974041000000000000ff0d0100000000000000000000000000000000ff01
[2026-07-17 10:44:12.470] 
[2026-07-17 10:44:12.470] 
[2026-07-17 10:44:12.470] 
[2026-07-17 10:44:12.670] pTopic:$aws/rules/bi_wifi_data_report/switchlink/B0E9FEC6718C/link_to_shadow
[2026-07-17 10:44:12.670] pData:BCD ff04000206a5996fa 0010B940B0E9FEC6718C48ca43a5b6dc0F000d000a09974041000000000000ff0d0100000000000000000000000000000000ff01
[2026-07-17 10:44:12.670] 
[2026-07-17 10:44:14.248] free heap: 6296516, minimum free heap: 6055764, Internal 8bit free heap: 72680, 8bit free heap: 6296516The current date/time is: Fri Jul 17 02:44:12 2026
[2026-07-17 10:44:14.248] 
[2026-07-17 10:44:14.248] 
[2026-07-17 10:44:19.082] uart: 11 AT+MOTION 1
[2026-07-17 10:44:19.082] 
[2026-07-17 10:44:19.082] 
[2026-07-17 10:44:19.082] btn on press
[2026-07-17 10:44:19.082] uart: 130 AT+BCDS ff04000206a599700 0010B940B0E9FEC6718C48ca43a5b6dc0F000e200a09974041000000000000ff0cff00000000000000000000000000000000ff01
[2026-07-17 10:44:19.082] 
[2026-07-17 10:44:19.082] 
[2026-07-17 10:44:19.082] 
[2026-07-17 10:44:19.144] pTopic:$aws/rules/bi_wifi_data_report/switchlink/B0E9FEC6718C/link_to_shadow
[2026-07-17 10:44:19.144] pData:BCD ff04000206a599700 0010B940B0E9FEC6718C48ca43a5b6dc0F000e200a09974041000000000000ff0cff00000000000000000000000000000000ff01
[2026-07-17 10:44:19.144] 
[2026-07-17 10:44:22.245] free heap: 6296552, minimum free heap: 6055764, Internal 8bit free heap: 72716, 8bit free heap: 6296552The current date/time is: Fri Jul 17 02:44:20 2026
[2026-07-17 10:44:22.245] 
[2026-07-17 10:44:22.245] 
[2026-07-17 10:44:27.972] [0;32mI (948469) ROUTE_HOOK: Received RIO[0m
[2026-07-17 10:44:27.972] [0;32mI (948469) ROUTE_HOOK: prefix FDEA:C98F:38B2:1:: lifetime 1800[0m
[2026-07-17 10:44:27.972] 
[2026-07-17 10:44:30.253] free heap: 6296532, minimum free heap: 6055764, Internal 8bit free heap: 72716, 8bit free heap: 6296532The current date/time is: Fri Jul 17 02:44:28 2026
[2026-07-17 10:44:30.253] 
[2026-07-17 10:44:30.253] 
[2026-07-17 10:44:38.250] free heap: 6296552, minimum free heap: 6055764, Internal 8bit free heap: 72716, 8bit free heap: 6296552The current date/time is: Fri Jul 17 02:44:36 2026
[2026-07-17 10:44:38.250] 
[2026-07-17 10:44:38.250] 
[2026-07-17 10:44:46.249] free heap: 6296532, minimum free heap: 6055764, Internal 8bit free heap: 72716, 8bit free heap: 6296532The current date/time is: Fri Jul 17 02:44:44 2026
[2026-07-17 10:44:46.249] 
[2026-07-17 10:44:46.249] 
[2026-07-17 10:44:54.254] free heap: 6296552, minimum free heap: 6055764, Internal 8bit free heap: 72716, 8bit free heap: 6296552The current date/time is: Fri Jul 17 02:44:52 2026
[2026-07-17 10:44:54.254] 
[2026-07-17 10:44:54.254] 
[2026-07-17 10:45:02.262] free heap: 6296552, minimum free heap: 6055764, Internal 8bit free heap: 72716, 8bit free heap: 6296552The current date/time is: Fri Jul 17 02:45:00 2026
[2026-07-17 10:45:02.262] 
[2026-07-17 10:45:02.262] 
[2026-07-17 10:45:10.257] free heap: 6296516, minimum free heap: 6055764, Internal 8bit free heap: 72680, 8bit free heap: 6296516The current date/time is: Fri Jul 17 02:45:08 2026
[2026-07-17 10:45:10.257] 
[2026-07-17 10:45:10.257] 
[2026-07-17 10:45:18.258] free heap: 6296552, minimum free heap: 6055764, Internal 8bit free heap: 72716, 8bit free heap: 6296552The current date/time is: Fri Jul 17 02:45:16 2026
[2026-07-17 10:45:18.258] 
[2026-07-17 10:45:18.258] 
[2026-07-17 10:45:26.263] free heap: 6296532, minimum free heap: 6055764, Internal 8bit free heap: 72716, 8bit free heap: 6296532The current date/time is: Fri Jul 17 02:45:24 2026
[2026-07-17 10:45:26.263] 
[2026-07-17 10:45:26.263] 
[2026-07-17 10:45:34.272] free heap: 6296552, minimum free heap: 6055764, Internal 8bit free heap: 72716, 8bit free heap: 6296552The current date/time is: Fri Jul 17 02:45:32 2026
[2026-07-17 10:45:34.272] 
[2026-07-17 10:45:34.272] 
[2026-07-17 10:45:36.284] uart: 79 AT+TEST shadow BCD|010211038|6a59974d|35b0e9fe527e8301014a6408993b003501d300|d9
[2026-07-17 10:45:36.284] 
[2026-07-17 10:45:36.284] 
[2026-07-17 10:45:36.284] pTopic:$aws/rules/bi_ble_data_report_arch2/switchlink/B0E9FEC6718C/link_to_status
[2026-07-17 10:45:36.284] pData:{"protocolVersion":1,"count":1,"messages":[{"id":"c7fa0427-a16f-4630-9ca3-048e2a43ceff","eventType":"Wo.Device.DataReport","data":{"deviceID":"b0e9fe527e83","createTime":1784256333,"contentVersion":2,"contentType":"hex","content":"35b0e9fe527e8301014a6408993b003501d300","seq":217}}]}
[2026-07-17 10:45:36.284] 
[2026-07-17 10:45:39.834] uart: 79 AT+TEST shadow BCD|010211038|6a599751|35b0e9fe527e8301014a64089939003501d300|da
[2026-07-17 10:45:39.834] 
[2026-07-17 10:45:39.834] 
[2026-07-17 10:45:39.834] 
[2026-07-17 10:45:39.943] pTopic:$aws/rules/bi_ble_data_report_arch2/switchlink/B0E9FEC6718C/link_to_status
[2026-07-17 10:45:39.943] pData:{"protocolVersion":1,"count":1,"messages":[{"id":"f730b08d-eea3-45aa-8cbd-386af2676fd7","eventType":"Wo.Device.DataReport","data":{"deviceID":"b0e9fe527e83","createTime":1784256337,"contentVersion":2,"contentType":"hex","content":"35b0e9fe527e8301014a64089939003501d300","seq":218}}]}
[2026-07-17 10:45:39.943] 
[2026-07-17 10:45:42.269] free heap: 6296552, minimum free heap: 6055764, Internal 8bit free heap: 72716, 8bit free heap: 6296552The current date/time is: Fri Jul 17 02:45:40 2026
[2026-07-17 10:45:42.269] 
[2026-07-17 10:45:42.269] 
[2026-07-17 10:45:50.267] free heap: 6296532, minimum free heap: 6055764, Internal 8bit free heap: 72716, 8bit free heap: 6296532The current date/time is: Fri Jul 17 02:45:48 2026
[2026-07-17 10:45:50.267] 
[2026-07-17 10:45:50.267] 
[2026-07-17 10:45:58.268] free heap: 6296552, minimum free heap: 6055764, Internal 8bit free heap: 72716, 8bit free heap: 6296552The current date/time is: Fri Jul 17 02:45:56 2026
[2026-07-17 10:45:58.268] 
[2026-07-17 10:45:58.268] 
[2026-07-17 10:46:06.279] free heap: 6296532, minimum free heap: 6055764, Internal 8bit free heap: 72716, 8bit free heap: 6296532The current date/time is: Fri Jul 17 02:46:04 2026
[2026-07-17 10:46:06.279] 
[2026-07-17 10:46:06.279] 
[2026-07-17 10:46:14.273] free heap: 6296552, minimum free heap: 6055764, Internal 8bit free heap: 72716, 8bit free heap: 6296552The current date/time is: Fri Jul 17 02:46:12 2026
[2026-07-17 10:46:14.273] 
[2026-07-17 10:46:14.273] 
[2026-07-17 10:46:22.275] free heap: 6296516, minimum free heap: 6055764, Internal 8bit free heap: 72680, 8bit free heap: 6296516The current date/time is: Fri Jul 17 02:46:20 2026
[2026-07-17 10:46:22.275] 
[2026-07-17 10:46:22.275] 
[2026-07-17 10:46:30.278] free heap: 6296552, minimum free heap: 6055764, Internal 8bit free heap: 72716, 8bit free heap: 6296552The current date/time is: Fri Jul 17 02:46:28 2026
[2026-07-17 10:46:30.278] 
[2026-07-17 10:46:30.278] 
[2026-07-17 10:46:38.275] free heap: 6296552, minimum free heap: 6055764, Internal 8bit free heap: 72716, 8bit free heap: 6296552The current date/time is: Fri Jul 17 02:46:36 2026
[2026-07-17 10:46:38.275] 
[2026-07-17 10:46:38.275] 
[2026-07-17 10:46:46.279] free heap: 6296532, minimum free heap: 6055764, Internal 8bit free heap: 72716, 8bit free heap: 6296532The current date/time is: Fri Jul 17 02:46:44 2026
[2026-07-17 10:46:46.279] 
[2026-07-17 10:46:46.279] 
[2026-07-17 10:46:54.289] free heap: 6296552, minimum free heap: 6055764, Internal 8bit free heap: 72716, 8bit free heap: 6296552The current date/time is: Fri Jul 17 02:46:52 2026
[2026-07-17 10:46:54.289] 
[2026-07-17 10:46:54.289] 
[2026-07-17 10:47:02.289] free heap: 6296552, minimum free heap: 6055764, Internal 8bit free heap: 72716, 8bit free heap: 6296552The current date/time is: Fri Jul 17 02:47:00 2026
[2026-07-17 10:47:02.289] 
[2026-07-17 10:47:02.289] 
[2026-07-17 10:47:10.289] free heap: 6296552, minimum free heap: 6055764, Internal 8bit free heap: 72716, 8bit free heap: 6296552The current date/time is: Fri Jul 17 02:47:08 2026
[2026-07-17 10:47:10.289] 
[2026-07-17 10:47:10.289] 
[2026-07-17 10:47:16.280] uart: 79 AT+TEST shadow BCD|010211038|6a5997b1|35b0e9fe527e8301014a64069939003501d300|db
[2026-07-17 10:47:16.280] 
[2026-07-17 10:47:16.280] 
[2026-07-17 10:47:16.280] 
[2026-07-17 10:47:16.496] pTopic:$aws/rules/bi_ble_data_report_arch2/switchlink/B0E9FEC6718C/link_to_status
[2026-07-17 10:47:16.496] pData:{"protocolVersion":1,"count":1,"messages":[{"id":"642a285e-dae9-49fa-9315-6df9bd2e9ffc","eventType":"Wo.Device.DataReport","data":{"deviceID":"b0e9fe527e83","createTime":1784256433,"contentVersion":2,"contentType":"hex","content":"35b0e9fe527e8301014a64069939003501d300","seq":219}}]}
[2026-07-17 10:47:16.496] 
[2026-07-17 10:47:18.292] free heap: 6296552, minimum free heap: 6055764, Internal 8bit free heap: 72716, 8bit free heap: 6296552The current date/time is: Fri Jul 17 02:47:16 2026
[2026-07-17 10:47:18.292] 
[2026-07-17 10:47:18.292] 
[2026-07-17 10:47:18.771] [0;32mI (1119269) ROUTE_HOOK: Received RIO[0m
[2026-07-17 10:47:18.771] [0;32mI (1119270) ROUTE_HOOK: prefix FDEA:C98F:38B2:1:: lifetime 1800[0m
[2026-07-17 10:47:18.771] 
[2026-07-17 10:47:26.288] free heap: 6296532, minimum free heap: 6055764, Internal 8bit free heap: 72716, 8bit free heap: 6296532The current date/time is: Fri Jul 17 02:47:24 2026
[2026-07-17 10:47:26.288] 
[2026-07-17 10:47:26.288] 
[2026-07-17 10:47:34.299] free heap: 6296552, minimum free heap: 6055764, Internal 8bit free heap: 72716, 8bit free heap: 6296552The current date/time is: Fri Jul 17 02:47:32 2026
[2026-07-17 10:47:34.299] 
[2026-07-17 10:47:34.299] 
[2026-07-17 10:47:42.295] free heap: 6296552, minimum free heap: 6055764, Internal 8bit free heap: 72716, 8bit free heap: 6296552The current date/time is: Fri Jul 17 02:47:40 2026
[2026-07-17 10:47:42.295] 
[2026-07-17 10:47:42.295] 
[2026-07-17 10:47:50.292] free heap: 6296532, minimum free heap: 6055764, Internal 8bit free heap: 72716, 8bit free heap: 6296532The current date/time is: Fri Jul 17 02:47:48 2026
[2026-07-17 10:47:50.292] 
[2026-07-17 10:47:50.292] 
[2026-07-17 10:47:58.307] free heap: 6296552, minimum free heap: 6055764, Internal 8bit free heap: 72716, 8bit free heap: 6296552The current date/time is: Fri Jul 17 02:47:56 2026
[2026-07-17 10:47:58.307] 
[2026-07-17 10:47:58.307] 
[2026-07-17 10:48:02.027] uart: 70 AT+TEST shadow BCD|010211017|6a5997df|63f3a82cc2d008010131060011|38|03
[2026-07-17 10:48:02.027] 
[2026-07-17 10:48:02.027] 
[2026-07-17 10:48:02.027] 
[2026-07-17 10:48:02.137] pTopic:$aws/rules/bi_ble_data_report_arch2/switchlink/B0E9FEC6718C/link_to_status
[2026-07-17 10:48:02.137] pData:{"protocolVersion":1,"count":1,"messages":[{"id":"9854df12-99f1-4ace-a1fe-fafbd1935134","eventType":"Wo.Device.DataReport","data":{"deviceID":"f3a82cc2d008","createTime":1784256479,"contentVersion":3,"contentType":"hex","content":"63f3a82cc2d008010131060011","seq":56}}]}
[2026-07-17 10:48:02.137] 
[2026-07-17 10:48:06.305] free heap: 6296532, minimum free heap: 6055764, Internal 8bit free heap: 72716, 8bit free heap: 6296532The current date/time is: Fri Jul 17 02:48:04 2026
[2026-07-17 10:48:06.305] 
[2026-07-17 10:48:06.305] 
[2026-07-17 10:48:14.311] free heap: 6296552, minimum free heap: 6055764, Internal 8bit free heap: 72716, 8bit free heap: 6296552The current date/time is: Fri Jul 17 02:48:12 2026
[2026-07-17 10:48:14.311] 
[2026-07-17 10:48:14.311] 
[2026-07-17 10:48:22.305] free heap: 6296552, minimum free heap: 6055764, Internal 8bit free heap: 72716, 8bit free heap: 6296552The current date/time is: Fri Jul 17 02:48:20 2026
[2026-07-17 10:48:22.305] 
[2026-07-17 10:48:22.305] 
[2026-07-17 10:48:30.312] free heap: 6296532, minimum free heap: 6055764, Internal 8bit free heap: 72716, 8bit free heap: 6296532The current date/time is: Fri Jul 17 02:48:28 2026
[2026-07-17 10:48:30.312] 
[2026-07-17 10:48:30.312] 
[2026-07-17 10:48:38.310] free heap: 6296552, minimum free heap: 6055764, Internal 8bit free heap: 72716, 8bit free heap: 6296552The current date/time is: Fri Jul 17 02:48:36 2026
[2026-07-17 10:48:38.310] 
[2026-07-17 10:48:38.310] 
[2026-07-17 10:48:46.317] free heap: 6296532, minimum free heap: 6055764, Internal 8bit free heap: 72716, 8bit free heap: 6296532The current date/time is: Fri Jul 17 02:48:44 2026
[2026-07-17 10:48:46.317] 
[2026-07-17 10:48:46.317] 
[2026-07-17 10:48:54.314] free heap: 6296552, minimum free heap: 6055764, Internal 8bit free heap: 72716, 8bit free heap: 6296552The current date/time is: Fri Jul 17 02:48:52 2026
[2026-07-17 10:48:54.314] 
[2026-07-17 10:48:54.314] 
[2026-07-17 10:49:02.321] free heap: 6296552, minimum free heap: 6055764, Internal 8bit free heap: 72716, 8bit free heap: 6296552The current date/time is: Fri Jul 17 02:49:00 2026
[2026-07-17 10:49:02.321] 
[2026-07-17 10:49:02.321] 
[2026-07-17 10:49:03.247] uart: 9 AT+STATUS
[2026-07-17 10:49:03.247] 
[2026-07-17 10:49:03.247] 
[2026-07-17 10:49:03.247] wifi status is 5 1 2
[2026-07-17 10:49:03.247] 
[2026-07-17 10:49:03.247] wifi ipv4 info:
[2026-07-17 10:49:03.247] 
[2026-07-17 10:49:03.247] 192.168.50.200.
[2026-07-17 10:49:03.247] 
[2026-07-17 10:49:03.247] 255.255.255.0.
[2026-07-17 10:49:03.247] 
[2026-07-17 10:49:03.247] 192.168.50.1.
[2026-07-17 10:49:03.247] 
[2026-07-17 10:49:03.247] 
[2026-07-17 10:49:03.339] uart: 10 AT+GET_UTC
[2026-07-17 10:49:03.339] 
[2026-07-17 10:49:03.339] 
[2026-07-17 10:49:03.339] utc 3, 6a
[2026-07-17 10:49:03.339] 
[2026-07-17 10:49:03.339] utc 2, 59
[2026-07-17 10:49:03.339] 
[2026-07-17 10:49:03.339] utc 1, 98
[2026-07-17 10:49:03.339] 
[2026-07-17 10:49:03.339] utc 0, 1d
[2026-07-17 10:49:03.339] 
[2026-07-17 10:49:03.339] UTC : 6a59981d
[2026-07-17 10:49:03.339] 
[2026-07-17 10:49:03.339] 
[2026-07-17 10:49:10.320] free heap: 6296552, minimum free heap: 6055764, Internal 8bit free heap: 72716, 8bit free heap: 6296552The current date/time is: Fri Jul 17 02:49:08 2026
[2026-07-17 10:49:10.320] 
[2026-07-17 10:49:10.320] 
[2026-07-17 10:49:18.324] free heap: 6296552, minimum free heap: 6055764, Internal 8bit free heap: 72716, 8bit free heap: 6296552The current date/time is: Fri Jul 17 02:49:16 2026
[2026-07-17 10:49:18.324] 
[2026-07-17 10:49:18.324] 
[2026-07-17 10:49:26.323] free heap: 6296532, minimum free heap: 6055764, Internal 8bit free heap: 72716, 8bit free heap: 6296532The current date/time is: Fri Jul 17 02:49:24 2026
[2026-07-17 10:49:26.323] 
[2026-07-17 10:49:26.323] 
[2026-07-17 10:49:28.202] [0;32mI (1248703) ROUTE_HOOK: Received RIO[0m
[2026-07-17 10:49:28.202] [0;32mI (1248703) ROUTE_HOOK: prefix FDEA:C98F:38B2:1:: lifetime 1800[0m
[2026-07-17 10:49:28.202] 
[2026-07-17 10:49:34.333] free heap: 6296552, minimum free heap: 6055764, Internal 8bit free heap: 72716, 8bit free heap: 6296552The current date/time is: Fri Jul 17 02:49:32 2026
[2026-07-17 10:49:34.333] 
[2026-07-17 10:49:34.333] 
[2026-07-17 10:49:42.330] free heap: 6296516, minimum free heap: 6055764, Internal 8bit free heap: 72680, 8bit free heap: 6296516The current date/time is: Fri Jul 17 02:49:40 2026
[2026-07-17 10:49:42.330] 
[2026-07-17 10:49:42.330] 
[2026-07-17 10:49:50.335] free heap: 6296532, minimum free heap: 6055764, Internal 8bit free heap: 72716, 8bit free heap: 6296532The current date/time is: Fri Jul 17 02:49:48 2026
[2026-07-17 10:49:50.335] 
[2026-07-17 10:49:50.335] 
[2026-07-17 10:49:56.572] [0;32mI (1277061) ROUTE_HOOK: Ignore invalid ICMP packet[0m
[2026-07-17 10:49:56.572] 
[2026-07-17 10:49:57.303] [0;32mI (1277791) ROUTE_HOOK: Received RIO[0m
[2026-07-17 10:49:57.303] [0;32mI (1277791) ROUTE_HOOK: prefix FDEA:C98F:38B2:1:: lifetime 1800[0m
[2026-07-17 10:49:57.303] 
[2026-07-17 10:49:58.338] free heap: 6296552, minimum free heap: 6055764, Internal 8bit free heap: 72716, 8bit free heap: 6296552The current date/time is: Fri Jul 17 02:49:56 2026
[2026-07-17 10:49:58.338] 
[2026-07-17 10:49:58.338] 
[2026-07-17 10:50:01.897] [0;32mI (1282386) ROUTE_HOOK: Received RIO[0m
[2026-07-17 10:50:01.897] [0;32mI (1282386) ROUTE_HOOK: prefix FDEA:C98F:38B2:1:: lifetime 1800[0m
[2026-07-17 10:50:01.897] 
[2026-07-17 10:50:04.745] uart: 79 AT+TEST shadow BCD|010211038|6a59985a|35b0e9fe527e8301014a6404993a003501d300|dc
[2026-07-17 10:50:04.745] 
[2026-07-17 10:50:04.745] 
[2026-07-17 10:50:04.745] 
[2026-07-17 10:50:04.946] pTopic:$aws/rules/bi_ble_data_report_arch2/switchlink/B0E9FEC6718C/link_to_status
[2026-07-17 10:50:04.946] pData:{"protocolVersion":1,"count":1,"messages":[{"id":"6e3c69ae-99f7-4415-ba27-3b92a1550c43","eventType":"Wo.Device.DataReport","data":{"deviceID":"b0e9fe527e83","createTime":1784256602,"contentVersion":2,"contentType":"hex","content":"35b0e9fe527e8301014a6404993a003501d300","seq":220}}]}
[2026-07-17 10:50:04.946] 
[2026-07-17 10:50:06.326] free heap: 6296532, minimum free heap: 6055764, Internal 8bit free heap: 72716, 8bit free heap: 6296532The current date/time is: Fri Jul 17 02:50:04 2026
[2026-07-17 10:50:06.326] 
[2026-07-17 10:50:06.326] 
[2026-07-17 10:50:14.336] free heap: 6296552, minimum free heap: 6055764, Internal 8bit free heap: 72716, 8bit free heap: 6296552The current date/time is: Fri Jul 17 02:50:12 2026
[2026-07-17 10:50:14.336] 
[2026-07-17 10:50:14.336] 
[2026-07-17 10:50:22.338] free heap: 6296552, minimum free heap: 6055764, Internal 8bit free heap: 72716, 8bit free heap: 6296552The current date/time is: Fri Jul 17 02:50:20 2026
[2026-07-17 10:50:22.338] 
[2026-07-17 10:50:22.338] 
[2026-07-17 10:50:30.342] free heap: 6296552, minimum free heap: 6055764, Internal 8bit free heap: 72716, 8bit free heap: 6296552The current date/time is: Fri Jul 17 02:50:28 2026
[2026-07-17 10:50:30.342] 
[2026-07-17 10:50:30.342] 
[2026-07-17 10:50:38.343] free heap: 6296516, minimum free heap: 6055764, Internal 8bit free heap: 72680, 8bit free heap: 6296516The current date/time is: Fri Jul 17 02:50:36 2026
[2026-07-17 10:50:38.343] 
[2026-07-17 10:50:38.343] 
[2026-07-17 10:50:46.337] free heap: 6296532, minimum free heap: 6055764, Internal 8bit free heap: 72716, 8bit free heap: 6296532The current date/time is: Fri Jul 17 02:50:44 2026
[2026-07-17 10:50:46.337] 
[2026-07-17 10:50:46.337] 
[2026-07-17 10:50:54.338] free heap: 6296552, minimum free heap: 6055764, Internal 8bit free heap: 72716, 8bit free heap: 6296552The current date/time is: Fri Jul 17 02:50:52 2026
[2026-07-17 10:50:54.338] 
[2026-07-17 10:50:54.338] 
[2026-07-17 10:51:02.342] free heap: 6296552, minimum free heap: 6055764, Internal 8bit free heap: 72716, 8bit free heap: 6296552The current date/time is: Fri Jul 17 02:51:00 2026
[2026-07-17 10:51:02.342] 
[2026-07-17 10:51:02.342] 
[2026-07-17 10:51:10.344] free heap: 6296552, minimum free heap: 6055764, Internal 8bit free heap: 72716, 8bit free heap: 6296552The current date/time is: Fri Jul 17 02:51:08 2026
[2026-07-17 10:51:10.344] 
[2026-07-17 10:51:10.344] 
[2026-07-17 10:51:12.394] uart: 11 AT+MOTION 0
[2026-07-17 10:51:12.394] 
[2026-07-17 10:51:12.394] 
[2026-07-17 10:51:12.394] btn on press
[2026-07-17 10:51:12.394] uart: 130 AT+BCDS ff04000206a59989e 0010B940B0E9FEC6718C48ca43a5b6dc0F000f000a09974041000000000000ff0cfc00000000000000000000000000000000ff01
[2026-07-17 10:51:12.394] 
[2026-07-17 10:51:12.394] 
[2026-07-17 10:51:12.394] 
[2026-07-17 10:51:12.582] pTopic:$aws/rules/bi_wifi_data_report/switchlink/B0E9FEC6718C/link_to_shadow
[2026-07-17 10:51:12.582] pData:BCD ff04000206a59989e 0010B940B0E9FEC6718C48ca43a5b6dc0F000f000a09974041000000000000ff0cfc00000000000000000000000000000000ff01
[2026-07-17 10:51:12.582] 
[2026-07-17 10:51:17.871] uart: 11 AT+MOTION 1
[2026-07-17 10:51:17.871] 
[2026-07-17 10:51:17.871] 
[2026-07-17 10:51:17.871] btn on press
[2026-07-17 10:51:17.871] uart: 130 AT+BCDS ff04000206a5998a3 0010B940B0E9FEC6718C48ca43a5b6dc0F0010200a09974041000000000000ff0d0200000000000000000000000000000000ff01
[2026-07-17 10:51:17.871] 
[2026-07-17 10:51:17.871] 
[2026-07-17 10:51:17.871] 
[2026-07-17 10:51:18.041] pTopic:$aws/rules/bi_wifi_data_report/switchlink/B0E9FEC6718C/link_to_shadow
[2026-07-17 10:51:18.041] pData:BCD ff04000206a5998a3 0010B940B0E9FEC6718C48ca43a5b6dc0F0010200a09974041000000000000ff0d0200000000000000000000000000000000ff01
[2026-07-17 10:51:18.041] 
[2026-07-17 10:51:18.351] free heap: 6294996, minimum free heap: 6055764, Internal 8bit free heap: 72716, 8bit free heap: 6294996The current date/time is: Fri Jul 17 02:51:16 2026
[2026-07-17 10:51:18.351] 
[2026-07-17 10:51:18.351] 
[2026-07-17 10:51:20.948] [0;32mI (1361438) ROUTE_HOOK: Received RIO[0m
[2026-07-17 10:51:20.948] [0;32mI (1361439) ROUTE_HOOK: prefix FDEA:C98F:38B2:1:: lifetime 1800[0m
[2026-07-17 10:51:20.948] 
[2026-07-17 10:51:26.353] free heap: 6296532, minimum free heap: 6055764, Internal 8bit free heap: 72716, 8bit free heap: 6296532The current date/time is: Fri Jul 17 02:51:24 2026
[2026-07-17 10:51:26.353] 
[2026-07-17 10:51:26.353] 
[2026-07-17 10:51:34.347] free heap: 6296516, minimum free heap: 6055764, Internal 8bit free heap: 72680, 8bit free heap: 6296516The current date/time is: Fri Jul 17 02:51:32 2026
[2026-07-17 10:51:34.347] 
[2026-07-17 10:51:34.347] 
[2026-07-17 10:51:42.363] free heap: 6296552, minimum free heap: 6055764, Internal 8bit free heap: 72716, 8bit free heap: 6296552The current date/time is: Fri Jul 17 02:51:40 2026
[2026-07-17 10:51:42.363] 
[2026-07-17 10:51:42.363] 
[2026-07-17 10:51:50.352] free heap: 6296532, minimum free heap: 6055764, Internal 8bit free heap: 72716, 8bit free heap: 6296532The current date/time is: Fri Jul 17 02:51:48 2026
[2026-07-17 10:51:50.352] 
[2026-07-17 10:51:50.352] 
[2026-07-17 10:51:58.363] free heap: 6296552, minimum free heap: 6055764, Internal 8bit free heap: 72716, 8bit free heap: 6296552The current date/time is: Fri Jul 17 02:51:56 2026
[2026-07-17 10:51:58.363] 
[2026-07-17 10:51:58.363] 
[2026-07-17 10:52:06.367] free heap: 6296532, minimum free heap: 6055764, Internal 8bit free heap: 72716, 8bit free heap: 6296532The current date/time is: Fri Jul 17 02:52:04 2026
[2026-07-17 10:52:06.367] 
[2026-07-17 10:52:06.367] 
[2026-07-17 10:52:14.370] free heap: 6296552, minimum free heap: 6055764, Internal 8bit free heap: 72716, 8bit free heap: 6296552The current date/time is: Fri Jul 17 02:52:12 2026
[2026-07-17 10:52:14.370] 
[2026-07-17 10:52:14.370] 
[2026-07-17 10:52:22.373] free heap: 6296552, minimum free heap: 6055764, Internal 8bit free heap: 72716, 8bit free heap: 6296552The current date/time is: Fri Jul 17 02:52:20 2026
[2026-07-17 10:52:22.373] 
[2026-07-17 10:52:22.373] 
[2026-07-17 10:52:30.367] free heap: 6296516, minimum free heap: 6055764, Internal 8bit free heap: 72680, 8bit free heap: 6296516The current date/time is: Fri Jul 17 02:52:28 2026
[2026-07-17 10:52:30.367] 
[2026-07-17 10:52:30.367] 
[2026-07-17 10:52:38.378] free heap: 6296552, minimum free heap: 6055764, Internal 8bit free heap: 72716, 8bit free heap: 6296552The current date/time is: Fri Jul 17 02:52:36 2026
[2026-07-17 10:52:38.378] 
[2026-07-17 10:52:38.378] 
[2026-07-17 10:52:46.378] free heap: 6296532, minimum free heap: 6055764, Internal 8bit free heap: 72716, 8bit free heap: 6296532The current date/time is: Fri Jul 17 02:52:44 2026
[2026-07-17 10:52:46.378] 
[2026-07-17 10:52:46.378] 
[2026-07-17 10:52:54.377] free heap: 6296552, minimum free heap: 6055764, Internal 8bit free heap: 72716, 8bit free heap: 6296552The current date/time is: Fri Jul 17 02:52:52 2026
[2026-07-17 10:52:54.377] 
[2026-07-17 10:52:54.377] 
[2026-07-17 10:53:02.383] free heap: 6296552, minimum free heap: 6055764, Internal 8bit free heap: 72716, 8bit free heap: 6296552The current date/time is: Fri Jul 17 02:53:00 2026
[2026-07-17 10:53:02.383] 
[2026-07-17 10:53:02.383] 
[2026-07-17 10:53:05.146] uart: 79 AT+TEST shadow BCD|010211038|6a59990e|35b0e9fe527e8301014a6402993a003501b900|dd
[2026-07-17 10:53:05.146] 
[2026-07-17 10:53:05.146] 
[2026-07-17 10:53:05.146] 
[2026-07-17 10:53:05.284] pTopic:$aws/rules/bi_ble_data_report_arch2/switchlink/B0E9FEC6718C/link_to_status
[2026-07-17 10:53:05.284] pData:{"protocolVersion":1,"count":1,"messages":[{"id":"d741fae1-03f4-4746-953f-a640da9acaf4","eventType":"Wo.Device.DataReport","data":{"deviceID":"b0e9fe527e83","createTime":1784256782,"contentVersion":2,"contentType":"hex","content":"35b0e9fe527e8301014a6402993a003501b900","seq":221}}]}
[2026-07-17 10:53:05.284] 
[2026-07-17 10:53:10.382] free heap: 6296552, minimum free heap: 6055764, Internal 8bit free heap: 72716, 8bit free heap: 6296552The current date/time is: Fri Jul 17 02:53:08 2026
[2026-07-17 10:53:10.382] 
[2026-07-17 10:53:10.382] 
[2026-07-17 10:53:18.386] free heap: 6296552, minimum free heap: 6055764, Internal 8bit free heap: 72716, 8bit free heap: 6296552The current date/time is: Fri Jul 17 02:53:16 2026
[2026-07-17 10:53:18.386] 
[2026-07-17 10:53:18.386] 
[2026-07-17 10:53:26.386] free heap: 6296496, minimum free heap: 6055764, Internal 8bit free heap: 72680, 8bit free heap: 6296496The current date/time is: Fri Jul 17 02:53:24 2026
[2026-07-17 10:53:26.386] 
[2026-07-17 10:53:26.386] 
[2026-07-17 10:53:34.390] free heap: 6296552, minimum free heap: 6055764, Internal 8bit free heap: 72716, 8bit free heap: 6296552The current date/time is: Fri Jul 17 02:53:32 2026
[2026-07-17 10:53:34.390] 
[2026-07-17 10:53:34.390] 
[2026-07-17 10:53:42.383] free heap: 6296552, minimum free heap: 6055764, Internal 8bit free heap: 72716, 8bit free heap: 6296552The current date/time is: Fri Jul 17 02:53:40 2026
[2026-07-17 10:53:42.383] 
[2026-07-17 10:53:42.383] 
[2026-07-17 10:53:50.385] free heap: 6296532, minimum free heap: 6055764, Internal 8bit free heap: 72716, 8bit free heap: 6296532The current date/time is: Fri Jul 17 02:53:48 2026
[2026-07-17 10:53:50.385] 
[2026-07-17 10:53:50.385] 
[2026-07-17 10:53:58.395] free heap: 6296552, minimum free heap: 6055764, Internal 8bit free heap: 72716, 8bit free heap: 6296552The current date/time is: Fri Jul 17 02:53:56 2026
[2026-07-17 10:53:58.395] 
[2026-07-17 10:53:58.395] 
[2026-07-17 10:54:06.392] free heap: 6296532, minimum free heap: 6055764, Internal 8bit free heap: 72716, 8bit free heap: 6296532The current date/time is: Fri Jul 17 02:54:04 2026
[2026-07-17 10:54:06.392] 
[2026-07-17 10:54:06.392] 
[2026-07-17 10:54:14.389] free heap: 6296552, minimum free heap: 6055764, Internal 8bit free heap: 72716, 8bit free heap: 6296552The current date/time is: Fri Jul 17 02:54:12 2026
[2026-07-17 10:54:14.389] 
[2026-07-17 10:54:14.389] 
[2026-07-17 10:54:22.396] free heap: 6296516, minimum free heap: 6055764, Internal 8bit free heap: 72680, 8bit free heap: 6296516The current date/time is: Fri Jul 17 02:54:20 2026
[2026-07-17 10:54:22.396] 
[2026-07-17 10:54:22.396] 
[2026-07-17 10:54:29.054] [0;32mI (1549551) ROUTE_HOOK: Received RIO[0m
[2026-07-17 10:54:29.054] [0;32mI (1549551) ROUTE_HOOK: prefix FDEA:C98F:38B2:1:: lifetime 1800[0m
[2026-07-17 10:54:29.054] 
[2026-07-17 10:54:30.403] free heap: 6296516, minimum free heap: 6055764, Internal 8bit free heap: 72680, 8bit free heap: 6296516The current date/time is: Fri Jul 17 02:54:28 2026
[2026-07-17 10:54:30.403] 
[2026-07-17 10:54:30.403] 
[2026-07-17 10:54:38.396] free heap: 6296552, minimum free heap: 6055764, Internal 8bit free heap: 72716, 8bit free heap: 6296552The current date/time is: Fri Jul 17 02:54:36 2026
[2026-07-17 10:54:38.396] 
[2026-07-17 10:54:38.396] 
[2026-07-17 10:54:46.406] free heap: 6296532, minimum free heap: 6055764, Internal 8bit free heap: 72716, 8bit free heap: 6296532The current date/time is: Fri Jul 17 02:54:44 2026
[2026-07-17 10:54:46.406] 
[2026-07-17 10:54:46.406] 
[2026-07-17 10:54:54.398] free heap: 6296552, minimum free heap: 6055764, Internal 8bit free heap: 72716, 8bit free heap: 6296552The current date/time is: Fri Jul 17 02:54:52 2026
[2026-07-17 10:54:54.398] 
[2026-07-17 10:54:54.398] 
[2026-07-17 10:55:02.398] free heap: 6296552, minimum free heap: 6055764, Internal 8bit free heap: 72716, 8bit free heap: 6296552The current date/time is: Fri Jul 17 02:55:00 2026
[2026-07-17 10:55:02.398] 
[2026-07-17 10:55:02.398] 
[2026-07-17 10:55:04.383] uart: 11 AT+MOTION 0
[2026-07-17 10:55:04.383] 
[2026-07-17 10:55:04.383] 
[2026-07-17 10:55:04.383] btn on press
[2026-07-17 10:55:04.383] uart: 130 AT+BCDS ff04000206a599986 0010B940B0E9FEC6718C48ca43a5b6dc0F0011000a09974041000000000000ff0d0200000000000000000000000000000000ff01
[2026-07-17 10:55:04.383] 
[2026-07-17 10:55:04.383] 
[2026-07-17 10:55:04.383] 
[2026-07-17 10:55:04.445] pTopic:$aws/rules/bi_wifi_data_report/switchlink/B0E9FEC6718C/link_to_shadow
[2026-07-17 10:55:04.445] pData:BCD ff04000206a599986 0010B940B0E9FEC6718C48ca43a5b6dc0F0011000a09974041000000000000ff0d0200000000000000000000000000000000ff01
[2026-07-17 10:55:04.445] 
[2026-07-17 10:55:10.411] free heap: 6296552, minimum free heap: 6055764, Internal 8bit free heap: 72716, 8bit free heap: 6296552The current date/time is: Fri Jul 17 02:55:08 2026
[2026-07-17 10:55:10.411] 
[2026-07-17 10:55:10.411] 
[2026-07-17 10:55:11.989] [0;32mI (1592483) ROUTE_HOOK: Received RIO[0m
[2026-07-17 10:55:11.989] [0;32mI (1592483) ROUTE_HOOK: prefix FDEA:C98F:38B2:1:: lifetime 1800[0m
[2026-07-17 10:55:11.989] 
[2026-07-17 10:55:18.414] free heap: 6296552, minimum free heap: 6055764, Internal 8bit free heap: 72716, 8bit free heap: 6296552The current date/time is: Fri Jul 17 02:55:16 2026
[2026-07-17 10:55:18.414] 
[2026-07-17 10:55:18.414] 
[2026-07-17 10:55:19.323] [0;32mI (1599825) ROUTE_HOOK: Received RIO[0m
[2026-07-17 10:55:19.323] [0;32mI (1599825) ROUTE_HOOK: prefix FDEA:C98F:38B2:1:: lifetime 1800[0m
[2026-07-17 10:55:19.323] 
[2026-07-17 10:55:24.878] uart: 11 AT+MOTION 1
[2026-07-17 10:55:24.878] 
[2026-07-17 10:55:24.878] 
[2026-07-17 10:55:24.878] btn on press
[2026-07-17 10:55:24.878] uart: 130 AT+BCDS ff04000206a59999a 0010B940B0E9FEC6718C48ca43a5b6dc0F0012200a09974041000000000000ff0cff00000000000000000000000000000000ff01
[2026-07-17 10:55:24.878] 
[2026-07-17 10:55:24.878] 
[2026-07-17 10:55:24.878] 
[2026-07-17 10:55:25.033] pTopic:$aws/rules/bi_wifi_data_report/switchlink/B0E9FEC6718C/link_to_shadow
[2026-07-17 10:55:25.033] pData:BCD ff04000206a59999a 0010B940B0E9FEC6718C48ca43a5b6dc0F0012200a09974041000000000000ff0cff00000000000000000000000000000000ff01
[2026-07-17 10:55:25.033] 
[2026-07-17 10:55:26.412] free heap: 6296496, minimum free heap: 6055764, Internal 8bit free heap: 72680, 8bit free heap: 6296496The current date/time is: Fri Jul 17 02:55:24 2026
[2026-07-17 10:55:26.412] 
[2026-07-17 10:55:26.412] 
[2026-07-17 10:55:34.413] free heap: 6296552, minimum free heap: 6055764, Internal 8bit free heap: 72716, 8bit free heap: 6296552The current date/time is: Fri Jul 17 02:55:32 2026
[2026-07-17 10:55:34.413] 
[2026-07-17 10:55:34.413] 
[2026-07-17 10:55:34.707] [0;32mI (1615196) ROUTE_HOOK: Received RIO[0m
[2026-07-17 10:55:34.707] [0;32mI (1615196) ROUTE_HOOK: prefix FDEA:C98F:38B2:1:: lifetime 1800[0m
[2026-07-17 10:55:34.707] 
[2026-07-17 10:55:42.417] free heap: 6296552, minimum free heap: 6055764, Internal 8bit free heap: 72716, 8bit free heap: 6296552The current date/time is: Fri Jul 17 02:55:40 2026
[2026-07-17 10:55:42.417] 
[2026-07-17 10:55:42.417] 
[2026-07-17 10:55:50.422] free heap: 6296532, minimum free heap: 6055764, Internal 8bit free heap: 72716, 8bit free heap: 6296532The current date/time is: Fri Jul 17 02:55:48 2026
[2026-07-17 10:55:50.422] 
[2026-07-17 10:55:50.422] 
[2026-07-17 10:55:58.422] free heap: 6294996, minimum free heap: 6055764, Internal 8bit free heap: 72716, 8bit free heap: 6294996The current date/time is: Fri Jul 17 02:55:56 2026
[2026-07-17 10:55:58.422] 
[2026-07-17 10:55:58.422] 
[2026-07-17 10:56:03.665] [0;32mI (1644165) ROUTE_HOOK: Received RIO[0m
[2026-07-17 10:56:03.665] [0;32mI (1644165) ROUTE_HOOK: prefix FDEA:C98F:38B2:1:: lifetime 1800[0m
[2026-07-17 10:56:03.665] 
[2026-07-17 10:56:06.418] free heap: 6296552, minimum free heap: 6055764, Internal 8bit free heap: 72716, 8bit free heap: 6296552The current date/time is: Fri Jul 17 02:56:04 2026
[2026-07-17 10:56:06.418] 
[2026-07-17 10:56:06.418] 
[2026-07-17 10:56:14.423] free heap: 6296552, minimum free heap: 6055764, Internal 8bit free heap: 72716, 8bit free heap: 6296552The current date/time is: Fri Jul 17 02:56:12 2026
[2026-07-17 10:56:14.423] 
[2026-07-17 10:56:14.423] 
[2026-07-17 10:56:22.422] free heap: 6296552, minimum free heap: 6055764, Internal 8bit free heap: 72716, 8bit free heap: 6296552The current date/time is: Fri Jul 17 02:56:20 2026
[2026-07-17 10:56:22.422] 
[2026-07-17 10:56:22.422] 
[2026-07-17 10:56:30.422] free heap: 6296552, minimum free heap: 6055764, Internal 8bit free heap: 72716, 8bit free heap: 6296552The current date/time is: Fri Jul 17 02:56:28 2026
[2026-07-17 10:56:30.422] 
[2026-07-17 10:56:30.422] 
[2026-07-17 10:56:38.428] free heap: 6296552, minimum free heap: 6055764, Internal 8bit free heap: 72716, 8bit free heap: 6296552The current date/time is: Fri Jul 17 02:56:36 2026
[2026-07-17 10:56:38.428] 
[2026-07-17 10:56:38.428] 
[2026-07-17 10:56:46.423] free heap: 6296532, minimum free heap: 6055764, Internal 8bit free heap: 72716, 8bit free heap: 6296532The current date/time is: Fri Jul 17 02:56:44 2026
[2026-07-17 10:56:46.423] 
[2026-07-17 10:56:46.423] 
[2026-07-17 10:56:54.435] free heap: 6296552, minimum free heap: 6055764, Internal 8bit free heap: 72716, 8bit free heap: 6296552The current date/time is: Fri Jul 17 02:56:52 2026
[2026-07-17 10:56:54.435] 
[2026-07-17 10:56:54.435] 
[2026-07-17 10:57:02.438] free heap: 6296552, minimum free heap: 6055764, Internal 8bit free heap: 72716, 8bit free heap: 6296552The current date/time is: Fri Jul 17 02:57:00 2026
[2026-07-17 10:57:02.438] 
[2026-07-17 10:57:02.438] 
[2026-07-17 10:57:10.436] free heap: 6296516, minimum free heap: 6055764, Internal 8bit free heap: 72680, 8bit free heap: 6296516The current date/time is: Fri Jul 17 02:57:08 2026
[2026-07-17 10:57:10.436] 
[2026-07-17 10:57:10.436] 
[2026-07-17 10:57:18.439] free heap: 6296552, minimum free heap: 6055764, Internal 8bit free heap: 72716, 8bit free heap: 6296552The current date/time is: Fri Jul 17 02:57:16 2026
[2026-07-17 10:57:18.439] 
[2026-07-17 10:57:18.439] 
[2026-07-17 10:57:26.445] free heap: 6296532, minimum free heap: 6055764, Internal 8bit free heap: 72716, 8bit free heap: 6296532The current date/time is: Fri Jul 17 02:57:24 2026
[2026-07-17 10:57:26.445] 
[2026-07-17 10:57:26.445] 
[2026-07-17 10:57:34.435] free heap: 6296552, minimum free heap: 6055764, Internal 8bit free heap: 72716, 8bit free heap: 6296552The current date/time is: Fri Jul 17 02:57:32 2026
[2026-07-17 10:57:34.435] 
[2026-07-17 10:57:34.435] 
[2026-07-17 10:57:42.443] free heap: 6296552, minimum free heap: 6055764, Internal 8bit free heap: 72716, 8bit free heap: 6296552The current date/time is: Fri Jul 17 02:57:40 2026
[2026-07-17 10:57:42.443] 
[2026-07-17 10:57:42.443] 
[2026-07-17 10:57:43.888] uart: 66 AT+TEST shadow BCD|010211015|6a599a25|48dbffc24fd97601012e0c|f3|03
[2026-07-17 10:57:43.888] 
[2026-07-17 10:57:43.888] 
[2026-07-17 10:57:43.888] 
[2026-07-17 10:57:43.997] pTopic:$aws/rules/bi_ble_data_report_arch2/switchlink/B0E9FEC6718C/link_to_status
[2026-07-17 10:57:43.997] pData:{"protocolVersion":1,"count":1,"messages":[{"id":"c870d2b7-e0d0-4986-ad1d-84e985116514","eventType":"Wo.Device.DataReport","data":{"deviceID":"dbffc24fd976","createTime":1784257061,"contentVersion":3,"contentType":"hex","content":"48dbffc24fd97601012e0c","seq":243}}]}
[2026-07-17 10:57:43.997] 
[2026-07-17 10:57:48.342] uart: 70 AT+TEST shadow BCD|010211017|6a599a29|63dade0999201801012e020021|db|03
[2026-07-17 10:57:48.342] 
[2026-07-17 10:57:48.342] 
[2026-07-17 10:57:48.342] 
[2026-07-17 10:57:48.466] pTopic:$aws/rules/bi_ble_data_report_arch2/switchlink/B0E9FEC6718C/link_to_status
[2026-07-17 10:57:48.466] pData:{"protocolVersion":1,"count":1,"messages":[{"id":"f13bfff5-5cd7-4a7c-82ef-81bcbf10404a","eventType":"Wo.Device.DataReport","data":{"deviceID":"dade09992018","createTime":1784257065,"contentVersion":3,"contentType":"hex","content":"63dade0999201801012e020021","seq":219}}]}
[2026-07-17 10:57:48.466] 
[2026-07-17 10:57:50.451] free heap: 6296552, minimum free heap: 6055764, Internal 8bit free heap: 72716, 8bit free heap: 6296552The current date/time is: Fri Jul 17 02:57:48 2026
[2026-07-17 10:57:50.451] 
[2026-07-17 10:57:50.451] 
[2026-07-17 10:57:54.385] uart: 11 AT+MOTION 0
[2026-07-17 10:57:54.385] 
[2026-07-17 10:57:54.385] 
[2026-07-17 10:57:54.385] btn on press
[2026-07-17 10:57:54.385] uart: 130 AT+BCDS ff04000206a599a30 0010B940B0E9FEC6718C48ca43a5b6dc0F0013000a09974041000000000000ff0d0000000000000000000000000000000000ff01
[2026-07-17 10:57:54.385] 
[2026-07-17 10:57:54.385] 
[2026-07-17 10:57:54.385] 
[2026-07-17 10:57:54.525] pTopic:$aws/rules/bi_wifi_data_report/switchlink/B0E9FEC6718C/link_to_shadow
[2026-07-17 10:57:54.525] pData:BCD ff04000206a599a30 0010B940B0E9FEC6718C48ca43a5b6dc0F0013000a09974041000000000000ff0d0000000000000000000000000000000000ff01
[2026-07-17 10:57:54.525] 
[2026-07-17 10:57:58.446] free heap: 6294996, minimum free heap: 6055764, Internal 8bit free heap: 72716, 8bit free heap: 6294996The current date/time is: Fri Jul 17 02:57:56 2026
[2026-07-17 10:57:58.446] 
[2026-07-17 10:57:58.446] 
[2026-07-17 10:58:06.444] free heap: 6296496, minimum free heap: 6055764, Internal 8bit free heap: 72680, 8bit free heap: 6296496The current date/time is: Fri Jul 17 02:58:04 2026
[2026-07-17 10:58:06.444] 
[2026-07-17 10:58:06.444] 
[2026-07-17 10:58:12.007] uart: 11 AT+MOTION 1
[2026-07-17 10:58:12.007] 
[2026-07-17 10:58:12.007] 
[2026-07-17 10:58:12.007] btn on press
[2026-07-17 10:58:12.007] uart: 130 AT+BCDS ff04000206a599a41 0010B940B0E9FEC6718C48ca43a5b6dc0F0014200a09974041000000000000ff0cfd00000000000000000000000000000000ff01
[2026-07-17 10:58:12.007] 
[2026-07-17 10:58:12.007] 
[2026-07-17 10:58:12.007] 
[2026-07-17 10:58:12.100] pTopic:$aws/rules/bi_wifi_data_report/switchlink/B0E9FEC6718C/link_to_shadow
[2026-07-17 10:58:12.100] pData:BCD ff04000206a599a41 0010B940B0E9FEC6718C48ca43a5b6dc0F0014200a09974041000000000000ff0cfd00000000000000000000000000000000ff01
[2026-07-17 10:58:12.100] 
[2026-07-17 10:58:14.454] free heap: 6296552, minimum free heap: 6055764, Internal 8bit free heap: 72716, 8bit free heap: 6296552The current date/time is: Fri Jul 17 02:58:12 2026
[2026-07-17 10:58:14.454] 
[2026-07-17 10:58:14.454] 
[2026-07-17 10:58:20.782] [0;32mI (1781279) ROUTE_HOOK: Ignore invalid ICMP packet[0m
[2026-07-17 10:58:20.782] 
[2026-07-17 10:58:22.447] free heap: 6296552, minimum free heap: 6055764, Internal 8bit free heap: 72716, 8bit free heap: 6296552The current date/time is: Fri Jul 17 02:58:20 2026
[2026-07-17 10:58:22.447] 
[2026-07-17 10:58:22.447] 
[2026-07-17 10:58:23.627] uart: 79 AT+TEST shadow BCD|010211038|6a599a4d|35b0e9fe527e8301014a6400993b003501b900|de
[2026-07-17 10:58:23.627] 
[2026-07-17 10:58:23.627] 
[2026-07-17 10:58:23.627] 
[2026-07-17 10:58:23.843] pTopic:$aws/rules/bi_ble_data_report_arch2/switchlink/B0E9FEC6718C/link_to_status
[2026-07-17 10:58:23.843] pData:{"protocolVersion":1,"count":1,"messages":[{"id":"44459df1-0561-45ba-89eb-12e9edbff955","eventType":"Wo.Device.DataReport","data":{"deviceID":"b0e9fe527e83","createTime":1784257101,"contentVersion":2,"contentType":"hex","content":"35b0e9fe527e8301014a6400993b003501b900","seq":222}}]}
[2026-07-17 10:58:23.843] 
[2026-07-17 10:58:30.460] free heap: 6296552, minimum free heap: 6055764, Internal 8bit free heap: 72716, 8bit free heap: 6296552The current date/time is: Fri Jul 17 02:58:28 2026
[2026-07-17 10:58:30.460] 
[2026-07-17 10:58:30.460] 
[2026-07-17 10:58:38.464] free heap: 6296552, minimum free heap: 6055764, Internal 8bit free heap: 72716, 8bit free heap: 6296552The current date/time is: Fri Jul 17 02:58:36 2026
[2026-07-17 10:58:38.464] 
[2026-07-17 10:58:38.464] 
[2026-07-17 10:58:46.458] free heap: 6296532, minimum free heap: 6055764, Internal 8bit free heap: 72716, 8bit free heap: 6296532The current date/time is: Fri Jul 17 02:58:44 2026
[2026-07-17 10:58:46.458] 
[2026-07-17 10:58:46.458] 
[2026-07-17 10:58:54.463] free heap: 6296552, minimum free heap: 6055764, Internal 8bit free heap: 72716, 8bit free heap: 6296552The current date/time is: Fri Jul 17 02:58:52 2026
[2026-07-17 10:58:54.463] 
[2026-07-17 10:58:54.463] 
[2026-07-17 10:59:02.461] free heap: 6296552, minimum free heap: 6055764, Internal 8bit free heap: 72716, 8bit free heap: 6296552The current date/time is: Fri Jul 17 02:59:00 2026
[2026-07-17 10:59:02.461] 
[2026-07-17 10:59:02.461] 
[2026-07-17 10:59:10.468] free heap: 6296516, minimum free heap: 6055764, Internal 8bit free heap: 72680, 8bit free heap: 6296516The current date/time is: Fri Jul 17 02:59:08 2026
[2026-07-17 10:59:10.468] 
[2026-07-17 10:59:10.468] 
[2026-07-17 10:59:18.460] free heap: 6296552, minimum free heap: 6055764, Internal 8bit free heap: 72716, 8bit free heap: 6296552The current date/time is: Fri Jul 17 02:59:16 2026
[2026-07-17 10:59:18.460] 
[2026-07-17 10:59:18.460] 
[2026-07-17 10:59:19.177] uart: 9 AT+STATUS
[2026-07-17 10:59:19.177] 
[2026-07-17 10:59:19.177] 
[2026-07-17 10:59:19.177] wifi status is 5 1 2
[2026-07-17 10:59:19.177] 
[2026-07-17 10:59:19.177] wifi ipv4 info:
[2026-07-17 10:59:19.177] 
[2026-07-17 10:59:19.177] 192.168.50.200.
[2026-07-17 10:59:19.177] 
[2026-07-17 10:59:19.177] 255.255.255.0.
[2026-07-17 10:59:19.177] 
[2026-07-17 10:59:19.177] 192.168.50.1.
[2026-07-17 10:59:19.177] 
[2026-07-17 10:59:19.177] 
[2026-07-17 10:59:19.269] uart: 10 AT+GET_UTC
[2026-07-17 10:59:19.269] 
[2026-07-17 10:59:19.269] 
[2026-07-17 10:59:19.269] utc 3, 6a
[2026-07-17 10:59:19.269] 
[2026-07-17 10:59:19.269] utc 2, 59
[2026-07-17 10:59:19.269] 
[2026-07-17 10:59:19.269] utc 1, 9a
[2026-07-17 10:59:19.269] 
[2026-07-17 10:59:19.269] utc 0, 84
[2026-07-17 10:59:19.269] 
[2026-07-17 10:59:19.269] UTC : 6a599a84
[2026-07-17 10:59:19.269] 
[2026-07-17 10:59:19.269] 
[2026-07-17 10:59:26.465] free heap: 6296532, minimum free heap: 6055764, Internal 8bit free heap: 72716, 8bit free heap: 6296532The current date/time is: Fri Jul 17 02:59:24 2026
[2026-07-17 10:59:26.465] 
[2026-07-17 10:59:26.465] 
[2026-07-17 10:59:28.171] [0;32mI (1848664) ROUTE_HOOK: Received RIO[0m
[2026-07-17 10:59:28.171] [0;32mI (1848664) ROUTE_HOOK: prefix FDEA:C98F:38B2:1:: lifetime 1800[0m
[2026-07-17 10:59:28.171] 
[2026-07-17 10:59:34.466] free heap: 6296552, minimum free heap: 6055764, Internal 8bit free heap: 72716, 8bit free heap: 6296552The current date/time is: Fri Jul 17 02:59:32 2026
[2026-07-17 10:59:34.466] 
[2026-07-17 10:59:34.466] 
[2026-07-17 10:59:37.595] [0;32mI (1858089) ROUTE_HOOK: Received RIO[0m
[2026-07-17 10:59:37.595] [0;32mI (1858089) ROUTE_HOOK: prefix FDEA:C98F:38B2:1:: lifetime 1800[0m
[2026-07-17 10:59:37.595] 
[2026-07-17 10:59:42.469] free heap: 6296552, minimum free heap: 6055764, Internal 8bit free heap: 72716, 8bit free heap: 6296552The current date/time is: Fri Jul 17 02:59:40 2026
[2026-07-17 10:59:42.469] 
[2026-07-17 10:59:42.469] 
[2026-07-17 10:59:50.469] free heap: 6296496, minimum free heap: 6055764, Internal 8bit free heap: 72680, 8bit free heap: 6296496The current date/time is: Fri Jul 17 02:59:48 2026
[2026-07-17 10:59:50.469] 
[2026-07-17 10:59:50.469] 
[2026-07-17 10:59:58.477] free heap: 6294960, minimum free heap: 6055764, Internal 8bit free heap: 72680, 8bit free heap: 6294960The current date/time is: Fri Jul 17 02:59:56 2026
[2026-07-17 10:59:58.477] 
[2026-07-17 10:59:58.477] 
[2026-07-17 11:00:06.475] free heap: 6296532, minimum free heap: 6055764, Internal 8bit free heap: 72716, 8bit free heap: 6296532The current date/time is: Fri Jul 17 03:00:04 2026
[2026-07-17 11:00:06.475] 
[2026-07-17 11:00:06.475] 
[2026-07-17 11:00:14.488] free heap: 6296552, minimum free heap: 6055764, Internal 8bit free heap: 72716, 8bit free heap: 6296552The current date/time is: Fri Jul 17 03:00:12 2026
[2026-07-17 11:00:14.488] 
[2026-07-17 11:00:14.488] 
[2026-07-17 11:00:22.478] free heap: 6296552, minimum free heap: 6055764, Internal 8bit free heap: 72716, 8bit free heap: 6296552The current date/time is: Fri Jul 17 03:00:20 2026
[2026-07-17 11:00:22.478] 
[2026-07-17 11:00:22.478] 
[2026-07-17 11:00:30.481] free heap: 6296532, minimum free heap: 6055764, Internal 8bit free heap: 72716, 8bit free heap: 6296532The current date/time is: Fri Jul 17 03:00:28 2026
[2026-07-17 11:00:30.481] 
[2026-07-17 11:00:30.481] 
[2026-07-17 11:00:38.482] free heap: 6296552, minimum free heap: 6055764, Internal 8bit free heap: 72716, 8bit free heap: 6296552The current date/time is: Fri Jul 17 03:00:36 2026
[2026-07-17 11:00:38.482] 
[2026-07-17 11:00:38.482] 
[2026-07-17 11:00:46.495] free heap: 6296496, minimum free heap: 6055764, Internal 8bit free heap: 72680, 8bit free heap: 6296496The current date/time is: Fri Jul 17 03:00:44 2026
[2026-07-17 11:00:46.495] 
[2026-07-17 11:00:46.495] 
[2026-07-17 11:00:54.492] free heap: 6296552, minimum free heap: 6055764, Internal 8bit free heap: 72716, 8bit free heap: 6296552The current date/time is: Fri Jul 17 03:00:52 2026
[2026-07-17 11:00:54.492] 
[2026-07-17 11:00:54.492] 
[2026-07-17 11:01:02.487] free heap: 6296552, minimum free heap: 6055764, Internal 8bit free heap: 72716, 8bit free heap: 6296552The current date/time is: Fri Jul 17 03:01:00 2026
[2026-07-17 11:01:02.487] 
[2026-07-17 11:01:02.487] 
[2026-07-17 11:01:10.501] free heap: 6296552, minimum free heap: 6055764, Internal 8bit free heap: 72716, 8bit free heap: 6296552The current date/time is: Fri Jul 17 03:01:08 2026
[2026-07-17 11:01:10.501] 
[2026-07-17 11:01:10.501] 
[2026-07-17 11:01:11.268] app_to_link:SCANR 88
[2026-07-17 11:01:11.268] 
[2026-07-17 11:01:11.833] uart: 883 AT+ACK SCANR;88:33b0e9feff94e88020640010b941|4db0e9fed4acf48020640010b941|3ab0e9feeea9950000640010b940|31d5d74b7c22377b8018001140|42b0e9fe65c9430000640010b940|37b0e9fed941f18020640010b941|3cb0e9fe97625e00804100119fb8|38ef826dc989a2248059|32b0e9fed46e72390038|35b0e9fecff9758020640010b941|33dd09220682e27bc01a001280|2eb0e9fe6784210000640011b340|44f97d3e5f67975600|36b0e9fe926a358020640010b941|2be12e626eec2d7bc058291100|34fae46b7efb126f8064|3ef09e9e9755162b0000030500|41b0e9feb813b93a0000|2edade09992018639001002100|39c04e30953c92670064|51f09e9e966ad6370000952d00|40c04e30dd914a3d000000|32cd1c31e8c5867bc021001100|3fe3ca634c4f146f805b|3ed8f02d47ff397c006480|35b0e9fe71b8ee0000640010b940|3cb0e9fe738d940000640010b940|38ead4e1e85ddb7600|3e0892728f264a2a0000a20500|35b0e9fe50c86427206100|17eb6a5d9a496724802c|2db0e9fe8c47b100006400118848|35b0e9fecd3f4000006400118848|3fb0e9fe726e053a0000
[2026-07-17 11:01:11.833] 
[2026-07-17 11:01:11.833] 
[2026-07-17 11:01:11.833] uart: 632 AT+ACK SCANR;88:25b0e9fef4c91e39004a|45b0e9fed1270d0000640010b940|2dd4060232cf99220058|3efcb7709d0c266d00|37b0e9feb73ec18020640010b941|34b0e9fe01f3ef330064|2aa0a3b32cac9e230000630500|29dd46d197e3902500|33b0e9fe533ae732c064|3acdeee26626926d00|43b0e9fe9c7b203a0000|37b0e9fe69d82c736094002602|4ad569ad69d2df48c05d00|37b0e9fedd2aff0000640011b340|2bf6148d7f58566f80efe66ba00005f0011b340|39ceda72f7dfbb248064|2cc673f8b71b5c48c05900|34f09e9e9665d62b0000151500|3eb0e9fec1f71e0000640010b558|36cda558e40b43248001|3a24587c0879be3c000000|2ff09e9e965c6e3c000000|34b0e9feb9e218350064|38d97bfe7b66fb7600|2cd73d14175db46f8064|3ab0e9fefcc8e327206400
[2026-07-17 11:01:11.833] 
[2026-07-17 11:01:11.833] 
[2026-07-17 11:01:11.833] pTopic:switchlink/B0E9FEC6718C/link_to_app
[2026-07-17 11:01:11.833] pData:SCANR;88:33b0e9feff94e88020640010b941|4db0e9fed4acf48020640010b941|3ab0e9feeea9950000640010b940|31d5d74b7c22377b8018001140|42b0e9fe65c9430000640010b940|37b0e9fed941f18020640010b941|3cb0e9fe97625e00804100119fb8|38ef826dc989a2248059|32b0e9fed46e72390038|35b0e9fecff9758020640010b941|33dd09220682e27bc01a001280|2eb0e9fe6784210000640011b340|44f97d3e5f67975600|36b0e9fe926a358020640010b941|2be12e626eec2d7bc058291100|34fae46b7efb126f8064|3ef09e9e9755162b0000030500|41b0e9feb813b93a0000|2edade09992018639001002100|39c04e30953c92670064|51f09e9e966ad6370000952d00|40c04e30dd914a3d000000|32cd1c31e8c5867bc021001100|3fe3ca634c4f146f805b|3ed8f02d47ff397c006480|35b0e9fe71b8ee0000640010b940|3cb0e9fe738d940000640010b940|38ead4e1e85ddb7600|3e0892728f264a2a0000a20500|35b0e9fe50c86427206100|17eb6a5d9a496724802c|2db0e9fe8c47b100006400118848|35b0e9fecd3f4000006400118848|3fb0e9fe726e053a0000
[2026-07-17 11:01:11.833] uart: 680 AT+ACK SCANR;88:36e0efe6827c1f6f8064|30b0e9fe8abac739001a|35b0e9fea330a900006400118848|31ca6b62497615634056211104|2a6055f94pTopic:switchlink/B0E9FEC6718C/link_to_app
[2026-07-17 11:01:11.833] 044be670064|3a94a9905eddae370000030500|32d2e13b7c72f948005d00|34b0e9fec4473900406400110pData:SCANR;88:25b0e9fef4c91e39004a|45b0e9fed1270d0000640010b940|2dd4060232cf99220058|3efcb7709d0c266d00|37b0e9feb73ec18020640010b941|34b0e9fe01f3ef330064|2aa0a3b32cac9e230000630500|29dd46d197e3902500|33b0e9fe533ae732c064|3acdeee26626926d00|43b0e9fe9c7b203a0000|37b0e9fe69d82c736094002602|4ad569ad69d2df48c05d00|37b0e9fedd2aff0000640011b340|2bf6148d7f58566f80efe66ba00005f0011b340|39ceda72f7dfbb248064|2cc673f8b71b5c48c05900|34f09e9e9665d62b0000151500|3eb0e9fec1f71e0000640010b558|36cda558e40b43248001|3a24587c0879be3c000000|2ff09e9e965c6e3c000000|34b0e9feb9e218350064|38d97bfe7b66fb7600|2cd73d14175db46f8064|3ab0e9fefcc8e327206400
[2026-07-17 11:01:11.833] 760|36f4479f14ee7a6d00|2bb0e9fedc38f6000035001053b0|37b0e9feb62f0e00006400118848|4bb0e9fe527e83350064|2dc843d7aac8c92500|28b0e9fe9dca9d00206400113640|29fb483a30b3d52d8064|26eafd676054c56f8061|2ee1baa36806ed63c008002113|3cc91c357504c27bc043621103|27e18064ee322d780053|32b0e9fec786733a0000|36c74c63b529a07bc012641200|24c04e30ddc3ce670064|30b0e9fed84bfb0000640010b940|29f09074c016722d8064|37b0e9fe7aa4070000640010b940|41b0e9febba5480000640010b940|2eb0e9fe56f0a32c8061c91204
[2026-07-17 11:01:11.833] 
[2026-07-17 11:01:11.833] 
[2026-07-17 11:01:11.833] 
[2026-07-17 11:01:12.049] pTopic:switchlink/B0E9FEC6718C/link_to_app
[2026-07-17 11:01:12.049] pData:SCANR;88:36e0efe6827c1f6f8064|30b0e9fe8abac739001a|35b0e9fea330a900006400118848|31ca6b62497615634056211104|2a6055f94044be670064|3a94a9905eddae370000030500|32d2e13b7c72f948005d00|34b0e9fec4473900406400110760|36f4479f14ee7a6d00|2bb0e9fedc38f6000035001053b0|37b0e9feb62f0e00006400118848|4bb0e9fe527e83350064|2dc843d7aac8c92500|28b0e9fe9dca9d00206400113640|29fb483a30b3d52d8064|26eafd676054c56f8061|2ee1baa36806ed63c008002113|3cc91c357504c27bc043621103|27e18064ee322d780053|32b0e9fec786733a0000|36c74c63b529a07bc012641200|24c04e30ddc3ce670064|30b0e9fed84bfb0000640010b940|29f09074c016722d8064|37b0e9fe7aa4070000640010b940|41b0e9febba5480000640010b940|2eb0e9fe56f0a32c8061c91204
[2026-07-17 11:01:12.049] 
[2026-07-17 11:01:18.552] free heap: 6296516, minimum free heap: 6055764, Internal 8bit free heap: 72680, 8bit free heap: 6296516The current date/time is: Fri Jul 17 03:01:16 2026
[2026-07-17 11:01:18.552] 
[2026-07-17 11:01:18.552] 
[2026-07-17 11:01:26.563] free heap: 6296532, minimum free heap: 6055764, Internal 8bit free heap: 72716, 8bit free heap: 6296532The current date/time is: Fri Jul 17 03:01:24 2026
[2026-07-17 11:01:26.563] 
[2026-07-17 11:01:26.563] 
[2026-07-17 11:01:34.561] free heap: 6296552, minimum free heap: 6055764, Internal 8bit free heap: 72716, 8bit free heap: 6296552The current date/time is: Fri Jul 17 03:01:32 2026
[2026-07-17 11:01:34.561] 
[2026-07-17 11:01:34.561] 
[2026-07-17 11:01:42.565] free heap: 6296552, minimum free heap: 6055764, Internal 8bit free heap: 72716, 8bit free heap: 6296552The current date/time is: Fri Jul 17 03:01:40 2026
[2026-07-17 11:01:42.565] 
[2026-07-17 11:01:42.565] 
[2026-07-17 11:01:50.561] free heap: 6296532, minimum free heap: 6055764, Internal 8bit free heap: 72716, 8bit free heap: 6296532The current date/time is: Fri Jul 17 03:01:48 2026
[2026-07-17 11:01:50.561] 
[2026-07-17 11:01:50.561] 
[2026-07-17 11:01:58.560] free heap: 6296552, minimum free heap: 6055764, Internal 8bit free heap: 72716, 8bit free heap: 6296552The current date/time is: Fri Jul 17 03:01:56 2026
[2026-07-17 11:01:58.560] 
[2026-07-17 11:01:58.560] 
[2026-07-17 11:02:01.305] uart: 19 AT+TEMPHUMI +239 66
[2026-07-17 11:02:01.305] 
[2026-07-17 11:02:01.305] 
[2026-07-17 11:02:01.305] temp_ep:65535,temp_data:2390 humi_ep:65535,humi_data:6600
[2026-07-17 11:02:01.305] 
[2026-07-17 11:02:01.305] 
[2026-07-17 11:02:06.563] free heap: 6296496, minimum free heap: 6055764, Internal 8bit free heap: 72680, 8bit free heap: 6296496The current date/time is: Fri Jul 17 03:02:04 2026
[2026-07-17 11:02:06.563] 
[2026-07-17 11:02:06.563] 
[2026-07-17 11:02:14.574] free heap: 6296552, minimum free heap: 6055764, Internal 8bit free heap: 72716, 8bit free heap: 6296552The current date/time is: Fri Jul 17 03:02:12 2026
[2026-07-17 11:02:14.574] 
[2026-07-17 11:02:14.574] 
[2026-07-17 11:02:22.575] free heap: 6296552, minimum free heap: 6055764, Internal 8bit free heap: 72716, 8bit free heap: 6296552The current date/time is: Fri Jul 17 03:02:20 2026
[2026-07-17 11:02:22.575] 
[2026-07-17 11:02:22.575] 
[2026-07-17 11:02:27.307] uart: 11 AT+MOTION 0
[2026-07-17 11:02:27.307] 
[2026-07-17 11:02:27.307] 
[2026-07-17 11:02:27.307] btn on press
[2026-07-17 11:02:27.307] uart: 130 AT+BCDS ff04000206a599b40 0010B940B0E9FEC6718C48ca43a5b6dc0F0015000a09974241000000000000ff0cf900000000000000000000000000000000ff01
[2026-07-17 11:02:27.307] 
[2026-07-17 11:02:27.307] 
[2026-07-17 11:02:27.307] 
[2026-07-17 11:02:27.368] pTopic:$aws/rules/bi_wifi_data_report/switchlink/B0E9FEC6718C/link_to_shadow
[2026-07-17 11:02:27.368] pData:BCD ff04000206a599b40 0010B940B0E9FEC6718C48ca43a5b6dc0F0015000a09974241000000000000ff0cf900000000000000000000000000000000ff01
[2026-07-17 11:02:27.368] 
[2026-07-17 11:02:30.565] free heap: 6296552, minimum free heap: 6055764, Internal 8bit free heap: 72716, 8bit free heap: 6296552The current date/time is: Fri Jul 17 03:02:28 2026
[2026-07-17 11:02:30.565] 
[2026-07-17 11:02:30.565] 
[2026-07-17 11:02:32.491] [0;32mI (2032986) ROUTE_HOOK: Ignore invalid ICMP packet[0m
[2026-07-17 11:02:32.491] 
[2026-07-17 11:02:32.691] [0;32mI (2033183) ROUTE_HOOK: Received RIO[0m
[2026-07-17 11:02:32.691] [0;32mI (2033183) ROUTE_HOOK: prefix FDEA:C98F:38B2:1:: lifetime 1800[0m
[2026-07-17 11:02:32.691] 
[2026-07-17 11:02:37.788] uart: 11 AT+MOTION 1
[2026-07-17 11:02:37.788] 
[2026-07-17 11:02:37.788] 
[2026-07-17 11:02:37.788] btn on press
[2026-07-17 11:02:37.788] uart: 130 AT+BCDS ff04000206a599b4a 0010B940B0E9FEC6718C48ca43a5b6dc0F0016200a09974241000000000000ff0cfb00000000000000000000000000000000ff01
[2026-07-17 11:02:37.788] 
[2026-07-17 11:02:37.788] 
[2026-07-17 11:02:37.788] 
[2026-07-17 11:02:37.881] pTopic:$aws/rules/bi_wifi_data_report/switchlink/B0E9FEC6718C/link_to_shadow
[2026-07-17 11:02:37.881] pData:BCD ff04000206a599b4a 0010B940B0E9FEC6718C48ca43a5b6dc0F0016200a09974241000000000000ff0cfb00000000000000000000000000000000ff01
[2026-07-17 11:02:37.881] 
[2026-07-17 11:02:38.577] free heap: 6296552, minimum free heap: 6055764, Internal 8bit free heap: 72716, 8bit free heap: 6296552The current date/time is: Fri Jul 17 03:02:36 2026
[2026-07-17 11:02:38.577] 
[2026-07-17 11:02:38.577] 
[2026-07-17 11:02:46.574] free heap: 6296532, minimum free heap: 6055764, Internal 8bit free heap: 72716, 8bit free heap: 6296532The current date/time is: Fri Jul 17 03:02:44 2026
[2026-07-17 11:02:46.574] 
[2026-07-17 11:02:46.574] 
[2026-07-17 11:02:54.576] free heap: 6296552, minimum free heap: 6055764, Internal 8bit free heap: 72716, 8bit free heap: 6296552The current date/time is: Fri Jul 17 03:02:52 2026
[2026-07-17 11:02:54.576] 
[2026-07-17 11:02:54.576] 
[2026-07-17 11:03:02.578] free heap: 6296516, minimum free heap: 6055764, Internal 8bit free heap: 72680, 8bit free heap: 6296516The current date/time is: Fri Jul 17 03:03:00 2026
[2026-07-17 11:03:02.578] 
[2026-07-17 11:03:02.578] 
[2026-07-17 11:03:10.588] free heap: 6296532, minimum free heap: 6055764, Internal 8bit free heap: 72716, 8bit free heap: 6296532The current date/time is: Fri Jul 17 03:03:08 2026
[2026-07-17 11:03:10.588] 
[2026-07-17 11:03:10.588] 
[2026-07-17 11:03:18.587] free heap: 6296552, minimum free heap: 6055764, Internal 8bit free heap: 72716, 8bit free heap: 6296552The current date/time is: Fri Jul 17 03:03:16 2026
[2026-07-17 11:03:18.587] 
[2026-07-17 11:03:18.587] 
[2026-07-17 11:03:26.592] free heap: 6296532, minimum free heap: 6055764, Internal 8bit free heap: 72716, 8bit free heap: 6296532The current date/time is: Fri Jul 17 03:03:24 2026
[2026-07-17 11:03:26.592] 
[2026-07-17 11:03:26.592] 
[2026-07-17 11:03:34.593] free heap: 6296552, minimum free heap: 6055764, Internal 8bit free heap: 72716, 8bit free heap: 6296552The current date/time is: Fri Jul 17 03:03:32 2026
[2026-07-17 11:03:34.593] 
[2026-07-17 11:03:34.593] 
[2026-07-17 11:03:42.591] free heap: 6296552, minimum free heap: 6055764, Internal 8bit free heap: 72716, 8bit free heap: 6296552The current date/time is: Fri Jul 17 03:03:40 2026
[2026-07-17 11:03:42.591] 
[2026-07-17 11:03:42.591] 
[2026-07-17 11:03:50.598] free heap: 6296552, minimum free heap: 6055764, Internal 8bit free heap: 72716, 8bit free heap: 6296552The current date/time is: Fri Jul 17 03:03:48 2026
[2026-07-17 11:03:50.598] 
[2026-07-17 11:03:50.598] 
[2026-07-17 11:03:58.599] free heap: 6296516, minimum free heap: 6055764, Internal 8bit free heap: 72680, 8bit free heap: 6296516The current date/time is: Fri Jul 17 03:03:56 2026
[2026-07-17 11:03:58.599] 
[2026-07-17 11:03:58.599] 
[2026-07-17 11:04:06.597] free heap: 6296532, minimum free heap: 6055764, Internal 8bit free heap: 72716, 8bit free heap: 6296532The current date/time is: Fri Jul 17 03:04:04 2026
[2026-07-17 11:04:06.597] 
[2026-07-17 11:04:06.597] 
[2026-07-17 11:04:13.317] uart: 11 AT+MOTION 0
[2026-07-17 11:04:13.317] 
[2026-07-17 11:04:13.317] 
[2026-07-17 11:04:13.317] btn on press
[2026-07-17 11:04:13.317] uart: 130 AT+BCDS ff04000206a599baa 0010B940B0E9FEC6718C48ca43a5b6dc0F0017000a09974241000000000000ff0cff00000000000000000000000000000000ff01
[2026-07-17 11:04:13.317] 
[2026-07-17 11:04:13.317] 
[2026-07-17 11:04:13.317] 
[2026-07-17 11:04:13.396] pTopic:$aws/rules/bi_wifi_data_report/switchlink/B0E9FEC6718C/link_to_shadow
[2026-07-17 11:04:13.396] pData:BCD ff04000206a599baa 0010B940B0E9FEC6718C48ca43a5b6dc0F0017000a09974241000000000000ff0cff00000000000000000000000000000000ff01
[2026-07-17 11:04:13.396] 
[2026-07-17 11:04:14.602] free heap: 6296516, minimum free heap: 6055764, Internal 8bit free heap: 72680, 8bit free heap: 6296516The current date/time is: Fri Jul 17 03:04:12 2026
[2026-07-17 11:04:14.602] 
[2026-07-17 11:04:14.602] 
[2026-07-17 11:04:22.593] free heap: 6296552, minimum free heap: 6055764, Internal 8bit free heap: 72716, 8bit free heap: 6296552The current date/time is: Fri Jul 17 03:04:20 2026
[2026-07-17 11:04:22.593] 
[2026-07-17 11:04:22.593] 
[2026-07-17 11:04:24.767] uart: 11 AT+MOTION 1
[2026-07-17 11:04:24.767] 
[2026-07-17 11:04:24.767] 
[2026-07-17 11:04:24.767] btn on press
[2026-07-17 11:04:24.767] uart: 130 AT+BCDS ff04000206a599bb5 0010B940B0E9FEC6718C48ca43a5b6dc0F0018200a09974241000000000000ff0cfc00000000000000000000000000000000ff01
[2026-07-17 11:04:24.767] 
[2026-07-17 11:04:24.767] 
[2026-07-17 11:04:24.767] 
[2026-07-17 11:04:24.921] pTopic:$aws/rules/bi_wifi_data_report/switchlink/B0E9FEC6718C/link_to_shadow
[2026-07-17 11:04:24.921] pData:BCD ff04000206a599bb5 0010B940B0E9FEC6718C48ca43a5b6dc0F0018200a09974241000000000000ff0cfc00000000000000000000000000000000ff01
[2026-07-17 11:04:24.921] 
[2026-07-17 11:04:29.422] [0;32mI (2149918) ROUTE_HOOK: Received RIO[0m
[2026-07-17 11:04:29.422] [0;32mI (2149918) ROUTE_HOOK: prefix FDEA:C98F:38B2:1:: lifetime 1800[0m
[2026-07-17 11:04:29.422] 
[2026-07-17 11:04:30.599] free heap: 6296532, minimum free heap: 6055764, Internal 8bit free heap: 72716, 8bit free heap: 6296532The current date/time is: Fri Jul 17 03:04:28 2026
[2026-07-17 11:04:30.599] 
[2026-07-17 11:04:30.599] 
[2026-07-17 11:04:38.599] free heap: 6296552, minimum free heap: 6055764, Internal 8bit free heap: 72716, 8bit free heap: 6296552The current date/time is: Fri Jul 17 03:04:36 2026
[2026-07-17 11:04:38.599] 
[2026-07-17 11:04:38.599] 
[2026-07-17 11:04:46.611] free heap: 6296532, minimum free heap: 6055764, Internal 8bit free heap: 72716, 8bit free heap: 6296532The current date/time is: Fri Jul 17 03:04:44 2026
[2026-07-17 11:04:46.611] 
[2026-07-17 11:04:46.611] 
[2026-07-17 11:04:54.612] free heap: 6296516, minimum free heap: 6055764, Internal 8bit free heap: 72680, 8bit free heap: 6296516The current date/time is: Fri Jul 17 03:04:52 2026
[2026-07-17 11:04:54.612] 
[2026-07-17 11:04:54.612] 
[2026-07-17 11:05:02.606] free heap: 6296552, minimum free heap: 6055764, Internal 8bit free heap: 72716, 8bit free heap: 6296552The current date/time is: Fri Jul 17 03:05:00 2026
[2026-07-17 11:05:02.606] 
[2026-07-17 11:05:02.606] 
[2026-07-17 11:05:10.614] free heap: 6296532, minimum free heap: 6055764, Internal 8bit free heap: 72716, 8bit free heap: 6296532The current date/time is: Fri Jul 17 03:05:08 2026
[2026-07-17 11:05:10.614] 
[2026-07-17 11:05:10.614] 
[2026-07-17 11:05:18.618] free heap: 6296552, minimum free heap: 6055764, Internal 8bit free heap: 72716, 8bit free heap: 6296552The current date/time is: Fri Jul 17 03:05:16 2026
[2026-07-17 11:05:18.618] 
[2026-07-17 11:05:18.618] 
[2026-07-17 11:05:22.576] Nanoleaf MQTT payload: {"msgType":"scan_trigger","requestID":"4f1d7d57-5c2c-4af5-83c0-6f0e65c8b444","timestamp":1784257523238}
[2026-07-17 11:05:22.576] [0;32mI (2203071) NL_MQTT: scan_trigger enqueued[0m
[2026-07-17 11:05:22.576] 
[2026-07-17 11:05:22.653] [0;32mI (2203156) TASK_NL: scan_trigger: 手动触发 mDNS 扫描[0m
[2026-07-17 11:05:22.653] [0;32mI (2203156) TASK_NL: ExecuteScan: trigger=manual[0m
[2026-07-17 11:05:22.653] 
[2026-07-17 11:05:25.777] [0;32mI (2206240) TASK_NL: Scan[0]: name=Elements 88E6 ip=192.168.50.16 id=60:EC:09:9E:98:F6 model=NL52 fw=12.2.3[0m
[2026-07-17 11:05:25.777] [0;32mI (2206241) TASK_NL: Scan[1]: name=4D FEB8 ip=192.168.50.160 id=0A:8D:43:9C:B4:AF model=NL69 fw=12.3.6[0m
[2026-07-17 11:05:25.777] [0;32mI (2206250) TASK_NL: Scan[2]: name=Shapes 2201 ip=192.168.50.119 id=6B:07:C6:28:FB:80 model=NL42 fw=12.2.0[0m
[2026-07-17 11:05:25.777] [0;32mI (2206260) TASK_NL: Scan[3]: name=Lines B5D2 ip=192.168.50.201 id=3E:0A:E0:49:41:82 model=NL59 fw=12.2.3[0m
[2026-07-17 11:05:25.777] [0;32mI (2206271) TASK_NL: ExecuteScan: found 4 devices, publishing[0m
[2026-07-17 11:05:25.777] 
[2026-07-17 11:05:25.976] pTopic:switchlink/B0E9FEC6718C/link_to_nanoleaf_property
[2026-07-17 11:05:25.976] pData:{"msgType":"online","deviceId":"89F8DC10D009","timestamp":1784257526,"online":false,"reason":"mdns_lost"}
[2026-07-17 11:05:25.976] pTopic:switchlink/B0E9FEC6718C/link_to_nanoleaf_property
[2026-07-17 11:05:25.976] pData:{"msgType":"online","deviceId":"D0623120BA73","timestamp":1784257526,"online":false,"reason":"mdns_lost"}
[2026-07-17 11:05:25.976] pTopic:switchlink/B0E9FEC6718C/link_to_nanoleaf_maint
[2026-07-17 11:05:25.976] pData:{"msgType":"nanoleaf_scan","trigger":"manual","timestamp":1784257526,"managed":{"total":2,"devices":[{"deviceId":"89F8DC10D009","clientId":1,"state":"retry_wait","online":0},{"deviceId":"D0623120BA73","clientId":1,"state":"retry_wait","online":0}]},"devices":[{"deviceId":"60:EC:09:9E:98:F6","ip":"192.168.50.16","port":12566,"model":"NL52","firmware":"12.2.3"},{"deviceId":"0A:8D:43:9C:B4:AF","ip":"192.168.50.160","port":12566,"model":"NL69","firmware":"12.3.6"},{"deviceId":"6B:07:C6:28:FB:80","ip":"192.168.50.119","port":12566,"model":"NL42","firmware":"12.2.0"},{"deviceId":"3E:0A:E0:49:41:82","ip":"192.168.50.201","port":12566,"model":"NL59","firmware":"12.2.3"}]}
[2026-07-17 11:05:25.976] 
[2026-07-17 11:05:26.607] free heap: 6296292, minimum free heap: 6055764, Internal 8bit free heap: 72680, 8bit free heap: 6296292The current date/time is: Fri Jul 17 03:05:24 2026
[2026-07-17 11:05:26.607] 
[2026-07-17 11:05:26.607] 
[2026-07-17 11:05:34.619] free heap: 6296328, minimum free heap: 6055764, Internal 8bit free heap: 72716, 8bit free heap: 6296328The current date/time is: Fri Jul 17 03:05:32 2026
[2026-07-17 11:05:34.619] 
[2026-07-17 11:05:34.619] 
[2026-07-17 11:05:42.612] free heap: 6296140, minimum free heap: 6055764, Internal 8bit free heap: 72716, 8bit free heap: 6296140The current date/time is: Fri Jul 17 03:05:40 2026
[2026-07-17 11:05:42.612] 
[2026-07-17 11:05:42.612] 
[2026-07-17 11:05:48.588] Nanoleaf MQTT payload: {"msgType":"scan_trigger","requestID":"f06bdac9-72c2-47c8-9325-6e13521d250d","timestamp":1784257549258}
[2026-07-17 11:05:48.588] [0;32mI (2229076) NL_MQTT: scan_trigger enqueued[0m
[2026-07-17 11:05:48.588] [0;32mI (2229077) TASK_NL: scan_trigger: 手动触发 mDNS 扫描[0m
[2026-07-17 11:05:48.588] [0;32mI (2229087) TASK_NL: ExecuteScan: trigger=manual[0m
[2026-07-17 11:05:48.588] 
[2026-07-17 11:05:50.621] free heap: 6244196, minimum free heap: 6055764, Internal 8bit free heap: 72584, 8bit free heap: 6244196The current date/time is: Fri Jul 17 03:05:48 2026
[2026-07-17 11:05:50.621] 
[2026-07-17 11:05:50.621] 
[2026-07-17 11:05:51.656] [0;32mI (2232140) TASK_NL: Scan[0]: name=Shapes 2201 ip=192.168.50.119 id=6B:07:C6:28:FB:80 model=NL42 fw=12.2.0[0m
[2026-07-17 11:05:51.656] [0;32mI (2232141) TASK_NL: Scan[1]: name=4D FEB8 ip=192.168.50.160 id=0A:8D:43:9C:B4:AF model=NL69 fw=12.3.6[0m
[2026-07-17 11:05:51.656] [0;32mI (2232150) TASK_NL: ExecuteScan: found 2 devices, publishing[0m
[2026-07-17 11:05:51.656] 
[2026-07-17 11:05:51.886] pTopic:switchlink/B0E9FEC6718C/link_to_nanoleaf_property
[2026-07-17 11:05:51.886] pData:{"msgType":"online","deviceId":"89F8DC10D009","timestamp":1784257552,"online":false,"reason":"mdns_lost"}
[2026-07-17 11:05:51.886] pTopic:switchlink/B0E9FEC6718C/link_to_nanoleaf_property
[2026-07-17 11:05:51.886] pData:{"msgType":"online","deviceId":"D0623120BA73","timestamp":1784257552,"online":false,"reason":"mdns_lost"}
[2026-07-17 11:05:51.886] pTopic:switchlink/B0E9FEC6718C/link_to_nanoleaf_maint
[2026-07-17 11:05:51.886] pData:{"msgType":"nanoleaf_scan","trigger":"manual","timestamp":1784257552,"managed":{"total":2,"devices":[{"deviceId":"89F8DC10D009","clientId":1,"state":"retry_wait","online":0},{"deviceId":"D0623120BA73","clientId":1,"state":"retry_wait","online":0}]},"devices":[{"deviceId":"6B:07:C6:28:FB:80","ip":"192.168.50.119","port":12566,"model":"NL42","firmware":"12.2.0"},{"deviceId":"0A:8D:43:9C:B4:AF","ip":"192.168.50.160","port":12566,"model":"NL69","firmware":"12.3.6"}]}
[2026-07-17 11:05:51.886] 
[2026-07-17 11:05:58.626] free heap: 6296360, minimum free heap: 6055764, Internal 8bit free heap: 72716, 8bit free heap: 6296360The current date/time is: Fri Jul 17 03:05:56 2026
[2026-07-17 11:05:58.626] 
[2026-07-17 11:05:58.626] 
[2026-07-17 11:06:06.618] free heap: 6296340, minimum free heap: 6055764, Internal 8bit free heap: 72716, 8bit free heap: 6296340The current date/time is: Fri Jul 17 03:06:04 2026
[2026-07-17 11:06:06.618] 
[2026-07-17 11:06:06.618] 
[2026-07-17 11:06:14.629] free heap: 6296360, minimum free heap: 6055764, Internal 8bit free heap: 72716, 8bit free heap: 6296360The current date/time is: Fri Jul 17 03:06:12 2026
[2026-07-17 11:06:14.629] 
[2026-07-17 11:06:14.629] 
[2026-07-17 11:06:22.627] free heap: 6296360, minimum free heap: 6055764, Internal 8bit free heap: 72716, 8bit free heap: 6296360The current date/time is: Fri Jul 17 03:06:20 2026
[2026-07-17 11:06:22.627] 
[2026-07-17 11:06:22.627] 
[2026-07-17 11:06:30.631] free heap: 6296344, minimum free heap: 6055764, Internal 8bit free heap: 72716, 8bit free heap: 6296344The current date/time is: Fri Jul 17 03:06:28 2026
[2026-07-17 11:06:30.631] 
[2026-07-17 11:06:30.631] 
[2026-07-17 11:06:32.611] Nanoleaf MQTT payload: {"msgType":"scan_trigger","requestID":"2c15c1cf-a057-49cf-b69f-0ec7fdfa563a","timestamp":1784257593270}
[2026-07-17 11:06:32.611] [0;32mI (2273109) NL_MQTT: scan_trigger enqueued[0m
[2026-07-17 11:06:32.611] 
[2026-07-17 11:06:32.658] [0;32mI (2273156) TASK_NL: scan_trigger: 手动触发 mDNS 扫描[0m
[2026-07-17 11:06:32.658] [0;32mI (2273156) TASK_NL: ExecuteScan: trigger=manual[0m
[2026-07-17 11:06:32.658] 
[2026-07-17 11:06:35.789] [0;32mI (2276240) TASK_NL: Scan[0]: name=Shapes 2201 ip=192.168.50.119 id=6B:07:C6:28:FB:80 model=NL42 fw=12.2.0[0m
[2026-07-17 11:06:35.789] [0;32mI (2276241) TASK_NL: Scan[1]: name=4D FEB8 ip=192.168.50.160 id=0A:8D:43:9C:B4:AF model=NL69 fw=12.3.6[0m
[2026-07-17 11:06:35.789] [0;32mI (2276250) TASK_NL: Scan[2]: name=Elements 88E6 ip=192.168.50.16 id=60:EC:09:9E:98:F6 model=NL52 fw=12.2.3[0m
[2026-07-17 11:06:35.789] [0;32mI (2276260) TASK_NL: Scan[3]: name=Lines B5D2 ip=192.168.50.201 id=3E:0A:E0:49:41:82 model=NL59 fw=12.2.3[0m
[2026-07-17 11:06:35.789] [0;32mI (2276271) TASK_NL: [1] mDNS exhausted, using stored IP: 192.168.50.16[0m
[2026-07-17 11:06:35.789] [0;32mI (2276278) TASK_NL: ExecuteScan: found 4 devices, publishing[0m
[2026-07-17 11:06:35.789] 
[2026-07-17 11:06:35.991] pTopic:switchlink/B0E9FEC6718C/link_to_nanoleaf_property
[2026-07-17 11:06:35.991] pData:{"msgType":"online","deviceId":"89F8DC10D009","timestamp":1784257596,"online":false,"reason":"mdns_lost"}
[2026-07-17 11:06:35.991] pTopic:switchlink/B0E9FEC6718C/link_to_nanoleaf_property
[2026-07-17 11:06:35.991] pData:{"msgType":"online","deviceId":"D0623120BA73","timestamp":1784257596,"online":false,"reason":"mdns_lost"}
[2026-07-17 11:06:35.991] pTopic:switchlink/B0E9FEC6718C/link_to_nanoleaf_maint
[2026-07-17 11:06:35.991] pData:{"msgType":"nanoleaf_scan","trigger":"manual","timestamp":1784257596,"managed":{"total":2,"devices":[{"deviceId":"89F8DC10D009","clientId":1,"state":"retry_wait","online":0},{"deviceId":"D0623120BA73","clientId":1,"state":"auth","online":0}]},"devices":[{"deviceId":"6B:07:C6:28:FB:80","ip":"192.168.50.119","port":12566,"model":"NL42","firmware":"12.2.0"},{"deviceId":"0A:8D:43:9C:B4:AF","ip":"192.168.50.160","port":12566,"model":"NL69","firmware":"12.3.6"},{"deviceId":"60:EC:09:9E:98:F6","ip":"192.168.50.16","port":12566,"model":"NL52","firmware":"12.2.3"},{"deviceId":"3E:0A:E0:49:41:82","ip":"192.168.50.201","port":12566,"model":"NL59","firmware":"12.2.3"}]}
[2026-07-17 11:06:35.991] [0;32mI (2276494) NL_LTPDU: CISS: recovered session to 192.168.50.16 (counter=28, ver=V3.0)[0m
[2026-07-17 11:06:35.991] 
[2026-07-17 11:06:36.068] [0;33mW (2276571) TASK_NL: [1] CISS verify failed (err=9), fallback SRP[0m
[2026-07-17 11:06:36.068] [0;32mI (2276572) NL_LTPDU: SRP reconnect: device=Elements 88E6 clientId=1[0m
[2026-07-17 11:06:36.068] 
[2026-07-17 11:06:36.130] [0;32mI (2276610) NL_LTPDU:   pubA[0:4]=38C5DE60[0m
[2026-07-17 11:06:36.130] [0;32mI (2276634) NL_LTPDU: TCP connected to 192.168.50.16:12566[0m
[2026-07-17 11:06:36.130] 
[2026-07-17 11:06:36.547] [0;32mI (2277019) NL_LTPDU:   step1 rsp: salt len=4, salt[0:4]=A46C7D85[0m
[2026-07-17 11:06:36.547] [0;32mI (2277019) NL_LTPDU:   step1 rsp: B[0:4]=09EBF0EC, B len=256[0m
[2026-07-17 11:06:36.547] [0;32mI (2277021) NL_LTPDU:   session_version: len=0 val=FFFF[0m
[2026-07-17 11:06:36.547] [0;32mI (2277027) NL_SRP:   k[0:8]=4CBA3FB2923E01FB[0m
[2026-07-17 11:06:36.547] [0;32mI (2277032) NL_SRP:   szA=256, szB=256[0m
[2026-07-17 11:06:36.547] [0;32mI (2277037) NL_SRP:   u[0:8]=9E3AFFD865F86071[0m
[2026-07-17 11:06:36.547] [0;32mI (2277042) NL_SRP:   x[0:8]=6C88A7E8BA79C53B[0m
[2026-07-17 11:06:36.547] 
[2026-07-17 11:06:36.640] [0;32mI (2277140) NL_SRP: SrpComputeSecret OK[0m
[2026-07-17 11:06:36.640] [0;32mI (2277140) NL_LTPDU:   SrpComputeSecret OK[0m
[2026-07-17 11:06:36.640] 
[2026-07-17 11:06:36.781] [0;31mE (2277264) NL_LTPDU: SRP step2: missing/invalid M2[0m
[2026-07-17 11:06:36.781] [0;33mW (2277265) TASK_NL: [1] Auth failed (err=5, retry=1/3)[0m
[2026-07-17 11:06:36.781] [0;32mI (2277284) NL_LTPDU: SRP reconnect: device=Elements 88E6 clientId=1[0m
[2026-07-17 11:06:36.781] 
[2026-07-17 11:06:36.812] [0;32mI (2277319) NL_LTPDU:   pubA[0:4]=4E73C90D[0m
[2026-07-17 11:06:36.812] 
[2026-07-17 11:06:37.216] [0;32mI (2277722) NL_LTPDU: TCP connected to 192.168.50.16:12566[0m
[2026-07-17 11:06:37.216] 
[2026-07-17 11:06:37.757] [0;32mI (2278224) NL_LTPDU:   step1 rsp: salt len=4, salt[0:4]=E466227E[0m
[2026-07-17 11:06:37.757] [0;32mI (2278224) NL_LTPDU:   step1 rsp: B[0:4]=9F56A882, B len=256[0m
[2026-07-17 11:06:37.757] [0;32mI (2278226) NL_LTPDU:   session_version: len=0 val=FFFF[0m
[2026-07-17 11:06:37.757] [0;32mI (2278232) NL_SRP:   k[0:8]=4CBA3FB2923E01FB[0m
[2026-07-17 11:06:37.757] [0;32mI (2278237) NL_SRP:   szA=256, szB=256[0m
[2026-07-17 11:06:37.757] [0;32mI (2278241) NL_SRP:   u[0:8]=AA57DD6F68566004[0m
[2026-07-17 11:06:37.757] [0;32mI (2278246) NL_SRP:   x[0:8]=EF227F514EEBE914[0m
[2026-07-17 11:06:37.757] 
[2026-07-17 11:06:37.849] [0;32mI (2278344) NL_SRP: SrpComputeSecret OK[0m
[2026-07-17 11:06:37.849] [0;32mI (2278345) NL_LTPDU:   SrpComputeSecret OK[0m
[2026-07-17 11:06:37.849] [0;31mE (2278351) NL_LTPDU: SRP step2: missing/invalid M2[0m
[2026-07-17 11:06:37.849] [0;33mW (2278352) TASK_NL: [1] Auth failed (err=5, retry=2/3)[0m
[2026-07-17 11:06:37.849] 
[2026-07-17 11:06:38.638] free heap: 6295504, minimum free heap: 6055764, Internal 8bit free heap: 72716, 8bit free heap: 6295504The current date/time is: Fri Jul 17 03:06:36 2026
[2026-07-17 11:06:38.638] 
[2026-07-17 11:06:38.638] 
[2026-07-17 11:06:46.639] free heap: 6295484, minimum free heap: 6055764, Internal 8bit free heap: 72716, 8bit free heap: 6295484The current date/time is: Fri Jul 17 03:06:44 2026
[2026-07-17 11:06:46.639] 
[2026-07-17 11:06:46.639] 
[2026-07-17 11:06:54.640] free heap: 6295504, minimum free heap: 6055764, Internal 8bit free heap: 72716, 8bit free heap: 6295504The current date/time is: Fri Jul 17 03:06:52 2026
[2026-07-17 11:06:54.640] 
[2026-07-17 11:06:54.640] 
[2026-07-17 11:07:01.320] uart: 11 AT+MOTION 0
[2026-07-17 11:07:01.320] 
[2026-07-17 11:07:01.320] 
[2026-07-17 11:07:01.320] btn on press
[2026-07-17 11:07:01.320] uart: 130 AT+BCDS ff04000206a599c52 0010B940B0E9FEC6718C48ca43a5b6dc0F0019000a09974241000000000000ff0cfe00000000000000000000000000000000ff01
[2026-07-17 11:07:01.320] 
[2026-07-17 11:07:01.320] 
[2026-07-17 11:07:01.320] 
[2026-07-17 11:07:01.446] pTopic:$aws/rules/bi_wifi_data_report/switchlink/B0E9FEC6718C/link_to_shadow
[2026-07-17 11:07:01.446] pData:BCD ff04000206a599c52 0010B940B0E9FEC6718C48ca43a5b6dc0F0019000a09974241000000000000ff0cfe00000000000000000000000000000000ff01
[2026-07-17 11:07:01.446] 
[2026-07-17 11:07:02.637] free heap: 6295504, minimum free heap: 6055764, Internal 8bit free heap: 72716, 8bit free heap: 6295504The current date/time is: Fri Jul 17 03:07:00 2026
[2026-07-17 11:07:02.637] 
[2026-07-17 11:07:02.637] 
[2026-07-17 11:07:10.634] free heap: 6295484, minimum free heap: 6055764, Internal 8bit free heap: 72716, 8bit free heap: 6295484The current date/time is: Fri Jul 17 03:07:08 2026
[2026-07-17 11:07:10.634] 
[2026-07-17 11:07:10.634] 
[2026-07-17 11:07:18.641] free heap: 6295504, minimum free heap: 6055764, Internal 8bit free heap: 72716, 8bit free heap: 6295504The current date/time is: Fri Jul 17 03:07:16 2026
[2026-07-17 11:07:18.641] 
[2026-07-17 11:07:18.641] 
[2026-07-17 11:07:26.651] free heap: 6295484, minimum free heap: 6055764, Internal 8bit free heap: 72716, 8bit free heap: 6295484The current date/time is: Fri Jul 17 03:07:24 2026
[2026-07-17 11:07:26.651] 
[2026-07-17 11:07:26.651] 
[2026-07-17 11:07:33.613] uart: 11 AT+MOTION 1
[2026-07-17 11:07:33.613] 
[2026-07-17 11:07:33.613] 
[2026-07-17 11:07:33.613] btn on press
[2026-07-17 11:07:33.613] uart: 130 AT+BCDS ff04000206a599c72 0010B940B0E9FEC6718C48ca43a5b6dc0F001a200a09974241000000000000ff0d0200000000000000000000000000000000ff01
[2026-07-17 11:07:33.613] 
[2026-07-17 11:07:33.613] 
[2026-07-17 11:07:33.613] 
[2026-07-17 11:07:33.768] pTopic:$aws/rules/bi_wifi_data_report/switchlink/B0E9FEC6718C/link_to_shadow
[2026-07-17 11:07:33.768] pData:BCD ff04000206a599c72 0010B940B0E9FEC6718C48ca43a5b6dc0F001a200a09974241000000000000ff0d0200000000000000000000000000000000ff01
[2026-07-17 11:07:33.768] 
[2026-07-17 11:07:34.651] free heap: 6295500, minimum free heap: 6055764, Internal 8bit free heap: 72716, 8bit free heap: 6295500The current date/time is: Fri Jul 17 03:07:32 2026
[2026-07-17 11:07:34.651] 
[2026-07-17 11:07:34.651] 
[2026-07-17 11:07:37.017] [0;32mI (2337515) ROUTE_HOOK: Received RIO[0m
[2026-07-17 11:07:37.017] [0;32mI (2337515) ROUTE_HOOK: prefix FDEA:C98F:38B2:1:: lifetime 1800[0m
[2026-07-17 11:07:37.017] 
[2026-07-17 11:07:42.648] free heap: 6295500, minimum free heap: 6055764, Internal 8bit free heap: 72716, 8bit free heap: 6295500The current date/time is: Fri Jul 17 03:07:40 2026
[2026-07-17 11:07:42.648] 
[2026-07-17 11:07:42.648] 
[2026-07-17 11:07:50.650] free heap: 6295444, minimum free heap: 6055764, Internal 8bit free heap: 72680, 8bit free heap: 6295444The current date/time is: Fri Jul 17 03:07:48 2026
[2026-07-17 11:07:50.650] 
[2026-07-17 11:07:50.650] 
[2026-07-17 11:07:58.649] free heap: 6295500, minimum free heap: 6055764, Internal 8bit free heap: 72716, 8bit free heap: 6295500The current date/time is: Fri Jul 17 03:07:56 2026
[2026-07-17 11:07:58.649] 
[2026-07-17 11:07:58.649] 
[2026-07-17 11:08:05.317] uart: 11 AT+MOTION 0
[2026-07-17 11:08:05.317] 
[2026-07-17 11:08:05.317] 
[2026-07-17 11:08:05.317] btn on press
[2026-07-17 11:08:05.317] uart: 130 AT+BCDS ff04000206a599c92 0010B940B0E9FEC6718C48ca43a5b6dc0F001b000a09974241000000000000ff0d0200000000000000000000000000000000ff01
[2026-07-17 11:08:05.317] 
[2026-07-17 11:08:05.317] 
[2026-07-17 11:08:05.317] 
[2026-07-17 11:08:05.470] pTopic:$aws/rules/bi_wifi_data_report/switchlink/B0E9FEC6718C/link_to_shadow
[2026-07-17 11:08:05.470] pData:BCD ff04000206a599c92 0010B940B0E9FEC6718C48ca43a5b6dc0F001b000a09974241000000000000ff0d0200000000000000000000000000000000ff01
[2026-07-17 11:08:05.470] 
[2026-07-17 11:08:06.647] free heap: 6295480, minimum free heap: 6055764, Internal 8bit free heap: 72716, 8bit free heap: 6295480The current date/time is: Fri Jul 17 03:08:04 2026
[2026-07-17 11:08:06.647] 
[2026-07-17 11:08:06.647] 
[2026-07-17 11:08:14.660] free heap: 6295504, minimum free heap: 6055764, Internal 8bit free heap: 72716, 8bit free heap: 6295504The current date/time is: Fri Jul 17 03:08:12 2026
[2026-07-17 11:08:14.660] 
[2026-07-17 11:08:14.660] 
[2026-07-17 11:08:22.662] free heap: 6295504, minimum free heap: 6055764, Internal 8bit free heap: 72716, 8bit free heap: 6295504The current date/time is: Fri Jul 17 03:08:20 2026
[2026-07-17 11:08:22.662] 
[2026-07-17 11:08:22.662] 
[2026-07-17 11:08:26.021] uart: 11 AT+MOTION 1
[2026-07-17 11:08:26.021] 
[2026-07-17 11:08:26.021] 
[2026-07-17 11:08:26.021] btn on press
[2026-07-17 11:08:26.021] uart: 130 AT+BCDS ff04000206a599ca6 0010B940B0E9FEC6718C48ca43a5b6dc0F001c200a09974241000000000000ff0cfe00000000000000000000000000000000ff01
[2026-07-17 11:08:26.021] 
[2026-07-17 11:08:26.021] 
[2026-07-17 11:08:26.021] 
[2026-07-17 11:08:26.067] pTopic:$aws/rules/bi_wifi_data_report/switchlink/B0E9FEC6718C/link_to_shadow
[2026-07-17 11:08:26.067] pData:BCD ff04000206a599ca6 0010B940B0E9FEC6718C48ca43a5b6dc0F001c200a09974241000000000000ff0cfe00000000000000000000000000000000ff01
[2026-07-17 11:08:26.067] 
[2026-07-17 11:08:30.651] free heap: 6295504, minimum free heap: 6055764, Internal 8bit free heap: 72716, 8bit free heap: 6295504The current date/time is: Fri Jul 17 03:08:28 2026
[2026-07-17 11:08:30.651] 
[2026-07-17 11:08:30.651] 
[2026-07-17 11:08:38.665] free heap: 6296104, minimum free heap: 6055764, Internal 8bit free heap: 72680, 8bit free heap: 6296104The current date/time is: Fri Jul 17 03:08:36 2026
[2026-07-17 11:08:38.665] 
[2026-07-17 11:08:38.665] 
[2026-07-17 11:08:46.655] free heap: 6296140, minimum free heap: 6055764, Internal 8bit free heap: 72716, 8bit free heap: 6296140The current date/time is: Fri Jul 17 03:08:44 2026
[2026-07-17 11:08:46.655] 
[2026-07-17 11:08:46.655] 
[2026-07-17 11:08:54.671] free heap: 6296140, minimum free heap: 6055764, Internal 8bit free heap: 72716, 8bit free heap: 6296140The current date/time is: Fri Jul 17 03:08:52 2026
[2026-07-17 11:08:54.671] 
[2026-07-17 11:08:54.671] 
[2026-07-17 11:09:02.672] free heap: 6296140, minimum free heap: 6055764, Internal 8bit free heap: 72716, 8bit free heap: 6296140The current date/time is: Fri Jul 17 03:09:00 2026
[2026-07-17 11:09:02.672] 
[2026-07-17 11:09:02.672] 
[2026-07-17 11:09:10.662] free heap: 6296140, minimum free heap: 6055764, Internal 8bit free heap: 72716, 8bit free heap: 6296140The current date/time is: Fri Jul 17 03:09:08 2026
[2026-07-17 11:09:10.662] 
[2026-07-17 11:09:10.662] 
[2026-07-17 11:09:18.677] free heap: 6296140, minimum free heap: 6055764, Internal 8bit free heap: 72716, 8bit free heap: 6296140The current date/time is: Fri Jul 17 03:09:16 2026
[2026-07-17 11:09:18.677] 
[2026-07-17 11:09:18.677] 
[2026-07-17 11:09:26.674] free heap: 6296120, minimum free heap: 6055764, Internal 8bit free heap: 72716, 8bit free heap: 6296120The current date/time is: Fri Jul 17 03:09:24 2026
[2026-07-17 11:09:26.674] 
[2026-07-17 11:09:26.674] 
[2026-07-17 11:09:28.431] [0;32mI (2448933) ROUTE_HOOK: Received RIO[0m
[2026-07-17 11:09:28.431] [0;32mI (2448933) ROUTE_HOOK: prefix FDEA:C98F:38B2:1:: lifetime 1800[0m
[2026-07-17 11:09:28.431] 
[2026-07-17 11:09:34.670] free heap: 6296140, minimum free heap: 6055764, Internal 8bit free heap: 72716, 8bit free heap: 6296140The current date/time is: Fri Jul 17 03:09:32 2026
[2026-07-17 11:09:34.670] 
[2026-07-17 11:09:34.670] 
[2026-07-17 11:09:39.317] uart: 9 AT+STATUS
[2026-07-17 11:09:39.317] 
[2026-07-17 11:09:39.317] 
[2026-07-17 11:09:39.317] wifi status is 5 1 2
[2026-07-17 11:09:39.317] 
[2026-07-17 11:09:39.317] wifi ipv4 info:
[2026-07-17 11:09:39.317] 
[2026-07-17 11:09:39.317] 192.168.50.200.
[2026-07-17 11:09:39.317] 
[2026-07-17 11:09:39.317] 255.255.255.0.
[2026-07-17 11:09:39.317] 
[2026-07-17 11:09:39.317] 192.168.50.1.
[2026-07-17 11:09:39.317] 
[2026-07-17 11:09:39.317] 
[2026-07-17 11:09:39.424] uart: 10 AT+GET_UTC
[2026-07-17 11:09:39.424] 
[2026-07-17 11:09:39.424] 
[2026-07-17 11:09:39.424] utc 3, 6a
[2026-07-17 11:09:39.424] 
[2026-07-17 11:09:39.424] utc 2, 59
[2026-07-17 11:09:39.424] 
[2026-07-17 11:09:39.424] utc 1, 9c
[2026-07-17 11:09:39.424] 
[2026-07-17 11:09:39.424] utc 0, f0
[2026-07-17 11:09:39.424] 
[2026-07-17 11:09:39.424] UTC : 6a599cf0
[2026-07-17 11:09:39.424] 
[2026-07-17 11:09:39.424] 
[2026-07-17 11:09:42.676] free heap: 6296140, minimum free heap: 6055764, Internal 8bit free heap: 72716, 8bit free heap: 6296140The current date/time is: Fri Jul 17 03:09:40 2026
[2026-07-17 11:09:42.676] 
[2026-07-17 11:09:42.676] 
[2026-07-17 11:09:50.677] free heap: 6296140, minimum free heap: 6055764, Internal 8bit free heap: 72716, 8bit free heap: 6296140The current date/time is: Fri Jul 17 03:09:48 2026
[2026-07-17 11:09:50.677] 
[2026-07-17 11:09:50.677] 
[2026-07-17 11:09:58.684] free heap: 6296140, minimum free heap: 6055764, Internal 8bit free heap: 72716, 8bit free heap: 6296140The current date/time is: Fri Jul 17 03:09:56 2026
[2026-07-17 11:09:58.684] 
[2026-07-17 11:09:58.684] 
[2026-07-17 11:10:04.456] uart: 11 AT+MOTION 0
[2026-07-17 11:10:04.456] 
[2026-07-17 11:10:04.456] 
[2026-07-17 11:10:04.456] btn on press
[2026-07-17 11:10:04.456] uart: 130 AT+BCDS ff04000206a599d09 0010B940B0E9FEC6718C48ca43a5b6dc0F001d000a09974241000000000000ff0d0000000000000000000000000000000000ff01
[2026-07-17 11:10:04.456] 
[2026-07-17 11:10:04.456] 
[2026-07-17 11:10:04.456] 
[2026-07-17 11:10:04.612] pTopic:$aws/rules/bi_wifi_data_report/switchlink/B0E9FEC6718C/link_to_shadow
[2026-07-17 11:10:04.612] pData:BCD ff04000206a599d09 0010B940B0E9FEC6718C48ca43a5b6dc0F001d000a09974241000000000000ff0d0000000000000000000000000000000000ff01
[2026-07-17 11:10:04.612] 
[2026-07-17 11:10:06.681] free heap: 6296120, minimum free heap: 6055764, Internal 8bit free heap: 72716, 8bit free heap: 6296120The current date/time is: Fri Jul 17 03:10:04 2026
[2026-07-17 11:10:06.681] 
[2026-07-17 11:10:06.681] 
[2026-07-17 11:10:14.683] free heap: 6296140, minimum free heap: 6055764, Internal 8bit free heap: 72716, 8bit free heap: 6296140The current date/time is: Fri Jul 17 03:10:12 2026
[2026-07-17 11:10:14.683] 
[2026-07-17 11:10:14.683] 
[2026-07-17 11:10:16.211] uart: 11 AT+MOTION 1
[2026-07-17 11:10:16.211] 
[2026-07-17 11:10:16.211] 
[2026-07-17 11:10:16.211] btn on press
[2026-07-17 11:10:16.211] uart: 130 AT+BCDS ff04000206a599d14 0010B940B0E9FEC6718C48ca43a5b6dc0F001e200a09974241000000000000ff0d0000000000000000000000000000000000ff01
[2026-07-17 11:10:16.211] 
[2026-07-17 11:10:16.211] 
[2026-07-17 11:10:16.211] 
[2026-07-17 11:10:16.336] pTopic:$aws/rules/bi_wifi_data_report/switchlink/B0E9FEC6718C/link_to_shadow
[2026-07-17 11:10:16.336] pData:BCD ff04000206a599d14 0010B940B0E9FEC6718C48ca43a5b6dc0F001e200a09974241000000000000ff0d0000000000000000000000000000000000ff01
[2026-07-17 11:10:16.336] 
[2026-07-17 11:10:22.691] free heap: 6296104, minimum free heap: 6055764, Internal 8bit free heap: 72680, 8bit free heap: 6296104The current date/time is: Fri Jul 17 03:10:20 2026
[2026-07-17 11:10:22.691] 
[2026-07-17 11:10:22.691] 
[2026-07-17 11:10:30.692] free heap: 6296084, minimum free heap: 6055764, Internal 8bit free heap: 72680, 8bit free heap: 6296084The current date/time is: Fri Jul 17 03:10:28 2026
[2026-07-17 11:10:30.692] 
[2026-07-17 11:10:30.692] 
[2026-07-17 11:10:38.693] free heap: 6296140, minimum free heap: 6055764, Internal 8bit free heap: 72716, 8bit free heap: 6296140The current date/time is: Fri Jul 17 03:10:36 2026
[2026-07-17 11:10:38.693] 
[2026-07-17 11:10:38.693] 
[2026-07-17 11:10:46.696] free heap: 6296120, minimum free heap: 6055764, Internal 8bit free heap: 72716, 8bit free heap: 6296120The current date/time is: Fri Jul 17 03:10:44 2026
[2026-07-17 11:10:46.696] 
[2026-07-17 11:10:46.696] 
[2026-07-17 11:10:54.451] uart: 11 AT+MOTION 0
[2026-07-17 11:10:54.451] 
[2026-07-17 11:10:54.451] 
[2026-07-17 11:10:54.451] btn on press
[2026-07-17 11:10:54.451] uart: 130 AT+BCDS ff04000206a599d3b 0010B940B0E9FEC6718C48ca43a5b6dc0F001f000a09974241000000000000ff0d0200000000000000000000000000000000ff01
[2026-07-17 11:10:54.451] 
[2026-07-17 11:10:54.451] 
[2026-07-17 11:10:54.451] 
[2026-07-17 11:10:54.513] pTopic:$aws/rules/bi_wifi_data_report/switchlink/B0E9FEC6718C/link_to_shadow
[2026-07-17 11:10:54.513] pData:BCD ff04000206a599d3b 0010B940B0E9FEC6718C48ca43a5b6dc0F001f000a09974241000000000000ff0d0200000000000000000000000000000000ff01
[2026-07-17 11:10:54.513] 
[2026-07-17 11:10:54.700] free heap: 6294584, minimum free heap: 6055764, Internal 8bit free heap: 72716, 8bit free heap: 6294584The current date/time is: Fri Jul 17 03:10:52 2026
[2026-07-17 11:10:54.700] 
[2026-07-17 11:10:54.700] 
[2026-07-17 11:11:01.312] uart: 11 AT+MOTION 1
[2026-07-17 11:11:01.312] 
[2026-07-17 11:11:01.312] 
[2026-07-17 11:11:01.312] btn on press
[2026-07-17 11:11:01.312] uart: 130 AT+BCDS ff04000206a599d41 0010B940B0E9FEC6718C48ca43a5b6dc0F0020200a09974241000000000000ff0d0100000000000000000000000000000000ff01
[2026-07-17 11:11:01.312] 
[2026-07-17 11:11:01.312] 
[2026-07-17 11:11:01.312] 
[2026-07-17 11:11:01.391] pTopic:$aws/rules/bi_wifi_data_report/switchlink/B0E9FEC6718C/link_to_shadow
[2026-07-17 11:11:01.391] pData:BCD ff04000206a599d41 0010B940B0E9FEC6718C48ca43a5b6dc0F0020200a09974241000000000000ff0d0100000000000000000000000000000000ff01
[2026-07-17 11:11:01.391] 
[2026-07-17 11:11:02.702] free heap: 6296140, minimum free heap: 6055764, Internal 8bit free heap: 72716, 8bit free heap: 6296140The current date/time is: Fri Jul 17 03:11:00 2026
[2026-07-17 11:11:02.702] 
[2026-07-17 11:11:02.702] 
[2026-07-17 11:11:10.702] free heap: 6296140, minimum free heap: 6055764, Internal 8bit free heap: 72716, 8bit free heap: 6296140The current date/time is: Fri Jul 17 03:11:08 2026
[2026-07-17 11:11:10.702] 
[2026-07-17 11:11:10.702] 
[2026-07-17 11:11:18.703] free heap: 6296104, minimum free heap: 6055764, Internal 8bit free heap: 72680, 8bit free heap: 6296104The current date/time is: Fri Jul 17 03:11:16 2026
[2026-07-17 11:11:18.703] 
[2026-07-17 11:11:18.703] 
[2026-07-17 11:11:26.706] free heap: 6296084, minimum free heap: 6055764, Internal 8bit free heap: 72680, 8bit free heap: 6296084The current date/time is: Fri Jul 17 03:11:24 2026
[2026-07-17 11:11:26.706] 
[2026-07-17 11:11:26.706] 
[2026-07-17 11:11:34.698] free heap: 6296140, minimum free heap: 6055764, Internal 8bit free heap: 72716, 8bit free heap: 6296140The current date/time is: Fri Jul 17 03:11:32 2026
[2026-07-17 11:11:34.698] 
[2026-07-17 11:11:34.698] 
[2026-07-17 11:11:42.707] free heap: 6296140, minimum free heap: 6055764, Internal 8bit free heap: 72716, 8bit free heap: 6296140The current date/time is: Fri Jul 17 03:11:40 2026
[2026-07-17 11:11:42.707] 
[2026-07-17 11:11:42.707] 
[2026-07-17 11:11:45.461] uart: 79 AT+TEST shadow BCD|010211038|6a599d6e|35b0e9fe527e8301014a6409983d003501b900|df
[2026-07-17 11:11:45.461] 
[2026-07-17 11:11:45.461] 
[2026-07-17 11:11:45.461] 
[2026-07-17 11:11:45.633] pTopic:$aws/rules/bi_ble_data_report_arch2/switchlink/B0E9FEC6718C/link_to_status
[2026-07-17 11:11:45.633] pData:{"protocolVersion":1,"count":1,"messages":[{"id":"a308fdbb-335e-4de9-a047-795a3d0a269f","eventType":"Wo.Device.DataReport","data":{"deviceID":"b0e9fe527e83","createTime":1784257902,"contentVersion":2,"contentType":"hex","content":"35b0e9fe527e8301014a6409983d003501b900","seq":223}}]}
[2026-07-17 11:11:45.633] 
[2026-07-17 11:11:50.713] free heap: 6296140, minimum free heap: 6055764, Internal 8bit free heap: 72716, 8bit free heap: 6296140The current date/time is: Fri Jul 17 03:11:48 2026
[2026-07-17 11:11:50.713] 
[2026-07-17 11:11:50.713] 
[2026-07-17 11:11:58.458] uart: 11 AT+MOTION 0
[2026-07-17 11:11:58.458] 
[2026-07-17 11:11:58.458] 
[2026-07-17 11:11:58.458] btn on press
[2026-07-17 11:11:58.458] uart: 130 AT+BCDS ff04000206a599d7b 0010B940B0E9FEC6718C48ca43a5b6dc0F0021000a09974241000000000000ff0d0200000000000000000000000000000000ff01
[2026-07-17 11:11:58.458] 
[2026-07-17 11:11:58.458] 
[2026-07-17 11:11:58.458] 
[2026-07-17 11:11:58.567] pTopic:$aws/rules/bi_wifi_data_report/switchlink/B0E9FEC6718C/link_to_shadow
[2026-07-17 11:11:58.567] pData:BCD ff04000206a599d7b 0010B940B0E9FEC6718C48ca43a5b6dc0F0021000a09974241000000000000ff0d0200000000000000000000000000000000ff01
[2026-07-17 11:11:58.567] 
[2026-07-17 11:11:58.705] free heap: 6294584, minimum free heap: 6055764, Internal 8bit free heap: 72716, 8bit free heap: 6294584The current date/time is: Fri Jul 17 03:11:56 2026
[2026-07-17 11:11:58.705] 
[2026-07-17 11:11:58.705] 
[2026-07-17 11:12:06.714] free heap: 6296140, minimum free heap: 6055764, Internal 8bit free heap: 72716, 8bit free heap: 6296140The current date/time is: Fri Jul 17 03:12:04 2026
[2026-07-17 11:12:06.714] 
[2026-07-17 11:12:06.714] 
[2026-07-17 11:12:10.377] [0;32mI (2610884) TASK_NL: ExecuteScan: trigger=scheduled[0m
[2026-07-17 11:12:10.377] 
[2026-07-17 11:12:13.593] [0;32mI (2613940) TASK_NL: Scan[0]: name=Shapes 2201 ip=192.168.50.119 id=6B:07:C6:28:FB:80 model=NL42 fw=12.2.0[0m
[2026-07-17 11:12:13.593] [0;32mI (2613941) TASK_NL: Scan[1]: name=Lines B5D2 ip=192.168.50.201 id=3E:0A:E0:49:41:82 model=NL59 fw=12.2.3[0m
[2026-07-17 11:12:13.593] [0;32mI (2613950) TASK_NL: Scan[2]: name=4D FEB8 ip=192.168.50.160 id=0A:8D:43:9C:B4:AF model=NL69 fw=12.3.6[0m
[2026-07-17 11:12:13.593] [0;32mI (2613960) TASK_NL: Scan[3]: name=Elements 88E6 ip=192.168.50.16 id=60:EC:09:9E:98:F6 model=NL52 fw=12.2.3[0m
[2026-07-17 11:12:13.593] [0;32mI (2613971) TASK_NL: [0] mDNS exhausted, using stored IP: 192.168.50.160[0m
[2026-07-17 11:12:13.593] [0;32mI (2613978) TASK_NL: [1] mDNS exhausted, using stored IP: 192.168.50.16[0m
[2026-07-17 11:12:13.593] [0;32mI (2613986) TASK_NL: ExecuteScan: found 4 devices, publishing[0m
[2026-07-17 11:12:13.593] pTopic:switchlink/B0E9FEC6718C/link_to_nanoleaf_property
[2026-07-17 11:12:13.593] pData:{"msgType":"online","deviceId":"89F8DC10D009","timestamp":1784257934,"online":false,"reason":"mdns_lost"}
[2026-07-17 11:12:13.593] pTopic:switchlink/B0E9FEC6718C/link_to_nanoleaf_property
[2026-07-17 11:12:13.593] pData:{"msgType":"online","deviceId":"D0623120BA73","timestamp":1784257934,"online":false,"reason":"mdns_lost"}
[2026-07-17 11:12:13.593] pTopic:switchlink/B0E9FEC6718C/link_to_nanoleaf_maint
[2026-07-17 11:12:13.593] pData:{"msgType":"nanoleaf_scan","trigger":"scheduled","timestamp":1784257934,"managed":{"total":2,"devices":[{"deviceId":"89F8DC10D009","clientId":1,"state":"auth","online":0},{"deviceId":"D0623120BA73","clientId":1,"state":"auth","online":0}]},"devices":[{"deviceId":"6B:07:C6:28:FB:80","ip":"192.168.50.119","port":12566,"model":"NL42","firmware":"12.2.0"},{"deviceId":"3E:0A:E0:49:41:82","ip":"192.168.50.201","port":12566,"model":"NL59","firmware":"12.2.3"},{"deviceId":"0A:8D:43:9C:B4:AF","ip":"192.168.50.160","port":12566,"model":"NL69","firmware":"12.3.6"},{"deviceId":"60:EC:09:9E:98:F6","ip":"192.168.50.16","port":12566,"model":"NL52","firmware":"12.2.3"}]}
[2026-07-17 11:12:13.593] [0;32mI (2614092) NL_LTPDU: SRP reconnect: device=Elements 88E6 clientId=1[0m
[2026-07-17 11:12:13.593] 
[2026-07-17 11:12:13.623] [0;32mI (2614133) NL_LTPDU:   pubA[0:4]=762AE266[0m
[2026-07-17 11:12:13.623] 
[2026-07-17 11:12:13.825] [0;32mI (2614320) NL_LTPDU: CISS: recovered session to 192.168.50.160 (counter=95, ver=V3.0)[0m
[2026-07-17 11:12:13.825] 
[2026-07-17 11:12:13.917] [0;33mW (2614427) TASK_NL: [0] CISS verify failed (err=9), fallback SRP[0m
[2026-07-17 11:12:13.917] [0;32mI (2614427) NL_LTPDU: SRP reconnect: device=4D FEB8 clientId=1[0m
[2026-07-17 11:12:13.917] 
[2026-07-17 11:12:13.964] [0;32mI (2614465) NL_LTPDU:   pubA[0:4]=94E87D4A[0m
[2026-07-17 11:12:13.964] [0;32mI (2614470) NL_LTPDU: TCP connected to 192.168.50.160:12566[0m
[2026-07-17 11:12:13.964] 
[2026-07-17 11:12:14.321] [0;32mI (2614823) NL_LTPDU: TCP connected to 192.168.50.16:12566[0m
[2026-07-17 11:12:14.321] 
[2026-07-17 11:12:14.400] [0;32mI (2614880) NL_LTPDU:   step1 rsp: salt len=4, salt[0:4]=3E43065A[0m
[2026-07-17 11:12:14.400] [0;32mI (2614880) NL_LTPDU:   step1 rsp: B[0:4]=1AF560AD, B len=256[0m
[2026-07-17 11:12:14.400] [0;32mI (2614882) NL_LTPDU:   session_version: len=0 val=FFFF[0m
[2026-07-17 11:12:14.400] [0;32mI (2614888) NL_SRP:   k[0:8]=4CBA3FB2923E01FB[0m
[2026-07-17 11:12:14.400] [0;32mI (2614893) NL_SRP:   szA=256, szB=256[0m
[2026-07-17 11:12:14.400] [0;32mI (2614897) NL_SRP:   u[0:8]=4CDC4714E20F7557[0m
[2026-07-17 11:12:14.400] [0;32mI (2614902) NL_SRP:   x[0:8]=542312BED1D4B4BC[0m
[2026-07-17 11:12:14.400] 
[2026-07-17 11:12:14.493] [0;32mI (2615002) NL_SRP: SrpComputeSecret OK[0m
[2026-07-17 11:12:14.493] [0;32mI (2615002) NL_LTPDU:   SrpComputeSecret OK[0m
[2026-07-17 11:12:14.493] 
[2026-07-17 11:12:14.618] [0;31mE (2615128) NL_LTPDU: SRP step2: missing/invalid M2[0m
[2026-07-17 11:12:14.618] [0;33mW (2615128) TASK_NL: [0] Auth failed (err=5, retry=1/3)[0m
[2026-07-17 11:12:14.618] 
[2026-07-17 11:12:14.758] [0;32mI (2615192) NL_LTPDU: SRP reconnect: device=4D FEB8 clientId=1[0m
[2026-07-17 11:12:14.758] free heap: 6292660, minimum free heap: 6055764, Internal 8bit free heap: 72552, 8bit free heap: 6292660The current date/time is: Fri Jul 17 03:12:12 2026
[2026-07-17 11:12:14.758] 
[2026-07-17 11:12:14.758] [0;32mI (2615227) NL_LTPDU:   step1 rsp: salt len=4, salt[0:4]=99647621[0m
[2026-07-17 11:12:14.758] [0;32mI (2615227) NL_LTPDU:   step1 rsp: B[0:4]=027491E5, B len=256[0m
[2026-07-17 11:12:14.758] [0;32mI (2615228) NL_LTPDU:   pubA[0:4]=0B71DE33[0m
[2026-07-17 11:12:14.758] [0;32mI (2615231) NL_LTPDU:   session_version: len=0 val=FFFF[0m
[2026-07-17 11:12:14.758] [0;32mI (2615241) NL_SRP:   k[0:8]=4CBA3FB2923E01FB[0m
[2026-07-17 11:12:14.758] [0;32mI (2615246) NL_LTPDU: TCP connected to 192.168.50.160:12566[0m
[2026-07-17 11:12:14.758] [0;32mI (2615247) NL_SRP:   szA=256, szB=256[0m
[2026-07-17 11:12:14.758] [0;32mI (2615257) NL_SRP:   u[0:8]=C4A4C5F807D7E440[0m
[2026-07-17 11:12:14.758] [0;32mI (2615262) NL_SRP:   x[0:8]=C3662FFCE0EF2329[0m
[2026-07-17 11:12:14.758] 
[2026-07-17 11:12:14.851] [0;32mI (2615361) NL_SRP: SrpComputeSecret OK[0m
[2026-07-17 11:12:14.851] [0;32mI (2615361) NL_LTPDU:   SrpComputeSecret OK[0m
[2026-07-17 11:12:14.851] 
[2026-07-17 11:12:14.897] [0;31mE (2615407) NL_LTPDU: SRP step2: missing/invalid M2[0m
[2026-07-17 11:12:14.897] [0;33mW (2615408) TASK_NL: [1] Auth failed (err=5, retry=1/3)[0m
[2026-07-17 11:12:14.897] 
[2026-07-17 11:12:15.022] [0;32mI (2615492) NL_LTPDU: SRP reconnect: device=Elements 88E6 clientId=1[0m
[2026-07-17 11:12:15.022] [0;32mI (2615526) NL_LTPDU:   pubA[0:4]=678C3FA9[0m
[2026-07-17 11:12:15.022] 
[2026-07-17 11:12:15.067] [0;32mI (2615576) NL_LTPDU: TCP connected to 192.168.50.16:12566[0m
[2026-07-17 11:12:15.067] 
[2026-07-17 11:12:15.223] [0;32mI (2615704) NL_LTPDU:   step1 rsp: salt len=4, salt[0:4]=21FAA320[0m
[2026-07-17 11:12:15.223] [0;32mI (2615704) NL_LTPDU:   step1 rsp: B[0:4]=ABCCD15C, B len=256[0m
[2026-07-17 11:12:15.223] [0;32mI (2615706) NL_LTPDU:   session_version: len=0 val=FFFF[0m
[2026-07-17 11:12:15.223] [0;32mI (2615712) NL_SRP:   k[0:8]=4CBA3FB2923E01FB[0m
[2026-07-17 11:12:15.223] [0;32mI (2615717) NL_SRP:   szA=256, szB=256[0m
[2026-07-17 11:12:15.223] [0;32mI (2615721) NL_SRP:   u[0:8]=5E12FD1EABF8A8F3[0m
[2026-07-17 11:12:15.223] [0;32mI (2615726) NL_SRP:   x[0:8]=47962C0135815FD5[0m
[2026-07-17 11:12:15.223] 
[2026-07-17 11:12:15.361] [0;32mI (2615825) NL_SRP: SrpComputeSecret OK[0m
[2026-07-17 11:12:15.361] [0;32mI (2615825) NL_LTPDU:   SrpComputeSecret OK[0m
[2026-07-17 11:12:15.361] [0;31mE (2615860) NL_LTPDU: SRP step2: missing/invalid M2[0m
[2026-07-17 11:12:15.361] [0;33mW (2615861) TASK_NL: [0] Auth failed (err=5, retry=2/3)[0m
[2026-07-17 11:12:15.361] 
[2026-07-17 11:12:15.871] [0;32mI (2616353) NL_LTPDU:   step1 rsp: salt len=4, salt[0:4]=1D8F6054[0m
[2026-07-17 11:12:15.871] [0;32mI (2616353) NL_LTPDU:   step1 rsp: B[0:4]=A9621860, B len=256[0m
[2026-07-17 11:12:15.871] [0;32mI (2616355) NL_LTPDU:   session_version: len=0 val=FFFF[0m
[2026-07-17 11:12:15.871] [0;32mI (2616361) NL_SRP:   k[0:8]=4CBA3FB2923E01FB[0m
[2026-07-17 11:12:15.871] [0;32mI (2616366) NL_SRP:   szA=256, szB=256[0m
[2026-07-17 11:12:15.871] [0;32mI (2616371) NL_SRP:   u[0:8]=161BA4421A8D8035[0m
[2026-07-17 11:12:15.871] [0;32mI (2616376) NL_SRP:   x[0:8]=400B8E6631826CAA[0m
[2026-07-17 11:12:15.871] 
[2026-07-17 11:12:15.964] [0;32mI (2616475) NL_SRP: SrpComputeSecret OK[0m
[2026-07-17 11:12:15.964] [0;32mI (2616475) NL_LTPDU:   SrpComputeSecret OK[0m
[2026-07-17 11:12:15.964] 
[2026-07-17 11:12:16.275] [0;31mE (2616780) NL_LTPDU: SRP step2: missing/invalid M2[0m
[2026-07-17 11:12:16.275] [0;33mW (2616781) TASK_NL: [1] Auth failed (err=5, retry=2/3)[0m
[2026-07-17 11:12:16.275] 
[2026-07-17 11:12:22.724] free heap: 6295068, minimum free heap: 6055764, Internal 8bit free heap: 72716, 8bit free heap: 6295068The current date/time is: Fri Jul 17 03:12:20 2026
[2026-07-17 11:12:22.724] 
[2026-07-17 11:12:22.724] 
[2026-07-17 11:12:28.689] uart: 11 AT+MOTION 1
[2026-07-17 11:12:28.689] 
[2026-07-17 11:12:28.689] 
[2026-07-17 11:12:28.689] btn on press
[2026-07-17 11:12:28.689] uart: 130 AT+BCDS ff04000206a599d99 0010B940B0E9FEC6718C48ca43a5b6dc0F0022200a09974241000000000000ff0d0300000000000000000000000000000000ff01
[2026-07-17 11:12:28.689] 
[2026-07-17 11:12:28.689] 
[2026-07-17 11:12:28.689] 
[2026-07-17 11:12:28.766] pTopic:$aws/rules/bi_wifi_data_report/switchlink/B0E9FEC6718C/link_to_shadow
[2026-07-17 11:12:28.766] pData:BCD ff04000206a599d99 0010B940B0E9FEC6718C48ca43a5b6dc0F0022200a09974241000000000000ff0d0300000000000000000000000000000000ff01
[2026-07-17 11:12:28.766] 
[2026-07-17 11:12:30.713] free heap: 6295068, minimum free heap: 6055764, Internal 8bit free heap: 72716, 8bit free heap: 6295068The current date/time is: Fri Jul 17 03:12:28 2026
[2026-07-17 11:12:30.713] 
[2026-07-17 11:12:30.713] 
[2026-07-17 11:12:35.197] [0;32mI (2635704) ROUTE_HOOK: Received RIO[0m
[2026-07-17 11:12:35.197] [0;32mI (2635704) ROUTE_HOOK: prefix FDEA:C98F:38B2:1:: lifetime 1800[0m
[2026-07-17 11:12:35.197] 
[2026-07-17 11:12:38.714] free heap: 6295068, minimum free heap: 6055764, Internal 8bit free heap: 72716, 8bit free heap: 6295068The current date/time is: Fri Jul 17 03:12:36 2026
[2026-07-17 11:12:38.714] 
[2026-07-17 11:12:38.714] 
[2026-07-17 11:12:46.722] free heap: 6295052, minimum free heap: 6055764, Internal 8bit free heap: 72716, 8bit free heap: 6295052The current date/time is: Fri Jul 17 03:12:44 2026
[2026-07-17 11:12:46.722] 
[2026-07-17 11:12:46.722] 
[2026-07-17 11:12:54.731] free heap: 6295068, minimum free heap: 6055764, Internal 8bit free heap: 72716, 8bit free heap: 6295068The current date/time is: Fri Jul 17 03:12:52 2026
[2026-07-17 11:12:54.731] 
[2026-07-17 11:12:54.731] 
[2026-07-17 11:13:01.484] uart: 11 AT+MOTION 0
[2026-07-17 11:13:01.484] 
[2026-07-17 11:13:01.484] 
[2026-07-17 11:13:01.484] btn on press
[2026-07-17 11:13:01.484] uart: 130 AT+BCDS ff04000206a599dba 0010B940B0E9FEC6718C48ca43a5b6dc0F0023000a09974241000000000000ff0cff00000000000000000000000000000000ff01
[2026-07-17 11:13:01.484] 
[2026-07-17 11:13:01.484] 
[2026-07-17 11:13:01.484] pTopic:$aws/rules/bi_wifi_data_report/switchlink/B0E9FEC6718C/link_to_shadow
[2026-07-17 11:13:01.484] pData:BCD ff04000206a599dba 0010B940B0E9FEC6718C48ca43a5b6dc0F0023000a09974241000000000000ff0cff00000000000000000000000000000000ff01
[2026-07-17 11:13:01.484] 
[2026-07-17 11:13:02.010] uart: 11 AT+MOTION 1
[2026-07-17 11:13:02.010] 
[2026-07-17 11:13:02.010] 
[2026-07-17 11:13:02.010] btn on press
[2026-07-17 11:13:02.010] uart: 130 AT+BCDS ff04000206a599dba 0010B940B0E9FEC6718C48ca43a5b6dc0F0024200a09974241000000000000ff0cfe00000000000000000000000000000000ff01
[2026-07-17 11:13:02.010] 
[2026-07-17 11:13:02.010] 
[2026-07-17 11:13:02.010] 
[2026-07-17 11:13:02.103] pTopic:$aws/rules/bi_wifi_data_report/switchlink/B0E9FEC6718C/link_to_shadow
[2026-07-17 11:13:02.103] pData:BCD ff04000206a599dba 0010B940B0E9FEC6718C48ca43a5b6dc0F0024200a09974241000000000000ff0cfe00000000000000000000000000000000ff01
[2026-07-17 11:13:02.103] 
[2026-07-17 11:13:02.719] free heap: 6295072, minimum free heap: 6055764, Internal 8bit free heap: 72716, 8bit free heap: 6295072The current date/time is: Fri Jul 17 03:13:00 2026
[2026-07-17 11:13:02.719] 
[2026-07-17 11:13:02.719] 
[2026-07-17 11:13:10.733] free heap: 6295032, minimum free heap: 6055764, Internal 8bit free heap: 72680, 8bit free heap: 6295032The current date/time is: Fri Jul 17 03:13:08 2026
[2026-07-17 11:13:10.733] 
[2026-07-17 11:13:10.733] 
[2026-07-17 11:13:18.727] free heap: 6295068, minimum free heap: 6055764, Internal 8bit free heap: 72716, 8bit free heap: 6295068The current date/time is: Fri Jul 17 03:13:16 2026
[2026-07-17 11:13:18.727] 
[2026-07-17 11:13:18.727] 
[2026-07-17 11:13:26.739] free heap: 6295052, minimum free heap: 6055764, Internal 8bit free heap: 72716, 8bit free heap: 6295052The current date/time is: Fri Jul 17 03:13:24 2026
[2026-07-17 11:13:26.739] 
[2026-07-17 11:13:26.739] 
[2026-07-17 11:13:34.740] free heap: 6295068, minimum free heap: 6055764, Internal 8bit free heap: 72716, 8bit free heap: 6295068The current date/time is: Fri Jul 17 03:13:32 2026
[2026-07-17 11:13:34.740] 
[2026-07-17 11:13:34.740] 
[2026-07-17 11:13:42.731] free heap: 6295068, minimum free heap: 6055764, Internal 8bit free heap: 72716, 8bit free heap: 6295068The current date/time is: Fri Jul 17 03:13:40 2026
[2026-07-17 11:13:42.731] 
[2026-07-17 11:13:42.731] 
[2026-07-17 11:13:50.736] free heap: 6295052, minimum free heap: 6055764, Internal 8bit free heap: 72716, 8bit free heap: 6295052The current date/time is: Fri Jul 17 03:13:48 2026
[2026-07-17 11:13:50.736] 
[2026-07-17 11:13:50.736] 
[2026-07-17 11:13:58.739] free heap: 6295068, minimum free heap: 6055764, Internal 8bit free heap: 72716, 8bit free heap: 6295068The current date/time is: Fri Jul 17 03:13:56 2026
[2026-07-17 11:13:58.739] 
[2026-07-17 11:13:58.739] 
[2026-07-17 11:14:06.744] free heap: 6295032, minimum free heap: 6055764, Internal 8bit free heap: 72680, 8bit free heap: 6295032The current date/time is: Fri Jul 17 03:14:04 2026
[2026-07-17 11:14:06.744] 
[2026-07-17 11:14:06.744] 
[2026-07-17 11:14:07.453] app_to_link:SCANR 88
[2026-07-17 11:14:07.453] 
[2026-07-17 11:14:07.644] uart: 876 AT+ACK SCANR;88:23b0e9fe7f87e00000640010b558|2fd77c0975937e6f8064|4db0e9fed4acf48020640010b941|3fc74c63b529a07bc012641200|27ee17579414927bc002001140|32f4479f14ee7a6d00|32b0e9fee2d30039002e|266055f93cbe9e670064|40b0e9feeea9950000640010b940|38b0e9fed941f18020640010b941|26b0e9fed5c1ce0000640010b558|37b0e9fecff9758020640010b941|30c843d7aac8c92500|35b0e9fe7aa4070000640010b940|42f97d3e5f67977600|33c5994ed41ab77bc057241140|2bce0b1764b3a27b8029001140|2df71e4ae3218f7600|3bb0e9fe97625e00804100119fb8|2cb0e9fe926a358020640010b941|45b0e9fe65c9430000640010b940|2ece9f07a79db96100|35de5038f02c5d6d00|3b84fce6f3d27e670064|23dd46d197e3902500|33b0e9fe533ae732c064|2fb0e9feba21f900000a00110378|3ab0e9fed46e72390038|30ed8d053904387600|35d30155de30397b4011001104|4ef09e9e966ad6370000952d00|32b0e9fe9803b08020640010b941|39c04e30953c92670064|31f19a73eebfa048005b00|34b0e9fea330a900006400118848
[2026-07-17 11:14:07.644] 
[2026-07-17 11:14:07.644] 
[2026-07-17 11:14:07.644] 
[2026-07-17 11:14:07.938] uart: 620 AT+ACK SCANR;88:36f3bd157b46887bc020001100|4ab0e9fe527e83350064|30dd09220682e27bc01a001280|278857214416e6230000010500|3be3ca634c4f146f805b|2eb0e9fe6714d400205800113640|42c04e30dd914a3d000000|3bead4e1e85ddb7600|37b0e9fe73bcfe390016|31d2e13b7c72f948005d00|2ab0e9feaeb4860000120010a5b8|30b0e9fe524b982c801e001105|2ed56e603789b1780034|36b0e9fecd3f4000006400118848|6d00|43b0e9fe9c7b203a0000|33b0e9fe7213f500003900110378|48d569ad69d2df48c05d00|32b0e9fedd2aff0000640011b340|2fd6e91a272a1863c0590e1104|3ceaa00faa27da7bc05a631140|3cca120d51dba07bc02b641100|39b0e9fefcc8e327206400|33b0e9fedb74ee00000000100593|2cf88d3425b2db6f8012
[2026-07-17 11:14:07.938] 
[2026-07-17 11:14:07.938] 
[2026-07-17 11:14:07.938] pTopic:switchlink/B0E9FEC6718C/link_to_app
[2026-07-17 11:14:07.938] pData:SCANR;88:23b0e9fe7f87e00000640010b558|2fd77c0975937e6f8064|4db0e9fed4acf48020640010b941|3fc74c63b529a07bc012641200|27ee17579414927bc002001140|32f4479f14ee7a6d00|32b0e9fee2d30039002e|266055f93cbe9e670064|40b0e9feeea9950000640010b940|38b0e9fed941f18020640010b941|26b0e9fed5c1ce0000640010b558|37b0e9fecff9758020640010b941|30c843d7aac8c92500|35b0e9fe7aa4070000640010b940|42f97d3e5f67977600|33c5994ed41ab77bc057241140|2bce0b1764b3a27b8029001140|2df71e4ae3218f7600|3bb0e9fe97625e00804100119fb8|2cb0e9fe926a358020640010b941|45b0e9fe65c9430000640010b940|2ece9f07a79db96100|35de5038f02c5d6d00|3b84fce6f3d27e670064|23dd46d197e3902500|33b0e9fe533ae732c064|2fb0e9feba21f900000a00110378|3ab0e9fed46e72390038|30ed8d053904387600|35d30155de30397b4011001104|4ef09e9e966ad6370000952d00|32b0e9fe9803b08020640010b941|39c04e30953c92670064|31f19a73eebfa048005b00|34b0e9fea330a900006400118848
[2026-07-17 11:14:07.938] uart: 820 AT+ACK SCANR;88:38b0e9fe51613c2c8052001122|37d7cb9e6a15a77600|3cb0e9fe96d6ff00004500115198|39b0e9fe9bb78f27202f00|3ab0epTopic:switchlink/B0E9FEC6718C/link_to_app
[2026-07-17 11:14:07.938] 9fe82c1480000640010b558|39b0e9fe7a06a8390012|3eb0e9fec1f71e0000640010b558|37ceda72f7dfbb248064|34fpData:SCANR;88:36f3bd157b46887bc020001100|4ab0e9fe527e83350064|30dd09220682e27bc01a001280|278857214416e6230000010500|3be3ca634c4f146f805b|2eb0e9fe6714d400205800113640|42c04e30dd914a3d000000|3bead4e1e85ddb7600|37b0e9fe73bcfe390016|31d2e13b7c72f948005d00|2ab0e9feaeb4860000120010a5b8|30b0e9fe524b982c801e001105|2ed56e603789b1780034|36b0e9fecd3f4000006400118848|6d00|43b0e9fe9c7b203a0000|33b0e9fe7213f500003900110378|48d569ad69d2df48c05d00|32b0e9fedd2aff0000640011b340|2fd6e91a272a1863c0590e1104|3ceaa00faa27da7bc05a631140|3cca120d51dba07bc02b641100|39b0e9fefcc8e327206400|33b0e9fedb74ee00000000100593|2cf88d3425b2db6f8012
[2026-07-17 11:14:07.938] 09e9e9665d62b0000151500|38df125457b04b7b4051001104|2b6055f9432d16670064|2ac04e3095ce92670064|2bb0e9fe51613e2c0022c91124|39d97bfe7b66fb7600|33b0e9fe7013ae0020510010c8e0|35cda558e40b43248001|3824587c0879be3c000000|36d73d14175db46f8064|38f78c75625843790002|2fb0e9fedfcc728020640010b941|46b0e9fe670e123a0000|38b0e9fec4473900406400110760|3cb0e9fef444f63a0000|35b0e9fec6808e3a0000|2cc20ba863997948805500|2ee9245fb512a863c034001104|28f3a82cc2d0086380100011|2cf85e6c62c9036f805b|33b0e9fee0c26800003000110378|2bb0e9fe50ddfc300064|34b0e9fe69d82c736094000c02|38c91c357504c27bc043621103|47b0e9febba5480000640010b940
[2026-07-17 11:14:07.938] 
[2026-07-17 11:14:07.938] 
[2026-07-17 11:14:07.938] 
[2026-07-17 11:14:08.157] pTopic:switchlink/B0E9FEC6718C/link_to_app
[2026-07-17 11:14:08.157] pData:SCANR;88:38b0e9fe51613c2c8052001122|37d7cb9e6a15a77600|3cb0e9fe96d6ff00004500115198|39b0e9fe9bb78f27202f00|3ab0e9fe82c1480000640010b558|39b0e9fe7a06a8390012|3eb0e9fec1f71e0000640010b558|37ceda72f7dfbb248064|34f09e9e9665d62b0000151500|38df125457b04b7b4051001104|2b6055f9432d16670064|2ac04e3095ce92670064|2bb0e9fe51613e2c0022c91124|39d97bfe7b66fb7600|33b0e9fe7013ae0020510010c8e0|35cda558e40b43248001|3824587c0879be3c000000|36d73d14175db46f8064|38f78c75625843790002|2fb0e9fedfcc728020640010b941|46b0e9fe670e123a0000|38b0e9fec4473900406400110760|3cb0e9fef444f63a0000|35b0e9fec6808e3a0000|2cc20ba863997948805500|2ee9245fb512a863c034001104|28f3a82cc2d0086380100011|2cf85e6c62c9036f805b|33b0e9fee0c26800003000110378|2bb0e9fe50ddfc300064|34b0e9fe69d82c736094000c02|38c91c357504c27bc043621103|47b0e9febba5480000640010b940
[2026-07-17 11:14:08.157] 
[2026-07-17 11:14:14.746] free heap: 6295500, minimum free heap: 6055764, Internal 8bit free heap: 72716, 8bit free heap: 6295500The current date/time is: Fri Jul 17 03:14:12 2026
[2026-07-17 11:14:14.746] 
[2026-07-17 11:14:14.746] 
[2026-07-17 11:14:22.757] free heap: 6296140, minimum free heap: 6055764, Internal 8bit free heap: 72716, 8bit free heap: 6296140The current date/time is: Fri Jul 17 03:14:20 2026
[2026-07-17 11:14:22.757] 
[2026-07-17 11:14:22.757] 
[2026-07-17 11:14:28.560] [0;32mI (2749059) ROUTE_HOOK: Received RIO[0m
[2026-07-17 11:14:28.560] [0;32mI (2749060) ROUTE_HOOK: prefix FDEA:C98F:38B2:1:: lifetime 1800[0m
[2026-07-17 11:14:28.560] 
[2026-07-17 11:14:30.750] free heap: 6296140, minimum free heap: 6055764, Internal 8bit free heap: 72716, 8bit free heap: 6296140The current date/time is: Fri Jul 17 03:14:28 2026
[2026-07-17 11:14:30.750] 
[2026-07-17 11:14:30.750] 
[2026-07-17 11:14:38.762] free heap: 6296140, minimum free heap: 6055764, Internal 8bit free heap: 72716, 8bit free heap: 6296140The current date/time is: Fri Jul 17 03:14:36 2026
[2026-07-17 11:14:38.762] 
[2026-07-17 11:14:38.762] 
[2026-07-17 11:14:46.765] free heap: 6296140, minimum free heap: 6055764, Internal 8bit free heap: 72716, 8bit free heap: 6296140The current date/time is: Fri Jul 17 03:14:44 2026
[2026-07-17 11:14:46.765] 
[2026-07-17 11:14:46.765] 
[2026-07-17 11:14:54.759] free heap: 6296104, minimum free heap: 6055764, Internal 8bit free heap: 72680, 8bit free heap: 6296104The current date/time is: Fri Jul 17 03:14:52 2026
[2026-07-17 11:14:54.759] 
[2026-07-17 11:14:54.759] 
[2026-07-17 11:15:02.771] free heap: 6296140, minimum free heap: 6055764, Internal 8bit free heap: 72716, 8bit free heap: 6296140The current date/time is: Fri Jul 17 03:15:00 2026
[2026-07-17 11:15:02.771] 
[2026-07-17 11:15:02.771] 
[2026-07-17 11:15:10.765] free heap: 6296120, minimum free heap: 6055764, Internal 8bit free heap: 72716, 8bit free heap: 6296120The current date/time is: Fri Jul 17 03:15:08 2026
[2026-07-17 11:15:10.765] 
[2026-07-17 11:15:10.765] 
[2026-07-17 11:15:18.767] free heap: 6296140, minimum free heap: 6055764, Internal 8bit free heap: 72716, 8bit free heap: 6296140The current date/time is: Fri Jul 17 03:15:16 2026
[2026-07-17 11:15:18.767] 
[2026-07-17 11:15:18.767] 
[2026-07-17 11:15:23.741] app_to_link:SCANR 88
[2026-07-17 11:15:23.741] 
[2026-07-17 11:15:24.036] uart: 900 AT+ACK SCANR;88:4db0e9fed4acf48020640010b941|3bc74c63b529a07bc012641200|42b0e9feeea9950000640010b940|37b0e9fed941f18020640010b941|31b0e9fecff9758020640010b941|43f97d3e5f67977600|35c5994ed41ab77bc057241140|2bf71e4ae3218f7600|3bb0e9fe97625e00804100119fb8|36b0e9fe926a358020640010b941|42b0e9fe65c9430000640010b940|32de5038f02c5d6d00|3984fce6f3d27e670064|31b0e9fe533ae732c064|39b0e9fed46e72390038|2fed8d053904387600|53f09e9e966ad6370000952d00|2fb0e9fe9803b08020640010b941|3ac04e30953c92670064|4ab0e9fe527e83350064|2fdd09220682e27bc01a001280|3ce3ca634c4f146f805b|3bc04e30dd914a3d000000|38ead4e1e85ddb7600|37b0e9fe73bcfe390016|2fb0e9feaeb4860000120010a5b8|37cb4474412f187bc02b001100|2fb0e9feb2c1700000640010b558|3a94a9905eddae370000030500|31b0e9feb88f9400205c0010c8e0|32cd1c31e8c5867bc021001100|38b0e9feba42eb738020000002|31b0e9fea8b08000005d00113e10|2ad8d00d4cbaa87bc00e601140|33b0e9fecd3f4000006400118848
[2026-07-17 11:15:24.036] 
[2026-07-17 11:15:24.036] 
[2026-07-17 11:15:24.036] 
[2026-07-17 11:15:24.237] uart: 644 AT+ACK SCANR;88:34e0efe6827c1f6f8064|360892728f264a2a0000a20500|28b0e9fe99a3f9390062|3cb0e9fefe66ba0000600011b340|3cfcb7709d0c266d00|47b0e9fe65ac313a0000|37b0e9feb73ec18020640010b941|27b0e9fe6c42590000640010b558|35fae46b7efb126f8064|43d569ad69d2df48c05d00|2c94a99078ed4a750pTopic:switchlink/B0E9FEC6718C/link_to_app
[2026-07-17 11:15:24.237] pData:SCANR;88:4db0e9fed4acf48020640010b941|3bc74c63b529a07bc012641200|42b0e9feeea9950000640010b940|37b0e9fed941f18020640010b941|31b0e9fecff9758020640010b941|43f97d3e5f67977600|35c5994ed41ab77bc057241140|2bf71e4ae3218f7600|3bb0e9fe97625e00804100119fb8|36b0e9fe926a358020640010b941|42b0e9fe65c9430000640010b940|32de5038f02c5d6d00|3984fce6f3d27e670064|31b0e9fe533ae732c064|39b0e9fed46e72390038|2fed8d053904387600|53f09e9e966ad6370000952d00|2fb0e9fe9803b08020640010b941|3ac04e30953c92670064|4ab0e9fe527e83350064|2fdd09220682e27bc01a001280|3ce3ca634c4f146f805b|3bc04e30dd914a3d000000|38ead4e1e85ddb7600|37b0e9fe73bcfe390016|2fb0e9feaeb4860000120010a5b8|37cb4474412f187bc02b001100|2fb0e9feb2c1700000640010b558|3a94a9905eddae370000030500|31b0e9feb88f9400205c0010c8e0|32cd1c31e8c5867bc021001100|38b0e9feba42eb738020000002|31b0e9fea8b08000005d00113e10|2ad8d00d4cbaa87bc00e601140|33b0e9fecd3f4000006400118848
[2026-07-17 11:15:24.237] 064|41b0e9feb813b93a0000|2db0e9fe8cd2ae00001200115198|32ca6b62497615634056211104|26b0e9e8d6cb073201d014001|2cd5d74b7c22377b8018001140|36b0e9feeea252350064|33b0e9feb0ddd20000640010b558|28f16fbc8fa84b6b0030|37b0e9fed594b80020630010c8e0|3cca120d51dba07bc02b641100|3eb0e9fec1f71e0000640010b558|206055f9413c22670064|36cdeee26626926d00|2ff09074c016722d8064|366055f9432d16670064
[2026-07-17 11:15:24.237] 
[2026-07-17 11:15:24.237] 
[2026-07-17 11:15:24.237] uart: 441 AT+ACK SCANR;88:27cf5a0916a1ae6f8064|31c04e3095ce92670064|3bd97bfe7b66fb7600|2fb0e9fe7013ae0020510010c8e0|33cda558e40b43248001|2dd73d14175db46f8064|36c703d84269697600|34f78c75625843790002|41b0e9fe738d940000640010b940|36d8f02d47ff397c006480|2c6055f92a58fe6a0064|1fb0e9fe54901b2c805f001100|43b0e9fe670e123a0000|33b0e9fe8b2d7c00006400113e10|30eafd676054c56f8061|2ee9245fb512a863c034642105|37b0e9fee0c26800003000110378|3fc91c357504c27bc043621103
[2026-07-17 11:15:24.237] 
[2026-07-17 11:15:24.237] 
[2026-07-17 11:15:24.237] 
[2026-07-17 11:15:24.470] pTopic:switchlink/B0E9FEC6718C/link_to_app
[2026-07-17 11:15:24.470] pData:SCANR;88:34e0efe6827c1f6f8064|360892728f264a2a0000a20500|28b0e9fe99a3f9390062|3cb0e9fefe66ba0000600011b340|3cfcb7709d0c266d00|47b0e9fe65ac313a0000|37b0e9feb73ec18020640010b941|27b0e9fe6c42590000640010b558|35fae46b7efb126f8064|43d569ad69d2df48c05d00|2c94a99078ed4a750064|41b0e9feb813b93a0000|2db0e9fe8cd2ae00001200115198|32ca6b62497615634056211104|26b0e9e8d6cb073201d014001|2cd5d74b7c22377b8018001140|36b0e9feeea252350064|33b0e9feb0ddd20000640010b558|28f16fbc8fa84b6b0030|37b0e9fed594b80020630010c8e0|3cca120d51dba07bc02b641100|3eb0e9fec1f71e0000640010b558|206055f9413c22670064|36cdeee26626926d00|2ff09074c016722d8064|366055f9432d16670064
[2026-07-17 11:15:24.470] pTopic:switchlink/B0E9FEC6718C/link_to_app
[2026-07-17 11:15:24.470] pData:SCANR;88:27cf5a0916a1ae6f8064|31c04e3095ce92670064|3bd97bfe7b66fb7600|2fb0e9fe7013ae0020510010c8e0|33cda558e40b43248001|2dd73d14175db46f8064|36c703d84269697600|34f78c75625843790002|41b0e9fe738d940000640010b940|36d8f02d47ff397c006480|2c6055f92a58fe6a0064|1fb0e9fe54901b2c805f001100|43b0e9fe670e123a0000|33b0e9fe8b2d7c00006400113e10|30eafd676054c56f8061|2ee9245fb512a863c034642105|37b0e9fee0c26800003000110378|3fc91c357504c27bc043621103
[2026-07-17 11:15:24.470] 
[2026-07-17 11:15:26.765] free heap: 6296120, minimum free heap: 6055764, Internal 8bit free heap: 72716, 8bit free heap: 6296120The current date/time is: Fri Jul 17 03:15:24 2026
[2026-07-17 11:15:26.765] 
[2026-07-17 11:15:26.765] 
[2026-07-17 11:15:34.776] free heap: 6296140, minimum free heap: 6055764, Internal 8bit free heap: 72716, 8bit free heap: 6296140The current date/time is: Fri Jul 17 03:15:32 2026
[2026-07-17 11:15:34.776] 
[2026-07-17 11:15:34.776] 
[2026-07-17 11:15:42.768] free heap: 6296140, minimum free heap: 6055764, Internal 8bit free heap: 72716, 8bit free heap: 6296140The current date/time is: Fri Jul 17 03:15:40 2026
[2026-07-17 11:15:42.768] 
[2026-07-17 11:15:42.768] 
[2026-07-17 11:15:50.767] free heap: 6296084, minimum free heap: 6055764, Internal 8bit free heap: 72680, 8bit free heap: 6296084The current date/time is: Fri Jul 17 03:15:48 2026
[2026-07-17 11:15:50.767] 
[2026-07-17 11:15:50.767] 
[2026-07-17 11:15:58.779] free heap: 6296140, minimum free heap: 6055764, Internal 8bit free heap: 72716, 8bit free heap: 6296140The current date/time is: Fri Jul 17 03:15:56 2026
[2026-07-17 11:15:58.779] 
[2026-07-17 11:15:58.779] 
[2026-07-17 11:16:02.995] uart: 72 AT+TEST shadow BCD|010211018|6a599e6f|54f1f66e8c6bc501012403e89742|b2|03
[2026-07-17 11:16:02.995] 
[2026-07-17 11:16:02.995] 
[2026-07-17 11:16:02.995] 
[2026-07-17 11:16:03.052] pTopic:$aws/rules/bi_ble_data_report_arch2/switchlink/B0E9FEC6718C/link_to_status
[2026-07-17 11:16:03.052] pData:{"protocolVersion":1,"count":1,"messages":[{"id":"cc8b3a58-b428-4a98-8381-e5889496dbce","eventType":"Wo.Device.DataReport","data":{"deviceID":"f1f66e8c6bc5","createTime":1784258159,"contentVersion":3,"contentType":"hex","content":"54f1f66e8c6bc501012403e89742","seq":178}}]}
[2026-07-17 11:16:03.052] 
[2026-07-17 11:16:06.782] free heap: 6296140, minimum free heap: 6055764, Internal 8bit free heap: 72716, 8bit free heap: 6296140The current date/time is: Fri Jul 17 03:16:04 2026
[2026-07-17 11:16:06.782] 
[2026-07-17 11:16:06.782] 
[2026-07-17 11:16:14.783] free heap: 6296140, minimum free heap: 6055764, Internal 8bit free heap: 72716, 8bit free heap: 6296140The current date/time is: Fri Jul 17 03:16:12 2026
[2026-07-17 11:16:14.783] 
[2026-07-17 11:16:14.783] 
[2026-07-17 11:16:22.784] free heap: 6296140, minimum free heap: 6055764, Internal 8bit free heap: 72716, 8bit free heap: 6296140The current date/time is: Fri Jul 17 03:16:20 2026
[2026-07-17 11:16:22.784] 
[2026-07-17 11:16:22.784] 
[2026-07-17 11:16:30.787] free heap: 6296140, minimum free heap: 6055764, Internal 8bit free heap: 72716, 8bit free heap: 6296140The current date/time is: Fri Jul 17 03:16:28 2026
[2026-07-17 11:16:30.787] 
[2026-07-17 11:16:30.787] 
[2026-07-17 11:16:38.788] free heap: 6296140, minimum free heap: 6055764, Internal 8bit free heap: 72716, 8bit free heap: 6296140The current date/time is: Fri Jul 17 03:16:36 2026
[2026-07-17 11:16:38.788] 
[2026-07-17 11:16:38.788] 
[2026-07-17 11:16:46.791] free heap: 6296084, minimum free heap: 6055764, Internal 8bit free heap: 72680, 8bit free heap: 6296084The current date/time is: Fri Jul 17 03:16:44 2026
[2026-07-17 11:16:46.791] 
[2026-07-17 11:16:46.791] 
[2026-07-17 11:16:54.785] free heap: 6296104, minimum free heap: 6055764, Internal 8bit free heap: 72680, 8bit free heap: 6296104The current date/time is: Fri Jul 17 03:16:52 2026
[2026-07-17 11:16:54.785] 
[2026-07-17 11:16:54.785] 
[2026-07-17 11:17:02.799] free heap: 6296140, minimum free heap: 6055764, Internal 8bit free heap: 72716, 8bit free heap: 6296140The current date/time is: Fri Jul 17 03:17:00 2026
[2026-07-17 11:17:02.799] 
[2026-07-17 11:17:02.799] 
[2026-07-17 11:17:10.791] free heap: 6296120, minimum free heap: 6055764, Internal 8bit free heap: 72716, 8bit free heap: 6296120The current date/time is: Fri Jul 17 03:17:08 2026
[2026-07-17 11:17:10.791] 
[2026-07-17 11:17:10.791] 
[2026-07-17 11:17:18.790] free heap: 6296140, minimum free heap: 6055764, Internal 8bit free heap: 72716, 8bit free heap: 6296140The current date/time is: Fri Jul 17 03:17:16 2026
[2026-07-17 11:17:18.790] 
[2026-07-17 11:17:18.790] 
[2026-07-17 11:17:26.803] free heap: 6296120, minimum free heap: 6055764, Internal 8bit free heap: 72716, 8bit free heap: 6296120The current date/time is: Fri Jul 17 03:17:24 2026
[2026-07-17 11:17:26.803] 
[2026-07-17 11:17:26.803] 
[2026-07-17 11:17:34.608] [0;32mI (2935120) ROUTE_HOOK: Received RIO[0m
[2026-07-17 11:17:34.608] [0;32mI (2935120) ROUTE_HOOK: prefix FDEA:C98F:38B2:1:: lifetime 1800[0m
[2026-07-17 11:17:34.608] 
[2026-07-17 11:17:34.808] free heap: 6296140, minimum free heap: 6055764, Internal 8bit free heap: 72716, 8bit free heap: 6296140The current date/time is: Fri Jul 17 03:17:32 2026
[2026-07-17 11:17:34.808] 
[2026-07-17 11:17:34.808] 
[2026-07-17 11:17:42.808] free heap: 6296104, minimum free heap: 6055764, Internal 8bit free heap: 72680, 8bit free heap: 6296104The current date/time is: Fri Jul 17 03:17:40 2026
[2026-07-17 11:17:42.808] 
[2026-07-17 11:17:42.808] 
[2026-07-17 11:17:50.809] free heap: 6296140, minimum free heap: 6055764, Internal 8bit free heap: 72716, 8bit free heap: 6296140The current date/time is: Fri Jul 17 03:17:48 2026
[2026-07-17 11:17:50.809] 
[2026-07-17 11:17:50.809] 
[2026-07-17 11:17:58.800] free heap: 6296140, minimum free heap: 6055764, Internal 8bit free heap: 72716, 8bit free heap: 6296140The current date/time is: Fri Jul 17 03:17:56 2026
[2026-07-17 11:17:58.800] 
[2026-07-17 11:17:58.800] 
[2026-07-17 11:18:06.809] free heap: 6296140, minimum free heap: 6055764, Internal 8bit free heap: 72716, 8bit free heap: 6296140The current date/time is: Fri Jul 17 03:18:04 2026
[2026-07-17 11:18:06.809] 
[2026-07-17 11:18:06.809] 
[2026-07-17 11:18:14.802] free heap: 6296140, minimum free heap: 6055764, Internal 8bit free heap: 72716, 8bit free heap: 6296140The current date/time is: Fri Jul 17 03:18:12 2026
[2026-07-17 11:18:14.802] 
[2026-07-17 11:18:14.802] 
[2026-07-17 11:18:22.813] free heap: 6296140, minimum free heap: 6055764, Internal 8bit free heap: 72716, 8bit free heap: 6296140The current date/time is: Fri Jul 17 03:18:20 2026
[2026-07-17 11:18:22.813] 
[2026-07-17 11:18:22.813] 
[2026-07-17 11:18:30.812] free heap: 6296140, minimum free heap: 6055764, Internal 8bit free heap: 72716, 8bit free heap: 6296140The current date/time is: Fri Jul 17 03:18:28 2026
[2026-07-17 11:18:30.812] 
[2026-07-17 11:18:30.812] 
[2026-07-17 11:18:38.822] free heap: 6296104, minimum free heap: 6055764, Internal 8bit free heap: 72680, 8bit free heap: 6296104The current date/time is: Fri Jul 17 03:18:36 2026
[2026-07-17 11:18:38.822] 
[2026-07-17 11:18:38.822] 
[2026-07-17 11:18:46.821] free heap: 6296120, minimum free heap: 6055764, Internal 8bit free heap: 72716, 8bit free heap: 6296120The current date/time is: Fri Jul 17 03:18:44 2026
[2026-07-17 11:18:46.821] 
[2026-07-17 11:18:46.821] 
[2026-07-17 11:18:54.817] free heap: 6296140, minimum free heap: 6055764, Internal 8bit free heap: 72716, 8bit free heap: 6296140The current date/time is: Fri Jul 17 03:18:52 2026
[2026-07-17 11:18:54.817] 
[2026-07-17 11:18:54.817] 
[2026-07-17 11:19:01.234] app_to_link:SCANR 88
[2026-07-17 11:19:01.234] 
[2026-07-17 11:19:01.474] uart: 887 AT+ACK SCANR;88:4db0e9fed4acf48020640010b941|3bc91c357504c27bc043621103|33d30155de30397b4011001104|38b0e9fec4473900406400110760|2db0e9fed941f18020640010b941|37b0e9fed83cf73a0000|33b0e9fecff9758020640010b941|41f97d3e5f67977600|31c74c63b529a07bc012641200|33fef23e8c6596248064|3cceda72f7dfbb248064|33b0e9fe926a358020640010b941|29c20ba863997948805500|2eb0e9fe56f0a32c8061c91204|32de5038f02c5d6d00|36b0e9fec395f00000620011f1c0|2ccd1c31e8c5867bc021001100|35b0e9fe7213f500003900110378|21b0e9feca210a00205f00113640|30b0e9fea2695573209d000002|37b0e9fec2800f0000000010c4f8|35b0e9fe9803b08020640010b941|26b0e9fea1ea5e00804900119fb8|3df09e9e9755162b0000030500|35b0e9fe8abac739001a|2afffad2471c2d7600|26b0e9fe7013ae0020510010c8e0|32f4479f14ee7a6d00|3cb0e9fe96d6ff00004500115198|51f09e9e966ad6370000952d00|32b0e9feea627b3a0000|1ec109268fd63563d01c642104|34c5994ed41ab77bc057241140|2dd73d14175db46f8064
[2026-07-17 11:19:01.474] 
[2026-07-17 11:19:01.474] 
[2026-07-17 11:19:01.474] 
[2026-07-17 11:19:01.751] uart: 624 AT+ACK SCANR;88:3eb0e9fe65c9430000640010b940|2cb0e9fe822e99390044|27f16fbc8fa84b6b0030|3b84fce6f3d27e670064|3fe3ca634c4f146f805b|3694a9905eddae370000030500|3cc04e30dd914a3d000000|33b0e9fe73bcfe390016|35b0e9fe51613c2c8052001122|32b0e9fe8b2d7c00006400113e10|3bb0e9febba5480000640010b940|3bb0e9fe82c1480000640010b558|35b0e9fe71b8ee0000640010b940|30b0e9fe8d6cb0732feb73ec18020640010b941|33b0e9fe7aa4070000640010b940|2bb0e9feef09d400006400118848|34fae46b7efb126f8064|23e9bc8b9dbaef6f803b|39b0e9fe9bb78f27203000|3db0e9febc4cc33a0000|31b0e9fed46e72390038|31f9fb66a325795400640099bb|38b0e9fe6784210000640011b340|27d77c0975937e6f8064
[2026-07-17 11:19:01.751] 
[2026-07-17 11:19:01.751] 
[2026-07-17 11:19:01.751] pTopic:switchlink/B0E9FEC6718C/link_to_app
[2026-07-17 11:19:01.751] pData:SCANR;88:4db0e9fed4acf48020640010b941|3bc91c357504c27bc043621103|33d30155de30397b4011001104|38b0e9fec4473900406400110760|2db0e9fed941f18020640010b941|37b0e9fed83cf73a0000|33b0e9fecff9758020640010b941|41f97d3e5f67977600|31c74c63b529a07bc012641200|33fef23e8c6596248064|3cceda72f7dfbb248064|33b0e9fe926a358020640010b941|29c20ba863997948805500|2eb0e9fe56f0a32c8061c91204|32de5038f02c5d6d00|36b0e9fec395f00000620011f1c0|2ccd1c31e8c5867bc021001100|35b0e9fe7213f500003900110378|21b0e9feca210a00205f00113640|30b0e9fea2695573209d000002|37b0e9fec2800f0000000010c4f8|35b0e9fe9803b08020640010b941|26b0e9fea1ea5e00804900119fb8|3df09e9e9755162b0000030500|35b0e9fe8abac739001a|2afffad2471c2d7600|26b0e9fe7013ae0020510010c8e0|32f4479f14ee7a6d00|3cb0e9fe96d6ff00004500115198|51f09e9e966ad6370000952d00|32b0e9feea627b3a0000|1ec109268fd63563d01c642104|34c5994ed41ab77bc057241140|2dd73d14175db46f8064
[2026-07-17 11:19:01.751] uart: 616 AT+ACK SCANR;88:3feaa00faa27da7bc05a631140|3024587c0879be3c000000|45b0e9fed1270d0000640010b940|36b0e9fea8b08000005d0011pTopic:switchlink/B0E9FEC6718C/link_to_app
[2026-07-17 11:19:01.751] 3e10|30b0e9fe5168fa7e0000|3bca120d51dba0pData:SCANR;88:3eb0e9fe65c9430000640010b940|2cb0e9fe822e99390044|27f16fbc8fa84b6b0030|3b84fce6f3d27e670064|3fe3ca634c4f146f805b|3694a9905eddae370000030500|3cc04e30dd914a3d000000|33b0e9fe73bcfe390016|35b0e9fe51613c2c8052001122|32b0e9fe8b2d7c00006400113e10|3bb0e9febba5480000640010b940|3bb0e9fe82c1480000640010b558|35b0e9fe71b8ee0000640010b940|30b0e9fe8d6cb0732feb73ec18020640010b941|33b0e9fe7aa4070000640010b940|2bb0e9feef09d400006400118848|34fae46b7efb126f8064|23e9bc8b9dbaef6f803b|39b0e9fe9bb78f27203000|3db0e9febc4cc33a0000|31b0e9fed46e72390038|31f9fb66a325795400640099bb|38b0e9fe6784210000640011b340|27d77c0975937e6f8064
[2026-07-17 11:19:01.751] 7bc02b641100|38b0e9fec1f71e0000640010b558|28f31d508b44a47b8005001140|37cdeee26626926d00|32c5d16e1a82b26f8064|266055f93cbcf2670064|2cf1f66e8c6bc5541051e89742|3ad97bfe7b66fb7600|2dc04e3095ce92670064|2cee17579414927bc002001140|336055f9432d16670064|2ad8f02d47ff397c006480|40b0e9fe738d940000640010b940|2cf03b453e022d2d8064|2c24587c05a3ea3c000000|2b6055f92a58fe6a0064|38ef826dc989a2248059|35c703d84269697600|2ce9245fb512a863c034642105|37b0e9fee0c26800003000110378
[2026-07-17 11:19:01.751] 
[2026-07-17 11:19:01.751] 
[2026-07-17 11:19:01.751] 
[2026-07-17 11:19:01.954] pTopic:switchlink/B0E9FEC6718C/link_to_app
[2026-07-17 11:19:01.954] pData:SCANR;88:3feaa00faa27da7bc05a631140|3024587c0879be3c000000|45b0e9fed1270d0000640010b940|36b0e9fea8b08000005d00113e10|30b0e9fe5168fa7e0000|3bca120d51dba07bc02b641100|38b0e9fec1f71e0000640010b558|28f31d508b44a47b8005001140|37cdeee26626926d00|32c5d16e1a82b26f8064|266055f93cbcf2670064|2cf1f66e8c6bc5541051e89742|3ad97bfe7b66fb7600|2dc04e3095ce92670064|2cee17579414927bc002001140|336055f9432d16670064|2ad8f02d47ff397c006480|40b0e9fe738d940000640010b940|2cf03b453e022d2d8064|2c24587c05a3ea3c000000|2b6055f92a58fe6a0064|38ef826dc989a2248059|35c703d84269697600|2ce9245fb512a863c034642105|37b0e9fee0c26800003000110378
[2026-07-17 11:19:01.954] 
[2026-07-17 11:19:02.881] free heap: 6296104, minimum free heap: 6055764, Internal 8bit free heap: 72680, 8bit free heap: 6296104The current date/time is: Fri Jul 17 03:19:00 2026
[2026-07-17 11:19:02.881] 
[2026-07-17 11:19:02.881] 
[2026-07-17 11:19:10.877] free heap: 6296120, minimum free heap: 6055764, Internal 8bit free heap: 72716, 8bit free heap: 6296120The current date/time is: Fri Jul 17 03:19:08 2026
[2026-07-17 11:19:10.877] 
[2026-07-17 11:19:10.877] 
[2026-07-17 11:19:18.890] free heap: 6296140, minimum free heap: 6055764, Internal 8bit free heap: 72716, 8bit free heap: 6296140The current date/time is: Fri Jul 17 03:19:16 2026
[2026-07-17 11:19:18.890] 
[2026-07-17 11:19:18.890] 
[2026-07-17 11:19:26.887] free heap: 6296120, minimum free heap: 6055764, Internal 8bit free heap: 72716, 8bit free heap: 6296120The current date/time is: Fri Jul 17 03:19:24 2026
[2026-07-17 11:19:26.887] 
[2026-07-17 11:19:26.887] 
[2026-07-17 11:19:28.683] [0;32mI (3049192) ROUTE_HOOK: Received RIO[0m
[2026-07-17 11:19:28.683] [0;32mI (3049192) ROUTE_HOOK: prefix FDEA:C98F:38B2:1:: lifetime 1800[0m
[2026-07-17 11:19:28.683] 
[2026-07-17 11:19:34.891] free heap: 6296140, minimum free heap: 6055764, Internal 8bit free heap: 72716, 8bit free heap: 6296140The current date/time is: Fri Jul 17 03:19:32 2026
[2026-07-17 11:19:34.891] 
[2026-07-17 11:19:34.891] 
[2026-07-17 11:19:42.887] free heap: 6296140, minimum free heap: 6055764, Internal 8bit free heap: 72716, 8bit free heap: 6296140The current date/time is: Fri Jul 17 03:19:40 2026
[2026-07-17 11:19:42.887] 
[2026-07-17 11:19:42.887] 
[2026-07-17 11:19:50.891] free heap: 6296120, minimum free heap: 6055764, Internal 8bit free heap: 72716, 8bit free heap: 6296120The current date/time is: Fri Jul 17 03:19:48 2026
[2026-07-17 11:19:50.891] 
[2026-07-17 11:19:50.891] 
[2026-07-17 11:19:55.882] uart: 9 AT+STATUS
[2026-07-17 11:19:55.882] 
[2026-07-17 11:19:55.882] 
[2026-07-17 11:19:55.882] wifi status is 5 1 2
[2026-07-17 11:19:55.882] 
[2026-07-17 11:19:55.882] wifi ipv4 info:
[2026-07-17 11:19:55.882] 
[2026-07-17 11:19:55.882] 192.168.50.200.
[2026-07-17 11:19:55.882] 
[2026-07-17 11:19:55.882] 255.255.255.0.
[2026-07-17 11:19:55.882] 
[2026-07-17 11:19:55.882] 192.168.50.1.
[2026-07-17 11:19:55.882] 
[2026-07-17 11:19:55.882] 
[2026-07-17 11:19:55.975] uart: 10 AT+GET_UTC
[2026-07-17 11:19:55.975] 
[2026-07-17 11:19:55.975] 
[2026-07-17 11:19:55.975] utc 3, 6a
[2026-07-17 11:19:55.975] 
[2026-07-17 11:19:55.975] utc 2, 59
[2026-07-17 11:19:55.975] 
[2026-07-17 11:19:55.975] utc 1, 9f
[2026-07-17 11:19:55.975] 
[2026-07-17 11:19:55.975] utc 0, 59
[2026-07-17 11:19:55.975] 
[2026-07-17 11:19:55.975] UTC : 6a599f59
[2026-07-17 11:19:55.975] 
[2026-07-17 11:19:55.975] 
[2026-07-17 11:19:58.891] free heap: 6296140, minimum free heap: 6055764, Internal 8bit free heap: 72716, 8bit free heap: 6296140The current date/time is: Fri Jul 17 03:19:56 2026
[2026-07-17 11:19:58.891] 
[2026-07-17 11:19:58.891] 
[2026-07-17 11:20:06.901] free heap: 6296120, minimum free heap: 6055764, Internal 8bit free heap: 72716, 8bit free heap: 6296120The current date/time is: Fri Jul 17 03:20:04 2026
[2026-07-17 11:20:06.901] 
[2026-07-17 11:20:06.901] 
[2026-07-17 11:20:14.896] free heap: 6296140, minimum free heap: 6055764, Internal 8bit free heap: 72716, 8bit free heap: 6296140The current date/time is: Fri Jul 17 03:20:12 2026
[2026-07-17 11:20:14.896] 
[2026-07-17 11:20:14.896] 
[2026-07-17 11:20:21.016] uart: 11 AT+MOTION 0
[2026-07-17 11:20:21.016] 
[2026-07-17 11:20:21.016] 
[2026-07-17 11:20:21.016] btn on press
[2026-07-17 11:20:21.016] uart: 130 AT+BCDS ff04000206a599f72 0010B940B0E9FEC6718C48ca43a5b6dc0F0025000a09974241000000000000ff0cff00000000000000000000000000000000ff01
[2026-07-17 11:20:21.016] 
[2026-07-17 11:20:21.016] 
[2026-07-17 11:20:21.016] 
[2026-07-17 11:20:21.140] pTopic:$aws/rules/bi_wifi_data_report/switchlink/B0E9FEC6718C/link_to_shadow
[2026-07-17 11:20:21.140] pData:BCD ff04000206a599f72 0010B940B0E9FEC6718C48ca43a5b6dc0F0025000a09974241000000000000ff0cff00000000000000000000000000000000ff01
[2026-07-17 11:20:21.140] 
[2026-07-17 11:20:22.900] free heap: 6296140, minimum free heap: 6055764, Internal 8bit free heap: 72716, 8bit free heap: 6296140The current date/time is: Fri Jul 17 03:20:20 2026
[2026-07-17 11:20:22.900] 
[2026-07-17 11:20:22.900] 
[2026-07-17 11:20:28.814] uart: 11 AT+MOTION 1
[2026-07-17 11:20:28.814] 
[2026-07-17 11:20:28.814] 
[2026-07-17 11:20:28.814] btn on press
[2026-07-17 11:20:28.814] uart: 130 AT+BCDS ff04000206a599f79 0010B940B0E9FEC6718C48ca43a5b6dc0F0026200a09974241000000000000ff0cfe00000000000000000000000000000000ff01
[2026-07-17 11:20:28.814] 
[2026-07-17 11:20:28.814] 
[2026-07-17 11:20:28.814] pTopic:$aws/rules/bi_wifi_data_report/switchlink/B0E9FEC6718C/link_to_shadow
[2026-07-17 11:20:28.814] pData:BCD ff04000206a599f79 0010B940B0E9FEC6718C48ca43a5b6dc0F0026200a09974241000000000000ff0cfe00000000000000000000000000000000ff01
[2026-07-17 11:20:28.814] 
[2026-07-17 11:20:30.907] free heap: 6296120, minimum free heap: 6055764, Internal 8bit free heap: 72716, 8bit free heap: 6296120The current date/time is: Fri Jul 17 03:20:28 2026
[2026-07-17 11:20:30.907] 
[2026-07-17 11:20:30.907] 
[2026-07-17 11:20:38.903] free heap: 6296140, minimum free heap: 6055764, Internal 8bit free heap: 72716, 8bit free heap: 6296140The current date/time is: Fri Jul 17 03:20:36 2026
[2026-07-17 11:20:38.903] 
[2026-07-17 11:20:38.903] 
[2026-07-17 11:20:46.902] free heap: 6296120, minimum free heap: 6055764, Internal 8bit free heap: 72716, 8bit free heap: 6296120The current date/time is: Fri Jul 17 03:20:44 2026
[2026-07-17 11:20:46.902] 
[2026-07-17 11:20:46.902] 
[2026-07-17 11:20:54.907] free heap: 6296140, minimum free heap: 6055764, Internal 8bit free heap: 72716, 8bit free heap: 6296140The current date/time is: Fri Jul 17 03:20:52 2026
[2026-07-17 11:20:54.907] 
[2026-07-17 11:20:54.907] 
[2026-07-17 11:21:02.910] free heap: 6296140, minimum free heap: 6055764, Internal 8bit free heap: 72716, 8bit free heap: 6296140The current date/time is: Fri Jul 17 03:21:00 2026
[2026-07-17 11:21:02.910] 
[2026-07-17 11:21:02.910] 
[2026-07-17 11:21:10.911] free heap: 6296120, minimum free heap: 6055764, Internal 8bit free heap: 72716, 8bit free heap: 6296120The current date/time is: Fri Jul 17 03:21:08 2026
[2026-07-17 11:21:10.911] 
[2026-07-17 11:21:10.911] 
[2026-07-17 11:21:18.914] free heap: 6296140, minimum free heap: 6055764, Internal 8bit free heap: 72716, 8bit free heap: 6296140The current date/time is: Fri Jul 17 03:21:16 2026
[2026-07-17 11:21:18.914] 
[2026-07-17 11:21:18.914] 
[2026-07-17 11:21:26.924] free heap: 6296120, minimum free heap: 6055764, Internal 8bit free heap: 72716, 8bit free heap: 6296120The current date/time is: Fri Jul 17 03:21:24 2026
[2026-07-17 11:21:26.924] 
[2026-07-17 11:21:26.924] 
[2026-07-17 11:21:34.924] free heap: 6296140, minimum free heap: 6055764, Internal 8bit free heap: 72716, 8bit free heap: 6296140The current date/time is: Fri Jul 17 03:21:32 2026
[2026-07-17 11:21:34.924] 
[2026-07-17 11:21:34.924] 
[2026-07-17 11:21:42.919] free heap: 6296140, minimum free heap: 6055764, Internal 8bit free heap: 72716, 8bit free heap: 6296140The current date/time is: Fri Jul 17 03:21:40 2026
[2026-07-17 11:21:42.919] 
[2026-07-17 11:21:42.919] 
[2026-07-17 11:21:43.551] [0;32mI (3184056) ROUTE_HOOK: Received RIO[0m
[2026-07-17 11:21:43.551] [0;32mI (3184056) ROUTE_HOOK: prefix FDEA:C98F:38B2:1:: lifetime 1800[0m
[2026-07-17 11:21:43.551] 
[2026-07-17 11:21:48.172] [0;32mI (3188673) ROUTE_HOOK: Received RIO[0m
[2026-07-17 11:21:48.172] [0;32mI (3188673) ROUTE_HOOK: prefix FDEA:C98F:38B2:1:: lifetime 1800[0m
[2026-07-17 11:21:48.172] 
[2026-07-17 11:21:50.915] free heap: 6296140, minimum free heap: 6055764, Internal 8bit free heap: 72716, 8bit free heap: 6296140The current date/time is: Fri Jul 17 03:21:48 2026
[2026-07-17 11:21:50.915] 
[2026-07-17 11:21:50.915] 
[2026-07-17 11:21:58.921] free heap: 6296140, minimum free heap: 6055764, Internal 8bit free heap: 72716, 8bit free heap: 6296140The current date/time is: Fri Jul 17 03:21:56 2026
[2026-07-17 11:21:58.921] 
[2026-07-17 11:21:58.921] 
[2026-07-17 11:22:06.924] free heap: 6296140, minimum free heap: 6055764, Internal 8bit free heap: 72716, 8bit free heap: 6296140The current date/time is: Fri Jul 17 03:22:04 2026
[2026-07-17 11:22:06.924] 
[2026-07-17 11:22:06.924] 
[2026-07-17 11:22:09.553] [0;32mI (3210061) ROUTE_HOOK: Received RIO[0m
[2026-07-17 11:22:09.553] [0;32mI (3210062) ROUTE_HOOK: prefix FDEA:C98F:38B2:1:: lifetime 1800[0m
[2026-07-17 11:22:09.553] 
[2026-07-17 11:22:14.928] free heap: 6296140, minimum free heap: 6055764, Internal 8bit free heap: 72716, 8bit free heap: 6296140The current date/time is: Fri Jul 17 03:22:12 2026
[2026-07-17 11:22:14.928] 
[2026-07-17 11:22:14.928] 
[2026-07-17 11:22:22.934] free heap: 6296140, minimum free heap: 6055764, Internal 8bit free heap: 72716, 8bit free heap: 6296140The current date/time is: Fri Jul 17 03:22:20 2026
[2026-07-17 11:22:22.934] 
[2026-07-17 11:22:22.934] 
[2026-07-17 11:22:30.928] free heap: 6296140, minimum free heap: 6055764, Internal 8bit free heap: 72716, 8bit free heap: 6296140The current date/time is: Fri Jul 17 03:22:28 2026
[2026-07-17 11:22:30.928] 
[2026-07-17 11:22:30.928] 
[2026-07-17 11:22:38.933] free heap: 6296140, minimum free heap: 6055764, Internal 8bit free heap: 72716, 8bit free heap: 6296140The current date/time is: Fri Jul 17 03:22:36 2026
[2026-07-17 11:22:38.933] 
[2026-07-17 11:22:38.933] 
[2026-07-17 11:22:46.930] free heap: 6296104, minimum free heap: 6055764, Internal 8bit free heap: 72680, 8bit free heap: 6296104The current date/time is: Fri Jul 17 03:22:44 2026
[2026-07-17 11:22:46.930] 
[2026-07-17 11:22:46.930] 
[2026-07-17 11:22:54.932] free heap: 6296140, minimum free heap: 6055764, Internal 8bit free heap: 72716, 8bit free heap: 6296140The current date/time is: Fri Jul 17 03:22:52 2026
[2026-07-17 11:22:54.932] 
[2026-07-17 11:22:54.932] 
[2026-07-17 11:23:02.939] free heap: 6294548, minimum free heap: 6055764, Internal 8bit free heap: 72680, 8bit free heap: 6294548The current date/time is: Fri Jul 17 03:23:00 2026
[2026-07-17 11:23:02.939] 
[2026-07-17 11:23:02.939] 
[2026-07-17 11:23:09.021] uart: 11 AT+MOTION 0
[2026-07-17 11:23:09.021] 
[2026-07-17 11:23:09.021] 
[2026-07-17 11:23:09.021] btn on press
[2026-07-17 11:23:09.021] uart: 130 AT+BCDS ff04000206a59a01a 0010B940B0E9FEC6718C48ca43a5b6dc0F0027000a09974241000000000000ff0cfe00000000000000000000000000000000ff01
[2026-07-17 11:23:09.021] 
[2026-07-17 11:23:09.021] 
[2026-07-17 11:23:09.021] 
[2026-07-17 11:23:09.161] pTopic:$aws/rules/bi_wifi_data_report/switchlink/B0E9FEC6718C/link_to_shadow
[2026-07-17 11:23:09.161] pData:BCD ff04000206a59a01a 0010B940B0E9FEC6718C48ca43a5b6dc0F0027000a09974241000000000000ff0cfe00000000000000000000000000000000ff01
[2026-07-17 11:23:09.161] 
[2026-07-17 11:23:10.941] free heap: 6296120, minimum free heap: 6055764, Internal 8bit free heap: 72716, 8bit free heap: 6296120The current date/time is: Fri Jul 17 03:23:08 2026
[2026-07-17 11:23:10.941] 
[2026-07-17 11:23:10.941] 
[2026-07-17 11:23:18.938] free heap: 6296140, minimum free heap: 6055764, Internal 8bit free heap: 72716, 8bit free heap: 6296140The current date/time is: Fri Jul 17 03:23:16 2026
[2026-07-17 11:23:18.938] 
[2026-07-17 11:23:18.938] 
[2026-07-17 11:23:26.943] free heap: 6296120, minimum free heap: 6055764, Internal 8bit free heap: 72716, 8bit free heap: 6296120The current date/time is: Fri Jul 17 03:23:24 2026
[2026-07-17 11:23:26.943] 
[2026-07-17 11:23:26.943] 
[2026-07-17 11:23:29.038] uart: 11 AT+MOTION 1
[2026-07-17 11:23:29.038] 
[2026-07-17 11:23:29.038] 
[2026-07-17 11:23:29.038] btn on press
[2026-07-17 11:23:29.038] uart: 130 AT+BCDS ff04000206a59a02e 0010B940B0E9FEC6718C48ca43a5b6dc0F0028200a09974241000000000000ff0d0200000000000000000000000000000000ff01
[2026-07-17 11:23:29.038] 
[2026-07-17 11:23:29.038] 
[2026-07-17 11:23:29.038] 
[2026-07-17 11:23:29.164] pTopic:$aws/rules/bi_wifi_data_report/switchlink/B0E9FEC6718C/link_to_shadow
[2026-07-17 11:23:29.164] pData:BCD ff04000206a59a02e 0010B940B0E9FEC6718C48ca43a5b6dc0F0028200a09974241000000000000ff0d0200000000000000000000000000000000ff01
[2026-07-17 11:23:29.164] 
[2026-07-17 11:23:34.945] free heap: 6296140, minimum free heap: 6055764, Internal 8bit free heap: 72716, 8bit free heap: 6296140The current date/time is: Fri Jul 17 03:23:32 2026
[2026-07-17 11:23:34.945] 
[2026-07-17 11:23:34.945] 
[2026-07-17 11:23:42.951] free heap: 6296140, minimum free heap: 6055764, Internal 8bit free heap: 72716, 8bit free heap: 6296140The current date/time is: Fri Jul 17 03:23:40 2026
[2026-07-17 11:23:42.951] 
[2026-07-17 11:23:42.951] 
[2026-07-17 11:23:50.946] free heap: 6296140, minimum free heap: 6055764, Internal 8bit free heap: 72716, 8bit free heap: 6296140The current date/time is: Fri Jul 17 03:23:48 2026
[2026-07-17 11:23:50.946] 
[2026-07-17 11:23:50.946] 
[2026-07-17 11:23:57.000] uart: 19 AT+TEMPHUMI +237 65
[2026-07-17 11:23:57.000] 
[2026-07-17 11:23:57.000] 
[2026-07-17 11:23:57.000] temp_ep:65535,temp_data:2370 humi_ep:65535,humi_data:6500
[2026-07-17 11:23:57.000] 
[2026-07-17 11:23:57.000] 
[2026-07-17 11:23:58.954] free heap: 6296140, minimum free heap: 6055764, Internal 8bit free heap: 72716, 8bit free heap: 6296140The current date/time is: Fri Jul 17 03:23:56 2026
[2026-07-17 11:23:58.954] 
[2026-07-17 11:23:58.954] 
[2026-07-17 11:24:06.957] free heap: 6296120, minimum free heap: 6055764, Internal 8bit free heap: 72716, 8bit free heap: 6296120The current date/time is: Fri Jul 17 03:24:04 2026
[2026-07-17 11:24:06.957] 
[2026-07-17 11:24:06.957] 
[2026-07-17 11:24:14.958] free heap: 6296140, minimum free heap: 6055764, Internal 8bit free heap: 72716, 8bit free heap: 6296140The current date/time is: Fri Jul 17 03:24:12 2026
[2026-07-17 11:24:14.958] 
[2026-07-17 11:24:14.958] 
[2026-07-17 11:24:22.952] free heap: 6296140, minimum free heap: 6055764, Internal 8bit free heap: 72716, 8bit free heap: 6296140The current date/time is: Fri Jul 17 03:24:20 2026
[2026-07-17 11:24:22.952] 
[2026-07-17 11:24:22.952] 
[2026-07-17 11:24:29.156] [0;32mI (3349657) ROUTE_HOOK: Received RIO[0m
[2026-07-17 11:24:29.156] [0;32mI (3349658) ROUTE_HOOK: prefix FDEA:C98F:38B2:1:: lifetime 1800[0m
[2026-07-17 11:24:29.156] 
[2026-07-17 11:24:30.954] free heap: 6296104, minimum free heap: 6055764, Internal 8bit free heap: 72680, 8bit free heap: 6296104The current date/time is: Fri Jul 17 03:24:28 2026
[2026-07-17 11:24:30.954] 
[2026-07-17 11:24:30.954] 
[2026-07-17 11:24:38.967] free heap: 6296140, minimum free heap: 6055764, Internal 8bit free heap: 72716, 8bit free heap: 6296140The current date/time is: Fri Jul 17 03:24:36 2026
[2026-07-17 11:24:38.967] 
[2026-07-17 11:24:38.967] 
[2026-07-17 11:24:46.967] free heap: 6296140, minimum free heap: 6055764, Internal 8bit free heap: 72716, 8bit free heap: 6296140The current date/time is: Fri Jul 17 03:24:44 2026
[2026-07-17 11:24:46.967] 
[2026-07-17 11:24:46.967] 
[2026-07-17 11:24:54.963] free heap: 6296140, minimum free heap: 6055764, Internal 8bit free heap: 72716, 8bit free heap: 6296140The current date/time is: Fri Jul 17 03:24:52 2026
[2026-07-17 11:24:54.963] 
[2026-07-17 11:24:54.963] 
[2026-07-17 11:25:02.970] free heap: 6296140, minimum free heap: 6055764, Internal 8bit free heap: 72716, 8bit free heap: 6296140The current date/time is: Fri Jul 17 03:25:00 2026
[2026-07-17 11:25:02.970] 
[2026-07-17 11:25:02.970] 
[2026-07-17 11:25:10.968] free heap: 6296140, minimum free heap: 6055764, Internal 8bit free heap: 72716, 8bit free heap: 6296140The current date/time is: Fri Jul 17 03:25:08 2026
[2026-07-17 11:25:10.968] 
[2026-07-17 11:25:10.968] 
[2026-07-17 11:25:18.966] free heap: 6296140, minimum free heap: 6055764, Internal 8bit free heap: 72716, 8bit free heap: 6296140The current date/time is: Fri Jul 17 03:25:16 2026
[2026-07-17 11:25:18.966] 
[2026-07-17 11:25:18.966] 
[2026-07-17 11:25:26.971] free heap: 6296104, minimum free heap: 6055764, Internal 8bit free heap: 72680, 8bit free heap: 6296104The current date/time is: Fri Jul 17 03:25:24 2026
[2026-07-17 11:25:26.971] 
[2026-07-17 11:25:26.971] 
[2026-07-17 11:25:34.983] free heap: 6296104, minimum free heap: 6055764, Internal 8bit free heap: 72680, 8bit free heap: 6296104The current date/time is: Fri Jul 17 03:25:32 2026
[2026-07-17 11:25:34.983] 
[2026-07-17 11:25:34.983] 
[2026-07-17 11:25:42.979] free heap: 6296140, minimum free heap: 6055764, Internal 8bit free heap: 72716, 8bit free heap: 6296140The current date/time is: Fri Jul 17 03:25:40 2026
[2026-07-17 11:25:42.979] 
[2026-07-17 11:25:42.979] 
[2026-07-17 11:25:50.984] free heap: 6296140, minimum free heap: 6055764, Internal 8bit free heap: 72716, 8bit free heap: 6296140The current date/time is: Fri Jul 17 03:25:48 2026
[2026-07-17 11:25:50.984] 
[2026-07-17 11:25:50.984] 
[2026-07-17 11:25:58.983] free heap: 6296140, minimum free heap: 6055764, Internal 8bit free heap: 72716, 8bit free heap: 6296140The current date/time is: Fri Jul 17 03:25:56 2026
[2026-07-17 11:25:58.983] 
[2026-07-17 11:25:58.983] 
[2026-07-17 11:25:59.044] [0;32mI (3439547) ROUTE_HOOK: Ignore invalid ICMP packet[0m
[2026-07-17 11:25:59.044] 
[2026-07-17 11:25:59.958] [0;32mI (3440470) ROUTE_HOOK: Received RIO[0m
[2026-07-17 11:25:59.958] [0;32mI (3440470) ROUTE_HOOK: prefix FDEA:C98F:38B2:1:: lifetime 1800[0m
[2026-07-17 11:25:59.958] 
[2026-07-17 11:26:06.985] free heap: 6296140, minimum free heap: 6055764, Internal 8bit free heap: 72716, 8bit free heap: 6296140The current date/time is: Fri Jul 17 03:26:04 2026
[2026-07-17 11:26:06.985] 
[2026-07-17 11:26:06.985] 
[2026-07-17 11:26:14.986] free heap: 6296140, minimum free heap: 6055764, Internal 8bit free heap: 72716, 8bit free heap: 6296140The current date/time is: Fri Jul 17 03:26:12 2026
[2026-07-17 11:26:14.986] 
[2026-07-17 11:26:14.986] 
[2026-07-17 11:26:22.989] free heap: 6296104, minimum free heap: 6055764, Internal 8bit free heap: 72680, 8bit free heap: 6296104The current date/time is: Fri Jul 17 03:26:20 2026
[2026-07-17 11:26:22.989] 
[2026-07-17 11:26:22.989] 
[2026-07-17 11:26:30.982] free heap: 6296140, minimum free heap: 6055764, Internal 8bit free heap: 72716, 8bit free heap: 6296140The current date/time is: Fri Jul 17 03:26:28 2026
[2026-07-17 11:26:30.982] 
[2026-07-17 11:26:30.982] 
[2026-07-17 11:26:38.989] free heap: 6296140, minimum free heap: 6055764, Internal 8bit free heap: 72716, 8bit free heap: 6296140The current date/time is: Fri Jul 17 03:26:36 2026
[2026-07-17 11:26:38.989] 
[2026-07-17 11:26:38.989] 
[2026-07-17 11:26:46.993] free heap: 6296120, minimum free heap: 6055764, Internal 8bit free heap: 72716, 8bit free heap: 6296120The current date/time is: Fri Jul 17 03:26:44 2026
[2026-07-17 11:26:46.993] 
[2026-07-17 11:26:46.993] 
[2026-07-17 11:26:55.020] free heap: 6296140, minimum free heap: 6055764, Internal 8bit free heap: 72716, 8bit free heap: 6296140The current date/time is: Fri Jul 17 03:26:52 2026
[2026-07-17 11:26:55.020] 
[2026-07-17 11:26:55.020] uart: 11 AT+MOTION 0
[2026-07-17 11:26:55.020] 
[2026-07-17 11:26:55.020] 
[2026-07-17 11:26:55.020] btn on press
[2026-07-17 11:26:55.020] uart: 130 AT+BCDS ff04000206a59a0fc 0010B940B0E9FEC6718C48ca43a5b6dc0F0029000a07974141000000000000ff0d0000000000000000000000000000000000ff01
[2026-07-17 11:26:55.020] 
[2026-07-17 11:26:55.020] 
[2026-07-17 11:26:55.020] 
[2026-07-17 11:26:55.114] pTopic:$aws/rules/bi_wifi_data_report/switchlink/B0E9FEC6718C/link_to_shadow
[2026-07-17 11:26:55.114] pData:BCD ff04000206a59a0fc 0010B940B0E9FEC6718C48ca43a5b6dc0F0029000a07974141000000000000ff0d0000000000000000000000000000000000ff01
[2026-07-17 11:26:55.114] 
[2026-07-17 11:27:02.997] free heap: 6296104, minimum free heap: 6055764, Internal 8bit free heap: 72680, 8bit free heap: 6296104The current date/time is: Fri Jul 17 03:27:00 2026
[2026-07-17 11:27:02.997] 
[2026-07-17 11:27:02.997] 
[2026-07-17 11:27:10.995] free heap: 6296140, minimum free heap: 6055764, Internal 8bit free heap: 72716, 8bit free heap: 6296140The current date/time is: Fri Jul 17 03:27:08 2026
[2026-07-17 11:27:10.995] 
[2026-07-17 11:27:10.995] 
[2026-07-17 11:27:19.003] free heap: 6296104, minimum free heap: 6055764, Internal 8bit free heap: 72680, 8bit free heap: 6296104The current date/time is: Fri Jul 17 03:27:16 2026
[2026-07-17 11:27:19.003] 
[2026-07-17 11:27:19.003] 
[2026-07-17 11:27:22.185] uart: 11 AT+MOTION 1
[2026-07-17 11:27:22.185] 
[2026-07-17 11:27:22.185] 
[2026-07-17 11:27:22.185] btn on press
[2026-07-17 11:27:22.185] uart: 130 AT+BCDS ff04000206a59a117 0010B940B0E9FEC6718C48ca43a5b6dc0F002a200a07974141000000000000ff0d0200000000000000000000000000000000ff01
[2026-07-17 11:27:22.185] 
[2026-07-17 11:27:22.185] 
[2026-07-17 11:27:22.185] pTopic:$aws/rules/bi_wifi_data_report/switchlink/B0E9FEC6718C/link_to_shadow
[2026-07-17 11:27:22.185] pData:BCD ff04000206a59a117 0010B940B0E9FEC6718C48ca43a5b6dc0F002a200a07974141000000000000ff0d0200000000000000000000000000000000ff01
[2026-07-17 11:27:22.185] 
[2026-07-17 11:27:27.000] free heap: 6296084, minimum free heap: 6055764, Internal 8bit free heap: 72680, 8bit free heap: 6296084The current date/time is: Fri Jul 17 03:27:24 2026
[2026-07-17 11:27:27.000] 
[2026-07-17 11:27:27.000] 
[2026-07-17 11:27:28.760] app_to_link:BCD 09042d01e6e1d6aa7 0010b940B0E9FEC6718C08570f5703
[2026-07-17 11:27:28.760] uart: 42 AT+BCDI 09042d012 0010b940B0E9FEC6718C0101
[2026-07-17 11:27:28.760] 
[2026-07-17 11:27:28.760] 
[2026-07-17 11:27:28.760] 
[2026-07-17 11:27:28.852] pTopic:switchlink/B0E9FEC6718C/link_to_app
[2026-07-17 11:27:28.852] pData:BCD 09042d012 0010b940B0E9FEC6718C0101
[2026-07-17 11:27:28.852] 
[2026-07-17 11:27:29.082] app_to_link:BCD Ak04AA01c6e1d6ac5 0010b940B0E9FEC6718C06570003
[2026-07-17 11:27:29.082] uart: 56 AT+BCDI Ak04AA020 0010b940B0E9FEC6718C010214141010010101
[2026-07-17 11:27:29.082] 
[2026-07-17 11:27:29.082] 
[2026-07-17 11:27:29.082] 
[2026-07-17 11:27:29.252] pTopic:switchlink/B0E9FEC6718C/link_to_app
[2026-07-17 11:27:29.252] pData:BCD Ak04AA020 0010b940B0E9FEC6718C010214141010010101
[2026-07-17 11:27:29.252] 
[2026-07-17 11:27:31.010] app_to_link:BCD a204c401e6e1d7390 0010b940B0E9FEC6718C08570f5703
[2026-07-17 11:27:31.010] uart: 42 AT+BCDI a204c4012 0010b940B0E9FEC6718C0101
[2026-07-17 11:27:31.010] 
[2026-07-17 11:27:31.010] 
[2026-07-17 11:27:31.010] 
[2026-07-17 11:27:31.072] pTopic:switchlink/B0E9FEC6718C/link_to_app
[2026-07-17 11:27:31.072] pData:BCD a204c4012 0010b940B0E9FEC6718C0101
[2026-07-17 11:27:31.072] 
[2026-07-17 11:27:33.111] app_to_link:BCD Ak04Pp01c6e1d7a4d 0010b940B0E9FEC6718C06570F81
[2026-07-17 11:27:33.111] uart: 74 AT+BCDI Ak04Pp032 0010b940B0E9FEC6718C010797410a200087974180974e0301970896
[2026-07-17 11:27:33.111] 
[2026-07-17 11:27:33.111] 
[2026-07-17 11:27:33.111] 
[2026-07-17 11:27:33.298] pTopic:switchlink/B0E9FEC6718C/link_to_app
[2026-07-17 11:27:33.298] pData:BCD Ak04Pp032 0010b940B0E9FEC6718C010797410a200087974180974e0301970896
[2026-07-17 11:27:33.298] 
[2026-07-17 11:27:34.999] free heap: 6296140, minimum free heap: 6055764, Internal 8bit free heap: 72716, 8bit free heap: 6296140The current date/time is: Fri Jul 17 03:27:32 2026
[2026-07-17 11:27:34.999] 
[2026-07-17 11:27:34.999] 
[2026-07-17 11:27:43.000] free heap: 6296140, minimum free heap: 6055764, Internal 8bit free heap: 72716, 8bit free heap: 6296140The current date/time is: Fri Jul 17 03:27:40 2026
[2026-07-17 11:27:43.000] 
[2026-07-17 11:27:43.000] 
[2026-07-17 11:27:50.666] app_to_link:BCD Ak04EI0206e1dc0a2 0010b940B0E9FEC6718C0A570F730603
[2026-07-17 11:27:50.666] uart: 64 AT+BCDI Ak04EI028 0010b940B0E9FEC6718C01000000000000000000000000
[2026-07-17 11:27:50.666] 
[2026-07-17 11:27:50.666] 
[2026-07-17 11:27:50.666] 
[2026-07-17 11:27:50.867] pTopic:switchlink/B0E9FEC6718C/link_to_app
[2026-07-17 11:27:50.867] pData:BCD Ak04EI028 0010b940B0E9FEC6718C01000000000000000000000000
[2026-07-17 11:27:50.867] 
[2026-07-17 11:27:51.006] free heap: 6294584, minimum free heap: 6055764, Internal 8bit free heap: 72716, 8bit free heap: 6294584The current date/time is: Fri Jul 17 03:27:48 2026
[2026-07-17 11:27:51.006] 
[2026-07-17 11:27:51.006] 
[2026-07-17 11:27:51.068] app_to_link:BCD Ak04Ka01e6e1dc0b7 0010b940B0E9FEC6718C08570F5703
[2026-07-17 11:27:51.068] uart: 42 AT+BCDI Ak04Ka012 0010b940B0E9FEC6718C0101
[2026-07-17 11:27:51.068] 
[2026-07-17 11:27:51.068] 
[2026-07-17 11:27:51.068] 
[2026-07-17 11:27:51.269] pTopic:switchlink/B0E9FEC6718C/link_to_app
[2026-07-17 11:27:51.269] pData:BCD Ak04Ka012 0010b940B0E9FEC6718C0101
[2026-07-17 11:27:51.269] 
[2026-07-17 11:27:52.715] app_to_link:BCD Ak04an01e6e1dc79f 0010b940B0E9FEC6718C08570F7303
[2026-07-17 11:27:52.715] uart: 58 AT+BCDI Ak04an022 0010b940B0E9FEC6718C01008000008000000000
[2026-07-17 11:27:52.715] 
[2026-07-17 11:27:52.715] 
[2026-07-17 11:27:52.715] 
[2026-07-17 11:27:52.885] pTopic:switchlink/B0E9FEC6718C/link_to_app
[2026-07-17 11:27:52.885] pData:BCD Ak04an022 0010b940B0E9FEC6718C01008000008000000000
[2026-07-17 11:27:52.885] 
[2026-07-17 11:27:54.028] uart: 11 AT+MOTION 0
[2026-07-17 11:27:54.028] 
[2026-07-17 11:27:54.028] 
[2026-07-17 11:27:54.028] btn on press
[2026-07-17 11:27:54.028] uart: 130 AT+BCDS ff04000206a59a137 0010B940B0E9FEC6718C48ca43a5b6dc0F002b000a07974141000000000000ff0cff00000000000000000000000000000000ff01
[2026-07-17 11:27:54.028] 
[2026-07-17 11:27:54.028] 
[2026-07-17 11:27:54.028] 
[2026-07-17 11:27:54.105] pTopic:$aws/rules/bi_wifi_data_report/switchlink/B0E9FEC6718C/link_to_shadow
[2026-07-17 11:27:54.105] pData:BCD ff04000206a59a137 0010B940B0E9FEC6718C48ca43a5b6dc0F002b000a07974141000000000000ff0cff00000000000000000000000000000000ff01
[2026-07-17 11:27:54.105] 
[2026-07-17 11:27:55.588] app_to_link:BCD 15046901e6e1dd388 0010b940B0E9FEC6718C08570f7301
[2026-07-17 11:27:55.588] uart: 62 AT+BCDI 150469026 0010b940B0E9FEC6718C010001323201811e01821e00
[2026-07-17 11:27:55.588] 
[2026-07-17 11:27:55.588] 
[2026-07-17 11:27:55.588] 
[2026-07-17 11:27:55.727] pTopic:switchlink/B0E9FEC6718C/link_to_app
[2026-07-17 11:27:55.727] pData:BCD 150469026 0010b940B0E9FEC6718C010001323201811e01821e00
[2026-07-17 11:27:55.727] 
[2026-07-17 11:27:57.945] app_to_link:BCD 8f049c0206e1ddca4 0010b940B0E9FEC6718C0a570f570b08
[2026-07-17 11:27:57.945] uart: 44 AT+BCDI 8f049c014 0010b940B0E9FEC6718C010000
[2026-07-17 11:27:57.945] 
[2026-07-17 11:27:57.945] 
[2026-07-17 11:27:57.945] pTopic:switchlink/B0E9FEC6718C/link_to_app
[2026-07-17 11:27:57.945] pData:BCD 8f049c014 0010b940B0E9FEC6718C010000
[2026-07-17 11:27:57.945] 
[2026-07-17 11:27:59.012] free heap: 6296140, minimum free heap: 6055764, Internal 8bit free heap: 72716, 8bit free heap: 6296140The current date/time is: Fri Jul 17 03:27:56 2026
[2026-07-17 11:27:59.012] 
[2026-07-17 11:27:59.012] 
[2026-07-17 11:28:01.749] app_to_link:BCD fe04280246e1deb9d 0010b940B0E9FEC6718C0e570f72020500ff
[2026-07-17 11:28:01.749] uart: 40 AT+BCDI fe0428010 0010b940B0E9FEC6718C01
[2026-07-17 11:28:01.749] 
[2026-07-17 11:28:01.749] 
[2026-07-17 11:28:01.749] 
[2026-07-17 11:28:01.776] pTopic:switchlink/B0E9FEC6718C/link_to_app
[2026-07-17 11:28:01.776] pData:BCD fe0428010 0010b940B0E9FEC6718C01
[2026-07-17 11:28:01.776] 
[2026-07-17 11:28:07.025] uart: 19 AT+TEMPHUMI +239 65
[2026-07-17 11:28:07.025] 
[2026-07-17 11:28:07.025] 
[2026-07-17 11:28:07.025] temp_ep:65535,temp_data:2390 humi_ep:65535,humi_data:6500
[2026-07-17 11:28:07.025] 
[2026-07-17 11:28:07.025] free heap: 6296120, minimum free heap: 6055764, Internal 8bit free heap: 72716, 8bit free heap: 6296120The current date/time is: Fri Jul 17 03:28:04 2026
[2026-07-17 11:28:07.025] 
[2026-07-17 11:28:07.025] 
[2026-07-17 11:28:15.021] free heap: 6296140, minimum free heap: 6055764, Internal 8bit free heap: 72716, 8bit free heap: 6296140The current date/time is: Fri Jul 17 03:28:12 2026
[2026-07-17 11:28:15.021] 
[2026-07-17 11:28:15.021] 
[2026-07-17 11:28:23.019] free heap: 6296140, minimum free heap: 6055764, Internal 8bit free heap: 72716, 8bit free heap: 6296140The current date/time is: Fri Jul 17 03:28:20 2026
[2026-07-17 11:28:23.019] 
[2026-07-17 11:28:23.019] 
[2026-07-17 11:28:31.033] free heap: 6296140, minimum free heap: 6055764, Internal 8bit free heap: 72716, 8bit free heap: 6296140The current date/time is: Fri Jul 17 03:28:28 2026
[2026-07-17 11:28:31.033] 
[2026-07-17 11:28:31.033] 
[2026-07-17 11:28:39.032] free heap: 6296140, minimum free heap: 6055764, Internal 8bit free heap: 72716, 8bit free heap: 6296140The current date/time is: Fri Jul 17 03:28:36 2026
[2026-07-17 11:28:39.032] 
[2026-07-17 11:28:39.032] 
[2026-07-17 11:28:41.462] [0;32mI (3601976) chip[DL]: NVS set: chip-counters/total-hours = 150 (0x96)[0m
[2026-07-17 11:28:41.462] 
[2026-07-17 11:28:45.532] [0;32mI (3606045) ROUTE_HOOK: Received RIO[0m
[2026-07-17 11:28:45.532] [0;32mI (3606045) ROUTE_HOOK: prefix FDEA:C98F:38B2:1:: lifetime 1800[0m
[2026-07-17 11:28:45.532] 
[2026-07-17 11:28:47.031] free heap: 6296140, minimum free heap: 6055764, Internal 8bit free heap: 72716, 8bit free heap: 6296140The current date/time is: Fri Jul 17 03:28:44 2026
[2026-07-17 11:28:47.031] 
[2026-07-17 11:28:47.031] 
[2026-07-17 11:29:00.027] uart: 130 AT+BCDS ff04000206a59a179 0010B940B0E9FEC6718C48ca43a5b6dc0F002c000a09974102000000000000ff0cfe00000000000000000000000000000000ff01
[2026-07-17 11:29:00.027] 
[2026-07-17 11:29:00.027] 
[2026-07-17 11:29:00.027] free heap: 6296108, minimum free heap: 6055764, Internal 8bit free heap: 72716, 8bit free heap: 6296108The current date/time is: Fri Jul 17 03:29:00 2026
[2026-07-17 11:29:00.027] 
[2026-07-17 11:29:00.027] 
[2026-07-17 11:29:00.152] pTopic:$aws/rules/bi_wifi_data_report/switchlink/B0E9FEC6718C/link_to_shadow
[2026-07-17 11:29:00.152] pData:BCD ff04000206a59a179 0010B940B0E9FEC6718C48ca43a5b6dc0F002c000a09974102000000000000ff0cfe00000000000000000000000000000000ff01
[2026-07-17 11:29:00.152] 
[2026-07-17 11:29:03.287] app_to_link:BCD 6a04f30306e1edba6 0010b940B0E9FEC6718C1a570f7205010308964d01970896
[2026-07-17 11:29:03.287] uart: 40 AT+BCDI 6a04f3010 0010b940B0E9FEC6718C01
[2026-07-17 11:29:03.287] 
[2026-07-17 11:29:03.287] 
[2026-07-17 11:29:03.287] 
[2026-07-17 11:29:03.380] pTopic:switchlink/B0E9FEC6718C/link_to_app
[2026-07-17 11:29:03.380] pData:BCD 6a04f3010 0010b940B0E9FEC6718C01
[2026-07-17 11:29:03.380] 
[2026-07-17 11:29:03.858] uart: 11 AT+MOTION 1
[2026-07-17 11:29:03.858] 
[2026-07-17 11:29:03.858] 
[2026-07-17 11:29:03.858] btn on press
[2026-07-17 11:29:03.858] uart: 130 AT+BCDS ff04000206a59a17c 0010B940B0E9FEC6718C48ca43a5b6dc0F002d200a09974142000000000000ff0cfe00000000000000000000000000000000ff01
[2026-07-17 11:29:03.858] 
[2026-07-17 11:29:03.858] 
[2026-07-17 11:29:03.858] 
[2026-07-17 11:29:03.997] pTopic:$aws/rules/bi_wifi_data_report/switchlink/B0E9FEC6718C/link_to_shadow
[2026-07-17 11:29:03.997] pData:BCD ff04000206a59a17c 0010B940B0E9FEC6718C48ca43a5b6dc0F002d200a09974142000000000000ff0cfe00000000000000000000000000000000ff01
[2026-07-17 11:29:03.997] 
[2026-07-17 11:29:08.036] free heap: 6296100, minimum free heap: 6055764, Internal 8bit free heap: 72716, 8bit free heap: 6296100The current date/time is: Fri Jul 17 03:29:08 2026
[2026-07-17 11:29:08.036] 
[2026-07-17 11:29:08.036] 
[2026-07-17 11:29:16.037] free heap: 6296120, minimum free heap: 6055764, Internal 8bit free heap: 72716, 8bit free heap: 6296120The current date/time is: Fri Jul 17 03:29:16 2026
[2026-07-17 11:29:16.037] 
[2026-07-17 11:29:16.037] 
[2026-07-17 11:29:24.046] free heap: 6296120, minimum free heap: 6055764, Internal 8bit free heap: 72716, 8bit free heap: 6296120The current date/time is: Fri Jul 17 03:29:24 2026
[2026-07-17 11:29:24.046] 
[2026-07-17 11:29:24.046] 
[2026-07-17 11:29:29.055] [0;32mI (3649570) ROUTE_HOOK: Received RIO[0m
[2026-07-17 11:29:29.055] [0;32mI (3649570) ROUTE_HOOK: prefix FDEA:C98F:38B2:1:: lifetime 1800[0m
[2026-07-17 11:29:29.055] 
[2026-07-17 11:29:32.039] free heap: 6296120, minimum free heap: 6055764, Internal 8bit free heap: 72716, 8bit free heap: 6296120The current date/time is: Fri Jul 17 03:29:32 2026
[2026-07-17 11:29:32.039] 
[2026-07-17 11:29:32.039] 
[2026-07-17 11:29:36.018] uart: 11 AT+MOTION 0
[2026-07-17 11:29:36.018] 
[2026-07-17 11:29:36.018] 
[2026-07-17 11:29:36.018] btn on press
[2026-07-17 11:29:36.018] uart: 130 AT+BCDS ff04000206a59a19d 0010B940B0E9FEC6718C48ca43a5b6dc0F002e000a09974142000000000000ff0d0100000000000000000000000000000000ff01
[2026-07-17 11:29:36.018] 
[2026-07-17 11:29:36.018] 
[2026-07-17 11:29:36.018] 
[2026-07-17 11:29:36.112] pTopic:$aws/rules/bi_wifi_data_report/switchlink/B0E9FEC6718C/link_to_shadow
[2026-07-17 11:29:36.112] pData:BCD ff04000206a59a19d 0010B940B0E9FEC6718C48ca43a5b6dc0F002e000a09974142000000000000ff0d0100000000000000000000000000000000ff01
[2026-07-17 11:29:36.112] 
[2026-07-17 11:29:40.037] free heap: 6296120, minimum free heap: 6055764, Internal 8bit free heap: 72716, 8bit free heap: 6296120The current date/time is: Fri Jul 17 03:29:40 2026
[2026-07-17 11:29:40.037] 
[2026-07-17 11:29:40.037] 
[2026-07-17 11:29:48.044] free heap: 6296100, minimum free heap: 6055764, Internal 8bit free heap: 72716, 8bit free heap: 6296100The current date/time is: Fri Jul 17 03:29:48 2026
[2026-07-17 11:29:48.044] 
[2026-07-17 11:29:48.044] 
[2026-07-17 11:29:56.038] free heap: 6296120, minimum free heap: 6055764, Internal 8bit free heap: 72716, 8bit free heap: 6296120The current date/time is: Fri Jul 17 03:29:56 2026
[2026-07-17 11:29:56.038] 
[2026-07-17 11:29:56.038] 
[2026-07-17 11:29:56.303] uart: 11 AT+MOTION 1
[2026-07-17 11:29:56.303] 
[2026-07-17 11:29:56.303] 
[2026-07-17 11:29:56.303] btn on press
[2026-07-17 11:29:56.303] uart: 130 AT+BCDS ff04000206a59a1b1 0010B940B0E9FEC6718C48ca43a5b6dc0F002f200a09974142000000000000ff0d0000000000000000000000000000000000ff01
[2026-07-17 11:29:56.303] 
[2026-07-17 11:29:56.303] 
[2026-07-17 11:29:56.303] pTopic:$aws/rules/bi_wifi_data_report/switchlink/B0E9FEC6718C/link_to_shadow
[2026-07-17 11:29:56.303] pData:BCD ff04000206a59a1b1 0010B940B0E9FEC6718C48ca43a5b6dc0F002f200a09974142000000000000ff0d0000000000000000000000000000000000ff01
[2026-07-17 11:29:56.303] 
[2026-07-17 11:29:56.766] uart: 9 AT+STATUS
[2026-07-17 11:29:56.766] 
[2026-07-17 11:29:56.766] 
[2026-07-17 11:29:56.766] wifi status is 5 1 2
[2026-07-17 11:29:56.766] 
[2026-07-17 11:29:56.766] wifi ipv4 info:
[2026-07-17 11:29:56.766] 
[2026-07-17 11:29:56.766] 192.168.50.200.
[2026-07-17 11:29:56.766] 
[2026-07-17 11:29:56.766] 255.255.255.0.
[2026-07-17 11:29:56.766] 
[2026-07-17 11:29:56.766] 192.168.50.1.
[2026-07-17 11:29:56.766] 
[2026-07-17 11:29:56.766] 
[2026-07-17 11:29:56.873] uart: 10 AT+GET_UTC
[2026-07-17 11:29:56.873] 
[2026-07-17 11:29:56.873] 
[2026-07-17 11:29:56.873] utc 3, 6a
[2026-07-17 11:29:56.873] 
[2026-07-17 11:29:56.873] utc 2, 59
[2026-07-17 11:29:56.873] 
[2026-07-17 11:29:56.873] utc 1, a1
[2026-07-17 11:29:56.873] 
[2026-07-17 11:29:56.873] utc 0, b4
[2026-07-17 11:29:56.873] 
[2026-07-17 11:29:56.873] UTC : 6a59a1b4
[2026-07-17 11:29:56.873] 
[2026-07-17 11:29:56.873] 
[2026-07-17 11:30:04.054] free heap: 6296120, minimum free heap: 6055764, Internal 8bit free heap: 72716, 8bit free heap: 6296120The current date/time is: Fri Jul 17 03:30:04 2026
[2026-07-17 11:30:04.054] 
[2026-07-17 11:30:04.054] 
[2026-07-17 11:30:12.045] free heap: 6296120, minimum free heap: 6055764, Internal 8bit free heap: 72716, 8bit free heap: 6296120The current date/time is: Fri Jul 17 03:30:12 2026
[2026-07-17 11:30:12.045] 
[2026-07-17 11:30:12.045] 
[2026-07-17 11:30:20.048] free heap: 6296084, minimum free heap: 6055764, Internal 8bit free heap: 72680, 8bit free heap: 6296084The current date/time is: Fri Jul 17 03:30:20 2026
[2026-07-17 11:30:20.048] 
[2026-07-17 11:30:20.048] 
[2026-07-17 11:30:28.052] free heap: 6296120, minimum free heap: 6055764, Internal 8bit free heap: 72716, 8bit free heap: 6296120The current date/time is: Fri Jul 17 03:30:28 2026
[2026-07-17 11:30:28.052] 
[2026-07-17 11:30:28.052] 
[2026-07-17 11:30:36.057] free heap: 6296084, minimum free heap: 6055764, Internal 8bit free heap: 72680, 8bit free heap: 6296084The current date/time is: Fri Jul 17 03:30:36 2026
[2026-07-17 11:30:36.057] 
[2026-07-17 11:30:36.057] 
[2026-07-17 11:30:44.052] free heap: 6296120, minimum free heap: 6055764, Internal 8bit free heap: 72716, 8bit free heap: 6296120The current date/time is: Fri Jul 17 03:30:44 2026
[2026-07-17 11:30:44.052] 
[2026-07-17 11:30:44.052] 
[2026-07-17 11:30:52.062] free heap: 6296140, minimum free heap: 6055764, Internal 8bit free heap: 72716, 8bit free heap: 6296140The current date/time is: Fri Jul 17 03:30:52 2026
[2026-07-17 11:30:52.062] 
[2026-07-17 11:30:52.062] 
[2026-07-17 11:31:00.062] free heap: 6296140, minimum free heap: 6055764, Internal 8bit free heap: 72716, 8bit free heap: 6296140The current date/time is: Fri Jul 17 03:31:00 2026
[2026-07-17 11:31:00.062] 
[2026-07-17 11:31:00.062] 
[2026-07-17 11:31:08.059] free heap: 6296120, minimum free heap: 6055764, Internal 8bit free heap: 72716, 8bit free heap: 6296120The current date/time is: Fri Jul 17 03:31:08 2026
[2026-07-17 11:31:08.059] 
[2026-07-17 11:31:08.059] 
[2026-07-17 11:31:16.060] free heap: 6296104, minimum free heap: 6055764, Internal 8bit free heap: 72680, 8bit free heap: 6296104The current date/time is: Fri Jul 17 03:31:16 2026
[2026-07-17 11:31:16.060] 
[2026-07-17 11:31:16.060] 
[2026-07-17 11:31:24.065] free heap: 6296120, minimum free heap: 6055764, Internal 8bit free heap: 72716, 8bit free heap: 6296120The current date/time is: Fri Jul 17 03:31:24 2026
[2026-07-17 11:31:24.065] 
[2026-07-17 11:31:24.065] 
[2026-07-17 11:31:32.067] free heap: 6296120, minimum free heap: 6055764, Internal 8bit free heap: 72716, 8bit free heap: 6296120The current date/time is: Fri Jul 17 03:31:32 2026
[2026-07-17 11:31:32.067] 
[2026-07-17 11:31:32.067] 
[2026-07-17 11:31:40.073] free heap: 6296120, minimum free heap: 6055764, Internal 8bit free heap: 72716, 8bit free heap: 6296120The current date/time is: Fri Jul 17 03:31:40 2026
[2026-07-17 11:31:40.073] 
[2026-07-17 11:31:40.073] 
[2026-07-17 11:31:48.076] free heap: 6296120, minimum free heap: 6055764, Internal 8bit free heap: 72716, 8bit free heap: 6296120The current date/time is: Fri Jul 17 03:31:48 2026
[2026-07-17 11:31:48.076] 
[2026-07-17 11:31:48.076] 
[2026-07-17 11:31:56.068] free heap: 6296120, minimum free heap: 6055764, Internal 8bit free heap: 72716, 8bit free heap: 6296120The current date/time is: Fri Jul 17 03:31:56 2026
[2026-07-17 11:31:56.068] 
[2026-07-17 11:31:56.068] 
[2026-07-17 11:32:01.913] uart: 11 AT+MOTION 0
[2026-07-17 11:32:01.913] 
[2026-07-17 11:32:01.913] 
[2026-07-17 11:32:01.913] btn on press
[2026-07-17 11:32:01.913] uart: 130 AT+BCDS ff04000206a59a231 0010B940B0E9FEC6718C48ca43a5b6dc0F0030000a09974142000000000000ff0d0200000000000000000000000000000000ff01
[2026-07-17 11:32:01.913] 
[2026-07-17 11:32:01.913] 
[2026-07-17 11:32:01.913] 
[2026-07-17 11:32:02.117] pTopic:$aws/rules/bi_wifi_data_report/switchlink/B0E9FEC6718C/link_to_shadow
[2026-07-17 11:32:02.117] pData:BCD ff04000206a59a231 0010B940B0E9FEC6718C48ca43a5b6dc0F0030000a09974142000000000000ff0d0200000000000000000000000000000000ff01
[2026-07-17 11:32:02.117] 
[2026-07-17 11:32:04.070] free heap: 6296084, minimum free heap: 6055764, Internal 8bit free heap: 72680, 8bit free heap: 6296084The current date/time is: Fri Jul 17 03:32:04 2026
[2026-07-17 11:32:04.070] 
[2026-07-17 11:32:04.070] 
[2026-07-17 11:32:12.086] free heap: 6296120, minimum free heap: 6055764, Internal 8bit free heap: 72716, 8bit free heap: 6296120The current date/time is: Fri Jul 17 03:32:12 2026
[2026-07-17 11:32:12.086] 
[2026-07-17 11:32:12.086] 
[2026-07-17 11:32:20.079] free heap: 6296120, minimum free heap: 6055764, Internal 8bit free heap: 72716, 8bit free heap: 6296120The current date/time is: Fri Jul 17 03:32:20 2026
[2026-07-17 11:32:20.079] 
[2026-07-17 11:32:20.079] 
[2026-07-17 11:32:28.077] free heap: 6296100, minimum free heap: 6055764, Internal 8bit free heap: 72716, 8bit free heap: 6296100The current date/time is: Fri Jul 17 03:32:28 2026
[2026-07-17 11:32:28.077] 
[2026-07-17 11:32:28.077] 
[2026-07-17 11:32:36.086] free heap: 6296120, minimum free heap: 6055764, Internal 8bit free heap: 72716, 8bit free heap: 6296120The current date/time is: Fri Jul 17 03:32:36 2026
[2026-07-17 11:32:36.086] 
[2026-07-17 11:32:36.086] 
[2026-07-17 11:32:37.182] [0;32mI (3837686) ROUTE_HOOK: Received RIO[0m
[2026-07-17 11:32:37.182] [0;32mI (3837686) ROUTE_HOOK: prefix FDEA:C98F:38B2:1:: lifetime 1800[0m
[2026-07-17 11:32:37.182] 
[2026-07-17 11:32:44.088] free heap: 6296120, minimum free heap: 6055764, Internal 8bit free heap: 72716, 8bit free heap: 6296120The current date/time is: Fri Jul 17 03:32:44 2026
[2026-07-17 11:32:44.088] 
[2026-07-17 11:32:44.088] 
[2026-07-17 11:32:51.387] uart: 11 AT+MOTION 1
[2026-07-17 11:32:51.387] 
[2026-07-17 11:32:51.387] 
[2026-07-17 11:32:51.387] btn on press
[2026-07-17 11:32:51.387] uart: 130 AT+BCDS ff04000206a59a262 0010B940B0E9FEC6718C48ca43a5b6dc0F0031200a09974142000000000000ff0d0100000000000000000000000000000000ff01
[2026-07-17 11:32:51.387] 
[2026-07-17 11:32:51.387] 
[2026-07-17 11:32:51.387] 
[2026-07-17 11:32:51.605] pTopic:$aws/rules/bi_wifi_data_report/switchlink/B0E9FEC6718C/link_to_shadow
[2026-07-17 11:32:51.605] pData:BCD ff04000206a59a262 0010B940B0E9FEC6718C48ca43a5b6dc0F0031200a09974142000000000000ff0d0100000000000000000000000000000000ff01
[2026-07-17 11:32:51.605] 
[2026-07-17 11:32:52.084] free heap: 6294544, minimum free heap: 6055764, Internal 8bit free heap: 72716, 8bit free heap: 6294544The current date/time is: Fri Jul 17 03:32:52 2026
[2026-07-17 11:32:52.084] 
[2026-07-17 11:32:52.084] 
[2026-07-17 11:33:00.090] free heap: 6296104, minimum free heap: 6055764, Internal 8bit free heap: 72680, 8bit free heap: 6296104The current date/time is: Fri Jul 17 03:33:00 2026
[2026-07-17 11:33:00.090] 
[2026-07-17 11:33:00.090] 
[2026-07-17 11:33:08.097] free heap: 6296140, minimum free heap: 6055764, Internal 8bit free heap: 72716, 8bit free heap: 6296140The current date/time is: Fri Jul 17 03:33:08 2026
[2026-07-17 11:33:08.097] 
[2026-07-17 11:33:08.097] 
[2026-07-17 11:33:16.098] free heap: 6296140, minimum free heap: 6055764, Internal 8bit free heap: 72716, 8bit free heap: 6296140The current date/time is: Fri Jul 17 03:33:16 2026
[2026-07-17 11:33:16.098] 
[2026-07-17 11:33:16.098] 
[2026-07-17 11:33:24.103] free heap: 6296140, minimum free heap: 6055764, Internal 8bit free heap: 72716, 8bit free heap: 6296140The current date/time is: Fri Jul 17 03:33:24 2026
[2026-07-17 11:33:24.103] 
[2026-07-17 11:33:24.103] 
[2026-07-17 11:33:32.100] free heap: 6296140, minimum free heap: 6055764, Internal 8bit free heap: 72716, 8bit free heap: 6296140The current date/time is: Fri Jul 17 03:33:32 2026
[2026-07-17 11:33:32.100] 
[2026-07-17 11:33:32.100] 
[2026-07-17 11:33:37.893] uart: 19 AT+TEMPHUMI +237 64
[2026-07-17 11:33:37.893] 
[2026-07-17 11:33:37.893] 
[2026-07-17 11:33:37.893] temp_ep:65535,temp_data:2370 humi_ep:65535,humi_data:6400
[2026-07-17 11:33:37.893] 
[2026-07-17 11:33:37.893] 
[2026-07-17 11:33:40.103] free heap: 6296140, minimum free heap: 6055764, Internal 8bit free heap: 72716, 8bit free heap: 6296140The current date/time is: Fri Jul 17 03:33:40 2026
[2026-07-17 11:33:40.103] 
[2026-07-17 11:33:40.103] 
[2026-07-17 11:33:48.101] free heap: 6296140, minimum free heap: 6055764, Internal 8bit free heap: 72716, 8bit free heap: 6296140The current date/time is: Fri Jul 17 03:33:48 2026
[2026-07-17 11:33:48.101] 
[2026-07-17 11:33:48.101] 
[2026-07-17 11:33:56.097] free heap: 6296104, minimum free heap: 6055764, Internal 8bit free heap: 72680, 8bit free heap: 6296104The current date/time is: Fri Jul 17 03:33:56 2026
[2026-07-17 11:33:56.097] 
[2026-07-17 11:33:56.097] 
[2026-07-17 11:34:04.106] free heap: 6296104, minimum free heap: 6055764, Internal 8bit free heap: 72680, 8bit free heap: 6296104The current date/time is: Fri Jul 17 03:34:04 2026
[2026-07-17 11:34:04.106] 
[2026-07-17 11:34:04.106] 
[2026-07-17 11:34:12.103] free heap: 6296140, minimum free heap: 6055764, Internal 8bit free heap: 72716, 8bit free heap: 6296140The current date/time is: Fri Jul 17 03:34:12 2026
[2026-07-17 11:34:12.103] 
[2026-07-17 11:34:12.103] 
[2026-07-17 11:34:20.102] free heap: 6296140, minimum free heap: 6055764, Internal 8bit free heap: 72716, 8bit free heap: 6296140The current date/time is: Fri Jul 17 03:34:20 2026
[2026-07-17 11:34:20.102] 
[2026-07-17 11:34:20.102] 
[2026-07-17 11:34:28.105] free heap: 6296120, minimum free heap: 6055764, Internal 8bit free heap: 72716, 8bit free heap: 6296120The current date/time is: Fri Jul 17 03:34:28 2026
[2026-07-17 11:34:28.105] 
[2026-07-17 11:34:28.105] 
[2026-07-17 11:34:29.494] [0;32mI (3950000) ROUTE_HOOK: Received RIO[0m
[2026-07-17 11:34:29.494] [0;32mI (3950001) ROUTE_HOOK: prefix FDEA:C98F:38B2:1:: lifetime 1800[0m
[2026-07-17 11:34:29.494] 
[2026-07-17 11:34:36.112] free heap: 6296140, minimum free heap: 6055764, Internal 8bit free heap: 72716, 8bit free heap: 6296140The current date/time is: Fri Jul 17 03:34:36 2026
[2026-07-17 11:34:36.112] 
[2026-07-17 11:34:36.112] 
[2026-07-17 11:34:44.108] free heap: 6296140, minimum free heap: 6055764, Internal 8bit free heap: 72716, 8bit free heap: 6296140The current date/time is: Fri Jul 17 03:34:44 2026
[2026-07-17 11:34:44.108] 
[2026-07-17 11:34:44.108] 
[2026-07-17 11:34:50.900] uart: 130 AT+BCDS ff04000206a59a2da 0010B940B0E9FEC6718C48ca43a5b6dc0F0032200a07974042000000000000ff0cff00000000000000000000000000000000ff01
[2026-07-17 11:34:50.900] 
[2026-07-17 11:34:50.900] 
[2026-07-17 11:34:50.900] 
[2026-07-17 11:34:50.947] pTopic:$aws/rules/bi_wifi_data_report/switchlink/B0E9FEC6718C/link_to_shadow
[2026-07-17 11:34:50.947] pData:BCD ff04000206a59a2da 0010B940B0E9FEC6718C48ca43a5b6dc0F0032200a07974042000000000000ff0cff00000000000000000000000000000000ff01
[2026-07-17 11:34:50.947] 
[2026-07-17 11:34:52.121] free heap: 6296104, minimum free heap: 6055764, Internal 8bit free heap: 72680, 8bit free heap: 6296104The current date/time is: Fri Jul 17 03:34:52 2026
[2026-07-17 11:34:52.121] 
[2026-07-17 11:34:52.121] 
[2026-07-17 11:35:00.121] free heap: 6296140, minimum free heap: 6055764, Internal 8bit free heap: 72716, 8bit free heap: 6296140The current date/time is: Fri Jul 17 03:35:00 2026
[2026-07-17 11:35:00.121] 
[2026-07-17 11:35:00.121] 
[2026-07-17 11:35:05.902] uart: 11 AT+MOTION 0
[2026-07-17 11:35:05.902] 
[2026-07-17 11:35:05.902] 
[2026-07-17 11:35:05.902] btn on press
[2026-07-17 11:35:05.902] uart: 130 AT+BCDS ff04000206a59a2e9 0010B940B0E9FEC6718C48ca43a5b6dc0F0033000a07974042000000000000ff0d0300000000000000000000000000000000ff01
[2026-07-17 11:35:05.902] 
[2026-07-17 11:35:05.902] 
[2026-07-17 11:35:05.902] 
[2026-07-17 11:35:06.105] pTopic:$aws/rules/bi_wifi_data_report/switchlink/B0E9FEC6718C/link_to_shadow
[2026-07-17 11:35:06.105] pData:BCD ff04000206a59a2e9 0010B940B0E9FEC6718C48ca43a5b6dc0F0033000a07974042000000000000ff0d0300000000000000000000000000000000ff01
[2026-07-17 11:35:06.105] 
[2026-07-17 11:35:08.117] free heap: 6296120, minimum free heap: 6055764, Internal 8bit free heap: 72716, 8bit free heap: 6296120The current date/time is: Fri Jul 17 03:35:08 2026
[2026-07-17 11:35:08.117] 
[2026-07-17 11:35:08.117] 
[2026-07-17 11:35:15.279] uart: 11 AT+MOTION 1
[2026-07-17 11:35:15.279] 
[2026-07-17 11:35:15.279] 
[2026-07-17 11:35:15.279] btn on press
[2026-07-17 11:35:15.279] uart: 130 AT+BCDS ff04000206a59a2f2 0010B940B0E9FEC6718C48ca43a5b6dc0F0034200a07974042000000000000ff0ce400000000000000000000000000000000ff01
[2026-07-17 11:35:15.279] 
[2026-07-17 11:35:15.279] 
[2026-07-17 11:35:15.279] 
[2026-07-17 11:35:15.403] pTopic:$aws/rules/bi_wifi_data_report/switchlink/B0E9FEC6718C/link_to_shadow
[2026-07-17 11:35:15.403] pData:BCD ff04000206a59a2f2 0010B940B0E9FEC6718C48ca43a5b6dc0F0034200a07974042000000000000ff0ce400000000000000000000000000000000ff01
[2026-07-17 11:35:15.403] 
[2026-07-17 11:35:16.128] free heap: 6296140, minimum free heap: 6055764, Internal 8bit free heap: 72716, 8bit free heap: 6296140The current date/time is: Fri Jul 17 03:35:16 2026
[2026-07-17 11:35:16.128] 
[2026-07-17 11:35:16.128] 
[2026-07-17 11:35:24.131] free heap: 6296140, minimum free heap: 6055764, Internal 8bit free heap: 72716, 8bit free heap: 6296140The current date/time is: Fri Jul 17 03:35:24 2026
[2026-07-17 11:35:24.131] 
[2026-07-17 11:35:24.131] 
[2026-07-17 11:35:27.325] uart: 9 AT+STATUS
[2026-07-17 11:35:27.325] 
[2026-07-17 11:35:27.325] 
[2026-07-17 11:35:27.325] wifi status is 5 1 2
[2026-07-17 11:35:27.325] 
[2026-07-17 11:35:27.325] wifi ipv4 info:
[2026-07-17 11:35:27.325] 
[2026-07-17 11:35:27.325] 192.168.50.200.
[2026-07-17 11:35:27.325] 
[2026-07-17 11:35:27.325] 255.255.255.0.
[2026-07-17 11:35:27.325] 
[2026-07-17 11:35:27.325] 192.168.50.1.
[2026-07-17 11:35:27.325] 
[2026-07-17 11:35:27.325] 
[2026-07-17 11:35:32.125] free heap: 6296140, minimum free heap: 6055764, Internal 8bit free heap: 72716, 8bit free heap: 6296140The current date/time is: Fri Jul 17 03:35:32 2026
[2026-07-17 11:35:32.125] 
[2026-07-17 11:35:32.125] 
[2026-07-17 11:35:40.136] free heap: 6296140, minimum free heap: 6055764, Internal 8bit free heap: 72716, 8bit free heap: 6296140The current date/time is: Fri Jul 17 03:35:40 2026
[2026-07-17 11:35:40.136] 
[2026-07-17 11:35:40.136] 
[2026-07-17 11:35:45.918] uart: 9 AT+STATUS
[2026-07-17 11:35:45.918] 
[2026-07-17 11:35:45.918] 
[2026-07-17 11:35:45.918] wifi status is 5 1 2
[2026-07-17 11:35:45.918] 
[2026-07-17 11:35:45.918] wifi ipv4 info:
[2026-07-17 11:35:45.918] 
[2026-07-17 11:35:45.918] 192.168.50.200.
[2026-07-17 11:35:45.918] 
[2026-07-17 11:35:45.918] 255.255.255.0.
[2026-07-17 11:35:45.918] 
[2026-07-17 11:35:45.918] 192.168.50.1.
[2026-07-17 11:35:45.918] 
[2026-07-17 11:35:45.918] 
[2026-07-17 11:35:48.129] free heap: 6296084, minimum free heap: 6055764, Internal 8bit free heap: 72680, 8bit free heap: 6296084The current date/time is: Fri Jul 17 03:35:48 2026
[2026-07-17 11:35:48.129] 
[2026-07-17 11:35:48.129] 
[2026-07-17 11:35:56.130] free heap: 6296140, minimum free heap: 6055764, Internal 8bit free heap: 72716, 8bit free heap: 6296140The current date/time is: Fri Jul 17 03:35:56 2026
[2026-07-17 11:35:56.130] 
[2026-07-17 11:35:56.130] 
[2026-07-17 11:35:57.321] ESP-ROM:esp32s3-20210327
[2026-07-17 11:35:57.321] Build:Mar 27 2021
[2026-07-17 11:35:57.321] rst:0x1 (POWERON),boot:0x8 (SPI_FAST_FLASH_BOOT)
[2026-07-17 11:35:57.321] SPIWP:0xee
[2026-07-17 11:35:57.321] mode:DIO, clock div:1
[2026-07-17 11:35:57.321] Valid secure boot key blocks: 0
[2026-07-17 11:35:57.321] 
[2026-07-17 11:35:57.506] secure boot verification succeeded
[2026-07-17 11:35:57.506] load:0x3fce2980,len:0x39cc
[2026-07-17 11:35:57.506] load:0x403c8700,len:0x4
[2026-07-17 11:35:57.506] load:0x403c8704,len:0xcb8
[2026-07-17 11:35:57.506] load:0x403cb700,len:0x52e8
[2026-07-17 11:35:57.506] entry 0x403c8914
[2026-07-17 11:35:57.506] [0;32mI (73) boot: ESP-IDF v5.3.1-dirty 2nd stage bootloader[0m
[2026-07-17 11:35:57.506] [0;32mI (73) boot: compile time Mar 19 2025 17:10:11[0m
[2026-07-17 11:35:57.506] [0;32mI (73) boot: Multicore bootloader[0m
[2026-07-17 11:35:57.506] [0;32mI (77) boot: chip revision: v0.2[0m
[2026-07-17 11:35:57.506] [0;32mI (80) boot.esp32s3: Boot SPI Speed : 80MHz[0m
[2026-07-17 11:35:57.506] [0;32mI (85) boot.esp32s3: SPI Mode       : DIO[0m
[2026-07-17 11:35:57.506] [0;32mI (90) boot.esp32s3: SPI Flash Size : 16MB[0m
[2026-07-17 11:35:57.506] [0;32mI (95) boot: Enabling RNG early entropy source...[0m
[2026-07-17 11:35:57.506] [0;32mI (100) boot: Partition Table:[0m
[2026-07-17 11:35:57.506] [0;32mI (104) boot: ## Label            Usage          Type ST Offset   Length[0m
[2026-07-17 11:35:57.506] [0;32mI (111) boot:  0 esp_secure_cert  unknown          3f 06 0000d000 00002000[0m
[2026-07-17 11:35:57.506] [0;32mI (119) boot:  1 nvs              WiFi data        01 02 00010000 001eb000[0m
[2026-07-17 11:35:57.506] [0;32mI (126) boot:  2 nvs_keys         NVS keys         01 04 001fb000 00001000[0m
[2026-07-17 11:35:57.506] [0;32mI (134) boot:  3 otadata          OTA data         01 00 001fc000 00002000[0m
[2026-07-17 11:35:57.506] [0;32mI (141) boot:  4 phy_init         RF data          01 01 001fe000 00001000[0m
[2026-07-17 11:35:57.506] [0;32mI (149) boot:  5 ota_0            OTA app          00 10 00200000 00200000[0m
[2026-07-17 11:35:57.506] [0;32mI (156) boot:  6 ota_1            OTA app          00 11 00400000 00200000[0m
[2026-07-17 11:35:57.506] [0;32mI (164) boot:  7 fctry            WiFi data        01 02 00600000 00010000[0m
[2026-07-17 11:35:57.506] [0;32mI (172) boot:  8 filedata         unknown          3e 06 00610000 009f0000[0m
[2026-07-17 11:35:57.506] [0;32mI (179) boot: End of partition table[0m
[2026-07-17 11:35:57.506] [0;32mI (183) esp_image: segment 0: paddr=00400020 vaddr=3c150020 size=4b358h (308056) map[0m
[2026-07-17 11:35:57.506] 
[2026-07-17 11:35:57.569] [0;32mI (253) esp_image: segment 1: paddr=0044b380 vaddr=3fc9a500 size=04c98h ( 19608) load[0m
[2026-07-17 11:35:57.569] [0;32mI (258) esp_image: segment 2: paddr=00450020 vaddr=42000020 size=142c20h (1322016) map[0m
[2026-07-17 11:35:57.569] 
[2026-07-17 11:35:57.985] [0;32mI (522) esp_image: segment 3: paddr=00592c48 vaddr=3fc9f198 size=01f80h (  8064) load[0m
[2026-07-17 11:35:57.985] [0;32mI (525) esp_image: segment 4: paddr=00594bd0 vaddr=40374000 size=16460h ( 91232) load[0m
[2026-07-17 11:35:57.985] [0;32mI (550) esp_image: segment 5: paddr=005ab038 vaddr=00000000 size=04f98h ( 20376) [0m
[2026-07-17 11:35:57.985] [0;32mI (554) esp_image: Verifying image signature...[0m
[2026-07-17 11:35:57.985] [0;32mI (555) secure_boot_v2: Verifying with RSA-PSS...[0m
[2026-07-17 11:35:57.985] [0;32mI (560) secure_boot_v2: Signature verified successfully![0m
[2026-07-17 11:35:57.985] [0;32mI (572) boot: Loaded app from partition at offset 0x400000[0m
[2026-07-17 11:35:57.985] [0;32mI (573) secure_boot_v2: enabling secure boot v2...[0m
[2026-07-17 11:35:57.985] [0;32mI (575) secure_boot_v2: secure boot v2 is already enabled, continuing..[0m
[2026-07-17 11:35:57.985] [0;32mI (582) boot: Checking flash encryption...[0m
[2026-07-17 11:35:57.985] [0;32mI (587) flash_encrypt: flash encryption is enabled (1 plaintext flashes left)[0m
[2026-07-17 11:35:57.985] [0;32mI (595) boot: Disabling RNG early entropy source...[0m
[2026-07-17 11:35:57.985] [0;32mI (613) octal_psram: vendor id    : 0x0d (AP)[0m
[2026-07-17 11:35:57.985] [0;32mI (613) octal_psram: dev id       : 0x02 (generation 3)[0m
[2026-07-17 11:35:57.985] [0;32mI (613) octal_psram: density      : 0x03 (64 Mbit)[0m
[2026-07-17 11:35:57.985] [0;32mI (618) octal_psram: good-die     : 0x01 (Pass)[0m
[2026-07-17 11:35:57.985] [0;32mI (623) octal_psram: Latency      : 0x01 (Fixed)[0m
[2026-07-17 11:35:57.985] [0;32mI (628) octal_psram: VCC          : 0x01 (3V)[0m
[2026-07-17 11:35:57.985] [0;32mI (633) octal_psram: SRF          : 0x01 (Fast Refresh)[0m
[2026-07-17 11:35:57.985] [0;32mI (639) octal_psram: BurstType    : 0x01 (Hybrid Wrap)[0m
[2026-07-17 11:35:57.985] [0;32mI (645) octal_psram: BurstLen     : 0x01 (32 Byte)[0m
[2026-07-17 11:35:57.985] [0;32mI (650) octal_psram: Readlatency  : 0x02 (10 cycles@Fixed)[0m
[2026-07-17 11:35:57.985] [0;32mI (657) octal_psram: DriveStrength: 0x00 (1/1)[0m
[2026-07-17 11:35:57.985] [0;32mI (662) MSPI Timing: PSRAM timing tuning index: 4[0m
[2026-07-17 11:35:57.985] [0;32mI (667) esp_psram: Found 8MB PSRAM device[0m
[2026-07-17 11:35:57.985] [0;32mI (672) esp_psram: Speed: 80MHz[0m
[2026-07-17 11:35:57.985] 
[2026-07-17 11:35:58.032] [0;32mI (718) mmu_psram: Read only data copied and mapped to SPIRAM[0m
[2026-07-17 11:35:58.032] 
[2026-07-17 11:35:58.216] [0;32mI (905) mmu_psram: Instructions copied and mapped to SPIRAM[0m
[2026-07-17 11:35:58.216] [0;32mI (906) cpu_start: Multicore app[0m
[2026-07-17 11:35:58.216] 
[2026-07-17 11:35:58.950] [0;32mI (1465) esp_psram: SPI SRAM memory test OK[0m
[2026-07-17 11:35:58.950] [0;32mI (1491) cpu_start: Pro cpu start user code[0m
[2026-07-17 11:35:58.950] [0;32mI (1491) cpu_start: cpu freq: 240000000 Hz[0m
[2026-07-17 11:35:58.950] [0;32mI (1491) app_init: Application information:[0m
[2026-07-17 11:35:58.950] [0;32mI (1494) app_init: Project name:     hub3[0m
[2026-07-17 11:35:58.950] [0;32mI (1499) app_init: App version:      1.0[0m
[2026-07-17 11:35:58.950] [0;32mI (1503) app_init: Compile time:     Jul 15 2026 17:30:56[0m
[2026-07-17 11:35:58.950] [0;32mI (1509) app_init: ELF file SHA256:  5daa5178c...[0m
[2026-07-17 11:35:58.950] [0;32mI (1515) app_init: ESP-IDF:          v5.3.1[0m
[2026-07-17 11:35:58.950] [0;32mI (1520) efuse_init: Min chip rev:     v0.0[0m
[2026-07-17 11:35:58.950] [0;32mI (1524) efuse_init: Max chip rev:     v0.99 [0m
[2026-07-17 11:35:58.950] [0;32mI (1529) efuse_init: Chip rev:         v0.2[0m
[2026-07-17 11:35:58.950] [0;32mI (1534) heap_init: Initializing. RAM available for dynamic allocation:[0m
[2026-07-17 11:35:58.950] [0;32mI (1542) heap_init: At 3FCB5B00 len 00033C10 (207 KiB): RAM[0m
[2026-07-17 11:35:58.950] [0;32mI (1548) heap_init: At 3FCE9710 len 00005724 (21 KiB): RAM[0m
[2026-07-17 11:35:58.950] [0;32mI (1554) heap_init: At 3FCF0000 len 00008000 (32 KiB): DRAM[0m
[2026-07-17 11:35:58.950] [0;32mI (1560) heap_init: At 600FE100 len 00001EE8 (7 KiB): RTCRAM[0m
[2026-07-17 11:35:58.950] [0;32mI (1567) esp_psram: Adding pool of 6209K of PSRAM memory to heap allocator[0m
[2026-07-17 11:35:58.950] [0;32mI (1575) spi_flash: detected chip: generic[0m
[2026-07-17 11:35:58.950] [0;32mI (1579) spi_flash: flash io: dio[0m
[2026-07-17 11:35:58.950] [0;33mW (1583) flash_encrypt: Flash encryption mode is DEVELOPMENT (not secure)[0m
[2026-07-17 11:35:58.950] [0;32mI (1617) sleep: Configure to isolate all GPIO pins in sleep state[0m
[2026-07-17 11:35:58.950] [0;32mI (1618) sleep: Enable automatic switching of GPIO sleep configuration[0m
[2026-07-17 11:35:58.950] [0;32mI (1620) coexist: coex firmware version: 4482466[0m
[2026-07-17 11:35:58.950] [0;32mI (1626) coexist: coexist rom version e7ae62f[0m
[2026-07-17 11:35:58.950] [0;32mI (1631) main_task: Started on CPU0[0m
[2026-07-17 11:35:58.950] [0;32mI (1635) main_task: Calling app_main()[0m
[2026-07-17 11:35:58.950] 
[2026-07-17 11:35:59.259] [0;31mE (1703) NVS: Nvs read data 0 err 4354[0m
[2026-07-17 11:35:59.259] [0;31mE (1713) NVS: Nvs read data 3 err 4354[0m
[2026-07-17 11:35:59.259] [0;32mI (1714) gpio: GPIO[3]| InputEn: 0| OutputEn: 0| OpenDrain: 0| Pullup: 0| Pulldown: 0| Intr:0 [0m
[2026-07-17 11:35:59.259] [0;32mI (1716) gpio: GPIO[6]| InputEn: 0| OutputEn: 0| OpenDrain: 0| Pullup: 0| Pulldown: 0| Intr:0 [0m
[2026-07-17 11:35:59.259] build time : 20260715 17:33:32
[2026-07-17 11:35:59.259] 
[2026-07-17 11:35:59.259] Burned successfully, mac: 48CA43A5B6DC
[2026-07-17 11:35:59.259] build time hex: 07EA070F112120
[2026-07-17 11:35:59.259] 
[2026-07-17 11:35:59.259] free heap 6558344
[2026-07-17 11:35:59.259] 
[2026-07-17 11:35:59.259] &&&&&&&&&&&&&&&&&&booting&&&&&&&&&&&&&&&&&&&
[2026-07-17 11:35:59.259] 
[2026-07-17 11:35:59.259] slot type 0x0
[2026-07-17 11:35:59.259] 
[2026-07-17 11:35:59.259] slot subtype 0x11
[2026-07-17 11:35:59.259] 
[2026-07-17 11:35:59.259] slot address 0x400000
[2026-07-17 11:35:59.259] 
[2026-07-17 11:35:59.259] slot size 0x200000
[2026-07-17 11:35:59.259] 
[2026-07-17 11:35:59.259] slot label ota_1
[2026-07-17 11:35:59.259] 
[2026-07-17 11:35:59.259] slot encrypted 0x1
[2026-07-17 11:35:59.259] 
[2026-07-17 11:35:59.259] [0;31mE (1757) HTTP_CLIENT: The certificate status is set to available[0m
[2026-07-17 11:35:59.259] Device Work Mode - Type:0x00000024 MAC:E6:BD:71:60:CF:28 WorkMode:0 AutoRelockTime:0 min
[2026-07-17 11:35:59.259] [0;32mI (1766) privdata: Device work mode cache initialized with 1 entries[0m
[2026-07-17 11:35:59.259] set host name: SwitchBot-Hub-3-A5B6DC
[2026-07-17 11:35:59.259] [0;32mI (1794) pp: pp rom version: e7ae62f[0m
[2026-07-17 11:35:59.259] [0;32mI (1794) net80211: net80211 rom version: e7ae62f[0m
[2026-07-17 11:35:59.259] I (1797) wifi:wifi driver task: 3fccbf44, prio:23, stack:6656, core=1
[2026-07-17 11:35:59.259] I (1826) wifi:wifi firmware version: ccaebfa
[2026-07-17 11:35:59.259] I (1826) wifi:wifi certification version: v7.0
[2026-07-17 11:35:59.259] I (1826) wifi:config NVS flash: enabled
[2026-07-17 11:35:59.259] I (1826) wifi:config nano formating: disabled
[2026-07-17 11:35:59.259] I (1830) wifi:Init data frame dynamic rx buffer num: 32
[2026-07-17 11:35:59.259] I (1835) wifi:Init static rx mgmt buffer num: 5
[2026-07-17 11:35:59.259] I (1840) wifi:Init management short buffer num: 32
[2026-07-17 11:35:59.259] I (1844) wifi:Init static tx buffer num: 16
[2026-07-17 11:35:59.259] I (1848) wifi:Init tx cache buffer num: 32
[2026-07-17 11:35:59.259] I (1852) wifi:Init static tx FG buffer num: 2
[2026-07-17 11:35:59.259] I (1856) wifi:Init static rx buffer size: 1600
[2026-07-17 11:35:59.259] I (1860) wifi:Init static rx buffer num: 10
[2026-07-17 11:35:59.259] I (1864) wifi:Init dynamic rx buffer num: 32
[2026-07-17 11:35:59.259] [0;32mI (1868) wifi_init: rx ba win: 6[0m
[2026-07-17 11:35:59.259] [0;32mI (1872) wifi_init: accept mbox: 6[0m
[2026-07-17 11:35:59.259] [0;32mI (1876) wifi_init: tcpip mbox: 32[0m
[2026-07-17 11:35:59.259] [0;32mI (1880) wifi_init: udp mbox: 6[0m
[2026-07-17 11:35:59.259] [0;32mI (1884) wifi_init: tcp mbox: 6[0m
[2026-07-17 11:35:59.259] [0;32mI (1888) wifi_init: tcp tx win: 5760[0m
[2026-07-17 11:35:59.259] [0;32mI (1892) wifi_init: tcp rx win: 5760[0m
[2026-07-17 11:35:59.259] [0;32mI (1896) wifi_init: tcp mss: 1440[0m
[2026-07-17 11:35:59.259] [0;32mI (1900) wifi_init: WiFi/LWIP prefer SPIRAM[0m
[2026-07-17 11:35:59.259] [0;32mI (1925) chip[DL]: NVS set: chip-counters/reboot-count = 72 (0x48)[0m
[2026-07-17 11:35:59.259] [0;32mI (1929) chip[DL]: Real time clock set to 946684800 (0100/00/01 00:00:00 UTC)[0m
[2026-07-17 11:35:59.259] [0;32mI (1929) BLE_INIT: BT controller compile version [aa16a46][0m
[2026-07-17 11:35:59.259] [0;32mI (1935) BLE_INIT: Bluetooth MAC: 48:ca:43:a5:b6:de[0m
[2026-07-17 11:35:59.259] [0;32mI (1941) phy_init: phy_version 680,a6008b2,Jun  4 2024,16:41:10[0m
[2026-07-17 11:35:59.259] 
[2026-07-17 11:35:59.321] [0;32mI (2000) NimBLE: GAP procedure initiated: stop advertising.
[2026-07-17 11:35:59.321] [0m
[2026-07-17 11:35:59.321] [0;32mI (2001) NimBLE: Failed to restore IRKs from store; status=8
[2026-07-17 11:35:59.321] [0m
[2026-07-17 11:35:59.321] [0;32mI (2002) CHIP[DL]: BLE host-controller synced[0m
[2026-07-17 11:35:59.321] 
[2026-07-17 11:36:00.159] [0;32mI (2508) chip[DL]: Starting ESP WiFi layer[0m
[2026-07-17 11:36:00.159] I (2509) wifi:mode : sta (48:ca:43:a5:b6:dc)
[2026-07-17 11:36:00.159] I (2509) wifi:enable tsf
[2026-07-17 11:36:00.159] W (2509) wifi:Haven't to connect to a suitable AP now!
[2026-07-17 11:36:00.159] [0;32mI (2513) chip[DL]: Attempting to connect WiFi station interface[0m
[2026-07-17 11:36:00.159] [0;32mI (2520) chip[DL]: WiFi station state change: NotConnected -> Connecting[0m
[2026-07-17 11:36:00.159] [0;32mI (2527) chip[DL]: Done driving station state, nothing else to do...[0m
[2026-07-17 11:36:00.159] I (2533) wifi:new:<8,0>, old:<1,0>, ap:<255,255>, sta:<8,0>, prof:1, snd_ch_cfg:0x0[0;32mI (2534) chip[SVR]: 
[2026-07-17 11:36:00.159] Initializing subscription resumption storage...[0m
[2026-07-17 11:36:00.159] I (2544) wifi:state: init -> auth (0xb0)
[2026-07-17 11:36:00.159] [0;32mI (2550) chip[SVR]: Server initializing...[0m
[2026-07-17 11:36:00.159] [0;32mI (2558) chip[TS]: Last Known Good Time: 2023-10-14T01:16:48[0m
[2026-07-17 11:36:00.159] [0;32mI (2568) chip[DMG]: AccessControl: initializing[0m
[2026-07-17 11:36:00.159] [0;32mI (2568) chip[DMG]: Examples::AccessControlDelegate::Init[0m
[2026-07-17 11:36:00.159] I (2569) wifi:[0;32mI (2574) chip[DMG]: state: auth -> assoc (0x0)
[2026-07-17 11:36:00.159] AccessControl: setting[0m
[2026-07-17 11:36:00.159] [0;32mI (2582) chip[DMG]: DefaultAclStorage: initializing[0m
[2026-07-17 11:36:00.159] [0;32mI (2588) chip[DMG]: DefaultAclStorage: 0 entries loaded[0m
[2026-07-17 11:36:00.159] I (2609) wifi:state: assoc -> run (0x10)
[2026-07-17 11:36:00.159] [0;32mI (2626) mdns_mem: mDNS task will be created from SPIRAM[0m
[2026-07-17 11:36:00.159] [0;32mI (2641) chip[ZCL]: Using ZAP configuration...[0m
[2026-07-17 11:36:00.159] [0;32mI (2642) esp_matter_cluster: Cluster plugin init common callback[0m
[2026-07-17 11:36:00.159] [0;32mI (2642) chip[DMG]: AccessControlCluster: initializing[0m
[2026-07-17 11:36:00.159] [0;32mI (2648) chip[ZCL]: 0x3c162488 ep 0 clus 0x0000_0030 attr 0x0000_0000 not supported[0m
[2026-07-17 11:36:00.159] [0;32mI (2656) chip[ZCL]: Initiating Admin Commissioning cluster.[0m
[2026-07-17 11:36:00.159] [0;32mI (2666) chip[DL]: NVS set: chip-counters/life-count = 71 (0x47)[0m
[2026-07-17 11:36:00.159] [0;32mI (2669) chip[DIS]: Updating services using commissioning mode 1[0m
[2026-07-17 11:36:00.159] [0;31mE (2676) mdns: mdns_service_remove_for_host(6674): Invalid state or arguments[0m
[2026-07-17 11:36:00.159] [0;31mE (2684) mdns: mdns_service_remove_for_host(6674): Invalid state or arguments[0m
[2026-07-17 11:36:00.159] [0;31mE (2692) mdns: mdns_service_remove_for_host(6674): Invalid state or arguments[0m
[2026-07-17 11:36:00.159] [0;32mI (2700) chip[DIS]: Advertise commission parameter vendorID=5015 productID=2027 discriminator=3229/12 cm=1 cp=0[0m
[2026-07-17 11:36:00.159] [0;32mI (2711) chip[IN]: CASE Server enabling CASE session setups[0m
[2026-07-17 11:36:00.159] I (2716) wifi:connected with asus-82-24, aid = 37, channel 8, BW20, bssid = a0:36:bc:6f:e1:68
[2026-07-17 11:36:00.159] [0;32mI (2717) chip[SVR]: I (2725) wifi:Joining Multicast groupssecurity: WPA2-PSK, phy: bgn, rssi: -50[0m
[2026-07-17 11:36:00.159] 
[2026-07-17 11:36:00.159] [0;32mI (2734) chip[SVR]: Server initialization complete[0m
[2026-07-17 11:36:00.159] I (2735) wifi:[0;32mI (2740) chip[SVR]: pm start, type: 1
[2026-07-17 11:36:00.159] Server Listening...[0m
[2026-07-17 11:36:00.159] 
[2026-07-17 11:36:00.159] I (2747) wifi:dp: 1, bi: 102400, li: 3, scale listen interval from 307200 us to 307200 us
[2026-07-17 11:36:00.159] [0;32mI (2748) esp_matter_core: Dynamic endpoint 0 added[0m
[2026-07-17 11:36:00.159] I (2755) wifi:set rx beacon pti, rx_bcn_pti: 14, bcn_timeout: 25000, mt_pti: 14, mt_time: 10000
[2026-07-17 11:36:00.159] [0;32mI (2761) esp_matter_attribute: ********** W : Endpoint 0x0001's Cluster 0x00000003's Attribute 0x00000001 is 3 **********[0m
[2026-07-17 11:36:00.159] [0;32mI (2781) esp_matter_core: Dynamic endpoint 1 added[0m
[2026-07-17 11:36:00.159] [0;32mI (2792) chip[DL]: WIFI_EVENT_STA_START[0m
[2026-07-17 11:36:00.159] [0;32mI (2792) chip[DL]: Done driving station state, nothing else to do...[0m
[2026-07-17 11:36:00.159] I (2796) wifi:AP's beacon interval = 102400 us, DTIM period = 1[0;32mI (2798) chip[DIS]: 
[2026-07-17 11:36:00.159] Updating services using commissioning mode 1[0m
[2026-07-17 11:36:00.159] [0;31mE (2810) mdns: mdns_service_remove_for_host(6677): Service doesn't exist[0m
[2026-07-17 11:36:00.159] [0;31mE (2818) mdns: mdns_service_remove_for_host(6674): Invalid state or arguments[0m
[2026-07-17 11:36:00.159] [0;32mI (2826) chip[DIS]: Advertise commission parameter vendorID=5015 productID=2027 discriminator=3229/12 cm=1 cp=0[0m
[2026-07-17 11:36:00.159] [0;32mI (2837) app_main: Commissioning window opened[0m
[2026-07-17 11:36:00.159] I (2854) wifi:<ba-add>idx:0 (ifx:0, a0:36:bc:6f:e1:68), tid:6, ssn:1, winSize:64
[2026-07-17 11:36:00.159] 
[2026-07-17 11:36:00.780] [0;32mI (2879) chip[IM]: No subscriptions to resume[0m
[2026-07-17 11:36:00.780] [0;32mI (2879) chip[DL]: WIFI_EVENT_STA_CONNECTED[0m
[2026-07-17 11:36:00.780] [0;32mI (2879) chip[DL]: WiFi station state change: Connecting -> Connecting_Succeeded[0m
[2026-07-17 11:36:00.780] [0;32mI (2800) app_bridged_device: MAX_BRIDGED_DEVICE_COUNT 62
[2026-07-17 11:36:00.780] 
[2026-07-17 11:36:00.780] [0m
[2026-07-17 11:36:00.780] [0;32mI (2886) chip[DL]: WiFi station state change: Connecting_Succeeded -> Connected[0m
[2026-07-17 11:36:00.780] [0;32mI (2900) chip[DL]: WiFi station interface connected[0m
[2026-07-17 11:36:00.780] [0;32mI (2906) chip[ZCL]: WiFiDiagnosticsDelegate: OnConnectionStatusChanged[0m
[2026-07-17 11:36:00.780] [0;32mI (2913) chip[DL]: Done driving station state, nothing else to do...[0m
[2026-07-17 11:36:00.780] [0;32mI (2920) chip[DL]: Updating advertising data[0m
[2026-07-17 11:36:00.780] Set Wifi Reconnect Enable 0
[2026-07-17 11:36:00.780] 
[2026-07-17 11:36:00.780] I (2928) wifi:state: run -> init (0x0)
[2026-07-17 11:36:00.780] I (2936) wifi:pm stop, total sleep time: 0 us / 188388 us
[2026-07-17 11:36:00.780] 
[2026-07-17 11:36:00.780] I (2936) wifi:<ba-del>idx:0, tid:6
[2026-07-17 11:36:00.780] I (2939) wifi:new:<8,0>, old:<8,0>, ap:<255,255>, sta:<8,0>, prof:1, snd_ch_cfg:0x0
[2026-07-17 11:36:00.780] [0;32mI (2947) chip[DL]: WIFI_EVENT_STA_DISCONNECTED[0m
[2026-07-17 11:36:00.780] ESP-IDF v5.3.1, free heap 6310792
[2026-07-17 11:36:00.780] 
[2026-07-17 11:36:00.780] W (2953) wifi:Haven't to connect to a suitable AP now!
[2026-07-17 11:36:00.780] uart: 19 AT+VER B0E9FEC6718C
[2026-07-17 11:36:00.780] 
[2026-07-17 11:36:00.780] 
[2026-07-17 11:36:00.780] [0;32mI (2960) chip[DL]: get ver cmd 1
[2026-07-17 11:36:00.780] 
[2026-07-17 11:36:00.780] WiFi station state change: Connected -> NotConnected[0m
[2026-07-17 11:36:00.780] b0W (2971) wifi:e9Haven't to connect to a suitable AP now!fe
[2026-07-17 11:36:00.780] c6718c
[2026-07-17 11:36:00.780] 
[2026-07-17 11:36:00.780] [0;31mE (2977) chip[DL]: Failed to get configured network when updating network status: Error ESP32:0x0500300F[0;32mI (2977) NL_DEV: Init OK, 2 devices loaded from NVS[0m
[2026-07-17 11:36:00.780] [0m
[2026-07-17 11:36:00.780] [0;32mI (2993) chip[DL]: WiFi station interface disconnected[0m
[2026-07-17 11:36:00.780] [0;32mI (2999) TASK_NL: scan interval loaded: 1800 s[0m
[2026-07-17 11:36:00.780] [0;32mI (2999) chip[ZCL]: [0;32mI (3004) TASK_NL: Manager task started, 2 devices registered[0m
[2026-07-17 11:36:00.780] WiFiDiagnosticsDelegate: OnDisconnectionDetected[0;32mI (3013) TASK_NL:   dev[0] eui64="89F8DC10D009" state=1 ip="192.168.50.160"[0m
[2026-07-17 11:36:00.780] [0m
[2026-07-17 11:36:00.780] [0;32mI (3025) TASK_NL:   dev[1] eui64="D0623120BA73" state=1 ip="192.168.50.16"[0m
[2026-07-17 11:36:00.780] [0;32mI (3025) chip[ZCL]: build time hex: 07EA070F112120
[2026-07-17 11:36:00.780] 
[2026-07-17 11:36:00.780] WiFiDiagnosticsDelegate: OnConnectionStatusChanged[0m
[2026-07-17 11:36:00.780] g_bReconnectWifiEnable is false, return
[2026-07-17 11:36:00.780] WIFI_EVENT_STA_DISCONNECTED
[2026-07-17 11:36:00.780] 
[2026-07-17 11:36:00.780] [0;32mI (3049) chip[DL]: Updating advertising data[0m
[2026-07-17 11:36:00.780] BaseType_t r1 = 1  r2 = 1 r3 = 1 r4 = 1 r5 = 1 r6 = 1 r7 = 1
[2026-07-17 11:36:00.780] build time hex: 07EA070F112120
[2026-07-17 11:36:00.780] 
[2026-07-17 11:36:00.780] wifi status is 1 0 1
[2026-07-17 11:36:00.780] 
[2026-07-17 11:36:00.780] uart: 17 AT+IOTAREA 000000
[2026-07-17 11:36:00.780] 
[2026-07-17 11:36:00.780] 
[2026-07-17 11:36:00.780] wifi ipv4 info:
[2026-07-17 11:36:00.780] 
[2026-07-17 11:36:00.780] 0.0.0.0.
[2026-07-17 11:36:00.780] 
[2026-07-17 11:36:00.780] 0.0.0.0.
[2026-07-17 11:36:00.780] 
[2026-07-17 11:36:00.780] 0.0.0.0.
[2026-07-17 11:36:00.780] 
[2026-07-17 11:36:00.780] !!!PAI data!!!
[2026-07-17 11:36:00.780] 
[2026-07-17 11:36:00.780] 30 82 01 D0 30 82 01 76 A0 03 02 01 02 02 10 5B BE D7 3F F6 06 EA 40 01 B5 B1 8A 7F 5A EB 7B 30 0A 06 08 2A 86 48 CE 3D 04 03 02 uart: 101 AT+CERTREQ eb95dda0765d4dfchttps://wonderlabs.us.api.switchbot.net/device/v1/adddevice/getCertificate
[2026-07-17 11:36:00.780] 
[2026-07-17 11:36:00.780] 
[2026-07-17 11:36:00.780] [0;31mE (3094) HTTP_CLIENT: The certificate status is set to unavailable[0m
[2026-07-17 11:36:00.780] 30 35 31 1D 30 1B 06 03 55 04 03 0C 14 53 77 69 74 63 68 42 6F 74 20 4D 61 74 74 65 72 20 50 41 41 31 14 30 12 06 0A 2B 06 01 04 uart: 14 AT+SET_SSID 10
[2026-07-17 11:36:00.780] 
[2026-07-17 11:36:00.780] 
[2026-07-17 11:36:00.780] 01 82 A2 7C 02 01 0C 04 31 33 39 37 30 20 17 0D 32 34 30 35 32 30 30 37 30 37 35 33 5A 18 0F 39 39 39 39 31 32 33 31 32 33 35 39 g_tAwsIot.tConf.ssid :
[2026-07-17 11:36:00.780] 
[2026-07-17 11:36:00.780]  asus-82-24
[2026-07-17 11:36:00.780] 
[2026-07-17 11:36:00.780] 35 39 5A 30 35 31 1D 30 1B 06 03 55 04 03 0C 14 53 77 69 74 63 68 42 6F 74 20 4D 61 74 74 65 72 20 50 41 49 31 14 30 12 06 0A 2B uart: 0 
[2026-07-17 11:36:00.780] 
[2026-07-17 11:36:00.780] 
[2026-07-17 11:36:00.780] 06 01 04 01 82 A2 7C 02 01 0C 04 31 33 39 37 30 59 30 13 06 07 2A 86 48 CE 3D 02 01 06 08 2A 86 48 CE 3D 03 01 07 03 42 00 04 F4 uart: 10 asus-82-24
[2026-07-17 11:36:00.780] 
[2026-07-17 11:36:00.780] 
[2026-07-17 11:36:00.780] 56 49 91 74 AB 96 45 F2 C8 22 05 B7 75 60 60 F9 C9 2F 59 3A E3 AC 0D 28 79 58 63 24 E6 AA BA 73 CE 92 2F A1 E4 4F F2 79 34 F7 F4 uart: 11 AT+SET_PW 8
[2026-07-17 11:36:00.780] 
[2026-07-17 11:36:00.780] 
[2026-07-17 11:36:00.780] get password cmd len 8 
[2026-07-17 11:36:00.780] E6 F9 36 E6 08 A9 A5 A0 97 9A BE AE 45 87 33 AD E1 7B F0 C9 A3 66 30 64 30 12 06 03 55 1D 13 01 01 FF 04 08 30 06 01 01 FF 02 01 00 30 1F 06 03 55 1D 23 04 18 30 16 80 14 C3 96 A6 E6 94 8C C4 6B 42 A2 82 4D 2A 6F 69 47 97 EA 60 04 30 1D 06 03 55 1D 0E 04 16 uart: 0 
[2026-07-17 11:36:00.780] 
[2026-07-17 11:36:00.780] 
[2026-07-17 11:36:00.780] 04 14 95 44 27 C5 F7 28 FF 5F 0B 01 85 6D ED 4F BD 63 A0 63 A4 00 30 0E 06 03 55 1D 0F 01 01 FF 04 04 03 02 01 06 30 0A 06 08 2A uart: 8 asus8224
[2026-07-17 11:36:00.780] 
[2026-07-17 11:36:00.780] 
[2026-07-17 11:36:00.780] 86 48 CE 3D 04 03 02 03 48 00 30 45 02 21 00 AA 81 98 FE C0 AC 0E C8 68 93 8C 42 CF D7 A9 25 FA D6 97 DC BD 2D 22 58 A4 0E A5 41 uart: 26 AT+BOOTBLEVERSION 14040233
[2026-07-17 11:36:00.780] 
[2026-07-17 11:36:00.780] 
[2026-07-17 11:36:00.780] get boot ble version 20 4 2
[2026-07-17 11:36:00.780] 
[2026-07-17 11:36:00.780] 9F 79 B6 B2 02 20 4E CB E0 53 3F 4E 77 E7 C5 5E 1B 91 3C C8 86 BB B8 BC 28 D9 16 1B 98 8E 28 BB 03 A8 1F EC 1F 49 
[2026-07-17 11:36:00.780] uart: 46 AT+UIINFO B0E9FED4ACF4101001010164656661756C74
[2026-07-17 11:36:00.780] 
[2026-07-17 11:36:00.780] 
[2026-07-17 11:36:00.780] UiMac:b0e9fed4acf4
[2026-07-17 11:36:00.780] UiInfo:16 16 1 1 1 default
[2026-07-17 11:36:00.780] !!!DAC data!!!
[2026-07-17 11:36:00.780] 
[2026-07-17 11:36:00.780] 30 82 01 E0 30 82 01 86 A0 03 02 01 02 02 10 6D FD FC 93 8E BE E4 D3 D4 21 61 DB 1D 30 6A 88 30 0A 06 08 2A 86 48 CE 3D 04 03 02 30 35 31 1D 30 1B 06 03 55 04 03 0C 14 53 77 69 74 63 68 42 6F 74 20 4D 61 74 74 65 72 20 50 41 49 31 14 30 12 06 0A 2B 06 01 04 01 82 A2 7C 02 01 0C 04 31 33 39 37 30 20 17 0D 32 34 31 31 32 36 31 35 30 32 30 30 5A 18 0F 39 39 39 39 31 32 33 31 32 33 35 39 35 39 5A 30 4B 31 1D 30 1B 06 03 55 04 03 0C 14 53 77 69 74 63 68 42 6F 74 20 4D 61 74 74 65 72 20 44 41 43 31 14 30 12 06 0A 2B 06 01 04 01 82 A2 7C 02 01 0C 04 31 33 39 37 31 14 30 12 06 0A 2B 06 01 04 01 82 A2 7C 02 02 0C 04 30 37 45 42 30 59 30 13 06 07 2A 86 48 CE 3D 02 01 06 08 2A 86 48 CE 3D 03 01 07 03 42 00 04 6D 26 18 73 3C 93 34 BF E2 79 13 4A 15 F3 28 A8 D2 4C 7F FB F3 1E 0A D0 4A 24 16 F8 77 90 94 B6 E3 73 AC AE DD 3E EA 6C 05 38 EA 69 89 B3 B8 A3 41 13 C4 E9 33 0E D8 5F B2 A1 35 24 DF 4B EF 13 A3 60 30 5E 30 0C 06 03 55 1D 13 01 01 FF 04 02 30 00 30 1F 06 03 55 1D 23 04 18 30 16 80 14 95 44 27 C5 F7 28 FF 5F 0B 01 85 6D ED 4F BD 63 A0 63 A4 00 30 1D 06 03 55 1D 0E 04 16 04 14 9E 92 5D 21 2C 03 09 C0 85 7B 47 36 C7 C5 37 41 9B 2A 5E 11 30 0E 06 03 55 1D 0F 01 01 FF 04 04 03 02 07 80 30 0A 06 08 2A 86 48 CE 3D 04 03 02 03 48 00 30 45 02 21 00 C5 55 BB 01 6B 80 6E 7A 18 44 1E 1A F1 43 19 F6 97 90 CF 68 C2 57 30 D0 55 BD F8 32 21 13 01 DB 02 20 6D 71 F0 4F 22 08 89 FE BA 6B E2 AC 54 15 4F 2F E1 7D 7B 6C 8F F8 86 8B 5E DB 1C D0 A3 9A 32 36 
[2026-07-17 11:36:00.780] *****matter info*****
[2026-07-17 11:36:00.780] discriminator:3229
[2026-07-17 11:36:00.780] pincode:56197092
[2026-07-17 11:36:00.780] product_id:2027
[2026-07-17 11:36:00.780] vendor_id:5015
[2026-07-17 11:36:00.780] iteration_count:10000
[2026-07-17 11:36:00.780] salt:tXmFWhA7hDuDJNDVd1CtCzlVym2mrUh9/6tqy7lBAic=
[2026-07-17 11:36:00.780] verifier:lYqofNLZlYSek3gpJAC2PpCo60FxESOTJJnOLDcpMy0E3gjpn6PLprl4MR/gIO7MXpcKEMsOXh7YxTPm8djeUp8sXhBNkqb0YISoQqKpRkJsWgfJPANqGPi3v7wTmAnKEw==
[2026-07-17 11:36:00.780] rd-id-uid:3ae9afce0abe1de90bd957a925a6e7d0
[2026-07-17 11:36:00.780] *****matter info*****
[2026-07-17 11:36:00.780] free heap 14 6249052
[2026-07-17 11:36:00.780] 
[2026-07-17 11:36:00.780] ble_pair_server_start 
[2026-07-17 11:36:00.780] [0;32mI (3406) chip[DL]: [0;32mI (3407) doorlock_callback: doorlock example init[0m
[2026-07-17 11:36:00.780] [0;32mI (3410) NVS: Flash write 4[0m
[2026-07-17 11:36:00.780] Configuring CHIPoBLE advertising (interval 25 ms, connectable)[0m
[2026-07-17 11:36:00.780] sub-device count:0,ind dev:0
[2026-07-17 11:36:00.780] [0;32mI (3424) NimBLE: GAP procedure initiated: advertise; [0m
[2026-07-17 11:36:00.780] [0;32mI (3433) NimBLE: disc_mode=2[0m
[2026-07-17 11:36:00.780] [0;32mI (3436) NimBLE:  adv_channel_map=0 own_addr_type=1 adv_filter_policy=0 adv_itvl_min=40 adv_itvl_max=40[0m
[2026-07-17 11:36:00.780] [0;32mI (3446) NimBLE: 
[2026-07-17 11:36:00.780] [0m
[2026-07-17 11:36:00.780] uart: 19 AT+TEMP[0;32mI (3449) chip[DL]: HUMI +237 64
[2026-07-17 11:36:00.780] CHIPoBLE advertising startedATA+MATTERLIST 0[0m
[2026-07-17 11:36:00.780] 
[2026-07-17 11:36:00.780] 
[2026-07-17 11:36:00.780] temp_ep:65535,temp_data:2370 humi_ep:65535,humi_data:6400
[2026-07-17 11:36:00.780] 
[2026-07-17 11:36:00.780] 
[2026-07-17 11:36:00.780] 
[2026-07-17 11:36:00.780] [0;32mI (3464) main_task: Returned from app_main()[0m
[2026-07-17 11:36:00.780] 
[2026-07-17 11:36:04.522] [0;32mI (7155) chip[DL]: WIFI_EVENT_SCAN_DONE[0m
[2026-07-17 11:36:04.522] [0;32mI (7155) chip[DL]: No scan callback[0m
[2026-07-17 11:36:04.522] WIFI_EVENT_SCAN_DONE
[2026-07-17 11:36:04.522] scan ap num 20
[2026-07-17 11:36:04.522] 
[2026-07-17 11:36:04.522]  0, -43, HUAWEI-J1FE2L
[2026-07-17 11:36:04.522]  1, -47, IPC_7B8E
[2026-07-17 11:36:04.522]  2, -47, test-20
[2026-07-17 11:36:04.522]  3, -49, IPC_7B20
[2026-07-17 11:36:04.522]  4, -50, HUAWEI88_2.4G
[2026-07-17 11:36:04.522]  5, -51, asus-82-24
[2026-07-17 11:36:04.522]  6, -53, IPC_AC31
[2026-07-17 11:36:04.522]  7, -53, woanmarket
[2026-07-17 11:36:04.522]  8, -54, woan-guonei
[2026-07-17 11:36:04.522]  9, -55, Deco
[2026-07-17 11:36:04.522] 10, -56, IPC_13B9
[2026-07-17 11:36:04.522] 11, -57, tendadada
[2026-07-17 11:36:04.522] 12, -57, ceshi999_2.4
[2026-07-17 11:36:04.522] 13, -58, woan-guest
[2026-07-17 11:36:04.522] 14, -58, IPC_4976
[2026-07-17 11:36:04.522] 15, -59, ASU_E8
[2026-07-17 11:36:04.522] 16, -60, test2026
[2026-07-17 11:36:04.522] 17, -60, SwitchBot_default
[2026-07-17 11:36:04.522] 18, -61, 123
[2026-07-17 11:36:04.522] 19, -61, Buffalo-G-36D0
[2026-07-17 11:36:04.522] Set Wifi Reconnect Enable 1
[2026-07-17 11:36:04.522] 
[2026-07-17 11:36:04.522] ssid: 10 asus-82-24
[2026-07-17 11:36:04.522] pw:   8 asus8224
[2026-07-17 11:36:04.522] W (7197) wifi:Haven't to connect to a suitable AP now!
[2026-07-17 11:36:04.522] W (7202) wifi:Password length matches WPA2 standards, authmode threshold changes from OPEN to WPA2
[2026-07-17 11:36:04.522] 
[2026-07-17 11:36:04.661] I (7302) wifi:new:<8,0>, old:<8,0>, ap:<255,255>, sta:<8,0>, prof:1, snd_ch_cfg:0x0
[2026-07-17 11:36:04.661] I (7303) wifi:state: init -> auth (0xb0)
[2026-07-17 11:36:04.661] I (7323) wifi:state: auth -> assoc (0x0)
[2026-07-17 11:36:04.661] I (7346) wifi:state: assoc -> run (0x10)
[2026-07-17 11:36:04.661] 
[2026-07-17 11:36:04.707] I (7385) wifi:<ba-add>idx:0 (ifx:0, a0:36:bc:6f:e1:68), tid:0, ssn:1, winSize:64
[2026-07-17 11:36:04.707] 
[2026-07-17 11:36:04.861] I (7438) wifi:connected with asus-82-24, aid = 42, channel 8, BW20, bssid = a0:36:bc:6f:e1:68
[2026-07-17 11:36:04.861] I (7439) wifi:security: WPA2-PSK, phy: bgn, rssi: -50
[2026-07-17 11:36:04.861] I (7441) wifi:pm start, type: 1
[2026-07-17 11:36:04.861] 
[2026-07-17 11:36:04.861] I (7443) wifi:set rx beacon pti, rx_bcn_pti: 14, bcn_timeout: 25000, mt_pti: 14, mt_time: 10000
[2026-07-17 11:36:04.861] [0;32mI (7453) chip[DL]: WIFI_EVENT_STA_CONNECTED[0m
[2026-07-17 11:36:04.861] [0;32mI (7457) chip[DL]: WiFi station state change: NotConnected -> Connected[0m
[2026-07-17 11:36:04.861] [0;32mI (7464) chip[DL]: WiFi station interface connected[0m
[2026-07-17 11:36:04.861] [0;32mI (7470) chip[ZCL]: WiFiDiagnosticsDelegate: OnConnectionStatusChanged[0m
[2026-07-17 11:36:04.861] [0;32mI (7477) chip[DL]: Done driving station state, nothing else to do...[0m
[2026-07-17 11:36:04.861] [0;32mI (7484) chip[DL]: Updating advertising data[0m
[2026-07-17 11:36:04.861] [0;32mI (7489) chip[DL]: Configuring CHIPoBLE advertising (interval 25 ms, connectable)[0m
[2026-07-17 11:36:04.861] [0;32mI (7497) chip[DL]: Device already advertising, stop active advertisement and restart[0m
[2026-07-17 11:36:04.861] [0;32mI (7505) NimBLE: GAP procedure initiated: stop advertising.
[2026-07-17 11:36:04.861] [0m
[2026-07-17 11:36:04.861] [0;32mI (7512) NimBLE: GAP procedure initiated: advertise; [0m
[2026-07-17 11:36:04.861] [0;32mI (7518) NimBLE: disc_mode=2[0m
[2026-07-17 11:36:04.861] [0;32mI (7521) NimBLE:  adv_channel_map=0 own_addr_type=1 adv_filter_policy=0 adv_itvl_min=40 adv_itvl_max=40[0m
[2026-07-17 11:36:04.861] I (7522) wifi:[0;32mI (7531) NimBLE: 
[2026-07-17 11:36:04.861] [0m
[2026-07-17 11:36:04.861] <ba-add>idx:1 (ifx:0, a0:36:bc:6f:e1:68), tid:6, ssn:1, winSize:64
[2026-07-17 11:36:04.861] 
[2026-07-17 11:36:04.938] I (7616) wifi:AP's beacon interval = 102400 us, DTIM period = 1
[2026-07-17 11:36:04.938] 
[2026-07-17 11:36:05.863] [0;32mI (8452) esp_netif_handlers: sta ip: 192.168.50.200, mask: 255.255.255.0, gw: 192.168.50.1[0m
[2026-07-17 11:36:05.863] [0;32mI (8452) chip[DL]: IP_EVENT_STA_GOT_IP[0m
[2026-07-17 11:36:05.863] [0;32mI (8454) chip[DL]: IPv4 address changed on WiFi station interface: 192.168.50.200/255.255.255.0 gateway 192.168.50.1[0m
[2026-07-17 11:36:05.863] [0;32mI (8466) chip[DL]: IPv4 Internet connectivity ESTABLISHED[0m
[2026-07-17 11:36:05.863] IP_EVENT_STA_GOT_IP
[2026-07-17 11:36:05.863] 
[2026-07-17 11:36:05.863] WiFi: ip got...
[2026-07-17 11:36:05.863] 
[2026-07-17 11:36:05.863] [0;32mI (8473) HTTP_CLIENT: Start https_request example start[0m
[2026-07-17 11:36:05.863] wifi status is 5 0 2
[2026-07-17 11:36:05.863] 
[2026-07-17 11:36:05.863] [0;32mI (8481) HTTP_CLIENT: Disconnect MQTT[0m
[2026-07-17 11:36:05.863] wifi ipv4 info:
[2026-07-17 11:36:05.863] 
[2026-07-17 11:36:05.863] [0;31mE (8487) HTTP_CLIENT: The certificate status is set to unavailable[0m
[2026-07-17 11:36:05.863] 192.[0;32mI (8496) HTTP_CLIENT: Disconnect MQTT Success[0m
[2026-07-17 11:36:05.863] 168.[0;32mI (8501) HTTP_CLIENT: tick: 6[0m
[2026-07-17 11:36:05.863] 50.200.
[2026-07-17 11:36:05.863] 
[2026-07-17 11:36:05.863] 255.255.255.0.
[2026-07-17 11:36:05.863] 
[2026-07-17 11:36:05.863] 192.168.50.1.
[2026-07-17 11:36:05.863] 
[2026-07-17 11:36:05.863] [0;32mI (8509) app_main: Interface IP Address Changed[0m
[2026-07-17 11:36:05.863] [0;32mI (8514) chip[DIS]: Updating services using commissioning mode 1[0m
[2026-07-17 11:36:05.863] [0;31mE (8521) mdns: mdns_service_remove_for_host(6677): Service doesn't exist[0m
[2026-07-17 11:36:05.863] [0;31mE (8528) mdns: mdns_service_remove_for_host(6674): Invalid state or arguments[0m
[2026-07-17 11:36:05.863] [0;32mI (8537) chip[DIS]: Advertise commission parameter vendorID=5015 productID=2027 discriminator=3229/12 cm=1 cp=0[0m
[2026-07-17 11:36:05.863] Starting SNTP...
[2026-07-17 11:36:05.863] 
[2026-07-17 11:36:05.863] 
[2026-07-17 11:36:06.157] [0;32mI (8793) chip[DL]: IP_EVENT_GOT_IP6[0m
[2026-07-17 11:36:06.157] [0;32mI (8793) chip[DL]: IPv6 addr available. Ready on WIFI_STA_DEF interface: fe80:0000:0000:0000:4aca:43ff:fea5:b6dc[0m
[2026-07-17 11:36:06.157] WIFI: ipv6 got...
[2026-07-17 11:36:06.157] [0;32mI (8799) app_main: Interface IP Address Changed[0m
[2026-07-17 11:36:06.157] [0;32mI (8804) chip[DIS]: Updating services using commissioning mode 1[0m
[2026-07-17 11:36:06.157] [0;31mE (8811) mdns: mdns_service_remove_for_host(6677): Service doesn't exist[0m
[2026-07-17 11:36:06.157] [0;31mE (8818) mdns: mdns_service_remove_for_host(6674): Invalid state or arguments[0m
[2026-07-17 11:36:06.157] [0;32mI (8827) chip[DIS]: Advertise commission parameter vendorID=5015 productID=2027 discriminator=3229/12 cm=1 cp=0[0m
[2026-07-17 11:36:06.157] 
[2026-07-17 11:36:07.175] [0;32mI (9505) HTTP_CLIENT: http_rest_with_url num = 1,https_event_group=0[0m
[2026-07-17 11:36:07.175] [0;32mI (9505) HTTP_CLIENT: tick: 7[0m
[2026-07-17 11:36:07.175] [0;32mI (9505) HTTP_CLIENT: postman_root_cert_pem_start : -----BEGIN CERTIFICATE-----
[2026-07-17 11:36:07.175] MIIBrTCCAVOgAwIBAgIRAKH/1ohrnkBd4iGtRVxQypEwCgYIKoZIzj0EAwIwNTEd
[2026-07-17 11:36:07.175] MBsGA1UEAwwUU3dpdGNoQm90IE1hdHRlciBQQUExFDASBgorBgEEAYKifAIBDAQx
[2026-07-17 11:36:07.175] Mzk3MCAXDTI0MDUyMDA2NTM1NloYDzk5OTkxMjMxMjM1OTU5WjA1MR0wGwYDVQQD
[2026-07-17 11:36:07.175] DBRTd2l0Y2hCb3QgTWF0dGVyIFBBQTEUMBIGCisGAQQBgqJ8AgEMBDEzOTcwWTAT
[2026-07-17 11:36:07.175] BgcqhkjOPQIBBggqhkjOPQMBBwNCAASEiZlGTnuCQv6nMESGdy6k8Mmfjx594NlF
[2026-07-17 11:36:07.175] 6LbfNAy+7lzF9kwWHNe8LJ8tfy0K2s/lhj6nE5+lGJDiyx6J6GOUo0IwQDAPBgNV
[2026-07-17 11:36:07.175] HRMBAf8EBTADAQH/MB0GA1UdDgQWBBTDlqbmlIzEa0Kigk0qb2lHl+pgBDAOBgNV
[2026-07-17 11:36:07.175] HQ8BAf8EBAMCAYYwCgYIKoZIzj0EAwIDSAAwRQIhAIA5Bmac8qsY0Nn0As13JtAS
[2026-07-17 11:36:07.175] NiTo10DyhJgcH4JTAkHmAiBvDxfGuxxmPcBd3Z32m+vWvRJWdRdAxeUWOThq/VEc
[2026-07-17 11:36:07.175] Gw==
[2026-07-17 11:36:07.175] -----END CERTIFICATE-----
[2026-07-17 11:36:07.175] -----BEGIN CERTIFICATE-----
[2026-07-17 11:36:07.175] MIICSTCCAe+gAwIBAgIUbmh8vp8+4RcJ2qj8r48Lm5PzS5YwCgYIKoZIzj0EAwIw
[2026-07-17 11:36:07.175] ejELMAkGA1UEBhMCQVUxEzARBgNVBAgMClNvbWUtU3RhdGUxFjAUBgNVBAoMDVNX
[2026-07-17 11:36:07.175] SVRDSEJPVCBJTkMxGjAYBgNVBAsMEVN3aXRjaEJvdCBSRCBEZXB0MSIwIAYDVQQD
[2026-07-17 11:36:07.175] DBlTd2l0Y2hCb3QgSW9UIENlcnRpZmljYXRlMB4XDTI1MDMxODA0MTE1NFoXDTM1
[2026-07-17 11:36:07.175] MDMxNjA0MTE1NFowejELMAkGA1UEBhMCQVUxEzARBgNVBAgMClNvbWUtU3RhdGUx
[2026-07-17 11:36:07.175] FjAUBgNVBAoMDVNXSVRDSEJPVCBJTkMxGjAYBgNVBAsMEVN3aXRjaEJvdCBSRCBE
[2026-07-17 11:36:07.175] ZXB0MSIwIAYDVQQDDBlTd2l0Y2hCb3QgSW9UIENlcnRpZmljYXRlMFkwEwYHKoZI
[2026-07-17 11:36:07.175] zj0CAQYIKoZIzj0DAQcDQgAEgbfbCqgUwbaAH5mAGpbK1rFwCRpNBfrfjOjevTJZ
[2026-07-17 11:36:07.175] 0qepPX3n7tPbWfJr9L2F23+vtzR3CNE6eze8fUC9zAjt16NTMFEwHQYDVR0OBBYE
[2026-07-17 11:36:07.175] FMs5ksg9wS760G92zN50gmB44NCVMB8GA1UdIwQYMBaAFMs5ksg9wS760G92zN50
[2026-07-17 11:36:07.175] gmB44NCVMA8GA1UdEwEB/wQFMAMBAf8wCgYIKoZIzj0EAwIDSAAwRQIgOeBhm5kV
[2026-07-17 11:36:07.175] U32prLA/LhfzTkmp/J8ebNlvOUFtQHdWvVoCIQCG6jfLbNeF5x19x65/BIeNLDpr
[2026-07-17 11:36:07.175] /2DsZVPBhnAO/CaeXA==
[2026-07-17 11:36:07.175] -----END CERTIFICATE-----
[2026-07-17 11:36:07.175] -----BEGIN CERTIFICATE-----
[2026-07-17 11:36:07.175] MIIDQTCCAimgAwIBAgITBmyfz5m/jAo54vB4ikPmljZbyjANBgkqhkiG9w0BAQsF
[2026-07-17 11:36:07.175] ADA5MQswCQYDVQQGEwJVUzEPMA0GA1UEChMGQW1hem9uMRkwFwYDVQQDExBBbWF6
[2026-07-17 11:36:07.175] b24gUm9vdCBDQSAxMB4XDTE1MDUyNjAwMDAwMFoXDTM4MDExNzAwMDAwMFowOTEL
[2026-07-17 11:36:07.175] MAkGA1UEBhMCVVMxDzANBgNVBAoTBkFtYXpvbjEZMBcGA1UEAxMQQW1hem9uIFJv
[2026-07-17 11:36:07.175] b3QgQ0EgMTCCASIwDQYJKoZIhvcNAQEBBQADggEPADCCAQoCggEBALJ4gHHKeNXj
[2026-07-17 11:36:07.175] ca9HgFB0fW7Y14h29Jlo91ghYPl0hAEvrAIthtOgQ3pOsqTQNroBvo3bSMgHFzZM
[2026-07-17 11:36:07.175] 9O6II8c+6zf1tRn4SWiw3te5djgdYZ6k/oI2peVKVuRF4fn9tBb6dNqcmzU5L/qw
[2026-07-17 11:36:07.175] IFAGbHrQgLKm+a/sRxmPUDgH3KKHOVj4utWp+UhnMJbulHheb4mjUcAwhmahRWa6
[2026-07-17 11:36:07.175] VOujw5H5SNz/0egwLX0tdHA114gk957EWW67c4cX8jJGKLhD+rcdqsq08p8kDi1L
[2026-07-17 11:36:07.175] 93FcXmn/6pUCyziKrlA4b9v7LWIbxcceVOF34GfID5yHI9Y/QCB/IIDEgEw+OyQm
[2026-07-17 11:36:07.175] jgSubJrIqg0CAwEAAaNCMEAwDwYDVR0TAQH/BAUwAwEB/zAOBgNVHQ8BAf8EBAMC
[2026-07-17 11:36:07.175] AYYwHQYDVR0OBBYEFIQYzIU07LwMlJQuCFmcx7IQTgoIMA0GCSqGSIb3DQEBCwUA
[2026-07-17 11:36:07.175] A4IBAQCY8jdaQZChGsV2USggNiMOruYou6r4lK5IpDB/G/wkjUu0yKGX9rbxenDI
[2026-07-17 11:36:07.175] U5PMCCjjmCXPI6T53iHTfIUJrU6adTrCC2qJeHZERxhlbI1Bjjt/msv0tadQ1wUs
[2026-07-17 11:36:07.175] N+gDS63pYaACbvXy8MWy7Vu33PqUXHeeE6V/Uq2V8viTO96LXFvKWlJbYK8U90vv
[2026-07-17 11:36:07.175] o/ufQJVtMVT8QtPHRh8jrdkPSHCa2XV4cdFyQzR1bldZwgJcJmApzyMZFo6IQ6XU
[2026-07-17 11:36:07.175] 5MsI+yMRQ+hDKXJioaldXgjUkK642M4UwtBV8ob2xJNDd2ZhwLnoQdeXeGADbkpy
[2026-07-17 11:36:07.175] rqXRfboQnoZsG4q5WTP468SQvvG5
[2026-07-17 11:36:07.175] -----END CERTIFICATE-----
[2026-07-17 11:36:07.175] -----BEGIN CERTIFICATE-----
[2026-07-17 11:36:07.175] MIIBtjCCAVugAwIBAgITBmyf1XSXNmY/Owua2eiedgPySjAKBggqhkjOPQQDAjA5
[2026-07-17 11:36:07.175] MQswCQYDVQQGEwJVUzEPMA0GA1UEChMGQW1hem9uMRkwFwYDVQQDExBBbWF6b24g
[2026-07-17 11:36:07.175] Um9vdCBDQSAzMB4XDTE1MDUyNjAwMDAwMFoXDTQwMDUyNjAwMDAwMFowOTELMAkG
[2026-07-17 11:36:07.175] A1UEBhMCVVMxDzANBgNVBAoTBkFtYXpvbjEZMBcGA1UEAxMQQW1hem9uIFJvb3Qg
[2026-07-17 11:36:07.175] Q0EgMzBZMBMGByqGSM49AgEGCCqGSM49AwEHA0IABCmXp8ZBf8ANm+gBG1bG8lKl
[2026-07-17 11:36:07.175] ui2yEujSLtf6ycXYqm0fc4E7O5hrOXwzpcVOho6AF2hiRVd9RFgdszflZwjrZt6j
[2026-07-17 11:36:07.175] QjBAMA8GA1UdEwEB/wQFMAMBAf8wDgYDVR0PAQH/BAQDAgGGMB0GA1UdDgQWBBSr
[2026-07-17 11:36:07.175] ttvXBp43rDCGB5Fwx5zEGbF4wDAKBggqhkjOPQQDAgNJADBGAiEA4IWSoxe3jfkr
[2026-07-17 11:36:07.175] BqWTrBqYaGFy+uGh0PsceGCmQ5nFuMQCIQCcAu/xlJyzlvnrxir4tiz+OpAUFteM
[2026-07-17 11:36:07.175] YyRIHN8wfdVoOw==
[2026-07-17 11:36:07.175] -----END CERTIFICATE-----
[2026-07-17 11:36:07.175] [0m
[2026-07-17 11:36:07.175] [0;32mI (9805) HTTP_CLIENT: HTTP_EVENT_DISCONNECTED[0m
[2026-07-17 11:36:07.175] [0;32mI (9810) HTTP_CLIENT: Last esp error code: 0x103[0m
[2026-07-17 11:36:07.175] [0;32mI (9816) HTTP_CLIENT: Last mbedtls failure: 0x0[0m
[2026-07-17 11:36:07.175] [0;32mI (9821) HTTP_CLIENT: HTTP_EVENT_DISCONNECTED[0m
[2026-07-17 11:36:07.175] [0;32mI (9826) HTTP_CLIENT: Last esp error code: 0x103[0m
[2026-07-17 11:36:07.175] [0;32mI (9831) HTTP_CLIENT: Last mbedtls failure: 0x0[0m
[2026-07-17 11:36:07.175] [0;32mI (9836) HTTP_CLIENT: CertURL : https://wonderlabs.us.api.switchbot.net/device/v1/adddevice/getCertificate[0m
[2026-07-17 11:36:07.175] [0;32mI (9847) HTTP_CLIENT: post_data : {"deviceID":"B0E9FEC6718C","token":"eb95dda0765d4dfc","caVersion":1,"tokenSign":""}[0m
[2026-07-17 11:36:07.175] 
[2026-07-17 11:36:07.777] TASK_Ota delete!!!
[2026-07-17 11:36:07.777] 
[2026-07-17 11:36:07.777] 
[2026-07-17 11:36:07.856] Waiting for system time to be set... (1/10): sntp 946684806, year 100
[2026-07-17 11:36:07.856] 
[2026-07-17 11:36:07.856] 
[2026-07-17 11:36:08.907] uart: 11 AT+MOTION 0
[2026-07-17 11:36:08.907] 
[2026-07-17 11:36:08.907] 
[2026-07-17 11:36:08.907] btn on press
[2026-07-17 11:36:08.907] uart: 130 AT+BCDS ff04000206a59a328 0010B940B0E9FEC6718C48ca43a5b6dc0F0035000a07974042000000000000ff0cfb00000000000000000000000000000000ff01
[2026-07-17 11:36:08.907] 
[2026-07-17 11:36:08.907] 
[2026-07-17 11:36:08.907] 
[2026-07-17 11:36:09.540] wifi status is 5 0 2
[2026-07-17 11:36:09.540] 
[2026-07-17 11:36:09.540] wifi ipv4 info:
[2026-07-17 11:36:09.540] 
[2026-07-17 11:36:09.540] 192.168.50.200.
[2026-07-17 11:36:09.540] 
[2026-07-17 11:36:09.540] 255.255.255.0.
[2026-07-17 11:36:09.540] 
[2026-07-17 11:36:09.540] 192.168.50.1.
[2026-07-17 11:36:09.540] 
[2026-07-17 11:36:09.540] 
[2026-07-17 11:36:09.878] Waiting for system time to be set... (2/10): sntp 946684808, year 100
[2026-07-17 11:36:09.878] 
[2026-07-17 11:36:09.878] 
[2026-07-17 11:36:11.879] rev len 1193 all 1193 !!!!
[2026-07-17 11:36:11.879] 
[2026-07-17 11:36:11.879] [0;32mI (14172) HTTP_CLIENT: HTTP POST Status = 200, content_length = 1193[0m
[2026-07-17 11:36:11.879] [0;32mI (14172) HTTP_CLIENT: tHttpsDynamicCertParams.pResponseBuffer : {"resultCode":200,"data":{"sn":"B0E9FEC6718C","clientID":"SwitchBot-W1096000-B0E9FEC6718C","cert":"-----BEGIN CERTIFICATE-----\nMIICAjCCAamgAwIBAgIQEnfg5MC12Lo6ysxKbfC5/jAKBggqhkjOPQQDAjBYMRYw\nFAYDVQQKDA1TV0lUQ0hCT1QgSU5DMRowGAYDVQQLDBFTd2l0Y2hCb3QgUkQgRGVw\ndDEiMCAGA1UEAwwZU3dpdGNoQm90IElvVCBDZXJ0aWZpY2F0ZTAgFw0yNDExMjkx\nNzUxMTBaGA8yMTI0MTEyOTE4NTEwOVowLzEtMCsGA1UEAxMkMDA1NTVjMDYtYjk1\nZC00YmViLWI4NTctMWQ0NGYzZjA1ZWRlMFkwEwYHKoZIzj0CAQYIKoZIzj0DAQcD\nQgAEKa3llkhhCugJkUG+YRxru1VJTj5kSkLrXGinXjJ8BWsePDnVk+AmOMIQu8jC\n/DBSYSCkJSCN5B12oA/hzGNFuqN8MHowCQYDVR0TBAIwADAfBgNVHSMEGDAWgBR+\ntgvowc4m4GOW2Fn6nCTaH1FWSjAdBgNVHQ4EFgQUXfvUvF/FlEZm4tXNqj8vwM86\nnRgwDgYDVR0PAQH/BAQDAgWgMB0GA1UdJQQWMBQGCCsGAQUFBwMBBggrBgEFBQcD\nAjAKBggqhkjOPQQDAgNHADBEAiAXmF2h4ikFQYgRuhcJfdyHR/vzN/j3Mfm7rD8j\nWAkbEwIgA96UjboRBbrmcd4HVfPNv/56gb/BtZWm7Trq0vCLFsU=\n-----END CERTIFICATE-----","privateKey":"-----BEGIN EC PRIVATE KEY-----\nMHcCAQEEIInME7okg6xzMlcuRFbvAvj7+M+xPlAWhd5XuiR1eRimoAoGCCqGSM49\nAwEHoUQDQgAEKa3llkhhCugJkUG+YRxru1VJTj5kSkLrXGinXjJ8BWsePDnVk+Am\nOMIQu8jC/DBSYSCkJSCN5B12oA/hzGNFug==\n-----END EC PRIVATE KEY-----\n","mqttEndpoint":"core.broker.iot.us.switchbot.net","port":8883},"message":""}[0m
[2026-07-17 11:36:11.879] [0;32mI (14281) HTTP_CLIENT: HTTP_EVENT_DISCONNECTED[0m
[2026-07-17 11:36:11.879] [0;32mI (14288) HTTP_CLIENT: HttpsCheckRequestState len = e[0m
[2026-07-17 11:36:11.879] [0;32mI (14292) HTTP_CLIENT: HttpsCheckRequestState Success
[2026-07-17 11:36:11.879] [0m
[2026-07-17 11:36:11.879] [0;32mI (14298) HTTP_CLIENT: pResponseStar = "resultCode":, ResponseEnd=,"data"[0m
[2026-07-17 11:36:11.879] [0;32mI (14305) HTTP_CLIENT: ulLen = 3, ResponseBuf=3fcf6450,pStar=3fcf6451,pEnd=3fcf6461[0m
[2026-07-17 11:36:11.879] [0;32mI (14314) HTTP_CLIENT: HttpsUpCertParam : 200[0m
[2026-07-17 11:36:11.879] [0;32mI (14319) HTTP_CLIENT: pResponseStar = "sn":", ResponseEnd=","clientID":"[0m
[2026-07-17 11:36:11.879] [0;32mI (14326) HTTP_CLIENT: ulLen = 12, ResponseBuf=3fcf6450,pStar=3fcf646a,pEnd=3fcf647c[0m
[2026-07-17 11:36:11.879] [0;32mI (14334) HTTP_CLIENT: HttpsUpCertParam : B0E9FEC6718C[0m
[2026-07-17 11:36:11.879] [0;32mI (14340) HTTP_CLIENT: pResponseStar = ","clientID":", ResponseEnd=","cert":"[0m
[2026-07-17 11:36:11.879] [0;32mI (14348) HTTP_CLIENT: ulLen = 31, ResponseBuf=3fcf6450,pStar=3fcf647c,pEnd=3fcf64a9[0m
[2026-07-17 11:36:11.879] [0;32mI (14357) HTTP_CLIENT: HttpsUpCertParam : SwitchBot-W1096000-B0E9FEC6718C[0m
[2026-07-17 11:36:11.879] [0;32mI (14364) HTTP_CLIENT: pResponseStar = ","cert":", ResponseEnd=","privateKey":"[0m
[2026-07-17 11:36:11.879] [0;32mI (14372) HTTP_CLIENT: ulLen = 768, ResponseBuf=3fcf6450,pStar=3fcf64a9,pEnd=3fcf67b3[0m
[2026-07-17 11:36:11.879] [0;32mI (14381) HTTP_CLIENT: HttpsUpCertParam : -----BEGIN CERTIFICATE-----
[2026-07-17 11:36:11.879] MIICAjCCAamgAwIBAgIQEnfg5MC12Lo6ysxKbfC5/jAKBggqhkjOPQQDAjBYMRYw
[2026-07-17 11:36:11.879] FAYDVQQKDA1TV0lUQ0hCT1QgSU5DMRowGAYDVQQLDBFTd2l0Y2hCb3QgUkQgRGVw
[2026-07-17 11:36:11.879] dDEiMCAGA1UEAwwZU3dpdGNoQm90IElvVCBDZXJ0aWZpY2F0ZTAgFw0yNDExMjkx
[2026-07-17 11:36:11.879] NzUxMTBaGA8yMTI0MTEyOTE4NTEwOVowLzEtMCsGA1UEAxMkMDA1NTVjMDYtYjk1
[2026-07-17 11:36:11.879] ZC00YmViLWI4NTctMWQ0NGYzZjA1ZWRlMFkwEwYHKoZIzj0CAQYIKoZIzj0DAQcD
[2026-07-17 11:36:11.879] QgAEKa3llkhhCugJkUG+YRxru1VJTj5kSkLrXGinXjJ8BWsePDnVk+AmOMIQu8jC
[2026-07-17 11:36:11.879] /DBSYSCkJSCN5B12oA/hzGNFuqN8MHowCQYDVR0TBAIwADAfBgNVHSMEGDAWgBR+
[2026-07-17 11:36:11.879] tgvowc4m4GOW2Fn6nCTaH1FWSjAdBgNVHQ4EFgQUXfvUvF/FlEZm4tXNqj8vwM86
[2026-07-17 11:36:11.879] nRgwDgYDVR0PAQH/BAQDAgWgMB0GA1UdJQQWMBQGCCsGAQUFBwMBBggrBgEFBQcD
[2026-07-17 11:36:11.879] AjAKBggqhkjOPQQDAgNHADBEAiAXmF2h4ikFQYgRuhcJfdyHR/vzN/j3Mfm7rD8j
[2026-07-17 11:36:11.879] WAkbEwIgA96UjboRBbrmcd4HVfPNv/56gb/BtZWm7Trq0vCLFsU=
[2026-07-17 11:36:11.879] -----END CERTIFICATE-----[0m
[2026-07-17 11:36:11.879] [0;32mI (14452) HTTP_CLIENT: pResponseStar = ","privateKey":", ResponseEnd=","mqttEndpoint":"[0m
[2026-07-17 11:36:11.879] [0;32mI (14461) HTTP_CLIENT: ulLen = 232, ResponseBuf=3fcf6450,pStar=3fcf67b3,pEnd=3fcf68ab[0m
[2026-07-17 11:36:11.879] [0;32mI (14469) HTTP_CLIENT: HttpsUpCertParam : -----BEGIN EC PRIVATE KEY-----
[2026-07-17 11:36:11.879] MHcCAQEEIInME7okg6xzMlcuRFbvAvj7+M+xPlAWhd5XuiR1eRimoAoGCCqGSM49
[2026-07-17 11:36:11.879] AwEHoUQDQgAEKa3llkhhCugJkUG+YRxru1VJTj5kSkLrXGinXjJ8BWsePDnVk+Am
[2026-07-17 11:36:11.879] OMIQu8jC/DBSYSCkJSCN5B12oA/hzGNFug==
[2026-07-17 11:36:11.879] -----END EC PRIVATE KEY-----
[2026-07-17 11:36:11.879] [0m
[2026-07-17 11:36:11.879] [0;32mI (14494) HTTP_CLIENT: pResponseStar = ","mqttEndpoint":", ResponseEnd=","port":[0m
[2026-07-17 11:36:11.879] [0;32mI (14502) HTTP_CLIENT: ulLen = 32, ResponseBuf=3fcf6450,pStar=3fcf68ab,pEnd=3fcf68dd[0m
[2026-07-17 11:36:11.879] [0;32mI (14511) HTTP_CLIENT: HttpsUpCertParam : core.broker.iot.us.switchbot.net[0m
[2026-07-17 11:36:11.879] [0;32mI (14518) HTTP_CLIENT: Update MQTT parameters save nvs[0m
[2026-07-17 11:36:11.879] [0;32mI (14524) HTTP_CLIENT: Update MQTT parameters save nvs Success[0m
[2026-07-17 11:36:11.879] [0;31mE (14530) HTTP_CLIENT: The certificate status is set to available[0m
[2026-07-17 11:36:11.879] free tHttpsDynamicCertParams.pResponseBuffer
[2026-07-17 11:36:11.879] Waiting for system time to be set... (3/10): sntp 946684810, year 100
[2026-07-17 11:36:11.879] 
[2026-07-17 11:36:11.879] 
[2026-07-17 11:36:13.874] Waiting for system time to be set... (4/10): sntp 946684812, year 100
[2026-07-17 11:36:13.874] 
[2026-07-17 11:36:13.874] 
[2026-07-17 11:36:15.884] Waiting for system time to be set... (5/10): sntp 946684814, year 100
[2026-07-17 11:36:15.884] 
[2026-07-17 11:36:15.884] 
[2026-07-17 11:36:17.880] Waiting for system time to be set... (6/10): sntp 946684816, year 100
[2026-07-17 11:36:17.880] 
[2026-07-17 11:36:17.880] 
[2026-07-17 11:36:19.875] Waiting for system time to be set... (7/10): sntp 946684818, year 100
[2026-07-17 11:36:19.875] 
[2026-07-17 11:36:19.875] 
[2026-07-17 11:36:21.880] Waiting for system time to be set... (8/10): sntp 946684820, year 100
[2026-07-17 11:36:21.880] 
[2026-07-17 11:36:21.880] 
[2026-07-17 11:36:23.885] Waiting for system time to be set... (9/10): sntp 946684822, year 100
[2026-07-17 11:36:23.885] 
[2026-07-17 11:36:23.885] Starting SNTP...
[2026-07-17 11:36:23.885] 
[2026-07-17 11:36:23.885] 
[2026-07-17 11:36:25.875] Waiting for system time to be set... (1/10): sntp 946684824, year 100
[2026-07-17 11:36:25.875] 
[2026-07-17 11:36:25.875] 
[2026-07-17 11:36:27.882] Waiting for system time to be set... (2/10): sntp 946684826, year 100
[2026-07-17 11:36:27.882] 
[2026-07-17 11:36:27.882] 
[2026-07-17 11:36:29.659] uart: 11 AT+MOTION 1
[2026-07-17 11:36:29.659] 
[2026-07-17 11:36:29.659] 
[2026-07-17 11:36:29.659] btn on press
[2026-07-17 11:36:29.659] uart: 130 AT+BCDS ff04000206a59a33c 0010B940B0E9FEC6718C48ca43a5b6dc0F0036200a07974042000000000000ff0d0000000000000000000000000000000000ff01
[2026-07-17 11:36:29.659] 
[2026-07-17 11:36:29.659] 
[2026-07-17 11:36:29.659] 
[2026-07-17 11:36:29.876] Waiting for system time to be set... (3/10): sntp 946684828, year 100
[2026-07-17 11:36:29.876] 
[2026-07-17 11:36:29.876] 
[2026-07-17 11:36:30.760] [0;32mI (33406) chip[DL]: bleAdv Timeout : Start slow advertisement[0m
[2026-07-17 11:36:30.760] [0;32mI (33407) chip[DL]: Configuring CHIPoBLE advertising (interval 500 ms, connectable)[0m
[2026-07-17 11:36:30.760] [0;32mI (33409) chip[DL]: Device already advertising, stop active advertisement and restart[0m
[2026-07-17 11:36:30.760] [0;32mI (33418) NimBLE: GAP procedure initiated: stop advertising.
[2026-07-17 11:36:30.760] [0m
[2026-07-17 11:36:30.760] [0;32mI (33426) NimBLE: GAP procedure initiated: advertise; [0m
[2026-07-17 11:36:30.760] [0;32mI (33430) NimBLE: disc_mode=2[0m
[2026-07-17 11:36:30.760] [0;32mI (33434) NimBLE:  adv_channel_map=0 own_addr_type=1 adv_filter_policy=0 adv_itvl_min=800 adv_itvl_max=800[0m
[2026-07-17 11:36:30.760] [0;32mI (33444) NimBLE: 
[2026-07-17 11:36:30.760] [0m
[2026-07-17 11:36:30.760] 
[2026-07-17 11:36:31.886] Waiting for system time to be set... (4/10): sntp 946684830, year 100
[2026-07-17 11:36:31.886] 
[2026-07-17 11:36:31.886] 
[2026-07-17 11:36:33.883] Waiting for system time to be set... (5/10): sntp 946684832, year 100
[2026-07-17 11:36:33.883] 
[2026-07-17 11:36:33.883] 
[2026-07-17 11:36:35.878] Waiting for system time to be set... (6/10): sntp 946684834, year 100
[2026-07-17 11:36:35.878] 
[2026-07-17 11:36:35.878] 
[2026-07-17 11:36:37.884] Waiting for system time to be set... (7/10): sntp 946684836, year 100
[2026-07-17 11:36:37.884] 
[2026-07-17 11:36:37.884] 
[2026-07-17 11:36:39.874] Waiting for system time to be set... (8/10): sntp 946684838, year 100
[2026-07-17 11:36:39.874] 
[2026-07-17 11:36:39.874] 
[2026-07-17 11:36:41.875] Waiting for system time to be set... (9/10): sntp 946684840, year 100
[2026-07-17 11:36:41.875] 
[2026-07-17 11:36:41.875] Starting SNTP...
[2026-07-17 11:36:41.875] 
[2026-07-17 11:36:41.875] 
[2026-07-17 11:36:43.881] Waiting for system time to be set... (1/10): sntp 946684842, year 100
[2026-07-17 11:36:43.881] 
[2026-07-17 11:36:43.881] 
[2026-07-17 11:36:45.883] Waiting for system time to be set... (2/10): sntp 946684844, year 100
[2026-07-17 11:36:45.883] 
[2026-07-17 11:36:45.883] 
[2026-07-17 11:36:47.886] Waiting for system time to be set... (3/10): sntp 946684846, year 100
[2026-07-17 11:36:47.886] 
[2026-07-17 11:36:47.886] 
[2026-07-17 11:36:49.876] Waiting for system time to be set... (4/10): sntp 946684848, year 100
[2026-07-17 11:36:49.876] 
[2026-07-17 11:36:49.876] 
[2026-07-17 11:36:51.883] Waiting for system time to be set... (5/10): sntp 946684850, year 100
[2026-07-17 11:36:51.883] 
[2026-07-17 11:36:51.883] 
[2026-07-17 11:36:53.882] Waiting for system time to be set... (6/10): sntp 946684852, year 100
[2026-07-17 11:36:53.882] 
[2026-07-17 11:36:53.882] 
[2026-07-17 11:36:55.884] Waiting for system time to be set... (7/10): sntp 946684854, year 100
[2026-07-17 11:36:55.884] 
[2026-07-17 11:36:55.884] 
[2026-07-17 11:36:57.878] Waiting for system time to be set... (8/10): sntp 946684856, year 100
[2026-07-17 11:36:57.878] 
[2026-07-17 11:36:57.878] 
[2026-07-17 11:36:59.888] Waiting for system time to be set... (9/10): sntp 946684858, year 100
[2026-07-17 11:36:59.888] 
[2026-07-17 11:36:59.888] Starting SNTP...
[2026-07-17 11:36:59.888] 
[2026-07-17 11:36:59.888] 
[2026-07-17 11:37:01.876] Waiting for system time to be set... (1/10): sntp 946684860, year 100
[2026-07-17 11:37:01.876] 
[2026-07-17 11:37:01.876] 
[2026-07-17 11:37:03.882] Waiting for system time to be set... (2/10): sntp 946684862, year 100
[2026-07-17 11:37:03.882] 
[2026-07-17 11:37:03.882] 
[2026-07-17 11:37:05.881] Waiting for system time to be set... (3/10): sntp 946684864, year 100
[2026-07-17 11:37:05.881] 
[2026-07-17 11:37:05.881] 
[2026-07-17 11:37:07.879] Waiting for system time to be set... (4/10): sntp 946684866, year 100
[2026-07-17 11:37:07.879] 
[2026-07-17 11:37:07.879] 
[2026-07-17 11:37:09.873] Waiting for system time to be set... (5/10): sntp 946684868, year 100
[2026-07-17 11:37:09.873] 
[2026-07-17 11:37:09.873] 
[2026-07-17 11:37:11.875] Waiting for system time to be set... (6/10): sntp 946684870, year 100
[2026-07-17 11:37:11.875] 
[2026-07-17 11:37:11.875] 
[2026-07-17 11:37:13.877] Waiting for system time to be set... (7/10): sntp 946684872, year 100
[2026-07-17 11:37:13.877] 
[2026-07-17 11:37:13.877] 
[2026-07-17 11:37:15.874] Waiting for system time to be set... (8/10): sntp 946684874, year 100
[2026-07-17 11:37:15.874] 
[2026-07-17 11:37:15.874] 
[2026-07-17 11:37:17.874] Waiting for system time to be set... (9/10): sntp 946684876, year 100
[2026-07-17 11:37:17.874] 
[2026-07-17 11:37:17.874] Starting SNTP...
[2026-07-17 11:37:17.874] 
[2026-07-17 11:37:17.874] 
[2026-07-17 11:37:19.884] Waiting for system time to be set... (1/10): sntp 946684878, year 100
[2026-07-17 11:37:19.884] 
[2026-07-17 11:37:19.884] 
[2026-07-17 11:37:21.880] Waiting for system time to be set... (2/10): sntp 946684880, year 100
[2026-07-17 11:37:21.880] 
[2026-07-17 11:37:21.880] 
[2026-07-17 11:37:23.874] Waiting for system time to be set... (3/10): sntp 946684882, year 100
[2026-07-17 11:37:23.874] 
[2026-07-17 11:37:23.874] 
[2026-07-17 11:37:25.884] Waiting for system time to be set... (4/10): sntp 946684884, year 100
[2026-07-17 11:37:25.884] 
[2026-07-17 11:37:25.884] 
[2026-07-17 11:37:27.878] Waiting for system time to be set... (5/10): sntp 1784259446, year 126
[2026-07-17 11:37:27.878] 
[2026-07-17 11:37:27.878] SNTP DONE!
[2026-07-17 11:37:27.878] first UTC time 0x6a59a376
[2026-07-17 11:37:27.878] 
[2026-07-17 11:37:27.878] 
[2026-07-17 11:37:27.939] AWS IoT SDK Version 3.0.1-
[2026-07-17 11:37:27.939] 
[2026-07-17 11:37:27.939] IOT init free heap 6267548
[2026-07-17 11:37:27.939] 
[2026-07-17 11:37:27.939] Area:00 00
[2026-07-17 11:37:27.939] Connecting to AWS...
[2026-07-17 11:37:27.939] 
[2026-07-17 11:37:27.939] free heap 6267260
[2026-07-17 11:37:27.939] 
[2026-07-17 11:37:27.939] Client ID 31 : SwitchBot-W1096000-B0E9FEC6718C
[2026-07-17 11:37:27.939] 
[2026-07-17 11:37:27.939] 
[2026-07-17 11:37:29.906] uart: 11 AT+MOTION 0
[2026-07-17 11:37:29.906] 
[2026-07-17 11:37:29.906] 
[2026-07-17 11:37:29.906] btn on press
[2026-07-17 11:37:29.906] uart: 130 AT+BCDS ff04000206a59a379 0010B940B0E9FEC6718C48ca43a5b6dc0F0037000a07974042000000000000ff0cf800000000000000000000000000000000ff01
[2026-07-17 11:37:29.906] 
[2026-07-17 11:37:29.906] 
[2026-07-17 11:37:29.906] 
[2026-07-17 11:37:31.068] set Auto Reconnect to true - 0
[2026-07-17 11:37:31.068] 
[2026-07-17 11:37:31.068] AWS connected!!!
[2026-07-17 11:37:31.068] 
[2026-07-17 11:37:31.068] free heap 6232348
[2026-07-17 11:37:31.068] 
[2026-07-17 11:37:31.068] [0;32mI (93738) AWS_IOT: Subscribing topic switchlink/B0E9FEC6718C/app_to_link[0m
[2026-07-17 11:37:31.068] [0;32mI (93749) TASK_NL: scan: WiFi 连接成功，触发 mDNS 扫描[0m
[2026-07-17 11:37:31.068] [0;32mI (93749) TASK_NL: ExecuteScan: trigger=wifi_connected[0m
[2026-07-17 11:37:31.068] 
[2026-07-17 11:37:31.762] [0;32mI (94455) AWS_IOT: Subscribing topic switchlink/B0E9FEC6718C/app_to_command[0m
[2026-07-17 11:37:31.762] 
[2026-07-17 11:37:32.273] [0;32mI (94952) AWS_IOT: Subscribing topic switchlink/B0E9FEC6718C/app_to_data[0m
[2026-07-17 11:37:32.273] 
[2026-07-17 11:37:32.596] [0;32mI (95281) AWS_IOT: Subscribing topic switchlink/B0E9FEC6718C/app_to_secret[0m
[2026-07-17 11:37:32.596] 
[2026-07-17 11:37:32.889] [0;32mI (95571) AWS_IOT: Subscribing topic switchlink/B0E9FEC6718C/app_to_nanoleaf_func_req[0m
[2026-07-17 11:37:32.889] 
[2026-07-17 11:37:33.306] [0;32mI (95986) AWS_IOT: Subscribing topic switchlink/B0E9FEC6718C/app_to_nanoleaf_maint[0m
[2026-07-17 11:37:33.306] 
[2026-07-17 11:37:33.630] wifi status is 5 1 2
[2026-07-17 11:37:33.630] 
[2026-07-17 11:37:33.630] wifi ipv4 info:
[2026-07-17 11:37:33.630] 
[2026-07-17 11:37:33.630] 192.168.50.200.
[2026-07-17 11:37:33.630] 
[2026-07-17 11:37:33.630] 255.255.255.0.
[2026-07-17 11:37:33.630] 
[2026-07-17 11:37:33.630] 192.168.50.1.
[2026-07-17 11:37:33.630] 
[2026-07-17 11:37:33.630] Subscribe Success!!!
[2026-07-17 11:37:33.630] 
[2026-07-17 11:37:33.630] cannot find matter check
[2026-07-17 11:37:33.630] send check matter:
[2026-07-17 11:37:33.630] Update MQTT parameters save nvs Success
[2026-07-17 11:37:33.630] [0;32mI (96307) NVS: Flash write 2[0m
[2026-07-17 11:37:33.630] sub-device count:0,ind dev:0
[2026-07-17 11:37:33.630] owndev_sum:0,ble_sum:0,ir_sum:0,iot_sum:0,fid_cnt:0
[2026-07-17 11:37:33.630] IOT_Running free heap 6180980
[2026-07-17 11:37:33.630] 
[2026-07-17 11:37:33.630] 
[2026-07-17 11:37:33.676] uart: 29 ## [set_wifi_send_shadow] 5 1
[2026-07-17 11:37:33.676] 
[2026-07-17 11:37:33.676] 
[2026-07-17 11:37:33.676] uart: 130 AT+BCDS ff04000206a59a37c 0010B940B0E9FEC6718C48ca43a5b6dc0F0038000a07974042000000000000ff0cff00000000000000000000000000000000ff01
[2026-07-17 11:37:33.676] 
[2026-07-17 11:37:33.676] 
[2026-07-17 11:37:33.676] 
[2026-07-17 11:37:33.955] pTopic:$aws/rules/bi_wifi_data_report/switchlink/B0E9FEC6718C/link_to_shadow
[2026-07-17 11:37:33.955] pData:BCD ff04000206a59a328 0010B940B0E9FEC6718C48ca43a5b6dc0F0035000a07974042000000000000ff0cfb00000000000000000000000000000000ff01
[2026-07-17 11:37:33.955] pTopic:$aws/rules/bi_wifi_data_report/switchlink/B0E9FEC6718C/link_to_shadow
[2026-07-17 11:37:33.955] pData:BCD ff04000206a59a33c 0010B940B0E9FEC6718C48ca43a5b6dc0F0036200a07974042000000000000ff0d0000000000000000000000000000000000ff01
[2026-07-17 11:37:33.955] pTopic:$aws/rules/bi_wifi_data_report/switchlink/B0E9FEC6718C/link_to_shadow
[2026-07-17 11:37:33.955] pData:BCD ff04000206a59a379 0010B940B0E9FEC6718C48ca43a5b6dc0F0037000a07974042000000000000ff0cf800000000000000000000000000000000ff01
[2026-07-17 11:37:33.955] free heap: 6178076, minimum free heap: 6157408, Internal 8bit free heap: 31136, 8bit free heap: 6178076The current date/time is: Fri Jul 17 03:37:32 2026
[2026-07-17 11:37:33.955] 
[2026-07-17 11:37:33.955] pTopic:$aws/rules/bi_hub_fetch_data_matter/switchlink/B0E9FEC6718C/link_to_dev_matter
[2026-07-17 11:37:33.955] pData:BCD FF040002C6A59A37B 0010B940B0E9FEC6718C48CA43A5B6DC000800000000
[2026-07-17 11:37:33.955] pTopic:$aws/rules/bi_wifi_activate_iot_cert_v1/switchlink/B0E9FEC6718C/link_to_verify
[2026-07-17 11:37:33.955] pData:{"eventType":"Wo.Device.Create","platform":"device","deviceID":"B0E9FEC6718C","sn":"B0E9FEC6718C","bleVersion":20,"wifiVersion":20,"wifiMac":"48CA43A5B6DC","hardwareVersion":4,"uiInfo":{"uiMac":"B0E9FED4ACF4","armVersion":16,"dspVersion":16,"uiVersion":1,"fontVersion":1,"fontLang":"default","musicVersion":1}}
[2026-07-17 11:37:33.955] pTopic:$aws/rules/bi_wifi_data_report/switchlink/B0E9FEC6718C/link_to_shadow
[2026-07-17 11:37:33.955] pData:BCD ff04000206a59a37c 0010B940B0E9FEC6718C48ca43a5b6dc0F0038000a07974042000000000000ff0cff00000000000000000000000000000000ff01
[2026-07-17 11:37:33.955] 
[2026-07-17 11:37:34.170] [0;32mI (96826) TASK_NL: Scan[0]: name=Elements 88E6 ip=192.168.50.16 id=60:EC:09:9E:98:F6 model=NL52 fw=12.2.3[0m
[2026-07-17 11:37:34.170] [0;32mI (96826) TASK_NL: Scan[1]: name=4D FEB8 ip=192.168.50.160 id=0A:8D:43:9C:B4:AF model=NL69 fw=12.3.6[0m
[2026-07-17 11:37:34.170] [0;32mI (96835) TASK_NL: Scan[2]: name=Shapes 2201 ip=192.168.50.119 id=6B:07:C6:28:FB:80 model=NL42 fw=12.2.0[0m
[2026-07-17 11:37:34.170] [0;32mI (96845) TASK_NL: Scan[3]: name=Lines B5D2 ip=192.168.50.201 id=3E:0A:E0:49:41:82 model=NL59 fw=12.2.3[0m
[2026-07-17 11:37:34.170] [0;32mI (96856) TASK_NL: ExecuteScan: found 4 devices, publishing[0m
[2026-07-17 11:37:34.170] 
[2026-07-17 11:37:34.447] pTopic:switchlink/B0E9FEC6718C/link_to_nanoleaf_property
[2026-07-17 11:37:34.447] pData:{"msgType":"online","deviceId":"89F8DC10D009","timestamp":1784259455,"online":false,"reason":"mdns_lost"}
[2026-07-17 11:37:34.447] pTopic:switchlink/B0E9FEC6718C/link_to_nanoleaf_property
[2026-07-17 11:37:34.447] pData:{"msgType":"online","deviceId":"D0623120BA73","timestamp":1784259455,"online":false,"reason":"mdns_lost"}
[2026-07-17 11:37:34.447] pTopic:switchlink/B0E9FEC6718C/link_to_nanoleaf_maint
[2026-07-17 11:37:34.447] pData:{"msgType":"nanoleaf_scan","trigger":"wifi_connected","timestamp":1784259455,"managed":{"total":2,"devices":[{"deviceId":"89F8DC10D009","clientId":1,"state":"retry_wait","online":0},{"deviceId":"D0623120BA73","clientId":1,"state":"retry_wait","online":0}]},"devices":[{"deviceId":"60:EC:09:9E:98:F6","ip":"192.168.50.16","port":12566,"model":"NL52","firmware":"12.2.3"},{"deviceId":"0A:8D:43:9C:B4:AF","ip":"192.168.50.160","port":12566,"model":"NL69","firmware":"12.3.6"},{"deviceId":"6B:07:C6:28:FB:80","ip":"192.168.50.119","port":12566,"model":"NL42","firmware":"12.2.0"},{"deviceId":"3E:0A:E0:49:41:82","ip":"192.168.50.201","port":12566,"model":"NL59","firmware":"12.2.3"}]}
[2026-07-17 11:37:34.447] 
[2026-07-17 11:37:35.649] uart: 10 AT+GET_UTC
[2026-07-17 11:37:35.649] 
[2026-07-17 11:37:35.649] 
[2026-07-17 11:37:35.649] utc 3, 6a
[2026-07-17 11:37:35.649] 
[2026-07-17 11:37:35.649] utc 2, 59
[2026-07-17 11:37:35.649] 
[2026-07-17 11:37:35.649] utc 1, a3
[2026-07-17 11:37:35.649] 
[2026-07-17 11:37:35.649] utc 0, 7d
[2026-07-17 11:37:35.649] 
[2026-07-17 11:37:35.649] UTC : 6a59a37d
[2026-07-17 11:37:35.649] 
[2026-07-17 11:37:35.649] 
[2026-07-17 11:37:35.726] uart: 11 AT+LISTEN 1
[2026-07-17 11:37:35.726] 
[2026-07-17 11:37:35.726] 
[2026-07-17 11:37:35.726] get listen cmd
[2026-07-17 11:37:35.726] uart: 16 AT+BLEVERSION 14
[2026-07-17 11:37:35.726] 
[2026-07-17 11:37:35.726] 
[2026-07-17 11:37:35.726] uart: 24 AT+BOOTBLEVERSION 140402
[2026-07-17 11:37:35.726] 
[2026-07-17 11:37:35.726] 
[2026-07-17 11:37:35.726] get boot ble version 20 4 2
[2026-07-17 11:37:35.726] 
[2026-07-17 11:37:35.726] uart: 39 AT+TEST shadow CMD|01010300A|AAAYAA==18
[2026-07-17 11:37:35.726] 
[2026-07-17 11:37:35.726] 
[2026-07-17 11:37:35.726] CMD|01010300A|AAAYAA==18
[2026-07-17 11:37:35.726] 
[2026-07-17 11:37:35.726] uart: 0 
[2026-07-17 11:37:35.726] 
[2026-07-17 11:37:35.726] 
[2026-07-17 11:37:35.726] 
[2026-07-17 11:37:35.912] pTopic:$aws/rules/bi_ble_data_report_arch2/switchlink/B0E9FEC6718C/link_to_status
[2026-07-17 11:37:35.912] pData:{"protocolVersion":1,"count":1,"messages":[{"id":"e3d354f8-f6b6-4e98-9a48-0c15ceb9447c","eventType":"Wo.Hub.VersionReport","data":{"deviceID":"b0e9fec6718c","createTime":1784259453,"contentType":"hex","content":"14|14"}}]}
[2026-07-17 11:37:35.912] pTopic:$aws/rules/bi_hub_fetch_data_arch2/switchlink/B0E9FEC6718C/link_to_data
[2026-07-17 11:37:35.912] pData:{"protocolVersion":1,"count":1,"messages":[{"id":"7a72f4af-2f75-4a96-a91b-7f5c908cc91d","eventType":"Wo.Hub.SyncBindDevices","data":{"deviceID":"b0e9fec6718c","createTime":1784259453,"contentType":"base64","commandLevel":5,"content":"CMD|01010300A|AAAYAA==18"}}]}
[2026-07-17 11:37:35.912] 
[2026-07-17 11:37:41.122] uart: 79 AT+TEST shadow BCD|010211038|6a59a382|35b0e9fe527e830101496408983c003501db00|e0
[2026-07-17 11:37:41.122] 
[2026-07-17 11:37:41.122] 
[2026-07-17 11:37:41.122] 
[2026-07-17 11:37:41.183] pTopic:$aws/rules/bi_ble_data_report_arch2/switchlink/B0E9FEC6718C/link_to_status
[2026-07-17 11:37:41.183] pData:{"protocolVersion":1,"count":1,"messages":[{"id":"55ae523f-c381-4324-b159-863d825ac915","eventType":"Wo.Device.DataReport","data":{"deviceID":"b0e9fe527e83","createTime":1784259458,"contentVersion":2,"contentType":"hex","content":"35b0e9fe527e830101496408983c003501db00","seq":224}}]}
[2026-07-17 11:37:41.183] 
[2026-07-17 11:37:41.894] free heap: 6233056, minimum free heap: 6157408, Internal 8bit free heap: 31064, 8bit free heap: 6233056The current date/time is: Fri Jul 17 03:37:40 2026
[2026-07-17 11:37:41.894] 
[2026-07-17 11:37:41.894] 
[2026-07-17 11:37:41.997] uart: 16 ## RE-BOOTING...
[2026-07-17 11:37:41.997] 
[2026-07-17 11:37:41.997] 
[2026-07-17 11:37:41.997] 
[2026-07-17 11:37:42.480] uart: 11 AT+MOTION 1
[2026-07-17 11:37:42.480] 
[2026-07-17 11:37:42.480] 
[2026-07-17 11:37:42.480] btn on press
[2026-07-17 11:37:42.480] uart: 118 AT+BCDS ff040002000000000 0010B9400000000000000F0001300a00000040000000000000ff000000000000000000000000000000000000ff00
[2026-07-17 11:37:42.480] 
[2026-07-17 11:37:42.480] 
[2026-07-17 11:37:42.480] uart: 19 AT+TEMPHUMI +237 64
[2026-07-17 11:37:42.480] 
[2026-07-17 11:37:42.480] 
[2026-07-17 11:37:42.480] temp_ep:65535,temp_data:2370 humi_ep:65535,humi_data:6400
[2026-07-17 11:37:42.480] 
[2026-07-17 11:37:42.480] 
[2026-07-17 11:37:42.557] uart: 46 AT+UIINFO B0E9FED4ACF4101001010164656661756C74
[2026-07-17 11:37:42.557] 
[2026-07-17 11:37:42.557] 
[2026-07-17 11:37:42.557] UiMac:b0e9fed4acf4
[2026-07-17 11:37:42.557] UiInfo:16 16 1 1 1 default
[2026-07-17 11:37:42.557] 
[2026-07-17 11:37:43.581] ESP-ROM:esp32s3-20210327
[2026-07-17 11:37:43.581] Build:Mar 27 2021
[2026-07-17 11:37:43.581] rst:0x1 (POWERON),boot:0x8 (SPI_FAST_FLASH_BOOT)
[2026-07-17 11:37:43.581] SPIWP:0xee
[2026-07-17 11:37:43.581] mode:DIO, clock div:1
[2026-07-17 11:37:43.581] Valid secure boot key blocks: 0
[2026-07-17 11:37:43.581] 
[2026-07-17 11:37:43.766] secure boot verification succeeded
[2026-07-17 11:37:43.766] load:0x3fce2980,len:0x39cc
[2026-07-17 11:37:43.766] load:0x403c8700,len:0x4
[2026-07-17 11:37:43.766] load:0x403c8704,len:0xcb8
[2026-07-17 11:37:43.766] load:0x403cb700,len:0x52e8
[2026-07-17 11:37:43.766] entry 0x403c8914
[2026-07-17 11:37:43.766] [0;32mI (73) boot: ESP-IDF v5.3.1-dirty 2nd stage bootloader[0m
[2026-07-17 11:37:43.766] [0;32mI (73) boot: compile time Mar 19 2025 17:10:11[0m
[2026-07-17 11:37:43.766] [0;32mI (73) boot: Multicore bootloader[0m
[2026-07-17 11:37:43.766] [0;32mI (77) boot: chip revision: v0.2[0m
[2026-07-17 11:37:43.766] [0;32mI (80) boot.esp32s3: Boot SPI Speed : 80MHz[0m
[2026-07-17 11:37:43.766] [0;32mI (85) boot.esp32s3: SPI Mode       : DIO[0m
[2026-07-17 11:37:43.766] [0;32mI (90) boot.esp32s3: SPI Flash Size : 16MB[0m
[2026-07-17 11:37:43.766] [0;32mI (95) boot: Enabling RNG early entropy source...[0m
[2026-07-17 11:37:43.766] [0;32mI (100) boot: Partition Table:[0m
[2026-07-17 11:37:43.766] [0;32mI (104) boot: ## Label            Usage          Type ST Offset   Length[0m
[2026-07-17 11:37:43.766] [0;32mI (111) boot:  0 esp_secure_cert  unknown          3f 06 0000d000 00002000[0m
[2026-07-17 11:37:43.766] [0;32mI (119) boot:  1 nvs              WiFi data        01 02 00010000 001eb000[0m
[2026-07-17 11:37:43.766] [0;32mI (126) boot:  2 nvs_keys         NVS keys         01 04 001fb000 00001000[0m
[2026-07-17 11:37:43.766] [0;32mI (134) boot:  3 otadata          OTA data         01 00 001fc000 00002000[0m
[2026-07-17 11:37:43.766] [0;32mI (141) boot:  4 phy_init         RF data          01 01 001fe000 00001000[0m
[2026-07-17 11:37:43.766] [0;32mI (149) boot:  5 ota_0            OTA app          00 10 00200000 00200000[0m
[2026-07-17 11:37:43.766] [0;32mI (156) boot:  6 ota_1            OTA app          00 11 00400000 00200000[0m
[2026-07-17 11:37:43.766] [0;32mI (164) boot:  7 fctry            WiFi data        01 02 00600000 00010000[0m
[2026-07-17 11:37:43.766] [0;32mI (172) boot:  8 filedata         unknown          3e 06 00610000 009f0000[0m
[2026-07-17 11:37:43.766] [0;32mI (179) boot: End of partition table[0m
[2026-07-17 11:37:43.766] [0;32mI (183) esp_image: segment 0: paddr=00400020 vaddr=3c150020 size=4b358h (308056) map[0m
[2026-07-17 11:37:43.766] 
[2026-07-17 11:37:43.844] [0;32mI (253) esp_image: segment 1: paddr=0044b380 vaddr=3fc9a500 size=04c98h ( 19608) load[0m
[2026-07-17 11:37:43.844] [0;32mI (258) esp_image: segment 2: paddr=00450020 vaddr=42000020 size=142c20h (1322016) map[0m
[2026-07-17 11:37:43.844] 
[2026-07-17 11:37:44.247] [0;32mI (522) esp_image: segment 3: paddr=00592c48 vaddr=3fc9f198 size=01f80h (  8064) load[0m
[2026-07-17 11:37:44.247] [0;32mI (525) esp_image: segment 4: paddr=00594bd0 vaddr=40374000 size=16460h ( 91232) load[0m
[2026-07-17 11:37:44.247] [0;32mI (550) esp_image: segment 5: paddr=005ab038 vaddr=00000000 size=04f98h ( 20376) [0m
[2026-07-17 11:37:44.247] [0;32mI (554) esp_image: Verifying image signature...[0m
[2026-07-17 11:37:44.247] [0;32mI (555) secure_boot_v2: Verifying with RSA-PSS...[0m
[2026-07-17 11:37:44.247] [0;32mI (560) secure_boot_v2: Signature verified successfully![0m
[2026-07-17 11:37:44.247] [0;32mI (572) boot: Loaded app from partition at offset 0x400000[0m
[2026-07-17 11:37:44.247] [0;32mI (573) secure_boot_v2: enabling secure boot v2...[0m
[2026-07-17 11:37:44.247] [0;32mI (575) secure_boot_v2: secure boot v2 is already enabled, continuing..[0m
[2026-07-17 11:37:44.247] [0;32mI (582) boot: Checking flash encryption...[0m
[2026-07-17 11:37:44.247] [0;32mI (587) flash_encrypt: flash encryption is enabled (1 plaintext flashes left)[0m
[2026-07-17 11:37:44.247] [0;32mI (595) boot: Disabling RNG early entropy source...[0m
[2026-07-17 11:37:44.247] [0;32mI (613) octal_psram: vendor id    : 0x0d (AP)[0m
[2026-07-17 11:37:44.247] [0;32mI (613) octal_psram: dev id       : 0x02 (generation 3)[0m
[2026-07-17 11:37:44.247] [0;32mI (613) octal_psram: density      : 0x03 (64 Mbit)[0m
[2026-07-17 11:37:44.247] [0;32mI (618) octal_psram: good-die     : 0x01 (Pass)[0m
[2026-07-17 11:37:44.247] [0;32mI (623) octal_psram: Latency      : 0x01 (Fixed)[0m
[2026-07-17 11:37:44.247] [0;32mI (628) octal_psram: VCC          : 0x01 (3V)[0m
[2026-07-17 11:37:44.247] [0;32mI (633) octal_psram: SRF          : 0x01 (Fast Refresh)[0m
[2026-07-17 11:37:44.247] [0;32mI (639) octal_psram: BurstType    : 0x01 (Hybrid Wrap)[0m
[2026-07-17 11:37:44.247] [0;32mI (645) octal_psram: BurstLen     : 0x01 (32 Byte)[0m
[2026-07-17 11:37:44.247] [0;32mI (650) octal_psram: Readlatency  : 0x02 (10 cycles@Fixed)[0m
[2026-07-17 11:37:44.247] [0;32mI (657) octal_psram: DriveStrength: 0x00 (1/1)[0m
[2026-07-17 11:37:44.247] [0;32mI (662) MSPI Timing: PSRAM timing tuning index: 4[0m
[2026-07-17 11:37:44.247] [0;32mI (667) esp_psram: Found 8MB PSRAM device[0m
[2026-07-17 11:37:44.247] [0;32mI (672) esp_psram: Speed: 80MHz[0m
[2026-07-17 11:37:44.247] 
[2026-07-17 11:37:44.293] [0;32mI (718) mmu_psram: Read only data copied and mapped to SPIRAM[0m
[2026-07-17 11:37:44.293] 
[2026-07-17 11:37:44.478] [0;32mI (905) mmu_psram: Instructions copied and mapped to SPIRAM[0m
[2026-07-17 11:37:44.478] [0;32mI (906) cpu_start: Multicore app[0m
[2026-07-17 11:37:44.478] 
[2026-07-17 11:37:45.222] [0;32mI (1465) esp_psram: SPI SRAM memory test OK[0m
[2026-07-17 11:37:45.222] [0;32mI (1491) cpu_start: Pro cpu start user code[0m
[2026-07-17 11:37:45.222] [0;32mI (1491) cpu_start: cpu freq: 240000000 Hz[0m
[2026-07-17 11:37:45.222] [0;32mI (1491) app_init: Application information:[0m
[2026-07-17 11:37:45.222] [0;32mI (1494) app_init: Project name:     hub3[0m
[2026-07-17 11:37:45.222] [0;32mI (1499) app_init: App version:      1.0[0m
[2026-07-17 11:37:45.222] [0;32mI (1503) app_init: Compile time:     Jul 15 2026 17:30:56[0m
[2026-07-17 11:37:45.222] [0;32mI (1509) app_init: ELF file SHA256:  5daa5178c...[0m
[2026-07-17 11:37:45.222] [0;32mI (1515) app_init: ESP-IDF:          v5.3.1[0m
[2026-07-17 11:37:45.222] [0;32mI (1520) efuse_init: Min chip rev:     v0.0[0m
[2026-07-17 11:37:45.222] [0;32mI (1524) efuse_init: Max chip rev:     v0.99 [0m
[2026-07-17 11:37:45.222] [0;32mI (1529) efuse_init: Chip rev:         v0.2[0m
[2026-07-17 11:37:45.222] [0;32mI (1534) heap_init: Initializing. RAM available for dynamic allocation:[0m
[2026-07-17 11:37:45.222] [0;32mI (1542) heap_init: At 3FCB5B00 len 00033C10 (207 KiB): RAM[0m
[2026-07-17 11:37:45.222] [0;32mI (1548) heap_init: At 3FCE9710 len 00005724 (21 KiB): RAM[0m
[2026-07-17 11:37:45.222] [0;32mI (1554) heap_init: At 3FCF0000 len 00008000 (32 KiB): DRAM[0m
[2026-07-17 11:37:45.222] [0;32mI (1560) heap_init: At 600FE100 len 00001EE8 (7 KiB): RTCRAM[0m
[2026-07-17 11:37:45.222] [0;32mI (1567) esp_psram: Adding pool of 6209K of PSRAM memory to heap allocator[0m
[2026-07-17 11:37:45.222] [0;32mI (1575) spi_flash: detected chip: generic[0m
[2026-07-17 11:37:45.222] [0;32mI (1579) spi_flash: flash io: dio[0m
[2026-07-17 11:37:45.222] [0;33mW (1583) flash_encrypt: Flash encryption mode is DEVELOPMENT (not secure)[0m
[2026-07-17 11:37:45.222] [0;32mI (1617) sleep: Configure to isolate all GPIO pins in sleep state[0m
[2026-07-17 11:37:45.222] [0;32mI (1618) sleep: Enable automatic switching of GPIO sleep configuration[0m
[2026-07-17 11:37:45.222] [0;32mI (1620) coexist: coex firmware version: 4482466[0m
[2026-07-17 11:37:45.222] [0;32mI (1626) coexist: coexist rom version e7ae62f[0m
[2026-07-17 11:37:45.222] [0;32mI (1631) main_task: Started on CPU0[0m
[2026-07-17 11:37:45.222] [0;32mI (1635) main_task: Calling app_main()[0m
[2026-07-17 11:37:45.222] 
[2026-07-17 11:37:45.532] [0;31mE (1705) NVS: Nvs read data 0 err 4354[0m
[2026-07-17 11:37:45.532] [0;31mE (1715) NVS: Nvs read data 3 err 4354[0m
[2026-07-17 11:37:45.532] [0;32mI (1715) gpio: GPIO[3]| InputEn: 0| OutputEn: 0| OpenDrain: 0| Pullup: 0| Pulldown: 0| Intr:0 [0m
[2026-07-17 11:37:45.532] [0;32mI (1717) gpio: GPIO[6]| InputEn: 0| OutputEn: 0| OpenDrain: 0| Pullup: 0| Pulldown: 0| Intr:0 [0m
[2026-07-17 11:37:45.532] build time : 20260715 17:33:32
[2026-07-17 11:37:45.532] 
[2026-07-17 11:37:45.532] Burned successfully, mac: 48CA43A5B6DC
[2026-07-17 11:37:45.532] build time hex: 07EA070F112120
[2026-07-17 11:37:45.532] 
[2026-07-17 11:37:45.532] free heap 6558476
[2026-07-17 11:37:45.532] 
[2026-07-17 11:37:45.532] &&&&&&&&&&&&&&&&&&booting&&&&&&&&&&&&&&&&&&&
[2026-07-17 11:37:45.532] 
[2026-07-17 11:37:45.532] slot type 0x0
[2026-07-17 11:37:45.532] 
[2026-07-17 11:37:45.532] slot subtype 0x11
[2026-07-17 11:37:45.532] 
[2026-07-17 11:37:45.532] slot address 0x400000
[2026-07-17 11:37:45.532] 
[2026-07-17 11:37:45.532] slot size 0x200000
[2026-07-17 11:37:45.532] 
[2026-07-17 11:37:45.532] slot label ota_1
[2026-07-17 11:37:45.532] 
[2026-07-17 11:37:45.532] slot encrypted 0x1
[2026-07-17 11:37:45.532] 
[2026-07-17 11:37:45.532] [0;31mE (1758) HTTP_CLIENT: The certificate status is set to available[0m
[2026-07-17 11:37:45.532] Device Work Mode - Type:0x00000024 MAC:E6:BD:71:60:CF:28 WorkMode:0 AutoRelockTime:0 min
[2026-07-17 11:37:45.532] [0;32mI (1768) privdata: Device work mode cache initialized with 1 entries[0m
[2026-07-17 11:37:45.532] set host name: SwitchBot-Hub-3-A5B6DC
[2026-07-17 11:37:45.532] [0;32mI (1795) pp: pp rom version: e7ae62f[0m
[2026-07-17 11:37:45.532] [0;32mI (1796) net80211: net80211 rom version: e7ae62f[0m
[2026-07-17 11:37:45.532] I (1798) wifi:wifi driver task: 3fccbec0, prio:23, stack:6656, core=1
[2026-07-17 11:37:45.532] I (1827) wifi:wifi firmware version: ccaebfa
[2026-07-17 11:37:45.532] I (1827) wifi:wifi certification version: v7.0
[2026-07-17 11:37:45.532] I (1827) wifi:config NVS flash: enabled
[2026-07-17 11:37:45.532] I (1828) wifi:config nano formating: disabled
[2026-07-17 11:37:45.532] I (1832) wifi:Init data frame dynamic rx buffer num: 32
[2026-07-17 11:37:45.532] I (1837) wifi:Init static rx mgmt buffer num: 5
[2026-07-17 11:37:45.532] I (1841) wifi:Init management short buffer num: 32
[2026-07-17 11:37:45.532] I (1846) wifi:Init static tx buffer num: 16
[2026-07-17 11:37:45.532] I (1850) wifi:Init tx cache buffer num: 32
[2026-07-17 11:37:45.532] I (1853) wifi:Init static tx FG buffer num: 2
[2026-07-17 11:37:45.532] I (1858) wifi:Init static rx buffer size: 1600
[2026-07-17 11:37:45.532] I (1862) wifi:Init static rx buffer num: 10
[2026-07-17 11:37:45.532] I (1866) wifi:Init dynamic rx buffer num: 32
[2026-07-17 11:37:45.532] [0;32mI (1870) wifi_init: rx ba win: 6[0m
[2026-07-17 11:37:45.532] [0;32mI (1873) wifi_init: accept mbox: 6[0m
[2026-07-17 11:37:45.532] [0;32mI (1878) wifi_init: tcpip mbox: 32[0m
[2026-07-17 11:37:45.532] [0;32mI (1882) wifi_init: udp mbox: 6[0m
[2026-07-17 11:37:45.532] [0;32mI (1885) wifi_init: tcp mbox: 6[0m
[2026-07-17 11:37:45.532] [0;32mI (1889) wifi_init: tcp tx win: 5760[0m
[2026-07-17 11:37:45.532] [0;32mI (1893) wifi_init: tcp rx win: 5760[0m
[2026-07-17 11:37:45.532] [0;32mI (1898) wifi_init: tcp mss: 1440[0m
[2026-07-17 11:37:45.532] [0;32mI (1902) wifi_init: WiFi/LWIP prefer SPIRAM[0m
[2026-07-17 11:37:45.532] [0;32mI (1926) chip[DL]: NVS set: chip-counters/reboot-count = 73 (0x49)[0m
[2026-07-17 11:37:45.532] [0;32mI (1930) chip[DL]: Real time clock set to 946684800 (0100/00/01 00:00:00 UTC)[0m
[2026-07-17 11:37:45.532] [0;32mI (1930) BLE_INIT: BT controller compile version [aa16a46][0m
[2026-07-17 11:37:45.532] [0;32mI (1936) BLE_INIT: Bluetooth MAC: 48:ca:43:a5:b6:de[0m
[2026-07-17 11:37:45.532] [0;32mI (1942) phy_init: phy_version 680,a6008b2,Jun  4 2024,16:41:10[0m
[2026-07-17 11:37:45.532] 
[2026-07-17 11:37:45.577] [0;32mI (1994) NimBLE: GAP procedure initiated: stop advertising.
[2026-07-17 11:37:45.577] [0m
[2026-07-17 11:37:45.577] [0;32mI (1995) NimBLE: Failed to restore IRKs from store; status=8
[2026-07-17 11:37:45.577] [0m
[2026-07-17 11:37:45.577] [0;32mI (1996) CHIP[DL]: BLE host-controller synced[0m
[2026-07-17 11:37:45.577] 
[2026-07-17 11:37:46.477] [0;32mI (2502) chip[DL]: Starting ESP WiFi layer[0m
[2026-07-17 11:37:46.477] I (2503) wifi:mode : sta (48:ca:43:a5:b6:dc)
[2026-07-17 11:37:46.477] I (2503) wifi:enable tsf
[2026-07-17 11:37:46.477] W (2503) wifi:Haven't to connect to a suitable AP now!
[2026-07-17 11:37:46.477] [0;32mI (2507) chip[DL]: Attempting to connect WiFi station interface[0m
[2026-07-17 11:37:46.477] [0;32mI (2514) chip[DL]: WiFi station state change: NotConnected -> Connecting[0m
[2026-07-17 11:37:46.477] [0;32mI (2521) chip[DL]: Done driving station state, nothing else to do...[0m
[2026-07-17 11:37:46.477] I (2525) wifi:new:<8,0>, old:<1,0>, ap:<255,255>, sta:<8,0>, prof:1, snd_ch_cfg:0x0[0;32mI (2528) chip[SVR]: 
[2026-07-17 11:37:46.477] Initializing subscription resumption storage...[0m
[2026-07-17 11:37:46.477] I (2538) wifi:state: init -> auth (0xb0)
[2026-07-17 11:37:46.477] [0;32mI (2544) chip[SVR]: Server initializing...[0m
[2026-07-17 11:37:46.477] [0;32mI (2552) chip[TS]: Last Known Good Time: 2023-10-14T01:16:48[0m
[2026-07-17 11:37:46.477] [0;32mI (2562) chip[DMG]: AccessControl: initializing[0m
[2026-07-17 11:37:46.477] [0;32mI (2562) chip[DMG]: Examples::AccessControlDelegate::Init[0m
[2026-07-17 11:37:46.477] I (2565) wifi:[0;32mI (2568) chip[DMG]: state: auth -> assoc (0x0)AccessControl: setting
[2026-07-17 11:37:46.477] [0m
[2026-07-17 11:37:46.477] [0;32mI (2576) chip[DMG]: DefaultAclStorage: initializing[0m
[2026-07-17 11:37:46.477] I (2578) wifi:[0;32mI (2582) chip[DMG]: state: assoc -> init (0x2c0)DefaultAclStorage: 0 entries loaded[0m
[2026-07-17 11:37:46.477] 
[2026-07-17 11:37:46.477] I (2601) wifi:Coexist: Wi-Fi connect fail, apply reconnect coex policy
[2026-07-17 11:37:46.477] 
[2026-07-17 11:37:46.477] I (2601) wifi:new:<8,0>, old:<8,0>, ap:<255,255>, sta:<8,0>, prof:1, snd_ch_cfg:0x0
[2026-07-17 11:37:46.477] [0;32mI (2626) mdns_mem: mDNS task will be created from SPIRAM[0m
[2026-07-17 11:37:46.477] [0;32mI (2642) chip[ZCL]: Using ZAP configuration...[0m
[2026-07-17 11:37:46.477] [0;32mI (2642) esp_matter_cluster: Cluster plugin init common callback[0m
[2026-07-17 11:37:46.477] [0;32mI (2643) chip[DMG]: AccessControlCluster: initializing[0m
[2026-07-17 11:37:46.477] [0;32mI (2648) chip[ZCL]: 0x3c162488 ep 0 clus 0x0000_0030 attr 0x0000_0000 not supported[0m
[2026-07-17 11:37:46.477] [0;32mI (2657) chip[ZCL]: Initiating Admin Commissioning cluster.[0m
[2026-07-17 11:37:46.477] [0;32mI (2667) chip[DL]: NVS set: chip-counters/life-count = 72 (0x48)[0m
[2026-07-17 11:37:46.477] [0;32mI (2670) chip[DIS]: Updating services using commissioning mode 1[0m
[2026-07-17 11:37:46.477] [0;31mE (2676) mdns: mdns_service_remove_for_host(6674): Invalid state or arguments[0m
[2026-07-17 11:37:46.477] [0;31mE (2684) mdns: mdns_service_remove_for_host(6674): Invalid state or arguments[0m
[2026-07-17 11:37:46.477] [0;31mE (2692) mdns: mdns_service_remove_for_host(6674): Invalid state or arguments[0m
[2026-07-17 11:37:46.477] [0;32mI (2701) chip[DIS]: Advertise commission parameter vendorID=5015 productID=2027 discriminator=3229/12 cm=1 cp=0[0m
[2026-07-17 11:37:46.477] [0;32mI (2711) chip[IN]: CASE Server enabling CASE session setups[0m
[2026-07-17 11:37:46.477] [0;32mI (2717) chip[SVR]: Joining Multicast groups[0m
[2026-07-17 11:37:46.477] [0;32mI (2722) chip[SVR]: Server initialization complete[0m
[2026-07-17 11:37:46.477] [0;32mI (2727) chip[SVR]: Server Listening...[0m
[2026-07-17 11:37:46.477] [0;32mI (2732) esp_matter_core: Dynamic endpoint 0 added[0m
[2026-07-17 11:37:46.477] [0;32mI (2738) esp_matter_attribute: ********** W : Endpoint 0x0001's Cluster 0x00000003's Attribute 0x00000001 is 3 **********[0m
[2026-07-17 11:37:46.477] [0;32mI (2749) esp_matter_core: Dynamic endpoint 1 added[0m
[2026-07-17 11:37:46.477] [0;32mI (2760) chip[DL]: WIFI_EVENT_STA_START[0m
[2026-07-17 11:37:46.477] W (2760) wifi:Haven't to connect to a suitable AP now!
[2026-07-17 11:37:46.477] [0;32mI (2762) app_bridged_device: MAX_BRIDGED_DEVICE_COUNT 62
[2026-07-17 11:37:46.477] 
[2026-07-17 11:37:46.477] [0m
[2026-07-17 11:37:46.477] [0;32mI (2764) chip[DL]: Attempting to connect WiFi station interface[0m
[2026-07-17 11:37:46.477] Set Wifi Reconnect Enable 0
[2026-07-17 11:37:46.477] 
[2026-07-17 11:37:46.477] [0;32mI (2777) chip[DL]: Done driving station state, nothing else to do...[0m
[2026-07-17 11:37:46.477] [0;32mI (2786) chip[DL]: WIFI_EVENT_STA_DISCONNECTED[0m
[2026-07-17 11:37:46.477] [0;32mI (2791) chip[DL]: WiFi station state change: Connecting -> Connecting_Failed[0m
[2026-07-17 11:37:46.477] W (2799) wifi:Haven't to connect to a suitable AP now!
[2026-07-17 11:37:46.477] [0;31mE (2804) chip[DL]: Failed to get configured network when updating network status: Error ESP32:0x0500300F[0m
[2026-07-17 11:37:46.477] W (2814) wifi:Haven't to connect to a suitable AP now!
[2026-07-17 11:37:46.477] [0;32mI (2819) chip[DL]: WiFi station state change: Connecting_Failed -> NotConnected[0m
[2026-07-17 11:37:46.477] W (2827) wifi:Haven't to connect to a suitable AP now!
[2026-07-17 11:37:46.477] [0;31mE (2832) chip[DL]: Failed to get configured network when updating network status: Error ESP32:0x0500300F[0m
[2026-07-17 11:37:46.477] ESP-IDF v5.3.1, free heap 6284476
[2026-07-17 11:37:46.477] 
[2026-07-17 11:37:46.477] [0;32mI (2842) chip[DL]: uart: 25 Next WiFi station reconnect in 100 ms[0m
[2026-07-17 11:37:46.477] ## Wi-Fi Ma[0;32mI (2852) chip[DL]: c Done driving station state, nothing else to do...[0m
[2026-07-17 11:37:46.477] 48cWIFI_EVENT_STA_DISCONNECTED
[2026-07-17 11:37:46.477] 
[2026-07-17 11:37:46.477] a43a5b6[0;32mI (2863) chip[DIS]: dcUpdating services using commissioning mode 1[0m
[2026-07-17 11:37:46.477] 
[2026-07-17 11:37:46.477] 
[2026-07-17 11:37:46.477] 
[2026-07-17 11:37:46.477] [0;31mE (2870) mdns: mdns_service_remove_for_host(6677): Service doesn't exist[0m
[2026-07-17 11:37:46.477] [0;31mE (2878) mdns: mdns_service_remove_for_host(6674): Invalid state or arguments[0m
[2026-07-17 11:37:46.477] [0;32mI (2887) chip[DIS]: Advertise commission parameter vendorID=5015 productID=2027 discriminator=3229/12 cm=1 cp=0[0m
[2026-07-17 11:37:46.477] [0;32mI (2897) app_main: Commissioning window opened[0m
[2026-07-17 11:37:46.477] 
[2026-07-17 11:37:46.922] [0;32mI (2939) chip[IM]: No subscriptions to resume[0m
[2026-07-17 11:37:46.922] uart: 0 
[2026-07-17 11:37:46.922] 
[2026-07-17 11:37:46.922] 
[2026-07-17 11:37:46.922] [0;32mI (2855) NL_DEV: Init OK, 2 devices loaded from NVS[0m
[2026-07-17 11:37:46.922] [0;32mI (2941) TASK_NL: scan interval loaded: 1800 s[0m
[2026-07-17 11:37:46.922] [0;32mI (2945) TASK_NL: Manager task started, 2 devices registered[0m
[2026-07-17 11:37:46.922] [0;32mI (2951) TASK_NL:   dev[0] eui64="89F8DC10D009" state=1 ip="192.168.50.160"[0m
[2026-07-17 11:37:46.922] W (2952) wifi:[0;32mI (2959) TASK_NL:   dev[1] eui64="D0623120BA73" state=1 ip="192.168.50.16"[0m
[2026-07-17 11:37:46.922] Haven't to connect to a suitable AP now!
[2026-07-17 11:37:46.922] uart: 19 AT+VER B0E9FEC6718C
[2026-07-17 11:37:46.922] 
[2026-07-17 11:37:46.922] 
[2026-07-17 11:37:46.922] g_bReconnectWifiEnable is false, return
[2026-07-17 11:37:46.922] get ver cmd 1
[2026-07-17 11:37:46.922] 
[2026-07-17 11:37:46.922] b0e9fec6718c
[2026-07-17 11:37:46.922] 
[2026-07-17 11:37:46.922] build time hex: 07EA070F112120
[2026-07-17 11:37:46.922] 
[2026-07-17 11:37:46.922] BaseType_t r1 = 1  r2 = 1 r3 = 1 r4 = 1 r5 = 1 r6 = 1 r7 = 1
[2026-07-17 11:37:46.922] build time hex: 07EA070F112120
[2026-07-17 11:37:46.922] 
[2026-07-17 11:37:46.922] wifi status is 0 0 1
[2026-07-17 11:37:46.922] 
[2026-07-17 11:37:46.922] wifi ipv4 info:
[2026-07-17 11:37:46.922] 
[2026-07-17 11:37:46.922] 0.0.0.0.
[2026-07-17 11:37:46.922] 
[2026-07-17 11:37:46.922] 0.0.0.0.
[2026-07-17 11:37:46.922] 
[2026-07-17 11:37:46.922] 0.0.0.0.
[2026-07-17 11:37:46.922] 
[2026-07-17 11:37:46.922] !!!PAI data!!!
[2026-07-17 11:37:46.922] 
[2026-07-17 11:37:46.922] 30 82 01 D0 30 82 01 76 A0 03 02 01 02 02 10 5B BE D7 3F F6 06 EA 40 01 B5 B1 8A 7F 5A EB 7B 30 0A 06 08 2A 86 48 CE 3D 04 03 02 30 35 31 1D 30 1B 06 03 55 04 03 0C 14 53 77 69 74 63 68 42 6F 74 20 4D 61 74 74 65 72 20 50 41 41 31 14 30 12 06 0A 2B 06 01 04 01 82 A2 7C 02 01 0C 04 31 33 39 37 30 20 17 0D 32 34 30 35 32 30 30 37 30 37 35 33 5A 18 0F 39 39 39 39 31 32 33 31 32 33 35 39 35 39 5A 30 35 31 1D 30 1B 06 03 55 04 03 0C 14 53 77 69 74 63 68 42 6F 74 20 4D 61 74 74 65 72 20 50 41 49 31 14 30 12 06 0A 2B 06 01 04 01 82 A2 7C 02 01 0C 04 31 33 39 37 30 59 30 13 06 07 2A 86 48 CE 3D 02 01 06 08 2A 86 48 CE 3D 03 01 07 03 42 00 04 F4 56 49 91 74 AB 96 45 F2 C8 22 05 B7 75 60 60 F9 C9 2F 59 3A E3 AC 0D 28 79 58 63 24 E6 AA BA 73 CE 92 2F A1 E4 4F F2 79 34 F7 F4 E6 F9 36 E6 08 A9 A5 A0 97 9A BE AE 45 87 33 AD E1 7B F0 C9 A3 66 30 64 30 12 06 03 55 1D 13 01 01 FF 04 08 30 06 01 01 FF 02 01 00 30 1F 06 03 55 1D 23 04 18 30 16 80 14 C3 96 A6 E6 94 8C C4 6B 42 A2 82 4D 2A 6F 69 47 97 EA 60 04 30 1D 06 03 55 1D 0E 04 16 04 14 95 44 27 C5 F7 28 FF 5F 0B 01 85 6D ED 4F BD 63 A0 63 A4 00 30 0E 06 03 55 1D 0F 01 01 FF 04 04 03 02 01 06 30 0A 06 08 2A 86 48 CE 3D 04 03 02 03 48 00 30 45 02 21 00 AA 81 98 FE C0 AC 0E C8 68 93 8C 42 CF D7 A9 25 FA D6 97 DC BD 2D 22 58 A4 0E A5 41 9F 79 B6 B2 02 20 4E CB E0 53 3F 4E 77 E7 C5 5E 1B 91 3C C8 86 BB B8 BC 28 D9 16 1B 98 8E 28 BB 03 A8 1F EC 1F 49 
[2026-07-17 11:37:46.922] !!!DAC data!!!
[2026-07-17 11:37:46.922] 
[2026-07-17 11:37:46.922] 30 82 01 E0 30 82 01 86 A0 03 02 01 02 02 10 6D FD FC 93 8E BE E4 D3 D4 21 61 DB 1D 30 6A 88 30 0A 06 08 2A 86 48 CE 3D 04 03 02 30 35 31 1D 30 1B 06 03 55 04 03 0C 14 53 77 69 74 63 68 42 6F 74 20 4D 61 74 74 65 72 20 50 41 49 31 14 30 12 06 0A 2B 06 01 04 01 82 A2 7C 02 01 0C 04 31 33 39 37 30 20 17 0D 32 34 31 31 32 36 31 35 30 32 30 30 5A 18 0F 39 39 39 39 31 32 33 31 32 33 35 39 35 39 5A 30 4B 31 1D 30 1B 06 03 55 04 03 0C 14 53 77 69 74 63 68 42 6F 74 20 4D 61 74 74 65 72 20 44 41 43 31 14 30 12 06 0A 2B 06 01 04 01 82 A2 7C 02 01 0C 04 31 33 39 37 31 14 30 12 06 0A 2B 06 01 04 01 82 A2 7C 02 02 0C 04 30 37 45 42 30 59 30 13 06 07 2A 86 48 CE 3D 02 01 06 08 2A 86 48 CE 3D 03 01 07 03 42 00 04 6D 26 18 73 3C 93 34 BF E2 79 13 4A 15 F3 28 A8 D2 4C 7F FB F3 1E 0A D0 4A 24 16 F8 77 90 94 B6 E3 73 AC AE DD 3E EA 6C 05 38 EA 69 89 B3 B8 A3 41 13 C4 E9 33 0E D8 5F B2 A1 35 24 DF 4B EF 13 A3 60 30 5E 30 0C 06 03 55 1D 13 01 01 FF 04 02 30 00 30 1F 06 03 55 1D 23 04 18 30 16 80 14 95 44 27 C5 F7 28 FF 5F 0B 01 85 6D ED 4F BD 63 A0 63 A4 00 30 1D 06 03 55 1D 0E 04 16 04 14 9E 92 5D 21 2C 03 09 C0 85 7B 47 36 C7 C5 37 41 9B 2A 5E 11 30 0E 06 03 55 1D 0F 01 01 FF 04 04 03 02 07 80 30 0A 06 08 2A 86 48 CE 3D 04 03 02 03 48 00 30 45 02 21 00 C5 55 BB 01 6B 80 6E 7A 18 44 1E 1A F1 43 19 F6 97 90 CF 68 C2 57 30 D0 55 BD F8 32 21 13 01 DB 02 20 6D 71 F0 4F 22 08 89 FE BA 6B E2 AC 54 15 4F 2F E1 7D 7B 6C 8F F8 86 8B 5E DB 1C D0 A3 9A 32 36 
[2026-07-17 11:37:46.922] *****matter info*****
[2026-07-17 11:37:46.922] discriminator:3229
[2026-07-17 11:37:46.922] pincode:56197092
[2026-07-17 11:37:46.922] product_id:2027
[2026-07-17 11:37:46.922] vendor_id:5015
[2026-07-17 11:37:46.922] iteration_count:10000
[2026-07-17 11:37:46.922] salt:tXmFWhA7hDuDJNDVd1CtCzlVym2mrUh9/6tqy7lBAic=
[2026-07-17 11:37:46.922] verifier:lYqofNLZlYSek3gpJAC2PpCo60FxESOTJJnOLDcpMy0E3gjpn6PLprl4MR/gIO7MXpcKEMsOXh7YxTPm8djeUp8sXhBNkqb0YISoQqKpRkJsWgfJPANqGPi3v7wTmAnKEw==
[2026-07-17 11:37:46.922] rd-id-uid:3ae9afce0abe1de90bd957a925a6e7d0
[2026-07-17 11:37:46.922] *****matter info*****
[2026-07-17 11:37:46.922] free heap 14 6257952
[2026-07-17 11:37:46.922] 
[2026-07-17 11:37:46.922] ble_pair_server_start 
[2026-07-17 11:37:46.922] [0;32mI (3285) chip[DL]: [0;32mI (3286) doorlock_callback: doorlock example init[0m
[2026-07-17 11:37:46.922] Configuring CHIPoBLE advertising (interval 25 ms, connectable)sub-device count:0,ind dev:0
[2026-07-17 11:37:46.922] [0;32mI (3299) NVS: Flash write 4[0m
[2026-07-17 11:37:46.922] [0m
[2026-07-17 11:37:46.922] [0;32mI (3305) NimBLE: GAP procedure initiated: advertise; [0m
[2026-07-17 11:37:46.922] ATA+MATTERLIST 0
[2026-07-17 11:37:46.922] 
[2026-07-17 11:37:46.922] [0;32mI (3311) NimBLE: disc_mode=2[0m
[2026-07-17 11:37:46.922] [0;32mI (3313) main_task: Returned from app_main()[0m
[2026-07-17 11:37:46.922] uart: 19 AT+TEMPHUMI +2[0;32mI (3316) NimBLE:  adv_channel_map=0 own_addr_type=1 adv_filter_policy=0 adv_itvl_min=40 adv_itvl_max=40[0m
[2026-07-17 11:37:46.922] 37[0;32mI (3333) NimBLE: 
[2026-07-17 11:37:46.922] [0m
[2026-07-17 11:37:46.922]  64
[2026-07-17 11:37:46.922] 
[2026-07-17 11:37:46.922] 
[2026-07-17 11:37:46.922] [0;32mI (3337) chip[DL]: temp_ep:65535,temp_data:2370 humi_ep:65535,humi_data:6400
[2026-07-17 11:37:46.922] 
[2026-07-17 11:37:46.922] CHIPoBLE advertising started[0m
[2026-07-17 11:37:46.922] 
[2026-07-17 11:37:48.097] uart: 19 AT+VER B0E9FEC6718C
[2026-07-17 11:37:48.097] 
[2026-07-17 11:37:48.097] 
[2026-07-17 11:37:48.097] get ver cmd 1
[2026-07-17 11:37:48.097] 
[2026-07-17 11:37:48.097] b0e9fec6718c
[2026-07-17 11:37:48.097] 
[2026-07-17 11:37:48.097] build time hex: 07EA070F112120
[2026-07-17 11:37:48.097] 
[2026-07-17 11:37:48.097] uart: 17 AT+IOTAREA 000000
[2026-07-17 11:37:48.097] 
[2026-07-17 11:37:48.097] 
[2026-07-17 11:37:48.097] 
[2026-07-17 11:37:48.174] uart: 14 AT+SET_SSID 10
[2026-07-17 11:37:48.174] 
[2026-07-17 11:37:48.174] 
[2026-07-17 11:37:48.174] g_tAwsIot.tConf.ssid :
[2026-07-17 11:37:48.174] 
[2026-07-17 11:37:48.174]  asus-82-24
[2026-07-17 11:37:48.174] 
[2026-07-17 11:37:48.174] uart: 0 
[2026-07-17 11:37:48.174] 
[2026-07-17 11:37:48.174] 
[2026-07-17 11:37:48.174] uart: 10 asus-82-24
[2026-07-17 11:37:48.174] 
[2026-07-17 11:37:48.174] 
[2026-07-17 11:37:48.174] uart: 11 AT+SET_PW 8
[2026-07-17 11:37:48.174] 
[2026-07-17 11:37:48.174] 
[2026-07-17 11:37:48.174] get password cmd len 8 
[2026-07-17 11:37:48.174] 
[2026-07-17 11:37:48.235] uart: 0 
[2026-07-17 11:37:48.235] 
[2026-07-17 11:37:48.235] 
[2026-07-17 11:37:48.235] uart: 8 asus8224
[2026-07-17 11:37:48.235] 
[2026-07-17 11:37:48.235] 
[2026-07-17 11:37:48.235] uart: 26 AT+BOOTBLEVERSION 14040233
[2026-07-17 11:37:48.235] 
[2026-07-17 11:37:48.235] 
[2026-07-17 11:37:48.235] get boot ble version 20 4 2
[2026-07-17 11:37:48.235] 
[2026-07-17 11:37:48.235] uart: 46 AT+UIINFO B0E9FED4ACF4101001010164656661756C74
[2026-07-17 11:37:48.235] 
[2026-07-17 11:37:48.235] 
[2026-07-17 11:37:48.235] UiMac:b0e9fed4acf4
[2026-07-17 11:37:48.235] UiInfo:16 16 1 1 1 default
[2026-07-17 11:37:48.235] 
[2026-07-17 11:37:50.536] uart: 9 AT+STATUS
[2026-07-17 11:37:50.536] 
[2026-07-17 11:37:50.536] 
[2026-07-17 11:37:50.536] wifi status is 0 0 1
[2026-07-17 11:37:50.536] 
[2026-07-17 11:37:50.536] wifi ipv4 info:
[2026-07-17 11:37:50.536] 
[2026-07-17 11:37:50.536] 0.0.0.0.
[2026-07-17 11:37:50.536] 
[2026-07-17 11:37:50.536] 0.0.0.0.
[2026-07-17 11:37:50.536] 
[2026-07-17 11:37:50.536] 0.0.0.0.
[2026-07-17 11:37:50.536] 
[2026-07-17 11:37:50.536] 
[2026-07-17 11:37:50.829] [0;32mI (7027) chip[DL]: WIFI_EVENT_SCAN_DONE[0m
[2026-07-17 11:37:50.829] [0;32mI (7027) chip[DL]: No scan callback[0m
[2026-07-17 11:37:50.829] WIFI_EVENT_SCAN_DONE
[2026-07-17 11:37:50.829] scan ap num 20
[2026-07-17 11:37:50.829] 
[2026-07-17 11:37:50.829]  0, -48, IPC_7B20
[2026-07-17 11:37:50.829]  1, -49, HUAWEI-J1FE2L
[2026-07-17 11:37:50.829]  2, -49, test-20
[2026-07-17 11:37:50.829]  3, -50, IPC_7B8E
[2026-07-17 11:37:50.829]  4, -51, Deco
[2026-07-17 11:37:50.829]  5, -51, IPC_AC31
[2026-07-17 11:37:50.829]  6, -51, HUAWEI88_2.4G
[2026-07-17 11:37:50.829]  7, -52, asus-82-24
[2026-07-17 11:37:50.829]  8, -54, testflan_2.4g
[2026-07-17 11:37:50.829]  9, -56, IPC_0E12
[2026-07-17 11:37:50.829] 10, -56, woan-guest
[2026-07-17 11:37:50.829] 11, -56, Buffalo-G-36D0
[2026-07-17 11:37:50.829] 12, -56, tendadada
[2026-07-17 11:37:50.829] 13, -57, IPC_6E05
[2026-07-17 11:37:50.829] 14, -57, woanmarket
[2026-07-17 11:37:50.829] 15, -57, Buffalo-G-36D0-WPA3
[2026-07-17 11:37:50.829] 16, -58, ASU_E8
[2026-07-17 11:37:50.829] 17, -58, IPC_13B9
[2026-07-17 11:37:50.829] 18, -58, IPC_4976
[2026-07-17 11:37:50.829] 19, -59, woan-guonei
[2026-07-17 11:37:50.829] Set Wifi Reconnect Enable 1
[2026-07-17 11:37:50.829] 
[2026-07-17 11:37:50.829] ssid: 10 asus-82-24
[2026-07-17 11:37:50.829] pw:   8 asus8224
[2026-07-17 11:37:50.829] W (7070) wifi:Haven't to connect to a suitable AP now!
[2026-07-17 11:37:50.829] W (7075) wifi:Password length matches WPA2 standards, authmode threshold changes from OPEN to WPA2
[2026-07-17 11:37:50.829] I (7095) wifi:new:<8,0>, old:<8,0>, ap:<255,255>, sta:<8,0>, prof:1, snd_ch_cfg:0x0
[2026-07-17 11:37:50.829] I (7095) wifi:state: init -> auth (0xb0)
[2026-07-17 11:37:50.829] I (7107) wifi:state: auth -> assoc (0x0)
[2026-07-17 11:37:50.829] I (7112) wifi:state: assoc -> run (0x10)
[2026-07-17 11:37:50.829] I (7135) wifi:connected with asus-82-24, aid = 19, channel 8, BW20, bssid = a0:36:bc:6f:e1:68
[2026-07-17 11:37:50.829] I (7135) wifi:security: WPA2-PSK, phy: bgn, rssi: -52
[2026-07-17 11:37:50.829] I (7138) wifi:pm start, type: 1
[2026-07-17 11:37:50.829] 
[2026-07-17 11:37:50.829] I (7140) wifi:dp: 1, bi: 102400, li: 3, scale listen interval from 307200 us to 307200 us
[2026-07-17 11:37:50.829] I (7148) wifi:set rx beacon pti, rx_bcn_pti: 14, bcn_timeout: 25000, mt_pti: 14, mt_time: 10000
[2026-07-17 11:37:50.829] [0;32mI (7157) chip[DL]: WIFI_EVENT_STA_CONNECTED[0m
[2026-07-17 11:37:50.829] [0;32mI (7161) chip[DL]: WiFi station state change: NotConnected -> Connected[0m
[2026-07-17 11:37:50.829] [0;32mI (7169) chip[DL]: I (7169) wifi:WiFi station interface connected<ba-add>idx:0 (ifx:0, a0:36:bc:6f:e1:68), tid:6, ssn:1, winSize:64[0m
[2026-07-17 11:37:50.829] 
[2026-07-17 11:37:50.829] [0;32mI (7181) chip[ZCL]: WiFiDiagnosticsDelegate: OnConnectionStatusChanged[0m
[2026-07-17 11:37:50.829] [0;32mI (7189) chip[DL]: Done driving station state, nothing else to do...[0m
[2026-07-17 11:37:50.829] [0;32mI (7195) chip[DL]: Updating advertising data[0m
[2026-07-17 11:37:50.829] [0;32mI (7201) chip[DL]: Configuring CHIPoBLE advertising (interval 25 ms, connectable)[0m
[2026-07-17 11:37:50.829] [0;32mI (7209) chip[DL]: Device already advertising, stop active advertisement and restart[0m
[2026-07-17 11:37:50.829] [0;32mI (7217) NimBLE: GAP procedure initiated: stop advertising.
[2026-07-17 11:37:50.829] [0m
[2026-07-17 11:37:50.829] [0;32mI (7224) NimBLE: GAP procedure initiated: advertise; [0m
[2026-07-17 11:37:50.829] [0;32mI (7229) NimBLE: disc_mode=2[0m
[2026-07-17 11:37:50.829] [0;32mI (7233) NimBLE:  adv_channel_map=0 own_addr_type=1 adv_filter_policy=0 adv_itvl_min=40 adv_itvl_max=40[0m
[2026-07-17 11:37:50.829] [0;32mI (7243) NimBLE: 
[2026-07-17 11:37:50.829] [0m
[2026-07-17 11:37:50.829] I (7224) wifi:AP's beacon interval = 102400 us, DTIM period = 1
[2026-07-17 11:37:50.829] 
[2026-07-17 11:37:51.802] [0;32mI (8157) esp_netif_handlers: sta ip: 192.168.50.200, mask: 255.255.255.0, gw: 192.168.50.1[0m
[2026-07-17 11:37:51.802] [0;32mI (8157) chip[DL]: IP_EVENT_STA_GOT_IP[0m
[2026-07-17 11:37:51.802] [0;32mI (8159) chip[DL]: IPv4 address changed on WiFi station interface: 192.168.50.200/255.255.255.0 gateway 192.168.50.1[0m
[2026-07-17 11:37:51.802] [0;32mI (8171) chip[DL]: IPv4 Internet connectivity ESTABLISHED[0m
[2026-07-17 11:37:51.802] IP_EVENT_STA_GOT_IP
[2026-07-17 11:37:51.802] 
[2026-07-17 11:37:51.802] WiFi: ip got...
[2026-07-17 11:37:51.802] 
[2026-07-17 11:37:51.802] Starting SNTP...
[2026-07-17 11:37:51.802] 
[2026-07-17 11:37:51.802] wifi status is 5 0 2
[2026-07-17 11:37:51.802] 
[2026-07-17 11:37:51.802] wifi ipv4 info:
[2026-07-17 11:37:51.802] 
[2026-07-17 11:37:51.802] 192.168.50.200.
[2026-07-17 11:37:51.802] 
[2026-07-17 11:37:51.802] 255.255.255.0.
[2026-07-17 11:37:51.802] 
[2026-07-17 11:37:51.802] 192.168.50.1.
[2026-07-17 11:37:51.802] 
[2026-07-17 11:37:51.802] [0;32mI (8190) app_main: Interface IP Address Changed[0m
[2026-07-17 11:37:51.802] [0;32mI (8195) chip[DIS]: Updating services using commissioning mode 1[0m
[2026-07-17 11:37:51.802] [0;31mE (8202) mdns: mdns_service_remove_for_host(6677): Service doesn't exist[0m
[2026-07-17 11:37:51.802] [0;31mE (8209) mdns: mdns_service_remove_for_host(6674): Invalid state or arguments[0m
[2026-07-17 11:37:51.802] [0;32mI (8218) chip[DIS]: Advertise commission parameter vendorID=5015 productID=2027 discriminator=3229/12 cm=1 cp=0[0m
[2026-07-17 11:37:51.802] 
[2026-07-17 11:37:52.423] [0;32mI (8795) chip[DL]: IP_EVENT_GOT_IP6[0m
[2026-07-17 11:37:52.423] [0;32mI (8795) chip[DL]: IPv6 addr available. Ready on WIFI_STA_DEF interface: fe80:0000:0000:0000:4aca:43ff:fea5:b6dc[0m
[2026-07-17 11:37:52.423] WIFI: ipv6 got...
[2026-07-17 11:37:52.423] [0;32mI (8801) app_main: Interface IP Address Changed[0m
[2026-07-17 11:37:52.423] [0;32mI (8806) chip[DIS]: Updating services using commissioning mode 1[0m
[2026-07-17 11:37:52.423] [0;31mE (8813) mdns: mdns_service_remove_for_host(6677): Service doesn't exist[0m
[2026-07-17 11:37:52.423] [0;31mE (8820) mdns: mdns_service_remove_for_host(6674): Invalid state or arguments[0m
[2026-07-17 11:37:52.423] [0;32mI (8829) chip[DIS]: Advertise commission parameter vendorID=5015 productID=2027 discriminator=3229/12 cm=1 cp=0[0m
[2026-07-17 11:37:52.423] 
[2026-07-17 11:37:53.754] TASK_Ota delete!!!
[2026-07-17 11:37:53.754] 
[2026-07-17 11:37:53.754] Waiting for system time to be set... (1/10): sntp 946684806, year 100
[2026-07-17 11:37:53.754] 
[2026-07-17 11:37:53.754] 
[2026-07-17 11:37:53.908] uart: 46 AT+UIINFO B0E9FED4ACF4101001010164656661756C74
[2026-07-17 11:37:53.908] 
[2026-07-17 11:37:53.908] 
[2026-07-17 11:37:53.908] UiMac:b0e9fed4acf4
[2026-07-17 11:37:53.908] UiInfo:16 16 1 1 1 default
[2026-07-17 11:37:53.908] 
[2026-07-17 11:37:55.676] wifi status is 5 0 2
[2026-07-17 11:37:55.676] 
[2026-07-17 11:37:55.676] wifi ipv4 info:
[2026-07-17 11:37:55.676] 
[2026-07-17 11:37:55.676] 192.168.50.200.
[2026-07-17 11:37:55.676] 
[2026-07-17 11:37:55.676] 255.255.255.0.
[2026-07-17 11:37:55.676] 
[2026-07-17 11:37:55.676] 192.168.50.1.
[2026-07-17 11:37:55.676] 
[2026-07-17 11:37:55.676] 
[2026-07-17 11:37:55.768] Waiting for system time to be set... (2/10): sntp 946684808, year 100
[2026-07-17 11:37:55.768] 
[2026-07-17 11:37:55.768] 
[2026-07-17 11:37:56.744] I (13160) wifi:<ba-add>idx:1 (ifx:0, a0:36:bc:6f:e1:68), tid:0, ssn:1, winSize:64
[2026-07-17 11:37:56.744] 
[2026-07-17 11:37:57.766] Waiting for system time to be set... (3/10): sntp 946684810, year 100
[2026-07-17 11:37:57.766] 
[2026-07-17 11:37:57.766] 
[2026-07-17 11:37:59.108] [0;32mI (15526) ROUTE_HOOK: Received RIO[0m
[2026-07-17 11:37:59.108] [0;32mI (15526) ROUTE_HOOK: prefix FDEA:C98F:38B2:1:: lifetime 1800[0m
[2026-07-17 11:37:59.108] 
[2026-07-17 11:37:59.786] Waiting for system time to be set... (4/10): sntp 1784259478, year 126
[2026-07-17 11:37:59.786] 
[2026-07-17 11:37:59.786] SNTP DONE!
[2026-07-17 11:37:59.786] first UTC time 0x6a59a396
[2026-07-17 11:37:59.786] 
[2026-07-17 11:37:59.786] AWS IoT SDK Version 3.0.1-
[2026-07-17 11:37:59.786] 
[2026-07-17 11:37:59.786] IOT init free heap 6267888
[2026-07-17 11:37:59.786] 
[2026-07-17 11:37:59.786] Area:00 00
[2026-07-17 11:37:59.786] Connecting to AWS...
[2026-07-17 11:37:59.786] 
[2026-07-17 11:37:59.786] free heap 6267600
[2026-07-17 11:37:59.786] 
[2026-07-17 11:37:59.786] Client ID 31 : SwitchBot-W1096000-B0E9FEC6718C
[2026-07-17 11:37:59.786] 
[2026-07-17 11:37:59.786] 
[2026-07-17 11:38:00.425] [0;32mI (16795) chip[DL]: IP_EVENT_GOT_IP6[0m
[2026-07-17 11:38:00.425] [0;32mI (16795) chip[DL]: IPv6 addr available. Ready on WIFI_STA_DEF interface: fdca:3937:091c:3fb0:4aca:43ff:fea5:b6dc[0m
[2026-07-17 11:38:00.425] [0;32mI (16799) ROUTE_HOOK: Hook already installed on netif, skip...[0m
[2026-07-17 11:38:00.425] WIFI: ipv6 got...
[2026-07-17 11:38:00.425] [0;32mI (16807) app_main: Interface IP Address Changed[0m
[2026-07-17 11:38:00.425] [0;32mI (16813) chip[DIS]: Updating services using commissioning mode 1[0m
[2026-07-17 11:38:00.425] [0;31mE (16819) mdns: mdns_service_remove_for_host(6677): Service doesn't exist[0m
[2026-07-17 11:38:00.425] [0;31mE (16827) mdns: mdns_service_remove_for_host(6674): Invalid state or arguments[0m
[2026-07-17 11:38:00.425] [0;32mI (16836) chip[DIS]: Advertise commission parameter vendorID=5015 productID=2027 discriminator=3229/12 cm=1 cp=0[0m
[2026-07-17 11:38:00.425] 
[2026-07-17 11:38:02.671] set Auto Reconnect to true - 0
[2026-07-17 11:38:02.671] 
[2026-07-17 11:38:02.671] AWS connected!!!
[2026-07-17 11:38:02.671] 
[2026-07-17 11:38:02.671] free heap 6232036
[2026-07-17 11:38:02.671] 
[2026-07-17 11:38:02.671] [0;32mI (19098) AWS_IOT: Subscribing topic switchlink/B0E9FEC6718C/app_to_link[0m
[2026-07-17 11:38:02.671] 
[2026-07-17 11:38:02.749] [0;32mI (19168) TASK_NL: scan: WiFi 连接成功，触发 mDNS 扫描[0m
[2026-07-17 11:38:02.749] [0;32mI (19168) TASK_NL: ExecuteScan: trigger=wifi_connected[0m
[2026-07-17 11:38:02.749] 
[2026-07-17 11:38:03.723] [0;32mI (20142) AWS_IOT: Subscribing topic switchlink/B0E9FEC6718C/app_to_command[0m
[2026-07-17 11:38:03.723] 
[2026-07-17 11:38:04.001] [0;32mI (20428) AWS_IOT: Subscribing topic switchlink/B0E9FEC6718C/app_to_data[0m
[2026-07-17 11:38:04.001] 
[2026-07-17 11:38:04.324] [0;32mI (20746) AWS_IOT: Subscribing topic switchlink/B0E9FEC6718C/app_to_secret[0m
[2026-07-17 11:38:04.324] 
[2026-07-17 11:38:05.064] [0;32mI (21480) AWS_IOT: Subscribing topic switchlink/B0E9FEC6718C/app_to_nanoleaf_func_req[0m
[2026-07-17 11:38:05.064] 
[2026-07-17 11:38:05.452] [0;32mI (21877) AWS_IOT: Subscribing topic switchlink/B0E9FEC6718C/app_to_nanoleaf_maint[0m
[2026-07-17 11:38:05.452] 
[2026-07-17 11:38:05.761] free heap: 6179544, minimum free heap: 6164828, Internal 8bit free heap: 31116, 8bit free heap: 6179544The current date/time is: Fri Jul 17 03:38:04 2026
[2026-07-17 11:38:05.761] 
[2026-07-17 11:38:05.761] 
[2026-07-17 11:38:05.838] [0;32mI (22226) TASK_NL: Scan[0]: name=Shapes 2201 ip=192.168.50.119 id=6B:07:C6:28:FB:80 model=NL42 fw=12.2.0[0m
[2026-07-17 11:38:05.838] [0;32mI (22226) TASK_NL: Scan[1]: name=Elements 88E6 ip=192.168.50.16 id=60:EC:09:9E:98:F6 model=NL52 fw=12.2.3[0m
[2026-07-17 11:38:05.838] [0;32mI (22235) TASK_NL: Scan[2]: name=4D FEB8 ip=192.168.50.160 id=0A:8D:43:9C:B4:AF model=NL69 fw=12.3.6[0m
[2026-07-17 11:38:05.838] [0;32mI (22245) TASK_NL: Scan[3]: name=Lines B5D2 ip=192.168.50.201 id=3E:0A:E0:49:41:82 model=NL59 fw=12.2.3[0m
[2026-07-17 11:38:05.838] [0;32mI (22256) TASK_NL: ExecuteScan: found 4 devices, publishing[0m
[2026-07-17 11:38:05.838] 
[2026-07-17 11:38:06.025] wifi status is 5 1 2
[2026-07-17 11:38:06.025] 
[2026-07-17 11:38:06.025] wifi ipv4 info:
[2026-07-17 11:38:06.025] 
[2026-07-17 11:38:06.025] 192.168.50.200.
[2026-07-17 11:38:06.025] 
[2026-07-17 11:38:06.025] 255.255.255.0.
[2026-07-17 11:38:06.025] 
[2026-07-17 11:38:06.025] 192.168.50.1.
[2026-07-17 11:38:06.025] 
[2026-07-17 11:38:06.025] Subscribe Success!!!
[2026-07-17 11:38:06.025] 
[2026-07-17 11:38:06.025] cannot find matter check
[2026-07-17 11:38:06.025] send check matter:
[2026-07-17 11:38:06.025] sub-device count:0,ind dev:0
[2026-07-17 11:38:06.025] owndev_sum:0,ble_sum:0,ir_sum:0,iot_sum:0,fid_cnt:0
[2026-07-17 11:38:06.025] IOT_Running free heap 6233572
[2026-07-17 11:38:06.025] 
[2026-07-17 11:38:06.025] uart: 29 ## [set_wifi_send_shadow] 5 1
[2026-07-17 11:38:06.025] 
[2026-07-17 11:38:06.025] 
[2026-07-17 11:38:06.025] uart: 130 AT+BCDS ff040002000000017 0010B940B0E9FEC6718C48ca43a5b6dc0F0002200a07974040000000000000ff0cfd00000000000000000000000000000000ff00
[2026-07-17 11:38:06.025] 
[2026-07-17 11:38:06.025] 
[2026-07-17 11:38:06.025] 
[2026-07-17 11:38:06.350] pTopic:switchlink/B0E9FEC6718C/link_to_nanoleaf_property
[2026-07-17 11:38:06.350] pData:{"msgType":"online","deviceId":"89F8DC10D009","timestamp":1784259486,"online":false,"reason":"mdns_lost"}
[2026-07-17 11:38:06.350] pTopic:switchlink/B0E9FEC6718C/link_to_nanoleaf_property
[2026-07-17 11:38:06.350] pData:{"msgType":"online","deviceId":"D0623120BA73","timestamp":1784259486,"online":false,"reason":"mdns_lost"}
[2026-07-17 11:38:06.350] pTopic:switchlink/B0E9FEC6718C/link_to_nanoleaf_maint
[2026-07-17 11:38:06.350] pData:{"msgType":"nanoleaf_scan","trigger":"wifi_connected","timestamp":1784259486,"managed":{"total":2,"devices":[{"deviceId":"89F8DC10D009","clientId":1,"state":"retry_wait","online":0},{"deviceId":"D0623120BA73","clientId":1,"state":"retry_wait","online":0}]},"devices":[{"deviceId":"6B:07:C6:28:FB:80","ip":"192.168.50.119","port":12566,"model":"NL42","firmware":"12.2.0"},{"deviceId":"60:EC:09:9E:98:F6","ip":"192.168.50.16","port":12566,"model":"NL52","firmware":"12.2.3"},{"deviceId":"0A:8D:43:9C:B4:AF","ip":"192.168.50.160","port":12566,"model":"NL69","firmware":"12.3.6"},{"deviceId":"3E:0A:E0:49:41:82","ip":"192.168.50.201","port":12566,"model":"NL59","firmware":"12.2.3"}]}
[2026-07-17 11:38:06.350] pTopic:$aws/rules/bi_hub_fetch_data_matter/switchlink/B0E9FEC6718C/link_to_dev_matter
[2026-07-17 11:38:06.350] pData:BCD FF040002C6A59A39C 0010B940B0E9FEC6718C48CA43A5B6DC000800000000
[2026-07-17 11:38:06.350] pTopic:$aws/rules/bi_wifi_activate_iot_cert_v1/switchlink/B0E9FEC6718C/link_to_verify
[2026-07-17 11:38:06.350] pData:{"eventType":"Wo.Device.Create","platform":"device","deviceID":"B0E9FEC6718C","sn":"B0E9FEC6718C","bleVersion":20,"wifiVersion":20,"wifiMac":"48CA43A5B6DC","hardwareVersion":4,"uiInfo":{"uiMac":"B0E9FED4ACF4","armVersion":16,"dspVersion":16,"uiVersion":1,"fontVersion":1,"fontLang":"default","musicVersion":1}}
[2026-07-17 11:38:06.350] pTopic:$aws/rules/bi_wifi_data_report/switchlink/B0E9FEC6718C/link_to_shadow
[2026-07-17 11:38:06.350] pData:BCD ff040002000000017 0010B940B0E9FEC6718C48ca43a5b6dc0F0002200a07974040000000000000ff0cfd00000000000000000000000000000000ff00
[2026-07-17 11:38:06.350] 
[2026-07-17 11:38:08.072] uart: 10 AT+GET_UTC
[2026-07-17 11:38:08.072] 
[2026-07-17 11:38:08.072] 
[2026-07-17 11:38:08.072] utc 3, 6a
[2026-07-17 11:38:08.072] 
[2026-07-17 11:38:08.072] utc 2, 59
[2026-07-17 11:38:08.072] 
[2026-07-17 11:38:08.072] utc 1, a3
[2026-07-17 11:38:08.072] 
[2026-07-17 11:38:08.072] utc 0, 9e
[2026-07-17 11:38:08.072] 
[2026-07-17 11:38:08.072] UTC : 6a59a39e
[2026-07-17 11:38:08.072] 
[2026-07-17 11:38:08.072] uart: 11 AT+LISTEN 1
[2026-07-17 11:38:08.072] 
[2026-07-17 11:38:08.072] 
[2026-07-17 11:38:08.072] get listen cmd
[2026-07-17 11:38:08.072] uart: 16 AT+BLEVERSION 14
[2026-07-17 11:38:08.072] 
[2026-07-17 11:38:08.072] 
[2026-07-17 11:38:08.072] uart: 24 AT+BOOTBLEVERSION 140402
[2026-07-17 11:38:08.072] 
[2026-07-17 11:38:08.072] 
[2026-07-17 11:38:08.072] get boot ble version 20 4 2
[2026-07-17 11:38:08.072] 
[2026-07-17 11:38:08.072] uart: 39 AT+TEST shadow CMD|00010000A|AAAYAA==18
[2026-07-17 11:38:08.072] 
[2026-07-17 11:38:08.072] 
[2026-07-17 11:38:08.072] CMD|00010000A|AAAYAA==18
[2026-07-17 11:38:08.072] 
[2026-07-17 11:38:08.072] uart: 0 
[2026-07-17 11:38:08.072] 
[2026-07-17 11:38:08.072] 
[2026-07-17 11:38:08.072] 
[2026-07-17 11:38:08.212] pTopic:$aws/rules/bi_ble_data_report_arch2/switchlink/B0E9FEC6718C/link_to_status
[2026-07-17 11:38:08.212] pData:{"protocolVersion":1,"count":1,"messages":[{"id":"92dd8651-59c6-4221-9d04-3de377379837","eventType":"Wo.Hub.VersionReport","data":{"deviceID":"b0e9fec6718c","createTime":1784259486,"contentType":"hex","content":"14|14"}}]}
[2026-07-17 11:38:08.212] pTopic:$aws/rules/bi_hub_fetch_data_arch2/switchlink/B0E9FEC6718C/link_to_data
[2026-07-17 11:38:08.212] pData:{"protocolVersion":1,"count":1,"messages":[{"id":"7240faac-f457-4dbb-84bb-7d747cc50320","eventType":"Wo.Hub.SyncBindDevices","data":{"deviceID":"b0e9fec6718c","createTime":1784259486,"contentType":"base64","commandLevel":5,"content":"CMD|00010000A|AAAYAA==18"}}]}
[2026-07-17 11:38:08.212] 
[2026-07-17 11:38:08.444] app_to_link:BCD 3c04ad0306e272d74 0010b940B0E9FEC6718C1a570f7205010308964d01970896
[2026-07-17 11:38:08.444] uart: 40 AT+BCDI 3c04ad010 0010b940B0E9FEC6718C01
[2026-07-17 11:38:08.444] 
[2026-07-17 11:38:08.444] 
[2026-07-17 11:38:08.444] 
[2026-07-17 11:38:08.613] pTopic:switchlink/B0E9FEC6718C/link_to_app
[2026-07-17 11:38:08.613] pData:BCD 3c04ad010 0010b940B0E9FEC6718C01
[2026-07-17 11:38:08.613] 
[2026-07-17 11:38:09.048] uart: 130 AT+BCDS ff04000206a59a39f 0010B940B0E9FEC6718C48ca43a5b6dc0F0003200a07974001000000000000ff0d0000000000000000000000000000000000ff00
[2026-07-17 11:38:09.048] 
[2026-07-17 11:38:09.048] 
[2026-07-17 11:38:09.048] uart: 130 AT+BCDS ff04000206a59a39f 0010B940B0E9FEC6718C48ca43a5b6dc0F0004200a07974001000000000000ff0d0000000000000000000000000000000000ff21
[2026-07-17 11:38:09.048] 
[2026-07-17 11:38:09.048] 
[2026-07-17 11:38:09.048] 
[2026-07-17 11:38:09.249] pTopic:$aws/rules/bi_wifi_data_report/switchlink/B0E9FEC6718C/link_to_shadow
[2026-07-17 11:38:09.249] pData:BCD ff04000206a59a39f 0010B940B0E9FEC6718C48ca43a5b6dc0F0003200a07974001000000000000ff0d0000000000000000000000000000000000ff00
[2026-07-17 11:38:09.249] pTopic:$aws/rules/bi_wifi_data_report/switchlink/B0E9FEC6718C/link_to_shadow
[2026-07-17 11:38:09.249] pData:BCD ff04000206a59a39f 0010B940B0E9FEC6718C48ca43a5b6dc0F0004200a07974001000000000000ff0d0000000000000000000000000000000000ff21
[2026-07-17 11:38:09.249] 
[2026-07-17 11:38:11.207] app_to_link:BCD de045f0306e27382b 0010b940B0E9FEC6718C1a570f7205010308964d01970896
[2026-07-17 11:38:11.207] uart: 40 AT+BCDI de045f010 0010b940B0E9FEC6718C01
[2026-07-17 11:38:11.207] 
[2026-07-17 11:38:11.207] 
[2026-07-17 11:38:11.207] 
[2026-07-17 11:38:11.269] pTopic:switchlink/B0E9FEC6718C/link_to_app
[2026-07-17 11:38:11.269] pData:BCD de045f010 0010b940B0E9FEC6718C01
[2026-07-17 11:38:11.269] 
[2026-07-17 11:38:11.608] uart: 63 AT+TEST shadow BCD|010211018|6a59a3a1|48d569ad69d2df010149ac|4c
[2026-07-17 11:38:11.608] 
[2026-07-17 11:38:11.608] 
[2026-07-17 11:38:11.608] 
[2026-07-17 11:38:11.717] pTopic:$aws/rules/bi_ble_data_report_arch2/switchlink/B0E9FEC6718C/link_to_status
[2026-07-17 11:38:11.717] pData:{"protocolVersion":1,"count":1,"messages":[{"id":"24410619-6300-4e4a-aa29-06f3d36ed1c0","eventType":"Wo.Device.DataReport","data":{"deviceID":"d569ad69d2df","createTime":1784259489,"contentVersion":2,"contentType":"hex","content":"48d569ad69d2df010149ac","seq":76}}]}
[2026-07-17 11:38:11.717] app_to_link:BCD 6204c30406e273a3d 0010b940B0E9FEC6718C2a570f560f0700000000000000000000000000000000
[2026-07-17 11:38:11.717] uart: 40 AT+BCDI 6204c3010 0010b940B0E9FEC6718C01
[2026-07-17 11:38:11.717] 
[2026-07-17 11:38:11.717] 
[2026-07-17 11:38:11.717] 
[2026-07-17 11:38:11.887] pTopic:switchlink/B0E9FEC6718C/link_to_app
[2026-07-17 11:38:11.887] pData:BCD 6204c3010 0010b940B0E9FEC6718C01
[2026-07-17 11:38:11.887] 
[2026-07-17 11:38:13.758] free heap: 6233284, minimum free heap: 6164828, Internal 8bit free heap: 31044, 8bit free heap: 6233284The current date/time is: Fri Jul 17 03:38:12 2026
[2026-07-17 11:38:13.758] 
[2026-07-17 11:38:13.758] 
[2026-07-17 11:38:15.042] uart: 11 AT+MOTION 0
[2026-07-17 11:38:15.042] 
[2026-07-17 11:38:15.042] 
[2026-07-17 11:38:15.042] btn on press
[2026-07-17 11:38:15.042] uart: 130 AT+BCDS ff04000206a59a3a5 0010B940B0E9FEC6718C48ca43a5b6dc0F0005000a07974041000000000000ff0d0000000000000000000000000000000000ff01
[2026-07-17 11:38:15.042] 
[2026-07-17 11:38:15.042] 
[2026-07-17 11:38:15.042] 
[2026-07-17 11:38:15.136] pTopic:$aws/rules/bi_wifi_data_report/switchlink/B0E9FEC6718C/link_to_shadow
[2026-07-17 11:38:15.136] pData:BCD ff04000206a59a3a5 0010B940B0E9FEC6718C48ca43a5b6dc0F0005000a07974041000000000000ff0d0000000000000000000000000000000000ff01
[2026-07-17 11:38:15.136] 
[2026-07-17 11:38:16.910] [0;32mI (33285) chip[DL]: bleAdv Timeout : Start slow advertisement[0m
[2026-07-17 11:38:16.910] [0;32mI (33286) chip[DL]: Configuring CHIPoBLE advertising (interval 500 ms, connectable)[0m
[2026-07-17 11:38:16.910] [0;32mI (33288) chip[DL]: Device already advertising, stop active advertisement and restart[0m
[2026-07-17 11:38:16.910] [0;32mI (33297) NimBLE: GAP procedure initiated: stop advertising.
[2026-07-17 11:38:16.910] [0m
[2026-07-17 11:38:16.910] [0;32mI (33304) NimBLE: GAP procedure initiated: advertise; [0m
[2026-07-17 11:38:16.910] [0;32mI (33309) NimBLE: disc_mode=2[0m
[2026-07-17 11:38:16.910] [0;32mI (33313) NimBLE:  adv_channel_map=0 own_addr_type=1 adv_filter_policy=0 adv_itvl_min=800 adv_itvl_max=800[0m
[2026-07-17 11:38:16.910] [0;32mI (33323) NimBLE: 
[2026-07-17 11:38:16.910] [0m
[2026-07-17 11:38:16.910] 
[2026-07-17 11:38:18.071] app_to_link:BCD oz04lR01C6E274FF9 0010B940B0E9FEC6718C06570F81
[2026-07-17 11:38:18.071] uart: 74 AT+BCDI oz04lR032 0010B940B0E9FEC6718C010797400a000087974088964d0301970896
[2026-07-17 11:38:18.071] 
[2026-07-17 11:38:18.071] 
[2026-07-17 11:38:18.071] 
[2026-07-17 11:38:18.165] pTopic:switchlink/B0E9FEC6718C/link_to_app
[2026-07-17 11:38:18.165] pData:BCD oz04lR032 0010B940B0E9FEC6718C010797400a000087974088964d0301970896
[2026-07-17 11:38:18.165] 
[2026-07-17 11:38:21.763] free heap: 6233284, minimum free heap: 6164828, Internal 8bit free heap: 31044, 8bit free heap: 6233284The current date/time is: Fri Jul 17 03:38:20 2026
[2026-07-17 11:38:21.763] 
[2026-07-17 11:38:21.763] 
[2026-07-17 11:38:29.763] free heap: 6233252, minimum free heap: 6164828, Internal 8bit free heap: 31044, 8bit free heap: 6233252The current date/time is: Fri Jul 17 03:38:28 2026
[2026-07-17 11:38:29.763] 
[2026-07-17 11:38:29.763] 
[2026-07-17 11:38:37.766] free heap: 6233296, minimum free heap: 6164828, Internal 8bit free heap: 31044, 8bit free heap: 6233296The current date/time is: Fri Jul 17 03:38:36 2026
[2026-07-17 11:38:37.766] 
[2026-07-17 11:38:37.766] 
[2026-07-17 11:38:38.262] uart: 11 AT+MOTION 1
[2026-07-17 11:38:38.262] 
[2026-07-17 11:38:38.262] 
[2026-07-17 11:38:38.262] btn on press
[2026-07-17 11:38:38.262] uart: 130 AT+BCDS ff04000206a59a3bc 0010B940B0E9FEC6718C48ca43a5b6dc0F0006200a07974041000000000000ff0cfe00000000000000000000000000000000ff01
[2026-07-17 11:38:38.262] 
[2026-07-17 11:38:38.262] 
[2026-07-17 11:38:38.262] 
[2026-07-17 11:38:38.356] pTopic:$aws/rules/bi_wifi_data_report/switchlink/B0E9FEC6718C/link_to_shadow
[2026-07-17 11:38:38.356] pData:BCD ff04000206a59a3bc 0010B940B0E9FEC6718C48ca43a5b6dc0F0006200a07974041000000000000ff0cfe00000000000000000000000000000000ff01
[2026-07-17 11:38:38.356] 
[2026-07-17 11:38:45.768] free heap: 6233264, minimum free heap: 6164828, Internal 8bit free heap: 31044, 8bit free heap: 6233264The current date/time is: Fri Jul 17 03:38:44 2026
[2026-07-17 11:38:45.768] 
[2026-07-17 11:38:45.768] 
[2026-07-17 11:38:53.774] free heap: 6233296, minimum free heap: 6164828, Internal 8bit free heap: 31044, 8bit free heap: 6233296The current date/time is: Fri Jul 17 03:38:52 2026
[2026-07-17 11:38:53.774] 
[2026-07-17 11:38:53.774] 
[2026-07-17 11:39:01.773] free heap: 6233296, minimum free heap: 6164828, Internal 8bit free heap: 31044, 8bit free heap: 6233296The current date/time is: Fri Jul 17 03:39:00 2026
[2026-07-17 11:39:01.773] 
[2026-07-17 11:39:01.773] 
[2026-07-17 11:39:09.778] free heap: 6233296, minimum free heap: 6164828, Internal 8bit free heap: 31044, 8bit free heap: 6233296The current date/time is: Fri Jul 17 03:39:08 2026
[2026-07-17 11:39:09.778] 
[2026-07-17 11:39:09.778] 
[2026-07-17 11:39:17.776] free heap: 6233304, minimum free heap: 6164828, Internal 8bit free heap: 31044, 8bit free heap: 6233304The current date/time is: Fri Jul 17 03:39:16 2026
[2026-07-17 11:39:17.776] 
[2026-07-17 11:39:17.776] 
[2026-07-17 11:39:25.781] free heap: 6233284, minimum free heap: 6164828, Internal 8bit free heap: 31044, 8bit free heap: 6233284The current date/time is: Fri Jul 17 03:39:24 2026
[2026-07-17 11:39:25.781] 
[2026-07-17 11:39:25.781] 
[2026-07-17 11:39:26.448] [0;32mI (102866) ROUTE_HOOK: Ignore invalid ICMP packet[0m
[2026-07-17 11:39:26.448] 
[2026-07-17 11:39:26.650] [0;32mI (103071) ROUTE_HOOK: Received RIO[0m
[2026-07-17 11:39:26.650] [0;32mI (103072) ROUTE_HOOK: prefix FDEA:C98F:38B2:1:: lifetime 1800[0m
[2026-07-17 11:39:26.650] 
[2026-07-17 11:39:33.778] free heap: 6233304, minimum free heap: 6164828, Internal 8bit free heap: 31044, 8bit free heap: 6233304The current date/time is: Fri Jul 17 03:39:32 2026
[2026-07-17 11:39:33.778] 
[2026-07-17 11:39:33.778] 
[2026-07-17 11:39:41.794] free heap: 6233304, minimum free heap: 6164828, Internal 8bit free heap: 31044, 8bit free heap: 6233304The current date/time is: Fri Jul 17 03:39:40 2026
[2026-07-17 11:39:41.794] 
[2026-07-17 11:39:41.794] 
[2026-07-17 11:39:47.735] app_to_link:SCANR 88
[2026-07-17 11:39:47.735] 
[2026-07-17 11:39:47.997] uart: 765 AT+ACK SCANR;88:3cb0e9fe97625e00804100119fb8|4db0e9fed4acf48020640010b941|2b90e5b1414cba0000000010d0b3|40c04e30dd914a3d000000|2ae48ffedb81b5790064|38d569ad69d2df48c05d00|32b0e9fee2d30039002e|3bb0e9feba21f900000a00110378|35b0e9feb73ec18020640010b941|38cdeee26626926d00|35b0e9fe73bcfe390016|39b0e9fe926a358020640010b941|40e3ca634c4f146f805b|3cf97d3e5f67977600|3fb0e9fe7a06a8390012|39eaa00faa27da7bc05a631140|3bb0e9fec1f71e0000640010b558|33b0e9fe8c47b100006400118848|35ceda72f7dfbb248064|38ef826dc989a2248059|30cd1c31e8c5867bc021001100|53f09e9e966ad6370000952d00|40b0e9fed1270d0000640010b940|34b0e9feb0ddd20000640010b558|2fb0e9fedd2aff0000640011b340|31b0e9fe01f3ef330064|3cead4e1e85ddb7600|36b0e9fecff9758020640010b941|2fdd09220682e27bc01a001280|3dd8f02d47ff397c006480
[2026-07-17 11:39:47.997] 
[2026-07-17 11:39:47.997] 
[2026-07-17 11:39:47.997] 
[2026-07-17 11:39:48.090] pTopic:switchlink/B0E9FEC6718C/link_to_app
[2026-07-17 11:39:48.090] pData:SCANR;88:3cb0e9fe97625e00804100119fb8|4db0e9fed4acf48020640010b941|2b90e5b1414cba0000000010d0b3|40c04e30dd914a3d000000|2ae48ffedb81b5790064|38d569ad69d2df48c05d00|32b0e9fee2d30039002e|3bb0e9feba21f900000a00110378|35b0e9feb73ec18020640010b941|38cdeee26626926d00|35b0e9fe73bcfe390016|39b0e9fe926a358020640010b941|40e3ca634c4f146f805b|3cf97d3e5f67977600|3fb0e9fe7a06a8390012|39eaa00faa27da7bc05a631140|3bb0e9fec1f71e0000640010b558|33b0e9fe8c47b100006400118848|35ceda72f7dfbb248064|38ef826dc989a2248059|30cd1c31e8c5867bc021001100|53f09e9e966ad6370000952d00|40b0e9fed1270d0000640010b940|34b0e9feb0ddd20000640010b558|2fb0e9fedd2aff0000640011b340|31b0e9fe01f3ef330064|3cead4e1e85ddb7600|36b0e9fecff9758020640010b941|2fdd09220682e27bc01a001280|3dd8f02d47ff397c006480
[2026-07-17 11:39:48.090] 
[2026-07-17 11:39:49.795] free heap: 6233312, minimum free heap: 6164828, Internal 8bit free heap: 31044, 8bit free heap: 6233312The current date/time is: Fri Jul 17 03:39:48 2026
[2026-07-17 11:39:49.795] 
[2026-07-17 11:39:49.795] 
[2026-07-17 11:39:56.035] uart: 11 AT+MOTION 0
[2026-07-17 11:39:56.035] 
[2026-07-17 11:39:56.035] 
[2026-07-17 11:39:56.035] btn on press
[2026-07-17 11:39:56.035] uart: 130 AT+BCDS ff04000206a59a40a 0010B940B0E9FEC6718C48ca43a5b6dc0F0007000a07974041000000000000ff0cfb00000000000000000000000000000000ff01
[2026-07-17 11:39:56.035] 
[2026-07-17 11:39:56.035] 
[2026-07-17 11:39:56.035] 
[2026-07-17 11:39:56.113] uart: 11 AT+MOTION 1
[2026-07-17 11:39:56.113] 
[2026-07-17 11:39:56.113] 
[2026-07-17 11:39:56.113] btn on press
[2026-07-17 11:39:56.113] uart: 130 AT+BCDS ff04000206a59a40a 0010B940B0E9FEC6718C48ca43a5b6dc0F0008200a07974041000000000000ff0cfb00000000000000000000000000000000ff01
[2026-07-17 11:39:56.113] 
[2026-07-17 11:39:56.113] 
[2026-07-17 11:39:56.113] 
[2026-07-17 11:39:56.191] pTopic:$aws/rules/bi_wifi_data_report/switchlink/B0E9FEC6718C/link_to_shadow
[2026-07-17 11:39:56.191] pData:BCD ff04000206a59a40a 0010B940B0E9FEC6718C48ca43a5b6dc0F0007000a07974041000000000000ff0cfb00000000000000000000000000000000ff01
[2026-07-17 11:39:56.191] pTopic:$aws/rules/bi_wifi_data_report/switchlink/B0E9FEC6718C/link_to_shadow
[2026-07-17 11:39:56.191] pData:BCD ff04000206a59a40a 0010B940B0E9FEC6718C48ca43a5b6dc0F0008200a07974041000000000000ff0cfb00000000000000000000000000000000ff01
[2026-07-17 11:39:56.191] 
[2026-07-17 11:39:57.804] free heap: 6233332, minimum free heap: 6164828, Internal 8bit free heap: 31044, 8bit free heap: 6233332The current date/time is: Fri Jul 17 03:39:56 2026
[2026-07-17 11:39:57.804] 
[2026-07-17 11:39:57.804] 
[2026-07-17 11:40:05.801] free heap: 6233312, minimum free heap: 6164828, Internal 8bit free heap: 31044, 8bit free heap: 6233312The current date/time is: Fri Jul 17 03:40:04 2026
[2026-07-17 11:40:05.801] 
[2026-07-17 11:40:05.801] 
[2026-07-17 11:40:13.804] free heap: 6233332, minimum free heap: 6164828, Internal 8bit free heap: 31044, 8bit free heap: 6233332The current date/time is: Fri Jul 17 03:40:12 2026
[2026-07-17 11:40:13.804] 
[2026-07-17 11:40:13.804] 
[2026-07-17 11:40:21.807] free heap: 6233332, minimum free heap: 6164828, Internal 8bit free heap: 31044, 8bit free heap: 6233332The current date/time is: Fri Jul 17 03:40:20 2026
[2026-07-17 11:40:21.807] 
[2026-07-17 11:40:21.807] 
[2026-07-17 11:40:29.806] free heap: 6233312, minimum free heap: 6164828, Internal 8bit free heap: 31044, 8bit free heap: 6233312The current date/time is: Fri Jul 17 03:40:28 2026
[2026-07-17 11:40:29.806] 
[2026-07-17 11:40:29.806] 
[2026-07-17 11:40:37.814] free heap: 6233336, minimum free heap: 6164828, Internal 8bit free heap: 31044, 8bit free heap: 6233336The current date/time is: Fri Jul 17 03:40:36 2026
[2026-07-17 11:40:37.814] 
[2026-07-17 11:40:37.814] 
[2026-07-17 11:40:38.047] uart: 11 AT+MOTION 0
[2026-07-17 11:40:38.047] 
[2026-07-17 11:40:38.047] 
[2026-07-17 11:40:38.047] btn on press
[2026-07-17 11:40:38.047] uart: 130 AT+BCDS ff04000206a59a434 0010B940B0E9FEC6718C48ca43a5b6dc0F0009000a07974041000000000000ff0cfd00000000000000000000000000000000ff01
[2026-07-17 11:40:38.047] 
[2026-07-17 11:40:38.047] 
[2026-07-17 11:40:38.047] 
[2026-07-17 11:40:38.201] pTopic:$aws/rules/bi_wifi_data_report/switchlink/B0E9FEC6718C/link_to_shadow
[2026-07-17 11:40:38.201] pData:BCD ff04000206a59a434 0010B940B0E9FEC6718C48ca43a5b6dc0F0009000a07974041000000000000ff0cfd00000000000000000000000000000000ff01
[2026-07-17 11:40:38.201] 
[2026-07-17 11:40:45.814] free heap: 6233316, minimum free heap: 6164828, Internal 8bit free heap: 31044, 8bit free heap: 6233316The current date/time is: Fri Jul 17 03:40:44 2026
[2026-07-17 11:40:45.814] 
[2026-07-17 11:40:45.814] 
[2026-07-17 11:40:46.492] matter pair timeout
[2026-07-17 11:40:46.492] close_matter_ble
[2026-07-17 11:40:46.492] ble_pair_server_stop 
[2026-07-17 11:40:46.492] [0;32mI (182906) NimBLE: GAP procedure initiated: stop advertising.
[2026-07-17 11:40:46.492] [0m
[2026-07-17 11:40:46.492] [0;32mI (182908) chip[DL]: BLE deinit successful and memory reclaimed[0m
[2026-07-17 11:40:46.492] [0;32mI (182926) NVS: Flash write 4[0m
[2026-07-17 11:40:46.492] 
[2026-07-17 11:40:53.811] free heap: 6302272, minimum free heap: 6169792, Internal 8bit free heap: 73216, 8bit free heap: 6302272The current date/time is: Fri Jul 17 03:40:52 2026
[2026-07-17 11:40:53.811] 
[2026-07-17 11:40:53.811] 
[2026-07-17 11:40:55.469] uart: 11 AT+MOTION 1
[2026-07-17 11:40:55.469] 
[2026-07-17 11:40:55.469] 
[2026-07-17 11:40:55.469] btn on press
[2026-07-17 11:40:55.469] uart: 130 AT+BCDS ff04000206a59a445 0010B940B0E9FEC6718C48ca43a5b6dc0F000a200a07974041000000000000ff0cfb00000000000000000000000000000000ff01
[2026-07-17 11:40:55.469] 
[2026-07-17 11:40:55.469] 
[2026-07-17 11:40:55.469] 
[2026-07-17 11:40:55.578] pTopic:$aws/rules/bi_wifi_data_report/switchlink/B0E9FEC6718C/link_to_shadow
[2026-07-17 11:40:55.578] pData:BCD ff04000206a59a445 0010B940B0E9FEC6718C48ca43a5b6dc0F000a200a07974041000000000000ff0cfb00000000000000000000000000000000ff01
[2026-07-17 11:40:55.578] 
[2026-07-17 11:41:01.820] free heap: 6302272, minimum free heap: 6168348, Internal 8bit free heap: 73216, 8bit free heap: 6302272The current date/time is: Fri Jul 17 03:41:00 2026
[2026-07-17 11:41:01.820] 
[2026-07-17 11:41:01.820] 
[2026-07-17 11:41:09.826] free heap: 6302252, minimum free heap: 6166592, Internal 8bit free heap: 73216, 8bit free heap: 6302252The current date/time is: Fri Jul 17 03:41:08 2026
[2026-07-17 11:41:09.826] 
[2026-07-17 11:41:09.826] 
[2026-07-17 11:41:17.825] free heap: 6302280, minimum free heap: 6166592, Internal 8bit free heap: 73216, 8bit free heap: 6302280The current date/time is: Fri Jul 17 03:41:16 2026
[2026-07-17 11:41:17.825] 
[2026-07-17 11:41:17.825] 
[2026-07-17 11:41:25.820] free heap: 6302260, minimum free heap: 6166580, Internal 8bit free heap: 73216, 8bit free heap: 6302260The current date/time is: Fri Jul 17 03:41:24 2026
[2026-07-17 11:41:25.820] 
[2026-07-17 11:41:25.820] 
[2026-07-17 11:41:33.829] free heap: 6302244, minimum free heap: 6166580, Internal 8bit free heap: 73180, 8bit free heap: 6302244The current date/time is: Fri Jul 17 03:41:32 2026
[2026-07-17 11:41:33.829] 
[2026-07-17 11:41:33.829] 
[2026-07-17 11:41:41.820] free heap: 6302280, minimum free heap: 6166580, Internal 8bit free heap: 73216, 8bit free heap: 6302280The current date/time is: Fri Jul 17 03:41:40 2026
[2026-07-17 11:41:41.820] 
[2026-07-17 11:41:41.820] 
[2026-07-17 11:41:49.834] free heap: 6302260, minimum free heap: 6166580, Internal 8bit free heap: 73216, 8bit free heap: 6302260The current date/time is: Fri Jul 17 03:41:48 2026
[2026-07-17 11:41:49.834] 
[2026-07-17 11:41:49.834] 
[2026-07-17 11:41:52.705] app_to_link:SCANR 88
[2026-07-17 11:41:52.705] 
[2026-07-17 11:41:53.056] uart: 877 AT+ACK SCANR;88:2eb0e9feba781500406400110760|32ca6b62497615634056211104|44c04e30dd914a3d000000|47d569ad69d2df48c05d00|31b0e9fee2d30039002e|33b0e9feb73ec18020640010b941|33cdeee26626926d00|31b0e9fe73bcfe390016|38b0e9fe926a358020640010b941|3ee3ca634c4f146f805b|3cf97d3e5f67977600|3eb0e9fe7a06a8390012|38eaa00faa27da7bc05a631140|3bb0e9fec1f71e0000640010b558|30b0e9fe8c47b100006400118848|35ceda72f7dfbb248064|38ef826dc989a2248059|54f09e9e966ad6370000952d00|3db0e9fed1270d0000640010b940|3bb0e9feb0ddd20000640010b558|33b0e9fedd2aff0000640011b340|33b0e9fe01f3ef330064|3bead4e1e85ddb7600|38b0e9fecff9758020640010b941|32dd09220682e27bc01a001280|33c91c357504c27bc043621103|37b0e9fe69d82c736094003602|2db0e9fec4473900406400110760|33b0e9fe9803b08020640010b941|44b0e9fe65c9430000640010b940|35c74c63b529a07bc012641200|30b0e9fe50e52d2c8057e41224|34f4479f14ee7a6d00|36b0e9fed941f18020640010b941
[2026-07-17 11:41:53.056] 
[2026-07-17 11:41:53.056] 
[2026-07-17 11:41:53.056] uart: 643 AT+ACK SCANR;88:39df125457b04b7b4051001104|22b0e9fe7078e00000000010c4f8|35b0e9fe533ae732c064|34d63f13dccd9e7bc027001100|29e0f7569dbc91780058|35b0e9feff94e88020640010b941|43b0e9febba5480000640010b940|3d84fce6f3d27e670064|3bb0e9fecd3f4000006400118848|45b0e9fe65ac313a0000|3b0892728f264a2a0000a20500|2f1c6920a2a1c6230000152c00|2afcef06980385240001|36b0e9feb813b93fee1fee60000640011f1c0|3cca120d51dba07bc02b641100|3ab0e9fefcc8e327206400|2ece9f07a79db96100|35cda558e40b43248001|3cd7cb9e6a15a77600|3cb0e9fe738d940000640010b940|2ed9f42e6b71316f8064|27b0e9fe6341e67720c8|3724587c0879be3c000000|32b0e9fed84bfb0000640010b940|37b0e9fe7aa4070000640010b940
[2026-07-17 11:41:53.056] 
[2026-07-17 11:41:53.056] 
[2026-07-17 11:41:53.056] 
[2026-07-17 11:41:53.320] uart: 771 AT+ACK SCANR;88:33c5994ed41ab77bc057241140|2de9245fb512a863c034002104|33b0e9fe7c236e3a0000|38f09e9e9665d62b0000151500|36fae46b7efb126f8064|39b0e9feee7b8e3a0000|24c22c325b996c2d0064|39b0e9fe7186fc0000000010c4f8|3df78c75625843790002|2a8857214416e6230000010500|2eb0e9fef0041500006400118848|3ffcb7709d0c266d00|22fc4ccpTopic:switchlink/B0E9FEC6718C/link_to_app
[2026-07-17 11:41:53.320] 8pData:SCANR;88:2eb0e9feba781500406400110760|32ca6b62497615634056211104|44c04e30dd914a3d000000|47d569ad69d2df48c05d00|31b0e9fee2d30039002e|33b0e9feb73ec18020640010b941|33cdeee26626926d00|31b0e9fe73bcfe390016|38b0e9fe926a358020640010b941|3ee3ca634c4f146f805b|3cf97d3e5f67977600|3eb0e9fe7a06a8390012|38eaa00faa27da7bc05a631140|3bb0e9fec1f71e0000640010b558|30b0e9fe8c47b100006400118848|35ceda72f7dfbb248064|38ef826dc989a2248059|54f09e9e966ad6370000952d00|3db0e9fed1270d0000640010b940|3bb0e9feb0ddd20000640010b558|33b0e9fedd2aff0000640011b340|33b0e9fe01f3ef330064|3bead4e1e85ddb7600|38b0e9fecff9758020640010b941|32dd09220682e27bc01a001280|33c91c357504c27bc043621103|37b0e9fe69d82c736094003602|2db0e9fec4473900406400110760|33b0e9fe9803b08020640010b941|44b0e9fe65c9430000640010b940|35c74c63b529a07bc012641200|30b0e9fe50e52d2c8057e41224|34f4479f14ee7a6d00|36b0e9fed941f18020640010b941
[2026-07-17 11:41:53.320] e895a26b0001|35d5d74b7c22377b8018001140|2eb0e90|2bcf5a0916a1ae6f8064|45b0e9fe670e123a0000|39de5038f02c5d6d00|33b0e9fe82c148000064pTopic:switchlink/B0E9FEC6718C/link_to_app
[2026-07-17 11:41:53.320] 0010b558|23eb9e094840a16d00|2bb0e9fe560ca0390064|2bfb483a30b3d52d8064|306055f97233be670064|20e44068c1a23573a03d052682|3194a9905eddae370000030500|38bpData:SCANR;88:39df125457b04b7b4051001104|22b0e9fe7078e00000000010c4f8|35b0e9fe533ae732c064|34d63f13dccd9e7bc027001100|29e0f7569dbc91780058|35b0e9feff94e88020640010b941|43b0e9febba5480000640010b940|3d84fce6f3d27e670064|3bb0e9fecd3f4000006400118848|45b0e9fe65ac313a0000|3b0892728f264a2a0000a20500|2f1c6920a2a1c6230000152c00|2afcef06980385240001|36b0e9feb813b93fee1fee60000640011f1c0|3cca120d51dba07bc02b641100|3ab0e9fefcc8e327206400|2ece9f07a79db96100|35cda558e40b43248001|3cd7cb9e6a15a77600|3cb0e9fe738d940000640010b940|2ed9f42e6b71316f8064|27b0e9fe6341e67720c8|3724587c0879be3c000000|32b0e9fed84bfb0000640010b940|37b0e9fe7aa4070000640010b940
[2026-07-17 11:41:53.320] 0e9fefe66ba0000600011b340|36c703d84269697600|1fecf4697302717b4011001140|316055f9432d16670064|33d30155de30397b4011001104|31c04e30ddc3ce670064|31f6148d7f58566f8064|2bc843d7aac8c92500
[2026-07-17 11:41:53.320] 
[2026-07-17 11:41:53.320] 
[2026-07-17 11:41:53.320] uart: 197 AT+ACK SCANR;88:2bd1995d47286b2d8064|29c04e3095ce92670064|2eb0e9fedfcc728020640010b941|19cbe10403a66d24805a|3fb0e9fe726e053a0000|3ab0e9feb88f9400205c0010c8e0|2694a99078ed4a750064|28ed8d053904387600
[2026-07-17 11:41:53.320] 
[2026-07-17 11:41:53.320] 
[2026-07-17 11:41:53.320] 
[2026-07-17 11:41:53.569] pTopic:switchlink/B0E9FEC6718C/link_to_app
[2026-07-17 11:41:53.569] pData:SCANR;88:33c5994ed41ab77bc057241140|2de9245fb512a863c034002104|33b0e9fe7c236e3a0000|38f09e9e9665d62b0000151500|36fae46b7efb126f8064|39b0e9feee7b8e3a0000|24c22c325b996c2d0064|39b0e9fe7186fc0000000010c4f8|3df78c75625843790002|2a8857214416e6230000010500|2eb0e9fef0041500006400118848|3ffcb7709d0c266d00|22fc4cc8e895a26b0001|35d5d74b7c22377b8018001140|2eb0e90|2bcf5a0916a1ae6f8064|45b0e9fe670e123a0000|39de5038f02c5d6d00|33b0e9fe82c1480000640010b558|23eb9e094840a16d00|2bb0e9fe560ca0390064|2bfb483a30b3d52d8064|306055f97233be670064|20e44068c1a23573a03d052682|3194a9905eddae370000030500|38b0e9fefe66ba0000600011b340|36c703d84269697600|1fecf4697302717b4011001140|316055f9432d16670064|33d30155de30397b4011001104|31c04e30ddc3ce670064|31f6148d7f58566f8064|2bc843d7aac8c92500
[2026-07-17 11:41:53.569] pTopic:switchlink/B0E9FEC6718C/link_to_app
[2026-07-17 11:41:53.569] pData:SCANR;88:2bd1995d47286b2d8064|29c04e3095ce92670064|2eb0e9fedfcc728020640010b941|19cbe10403a66d24805a|3fb0e9fe726e053a0000|3ab0e9feb88f9400205c0010c8e0|2694a99078ed4a750064|28ed8d053904387600
[2026-07-17 11:41:53.569] 
[2026-07-17 11:41:57.882] free heap: 6302280, minimum free heap: 6165948, Internal 8bit free heap: 73216, 8bit free heap: 6302280The current date/time is: Fri Jul 17 03:41:56 2026
[2026-07-17 11:41:57.882] 
[2026-07-17 11:41:57.882] 
[2026-07-17 11:42:05.880] free heap: 6302224, minimum free heap: 6165908, Internal 8bit free heap: 73180, 8bit free heap: 6302224The current date/time is: Fri Jul 17 03:42:04 2026
[2026-07-17 11:42:05.880] 
[2026-07-17 11:42:05.880] 
[2026-07-17 11:42:10.050] uart: 11 AT+MOTION 0
[2026-07-17 11:42:10.050] 
[2026-07-17 11:42:10.050] 
[2026-07-17 11:42:10.050] btn on press
[2026-07-17 11:42:10.050] uart: 130 AT+BCDS ff04000206a59a490 0010B940B0E9FEC6718C48ca43a5b6dc0F000b000a07974041000000000000ff0d0000000000000000000000000000000000ff01
[2026-07-17 11:42:10.050] 
[2026-07-17 11:42:10.050] 
[2026-07-17 11:42:10.050] 
[2026-07-17 11:42:10.143] pTopic:$aws/rules/bi_wifi_data_report/switchlink/B0E9FEC6718C/link_to_shadow
[2026-07-17 11:42:10.143] pData:BCD ff04000206a59a490 0010B940B0E9FEC6718C48ca43a5b6dc0F000b000a07974041000000000000ff0d0000000000000000000000000000000000ff01
[2026-07-17 11:42:10.143] 
[2026-07-17 11:42:13.875] free heap: 6302280, minimum free heap: 6165908, Internal 8bit free heap: 73216, 8bit free heap: 6302280The current date/time is: Fri Jul 17 03:42:12 2026
[2026-07-17 11:42:13.875] 
[2026-07-17 11:42:13.875] 
[2026-07-17 11:42:16.752] [0;32mI (273167) ROUTE_HOOK: Received RIO[0m
[2026-07-17 11:42:16.752] [0;32mI (273167) ROUTE_HOOK: prefix FDEA:C98F:38B2:1:: lifetime 1800[0m
[2026-07-17 11:42:16.752] 
[2026-07-17 11:42:21.873] free heap: 6302244, minimum free heap: 6165908, Internal 8bit free heap: 73180, 8bit free heap: 6302244The current date/time is: Fri Jul 17 03:42:20 2026
[2026-07-17 11:42:21.873] 
[2026-07-17 11:42:21.873] 
[2026-07-17 11:42:29.330] uart: 11 AT+MOTION 1
[2026-07-17 11:42:29.330] 
[2026-07-17 11:42:29.330] 
[2026-07-17 11:42:29.330] btn on press
[2026-07-17 11:42:29.330] uart: 130 AT+BCDS ff04000206a59a4a3 0010B940B0E9FEC6718C48ca43a5b6dc0F000c200a07974041000000000000ff0cfb00000000000000000000000000000000ff01
[2026-07-17 11:42:29.330] 
[2026-07-17 11:42:29.330] 
[2026-07-17 11:42:29.330] 
[2026-07-17 11:42:29.530] pTopic:$aws/rules/bi_wifi_data_report/switchlink/B0E9FEC6718C/link_to_shadow
[2026-07-17 11:42:29.530] pData:BCD ff04000206a59a4a3 0010B940B0E9FEC6718C48ca43a5b6dc0F000c200a07974041000000000000ff0cfb00000000000000000000000000000000ff01
[2026-07-17 11:42:29.530] 
[2026-07-17 11:42:29.886] free heap: 6300780, minimum free heap: 6165908, Internal 8bit free heap: 73180, 8bit free heap: 6300780The current date/time is: Fri Jul 17 03:42:28 2026
[2026-07-17 11:42:29.886] 
[2026-07-17 11:42:29.886] 
[2026-07-17 11:42:32.591] uart: 66 AT+TEST shadow BCD|010211015|6a59a4a6|48dbffc24fd9760101350c|f3|03
[2026-07-17 11:42:32.591] 
[2026-07-17 11:42:32.591] 
[2026-07-17 11:42:32.591] 
[2026-07-17 11:42:32.776] pTopic:$aws/rules/bi_ble_data_report_arch2/switchlink/B0E9FEC6718C/link_to_status
[2026-07-17 11:42:32.776] pData:{"protocolVersion":1,"count":1,"messages":[{"id":"370f48bf-8c9a-45e4-aa7c-9306eaddd532","eventType":"Wo.Device.DataReport","data":{"deviceID":"dbffc24fd976","createTime":1784259750,"contentVersion":3,"contentType":"hex","content":"48dbffc24fd9760101350c","seq":243}}]}
[2026-07-17 11:42:32.776] 
[2026-07-17 11:42:37.883] free heap: 6302280, minimum free heap: 6165468, Internal 8bit free heap: 73216, 8bit free heap: 6302280The current date/time is: Fri Jul 17 03:42:36 2026
[2026-07-17 11:42:37.883] 
[2026-07-17 11:42:37.883] 
[2026-07-17 11:42:45.883] free heap: 6302260, minimum free heap: 6165468, Internal 8bit free heap: 73216, 8bit free heap: 6302260The current date/time is: Fri Jul 17 03:42:44 2026
[2026-07-17 11:42:45.883] 
[2026-07-17 11:42:45.883] 
[2026-07-17 11:42:53.885] free heap: 6302260, minimum free heap: 6165468, Internal 8bit free heap: 73216, 8bit free heap: 6302260The current date/time is: Fri Jul 17 03:42:52 2026
[2026-07-17 11:42:53.885] 
[2026-07-17 11:42:53.885] 
[2026-07-17 11:42:54.731] [0;32mI (311147) ROUTE_HOOK: Ignore invalid ICMP packet[0m
[2026-07-17 11:42:54.731] 
[2026-07-17 11:42:59.354] [0;32mI (315776) ROUTE_HOOK: Received RIO[0m
[2026-07-17 11:42:59.354] [0;32mI (315776) ROUTE_HOOK: prefix FDEA:C98F:38B2:1:: lifetime 1800[0m
[2026-07-17 11:42:59.354] 
[2026-07-17 11:43:01.890] free heap: 6302244, minimum free heap: 6165468, Internal 8bit free heap: 73180, 8bit free heap: 6302244The current date/time is: Fri Jul 17 03:43:00 2026
[2026-07-17 11:43:01.890] 
[2026-07-17 11:43:01.890] 
[2026-07-17 11:43:09.892] free heap: 6302260, minimum free heap: 6165468, Internal 8bit free heap: 73216, 8bit free heap: 6302260The current date/time is: Fri Jul 17 03:43:08 2026
[2026-07-17 11:43:09.892] 
[2026-07-17 11:43:09.892] 
[2026-07-17 11:43:17.898] free heap: 6302280, minimum free heap: 6165468, Internal 8bit free heap: 73216, 8bit free heap: 6302280The current date/time is: Fri Jul 17 03:43:16 2026
[2026-07-17 11:43:17.898] 
[2026-07-17 11:43:17.898] 
[2026-07-17 11:43:25.083] uart: 11 AT+MOTION 0
[2026-07-17 11:43:25.083] 
[2026-07-17 11:43:25.083] 
[2026-07-17 11:43:25.083] btn on press
[2026-07-17 11:43:25.083] uart: 130 AT+BCDS ff04000206a59a4db 0010B940B0E9FEC6718C48ca43a5b6dc0F000d000a07974041000000000000ff0cfd00000000000000000000000000000000ff01
[2026-07-17 11:43:25.083] 
[2026-07-17 11:43:25.083] 
[2026-07-17 11:43:25.083] pTopic:$aws/rules/bi_wifi_data_report/switchlink/B0E9FEC6718C/link_to_shadow
[2026-07-17 11:43:25.083] pData:BCD ff04000206a59a4db 0010B940B0E9FEC6718C48ca43a5b6dc0F000d000a07974041000000000000ff0cfd00000000000000000000000000000000ff01
[2026-07-17 11:43:25.083] 
[2026-07-17 11:43:25.903] free heap: 6302260, minimum free heap: 6165468, Internal 8bit free heap: 73216, 8bit free heap: 6302260The current date/time is: Fri Jul 17 03:43:24 2026
[2026-07-17 11:43:25.903] 
[2026-07-17 11:43:25.903] 
[2026-07-17 11:43:26.616] uart: 11 AT+MOTION 1
[2026-07-17 11:43:26.616] 
[2026-07-17 11:43:26.616] 
[2026-07-17 11:43:26.616] btn on press
[2026-07-17 11:43:26.616] uart: 130 AT+BCDS ff04000206a59a4dc 0010B940B0E9FEC6718C48ca43a5b6dc0F000e200a07974041000000000000ff0cfb00000000000000000000000000000000ff01
[2026-07-17 11:43:26.616] 
[2026-07-17 11:43:26.616] 
[2026-07-17 11:43:26.616] 
[2026-07-17 11:43:26.708] pTopic:$aws/rules/bi_wifi_data_report/switchlink/B0E9FEC6718C/link_to_shadow
[2026-07-17 11:43:26.708] pData:BCD ff04000206a59a4dc 0010B940B0E9FEC6718C48ca43a5b6dc0F000e200a07974041000000000000ff0cfb00000000000000000000000000000000ff01
[2026-07-17 11:43:26.708] 
[2026-07-17 11:43:33.892] free heap: 6302280, minimum free heap: 6165468, Internal 8bit free heap: 73216, 8bit free heap: 6302280The current date/time is: Fri Jul 17 03:43:32 2026
[2026-07-17 11:43:33.892] 
[2026-07-17 11:43:33.892] 
[2026-07-17 11:43:41.898] free heap: 6302280, minimum free heap: 6165468, Internal 8bit free heap: 73216, 8bit free heap: 6302280The current date/time is: Fri Jul 17 03:43:40 2026
[2026-07-17 11:43:41.898] 
[2026-07-17 11:43:41.898] 
[2026-07-17 11:43:49.897] free heap: 6302276, minimum free heap: 6165468, Internal 8bit free heap: 73216, 8bit free heap: 6302276The current date/time is: Fri Jul 17 03:43:48 2026
[2026-07-17 11:43:49.897] 
[2026-07-17 11:43:49.897] 
[2026-07-17 11:43:57.903] free heap: 6302244, minimum free heap: 6165468, Internal 8bit free heap: 73180, 8bit free heap: 6302244The current date/time is: Fri Jul 17 03:43:56 2026
[2026-07-17 11:43:57.903] 
[2026-07-17 11:43:57.903] 
[2026-07-17 11:44:05.911] free heap: 6302256, minimum free heap: 6165468, Internal 8bit free heap: 73216, 8bit free heap: 6302256The current date/time is: Fri Jul 17 03:44:04 2026
[2026-07-17 11:44:05.911] 
[2026-07-17 11:44:05.911] 
[2026-07-17 11:44:13.904] free heap: 6302280, minimum free heap: 6165468, Internal 8bit free heap: 73216, 8bit free heap: 6302280The current date/time is: Fri Jul 17 03:44:12 2026
[2026-07-17 11:44:13.904] 
[2026-07-17 11:44:13.904] 
[2026-07-17 11:44:21.910] free heap: 6302280, minimum free heap: 6165468, Internal 8bit free heap: 73216, 8bit free heap: 6302280The current date/time is: Fri Jul 17 03:44:20 2026
[2026-07-17 11:44:21.910] 
[2026-07-17 11:44:21.910] 
[2026-07-17 11:44:29.913] free heap: 6302280, minimum free heap: 6165468, Internal 8bit free heap: 73216, 8bit free heap: 6302280The current date/time is: Fri Jul 17 03:44:28 2026
[2026-07-17 11:44:29.913] 
[2026-07-17 11:44:29.913] 
[2026-07-17 11:44:31.043] uart: 11 AT+MOTION 0
[2026-07-17 11:44:31.043] 
[2026-07-17 11:44:31.043] 
[2026-07-17 11:44:31.043] btn on press
[2026-07-17 11:44:31.043] uart: 130 AT+BCDS ff04000206a59a51d 0010B940B0E9FEC6718C48ca43a5b6dc0F000f000a07974041000000000000ff0d0400000000000000000000000000000000ff01
[2026-07-17 11:44:31.043] 
[2026-07-17 11:44:31.043] 
[2026-07-17 11:44:31.043] 
[2026-07-17 11:44:31.106] pTopic:$aws/rules/bi_wifi_data_report/switchlink/B0E9FEC6718C/link_to_shadow
[2026-07-17 11:44:31.106] pData:BCD ff04000206a59a51d 0010B940B0E9FEC6718C48ca43a5b6dc0F000f000a07974041000000000000ff0d0400000000000000000000000000000000ff01
[2026-07-17 11:44:31.106] 
[2026-07-17 11:44:37.918] free heap: 6302280, minimum free heap: 6165468, Internal 8bit free heap: 73216, 8bit free heap: 6302280The current date/time is: Fri Jul 17 03:44:36 2026
[2026-07-17 11:44:37.918] 
[2026-07-17 11:44:37.918] 
[2026-07-17 11:44:45.911] free heap: 6302256, minimum free heap: 6165468, Internal 8bit free heap: 73216, 8bit free heap: 6302256The current date/time is: Fri Jul 17 03:44:44 2026
[2026-07-17 11:44:45.911] 
[2026-07-17 11:44:45.911] 
[2026-07-17 11:44:53.565] uart: 11 AT+MOTION 1
[2026-07-17 11:44:53.565] 
[2026-07-17 11:44:53.565] 
[2026-07-17 11:44:53.565] btn on press
[2026-07-17 11:44:53.565] uart: 130 AT+BCDS ff04000206a59a533 0010B940B0E9FEC6718C48ca43a5b6dc0F0010200a07974041000000000000ff0cfe00000000000000000000000000000000ff01
[2026-07-17 11:44:53.565] 
[2026-07-17 11:44:53.565] 
[2026-07-17 11:44:53.565] 
[2026-07-17 11:44:53.734] pTopic:$aws/rules/bi_wifi_data_report/switchlink/B0E9FEC6718C/link_to_shadow
[2026-07-17 11:44:53.734] pData:BCD ff04000206a59a533 0010B940B0E9FEC6718C48ca43a5b6dc0F0010200a07974041000000000000ff0cfe00000000000000000000000000000000ff01
[2026-07-17 11:44:53.734] 
[2026-07-17 11:44:53.920] free heap: 6300776, minimum free heap: 6165468, Internal 8bit free heap: 73180, 8bit free heap: 6300776The current date/time is: Fri Jul 17 03:44:52 2026
[2026-07-17 11:44:53.920] 
[2026-07-17 11:44:53.920] 
[2026-07-17 11:45:01.912] free heap: 6302280, minimum free heap: 6165468, Internal 8bit free heap: 73216, 8bit free heap: 6302280The current date/time is: Fri Jul 17 03:45:00 2026
[2026-07-17 11:45:01.912] 
[2026-07-17 11:45:01.912] 
[2026-07-17 11:45:09.924] free heap: 6302256, minimum free heap: 6165468, Internal 8bit free heap: 73216, 8bit free heap: 6302256The current date/time is: Fri Jul 17 03:45:08 2026
[2026-07-17 11:45:09.924] 
[2026-07-17 11:45:09.924] 
[2026-07-17 11:45:17.931] free heap: 6302280, minimum free heap: 6165468, Internal 8bit free heap: 73216, 8bit free heap: 6302280The current date/time is: Fri Jul 17 03:45:16 2026
[2026-07-17 11:45:17.931] 
[2026-07-17 11:45:17.931] 
[2026-07-17 11:45:25.929] free heap: 6302260, minimum free heap: 6165468, Internal 8bit free heap: 73216, 8bit free heap: 6302260The current date/time is: Fri Jul 17 03:45:24 2026
[2026-07-17 11:45:25.929] 
[2026-07-17 11:45:25.929] 
[2026-07-17 11:45:30.971] app_to_link:SCANR 88
[2026-07-17 11:45:30.971] 
[2026-07-17 11:45:31.478] uart: 897 AT+ACK SCANR;88:2eb0e9feba781500406400110760|39d97bfe7b66fb7600|4bb0e9fe527e83350064|4db0e9fed4acf48020640010b941|49d569ad69d2df48c05d00|3bd8f02d47ff397c006480|2bd0dc374bbcde220064|42c04e30dd914a3d000000|2bc4d2042942887b8013001180|31c673f8b71b5c48c05900|38cdeee26626926d00|36b0e9fe97625e00804100119fb8|41f97d3e5f67977600|35b0e9fed83cf73a0000|2cf82f3a75a2e563c04d1f2204|34b0e9fe51613c2c8052001122|37b0e9feba21f900000a00110378|35b0e9feea627b3a0000|2fb0e9feda9a1a3a0000|3bb0e9fe7a06a8390012|36b0e9fe6784210000640011b340|54f09e9e966ad6370000952d00|33b0e9fec786733a0000|29e7760146716bc8006400|26b0e9fe976f800000640010b558|36e3ca634c4f146f805b|33b0e9feb73ec18020640010b941|33ead4e1e85ddb7600|32dd09220682e27bc01a001280|2380659937a4e2670064|2db0e9fe80929200006400118848|3bb0e9fed1270d0000640010b940|32b0e9fedd2aff0000640011b340|2eb0e9fe73bcfe390016|44b0e9fe65c9430000640010b940|35c74c63b529a07bc012641200
[2026-07-17 11:45:31.478] 
[2026-07-17 11:45:31.478] 
[2026-07-17 11:45:31.478] uart: 621 AT+ACK SCANR;88:37b0e9fe926a358020640010b941|38f4479f14ee7a6d00|0bb0e9fed941f18020640010b941|2ff19a73eebfa048005b00|30e12e626eec2d7bc058291100|38b0e9feb0ddd20000640010b558|37b0e9fe9803b08020640010b941|34b0e9fe01f3ef330064|36ceda72f7dfbb248064|2bf05f6a110a076f805e|35dbffc24fd976481059|36b0e9fecff9758020640010b941|31cd1c31e8c5867bc021001100|28b0e9fefb449c0000693a0000|27e981605abfe163c01c063104|32b0e9feff94e88020640010b941|27b0e9fecd07a60000640010b558|36b0e9fe8d6cb073201b024401|30d63f13dccd9e7bc027001100|25b0e9fec4065c39004a|2a9888e0c610ee3d000000|40b0e9fe9c7b203a0000|2dc20ba863997948805500|29b0e9fe56f0a32c8061c91204
[2026-07-17 11:45:31.478] 
[2026-07-17 11:45:31.478] 
[2026-07-17 11:45:31.478] pTopic:switchlink/B0E9FEC6718C/link_to_app
[2026-07-17 11:45:31.478] pData:SCANR;88:2eb0e9feba781500406400110760|39d97bfe7b66fb7600|4bb0e9fe527e83350064|4db0e9fed4acf48020640010b941|49d569ad69d2df48c05d00|3bd8f02d47ff397c006480|2bd0dc374bbcde220064|42c04e30dd914a3d000000|2bc4d2042942887b8013001180|31c673f8b71b5c48c05900|38cdeee26626926d00|36b0e9fe97625e00804100119fb8|41f97d3e5f67977600|35b0e9fed83cf73a0000|2cf82f3a75a2e563c04d1f2204|34b0e9fe51613c2c8052001122|37b0e9feba21f900000a00110378|35b0e9feea627b3a0000|2fb0e9feda9a1a3a0000|3bb0e9fe7a06a8390012|36b0e9fe6784210000640011b340|54f09e9e966ad6370000952d00|33b0e9fec786733a0000|29e7760146716bc8006400|26b0e9fe976f800000640010b558|36e3ca634c4f146f805b|33b0e9feb73ec18020640010b941|33ead4e1e85ddb7600|32dd09220682e27bc01a001280|2380659937a4e2670064|2db0e9fe80929200006400118848|3bb0e9fed1270d0000640010b940|32b0e9fedd2aff0000640011b340|2eb0e9fe73bcfe390016|44b0e9fe65c9430000640010b940|35c74c63b529a07bc012641200
[2026-07-17 11:45:31.478] uart: 719 AT+ACK SCANR;88:34b0e9feeea9950000640010b940|29f03b453e022d2d8064|3ab0e9febba5480000640010b940|39ef826dc989a2248059|3ebpTopic:switchlink/B0E9FEC6718C/link_to_app
[2026-07-17 11:45:31.478] 0e9fe7pData:SCANR;88:37b0e9fe926a358020640010b941|38f4479f14ee7a6d00|0bb0e9fed941f18020640010b941|2ff19a73eebfa048005b00|30e12e626eec2d7bc058291100|38b0e9feb0ddd20000640010b558|37b0e9fe9803b08020640010b941|34b0e9fe01f3ef330064|36ceda72f7dfbb248064|2bf05f6a110a076f805e|35dbffc24fd976481059|36b0e9fecff9758020640010b941|31cd1c31e8c5867bc021001100|28b0e9fefb449c0000693a0000|27e981605abfe163c01c063104|32b0e9feff94e88020640010b941|27b0e9fecd07a60000640010b558|36b0e9fe8d6cb073201b024401|30d63f13dccd9e7bc027001100|25b0e9fec4065c39004a|2a9888e0c610ee3d000000|40b0e9fe9c7b203a0000|2dc20ba863997948805500|29b0e9fe56f0a32c8061c91204
[2026-07-17 11:45:31.478] 38d940000640010b940|370892728f264a2a0000a22b00|34b0e9fe8c47b100006400118848|27b0e9fee4cdd600004a00110760|34ca120d51dba07bc02b641100|37df125457b04b7b4051001104|25c7db425430c448006100|3c84fce6f3d27e670064|46b0e9feee7b8e3a0000|26f2035b86c0c27b8059001140|38b0e9fea2693e0000000010c4f8|3324587c0879be3c000000|35d5d74b7c22377b8018001140|38b0e9fe96d6ff00004500115198|35de5038f02c5d6d00|38b0e9fe82c1480000640010b558|3bb0e9fefe66ba00005f0011b340|2ec703d84269697600|326055f9432d16670064|33d30155de30397b4011001104|2ec04e30ddc3ce670064|2dd1995d47286b2d8064|35c04e3095ce92670064|2db0e9fedfcc728020640010b941
[2026-07-17 11:45:31.478] 
[2026-07-17 11:45:31.478] 
[2026-07-17 11:45:31.478] 
[2026-07-17 11:45:31.693] pTopic:switchlink/B0E9FEC6718C/link_to_app
[2026-07-17 11:45:31.693] pData:SCANR;88:34b0e9feeea9950000640010b940|29f03b453e022d2d8064|3ab0e9febba5480000640010b940|39ef826dc989a2248059|3eb0e9fe738d940000640010b940|370892728f264a2a0000a22b00|34b0e9fe8c47b100006400118848|27b0e9fee4cdd600004a00110760|34ca120d51dba07bc02b641100|37df125457b04b7b4051001104|25c7db425430c448006100|3c84fce6f3d27e670064|46b0e9feee7b8e3a0000|26f2035b86c0c27b8059001140|38b0e9fea2693e0000000010c4f8|3324587c0879be3c000000|35d5d74b7c22377b8018001140|38b0e9fe96d6ff00004500115198|35de5038f02c5d6d00|38b0e9fe82c1480000640010b558|3bb0e9fefe66ba00005f0011b340|2ec703d84269697600|326055f9432d16670064|33d30155de30397b4011001104|2ec04e30ddc3ce670064|2dd1995d47286b2d8064|35c04e3095ce92670064|2db0e9fedfcc728020640010b941
[2026-07-17 11:45:31.693] 
[2026-07-17 11:45:33.930] free heap: 6302280, minimum free heap: 6165468, Internal 8bit free heap: 73216, 8bit free heap: 6302280The current date/time is: Fri Jul 17 03:45:32 2026
[2026-07-17 11:45:33.930] 
[2026-07-17 11:45:33.930] 
[2026-07-17 11:45:41.929] free heap: 6302280, minimum free heap: 6165468, Internal 8bit free heap: 73216, 8bit free heap: 6302280The current date/time is: Fri Jul 17 03:45:40 2026
[2026-07-17 11:45:41.929] 
[2026-07-17 11:45:41.929] 
[2026-07-17 11:45:46.044] uart: 11 AT+MOTION 0
[2026-07-17 11:45:46.044] 
[2026-07-17 11:45:46.044] 
[2026-07-17 11:45:46.044] btn on press
[2026-07-17 11:45:46.044] uart: 130 AT+BCDS ff04000206a59a568 0010B940B0E9FEC6718C48ca43a5b6dc0F0011000a07974041000000000000ff0cfe00000000000000000000000000000000ff01
[2026-07-17 11:45:46.044] 
[2026-07-17 11:45:46.044] 
[2026-07-17 11:45:46.044] 
[2026-07-17 11:45:46.229] pTopic:$aws/rules/bi_wifi_data_report/switchlink/B0E9FEC6718C/link_to_shadow
[2026-07-17 11:45:46.229] pData:BCD ff04000206a59a568 0010B940B0E9FEC6718C48ca43a5b6dc0F0011000a07974041000000000000ff0cfe00000000000000000000000000000000ff01
[2026-07-17 11:45:46.229] 
[2026-07-17 11:45:49.939] free heap: 6302240, minimum free heap: 6165468, Internal 8bit free heap: 73180, 8bit free heap: 6302240The current date/time is: Fri Jul 17 03:45:48 2026
[2026-07-17 11:45:49.939] 
[2026-07-17 11:45:49.939] 
[2026-07-17 11:45:52.108] uart: 11 AT+MOTION 1
[2026-07-17 11:45:52.108] 
[2026-07-17 11:45:52.108] 
[2026-07-17 11:45:52.108] btn on press
[2026-07-17 11:45:52.108] uart: 130 AT+BCDS ff04000206a59a56e 0010B940B0E9FEC6718C48ca43a5b6dc0F0012200a07974041000000000000ff0cfb00000000000000000000000000000000ff01
[2026-07-17 11:45:52.108] 
[2026-07-17 11:45:52.108] 
[2026-07-17 11:45:52.108] pTopic:$aws/rules/bi_wifi_data_report/switchlink/B0E9FEC6718C/link_to_shadow
[2026-07-17 11:45:52.108] pData:BCD ff04000206a59a56e 0010B940B0E9FEC6718C48ca43a5b6dc0F0012200a07974041000000000000ff0cfb00000000000000000000000000000000ff01
[2026-07-17 11:45:52.108] 
[2026-07-17 11:45:57.932] free heap: 6302276, minimum free heap: 6165468, Internal 8bit free heap: 73216, 8bit free heap: 6302276The current date/time is: Fri Jul 17 03:45:56 2026
[2026-07-17 11:45:57.932] 
[2026-07-17 11:45:57.932] 
[2026-07-17 11:46:05.929] free heap: 6302260, minimum free heap: 6165468, Internal 8bit free heap: 73216, 8bit free heap: 6302260The current date/time is: Fri Jul 17 03:46:04 2026
[2026-07-17 11:46:05.929] 
[2026-07-17 11:46:05.929] 
[2026-07-17 11:46:13.945] free heap: 6302276, minimum free heap: 6165468, Internal 8bit free heap: 73216, 8bit free heap: 6302276The current date/time is: Fri Jul 17 03:46:12 2026
[2026-07-17 11:46:13.945] 
[2026-07-17 11:46:13.945] 
[2026-07-17 11:46:21.945] free heap: 6302276, minimum free heap: 6165468, Internal 8bit free heap: 73216, 8bit free heap: 6302276The current date/time is: Fri Jul 17 03:46:20 2026
[2026-07-17 11:46:21.945] 
[2026-07-17 11:46:21.945] 
[2026-07-17 11:46:24.686] uart: 70 AT+TEST shadow BCD|010211017|6a59a58e|63dade0999201801012b020011|1a|03
[2026-07-17 11:46:24.686] 
[2026-07-17 11:46:24.686] 
[2026-07-17 11:46:24.686] 
[2026-07-17 11:46:24.826] pTopic:$aws/rules/bi_ble_data_report_arch2/switchlink/B0E9FEC6718C/link_to_status
[2026-07-17 11:46:24.826] pData:{"protocolVersion":1,"count":1,"messages":[{"id":"9f4a0bd3-c6f4-4305-a52e-c5d72b55bf66","eventType":"Wo.Device.DataReport","data":{"deviceID":"dade09992018","createTime":1784259982,"contentVersion":3,"contentType":"hex","content":"63dade0999201801012b020011","seq":26}}]}
[2026-07-17 11:46:24.826] 
[2026-07-17 11:46:29.937] free heap: 6302276, minimum free heap: 6165468, Internal 8bit free heap: 73216, 8bit free heap: 6302276The current date/time is: Fri Jul 17 03:46:28 2026
[2026-07-17 11:46:29.937] 
[2026-07-17 11:46:29.937] 
[2026-07-17 11:46:37.943] free heap: 6302280, minimum free heap: 6165468, Internal 8bit free heap: 73216, 8bit free heap: 6302280The current date/time is: Fri Jul 17 03:46:36 2026
[2026-07-17 11:46:37.943] 
[2026-07-17 11:46:37.943] 
[2026-07-17 11:46:45.943] free heap: 6302260, minimum free heap: 6165468, Internal 8bit free heap: 73216, 8bit free heap: 6302260The current date/time is: Fri Jul 17 03:46:44 2026
[2026-07-17 11:46:45.943] 
[2026-07-17 11:46:45.943] 
[2026-07-17 11:46:53.947] free heap: 6302260, minimum free heap: 6165468, Internal 8bit free heap: 73216, 8bit free heap: 6302260The current date/time is: Fri Jul 17 03:46:52 2026
[2026-07-17 11:46:53.947] 
[2026-07-17 11:46:53.947] 
