[2026-07-17 17:32:28.364] [0;32mI (19315638) NL_LTPDU: BatchGet 6A76B95FD1DB: 6 eps, rsp=118 bytes[0m
[2026-07-17 17:32:28.364] 
[2026-07-17 17:32:29.385] [0;32mI (19316663) NL_LTPDU: BatchGet 880A64775B01: 6 eps, rsp=118 bytes[0m
[2026-07-17 17:32:29.385] 
[2026-07-17 17:32:30.234] free heap: 6247984, minimum free heap: 6042512, Internal 8bit free heap: 72288, 8bit free heap: 6247984The current date/time is: Fri Jul 17 09:32:28 2026
[2026-07-17 17:32:30.234] 
[2026-07-17 17:32:30.234] [0;32mI (19317516) NL_LTPDU: BatchGet 3E0AE0494182: 6 eps, rsp=125 bytes[0m
[2026-07-17 17:32:30.234] 
[2026-07-17 17:32:33.187] [0;32mI (19320470) NL_LTPDU: BatchGet 6A76B95FD1DB: 6 eps, rsp=118 bytes[0m
[2026-07-17 17:32:33.187] 
[2026-07-17 17:32:34.210] [0;32mI (19321494) NL_LTPDU: BatchGet 880A64775B01: 6 eps, rsp=118 bytes[0m
[2026-07-17 17:32:34.210] 
[2026-07-17 17:32:35.149] [0;32mI (19322432) NL_LTPDU: BatchGet 3E0AE0494182: 6 eps, rsp=125 bytes[0m
[2026-07-17 17:32:35.149] 
[2026-07-17 17:32:37.054] uart: 19 AT+TEMPHUMI +238 67
[2026-07-17 17:32:37.054] 
[2026-07-17 17:32:37.054] 
[2026-07-17 17:32:37.054] temp_ep:65535,temp_data:2380 humi_ep:65535,humi_data:6700
[2026-07-17 17:32:37.054] 
[2026-07-17 17:32:37.054] 
[2026-07-17 17:32:38.228] free heap: 6248012, minimum free heap: 6042512, Internal 8bit free heap: 72288, 8bit free heap: 6248012The current date/time is: Fri Jul 17 09:32:36 2026
[2026-07-17 17:32:38.228] 
[2026-07-17 17:32:38.228] 
[2026-07-17 17:32:38.397] [0;32mI (19325677) NL_LTPDU: BatchGet 6A76B95FD1DB: 6 eps, rsp=118 bytes[0m
[2026-07-17 17:32:38.397] 
[2026-07-17 17:32:39.384] [0;32mI (19326657) NL_LTPDU: BatchGet 880A64775B01: 6 eps, rsp=118 bytes[0m
[2026-07-17 17:32:39.384] 
[2026-07-17 17:32:40.344] [0;32mI (19327620) NL_LTPDU: BatchGet 3E0AE0494182: 6 eps, rsp=125 bytes[0m
[2026-07-17 17:32:40.344] 
[2026-07-17 17:32:40.853] [0;32mI (19328127) ROUTE_HOOK: Received RIO[0m
[2026-07-17 17:32:40.853] [0;32mI (19328128) ROUTE_HOOK: prefix FDEA:C98F:38B2:1:: lifetime 1800[0m
[2026-07-17 17:32:40.853] 
[2026-07-17 17:32:43.510] [0;32mI (19330797) NL_LTPDU: BatchGet 6A76B95FD1DB: 6 eps, rsp=118 bytes[0m
[2026-07-17 17:32:43.510] 
[2026-07-17 17:32:44.561] [0;32mI (19331839) NL_LTPDU: BatchGet 880A64775B01: 6 eps, rsp=118 bytes[0m
[2026-07-17 17:32:44.561] 
[2026-07-17 17:32:45.456] [0;32mI (19332741) NL_LTPDU: BatchGet 3E0AE0494182: 6 eps, rsp=125 bytes[0m
[2026-07-17 17:32:45.456] 
[2026-07-17 17:32:46.248] free heap: 6301308, minimum free heap: 6042512, Internal 8bit free heap: 72324, 8bit free heap: 6301308The current date/time is: Fri Jul 17 09:32:44 2026
[2026-07-17 17:32:46.248] 
[2026-07-17 17:32:46.248] 
[2026-07-17 17:32:48.275] [0;32mI (19335559) NL_LTPDU: BatchGet 6A76B95FD1DB: 6 eps, rsp=118 bytes[0m
[2026-07-17 17:32:48.275] 
[2026-07-17 17:32:49.282] [0;32mI (19336569) NL_LTPDU: BatchGet 880A64775B01: 6 eps, rsp=118 bytes[0m
[2026-07-17 17:32:49.282] 
[2026-07-17 17:32:50.224] [0;32mI (19337501) NL_LTPDU: BatchGet 3E0AE0494182: 6 eps, rsp=125 bytes[0m
[2026-07-17 17:32:50.224] 
[2026-07-17 17:32:53.440] [0;32mI (19340726) NL_LTPDU: BatchGet 6A76B95FD1DB: 6 eps, rsp=118 bytes[0m
[2026-07-17 17:32:53.440] 
[2026-07-17 17:32:54.246] free heap: 6301244, minimum free heap: 6042512, Internal 8bit free heap: 72288, 8bit free heap: 6301244The current date/time is: Fri Jul 17 09:32:52 2026
[2026-07-17 17:32:54.246] 
[2026-07-17 17:32:54.246] 
[2026-07-17 17:32:54.399] [0;32mI (19341686) NL_LTPDU: BatchGet 880A64775B01: 6 eps, rsp=118 bytes[0m
[2026-07-17 17:32:54.399] 
[2026-07-17 17:32:55.328] [0;32mI (19342615) NL_LTPDU: BatchGet 3E0AE0494182: 6 eps, rsp=125 bytes[0m
[2026-07-17 17:32:55.328] 
[2026-07-17 17:32:58.560] [0;32mI (19345848) NL_LTPDU: BatchGet 6A76B95FD1DB: 6 eps, rsp=118 bytes[0m
[2026-07-17 17:32:58.560] 
[2026-07-17 17:32:59.537] [0;32mI (19346814) NL_LTPDU: BatchGet 880A64775B01: 6 eps, rsp=118 bytes[0m
[2026-07-17 17:32:59.537] 
[2026-07-17 17:33:00.512] [0;32mI (19347789) NL_LTPDU: BatchGet 3E0AE0494182: 6 eps, rsp=125 bytes[0m
[2026-07-17 17:33:00.512] 
[2026-07-17 17:33:02.257] free heap: 6301308, minimum free heap: 6042512, Internal 8bit free heap: 72324, 8bit free heap: 6301308The current date/time is: Fri Jul 17 09:33:00 2026
[2026-07-17 17:33:02.257] 
[2026-07-17 17:33:02.257] 
[2026-07-17 17:33:03.679] [0;32mI (19350962) NL_LTPDU: BatchGet 6A76B95FD1DB: 6 eps, rsp=118 bytes[0m
[2026-07-17 17:33:03.679] 
[2026-07-17 17:33:04.404] [0;32mI (19351682) NL_LTPDU: BatchGet 880A64775B01: 6 eps, rsp=118 bytes[0m
[2026-07-17 17:33:04.404] 
[2026-07-17 17:33:05.364] [0;32mI (19352643) NL_LTPDU: BatchGet 3E0AE0494182: 6 eps, rsp=125 bytes[0m
[2026-07-17 17:33:05.364] 
[2026-07-17 17:33:08.517] [0;32mI (19355795) NL_LTPDU: BatchGet 6A76B95FD1DB: 6 eps, rsp=118 bytes[0m
[2026-07-17 17:33:08.517] 
[2026-07-17 17:33:09.618] [0;32mI (19356905) NL_LTPDU: BatchGet 880A64775B01: 6 eps, rsp=118 bytes[0m
[2026-07-17 17:33:09.618] 
[2026-07-17 17:33:10.285] free heap: 6301232, minimum free heap: 6042512, Internal 8bit free heap: 72276, 8bit free heap: 6301232The current date/time is: Fri Jul 17 09:33:08 2026
[2026-07-17 17:33:10.285] 
[2026-07-17 17:33:10.285] 
[2026-07-17 17:33:10.501] [0;32mI (19357779) NL_LTPDU: BatchGet 3E0AE0494182: 6 eps, rsp=125 bytes[0m
[2026-07-17 17:33:10.501] 
[2026-07-17 17:33:13.610] [0;32mI (19360900) NL_LTPDU: BatchGet 6A76B95FD1DB: 6 eps, rsp=118 bytes[0m
[2026-07-17 17:33:13.610] 
[2026-07-17 17:33:14.801] [0;32mI (19362078) NL_LTPDU: BatchGet 880A64775B01: 6 eps, rsp=118 bytes[0m
[2026-07-17 17:33:14.801] 
[2026-07-17 17:33:15.711] [0;32mI (19362996) NL_LTPDU: BatchGet 3E0AE0494182: 6 eps, rsp=125 bytes[0m
[2026-07-17 17:33:15.711] 
[2026-07-17 17:33:18.293] free heap: 6301308, minimum free heap: 6042512, Internal 8bit free heap: 72324, 8bit free heap: 6301308The current date/time is: Fri Jul 17 09:33:16 2026
[2026-07-17 17:33:18.293] 
[2026-07-17 17:33:18.293] 
[2026-07-17 17:33:18.757] [0;32mI (19366038) NL_LTPDU: BatchGet 6A76B95FD1DB: 6 eps, rsp=118 bytes[0m
[2026-07-17 17:33:18.757] 
[2026-07-17 17:33:19.918] [0;32mI (19367200) NL_LTPDU: BatchGet 880A64775B01: 6 eps, rsp=118 bytes[0m
[2026-07-17 17:33:19.918] 
[2026-07-17 17:33:20.476] [0;32mI (19367763) NL_LTPDU: BatchGet 3E0AE0494182: 6 eps, rsp=125 bytes[0m
[2026-07-17 17:33:20.476] 
[2026-07-17 17:33:23.591] [0;32mI (19370880) NL_LTPDU: BatchGet 6A76B95FD1DB: 6 eps, rsp=118 bytes[0m
[2026-07-17 17:33:23.591] 
[2026-07-17 17:33:24.503] [0;32mI (19371788) NL_LTPDU: BatchGet 880A64775B01: 6 eps, rsp=118 bytes[0m
[2026-07-17 17:33:24.503] 
[2026-07-17 17:33:25.558] [0;32mI (19372846) NL_LTPDU: BatchGet 3E0AE0494182: 6 eps, rsp=125 bytes[0m
[2026-07-17 17:33:25.558] 
[2026-07-17 17:33:26.298] free heap: 6301272, minimum free heap: 6042512, Internal 8bit free heap: 72288, 8bit free heap: 6301272The current date/time is: Fri Jul 17 09:33:24 2026
[2026-07-17 17:33:26.298] 
[2026-07-17 17:33:26.298] 
[2026-07-17 17:33:28.711] [0;32mI (19375997) NL_LTPDU: BatchGet 6A76B95FD1DB: 6 eps, rsp=118 bytes[0m
[2026-07-17 17:33:28.711] 
[2026-07-17 17:33:29.687] [0;32mI (19376970) NL_LTPDU: BatchGet 880A64775B01: 6 eps, rsp=118 bytes[0m
[2026-07-17 17:33:29.687] 
[2026-07-17 17:33:30.677] [0;32mI (19377965) NL_LTPDU: BatchGet 3E0AE0494182: 6 eps, rsp=125 bytes[0m
[2026-07-17 17:33:30.677] 
[2026-07-17 17:33:33.909] [0;32mI (19381187) NL_LTPDU: BatchGet 6A76B95FD1DB: 6 eps, rsp=118 bytes[0m
[2026-07-17 17:33:33.909] 
[2026-07-17 17:33:34.310] free heap: 6301176, minimum free heap: 6042512, Internal 8bit free heap: 72192, 8bit free heap: 6301176The current date/time is: Fri Jul 17 09:33:32 2026
[2026-07-17 17:33:34.310] 
[2026-07-17 17:33:34.310] 
[2026-07-17 17:33:34.819] [0;32mI (19382095) NL_LTPDU: BatchGet 880A64775B01: 6 eps, rsp=118 bytes[0m
[2026-07-17 17:33:34.819] 
[2026-07-17 17:33:35.843] [0;32mI (19383118) NL_LTPDU: BatchGet 3E0AE0494182: 6 eps, rsp=125 bytes[0m
[2026-07-17 17:33:35.843] 
[2026-07-17 17:33:39.007] [0;32mI (19386290) NL_LTPDU: BatchGet 6A76B95FD1DB: 6 eps, rsp=118 bytes[0m
[2026-07-17 17:33:39.007] 
[2026-07-17 17:33:39.641] [0;32mI (19386924) NL_LTPDU: BatchGet 880A64775B01: 6 eps, rsp=118 bytes[0m
[2026-07-17 17:33:39.641] 
[2026-07-17 17:33:40.726] [0;32mI (19388004) NL_LTPDU: BatchGet 3E0AE0494182: 6 eps, rsp=125 bytes[0m
[2026-07-17 17:33:40.726] 
[2026-07-17 17:33:42.307] free heap: 6301168, minimum free heap: 6042512, Internal 8bit free heap: 72184, 8bit free heap: 6301168The current date/time is: Fri Jul 17 09:33:40 2026
[2026-07-17 17:33:42.307] 
[2026-07-17 17:33:42.307] 
[2026-07-17 17:33:43.853] [0;32mI (19391134) NL_LTPDU: BatchGet 6A76B95FD1DB: 6 eps, rsp=118 bytes[0m
[2026-07-17 17:33:43.853] 
[2026-07-17 17:33:44.741] [0;32mI (19392028) NL_LTPDU: BatchGet 880A64775B01: 6 eps, rsp=118 bytes[0m
[2026-07-17 17:33:44.741] 
[2026-07-17 17:33:45.880] [0;32mI (19393159) NL_LTPDU: BatchGet 3E0AE0494182: 6 eps, rsp=125 bytes[0m
[2026-07-17 17:33:45.880] 
[2026-07-17 17:33:48.968] [0;32mI (19396251) NL_LTPDU: BatchGet 6A76B95FD1DB: 6 eps, rsp=118 bytes[0m
[2026-07-17 17:33:48.968] 
[2026-07-17 17:33:49.961] [0;32mI (19397250) NL_LTPDU: BatchGet 880A64775B01: 6 eps, rsp=118 bytes[0m
[2026-07-17 17:33:49.961] 
[2026-07-17 17:33:50.316] free heap: 6301272, minimum free heap: 6042512, Internal 8bit free heap: 72316, 8bit free heap: 6301272The current date/time is: Fri Jul 17 09:33:48 2026
[2026-07-17 17:33:50.316] 
[2026-07-17 17:33:50.316] 
[2026-07-17 17:33:50.998] [0;32mI (19398274) NL_LTPDU: BatchGet 3E0AE0494182: 6 eps, rsp=125 bytes[0m
[2026-07-17 17:33:50.998] 
[2026-07-17 17:33:54.172] [0;32mI (19401449) NL_LTPDU: BatchGet 6A76B95FD1DB: 6 eps, rsp=118 bytes[0m
[2026-07-17 17:33:54.172] 
[2026-07-17 17:33:55.086] [0;32mI (19402369) NL_LTPDU: BatchGet 880A64775B01: 6 eps, rsp=118 bytes[0m
[2026-07-17 17:33:55.086] 
[2026-07-17 17:33:55.828] [0;32mI (19403112) NL_LTPDU: BatchGet 3E0AE0494182: 6 eps, rsp=125 bytes[0m
[2026-07-17 17:33:55.828] 
[2026-07-17 17:33:58.319] free heap: 6301300, minimum free heap: 6042512, Internal 8bit free heap: 72316, 8bit free heap: 6301300The current date/time is: Fri Jul 17 09:33:56 2026
[2026-07-17 17:33:58.319] 
[2026-07-17 17:33:58.319] 
[2026-07-17 17:33:58.949] [0;32mI (19406233) NL_LTPDU: BatchGet 6A76B95FD1DB: 6 eps, rsp=118 bytes[0m
[2026-07-17 17:33:58.949] 
[2026-07-17 17:33:59.197] uart: 11 AT+MOTION 1
[2026-07-17 17:33:59.197] 
[2026-07-17 17:33:59.197] 
[2026-07-17 17:33:59.197] btn on press
[2026-07-17 17:33:59.197] uart: 130 AT+BCDS ff04000206a59f705 0010B940B0E9FEC6718C48ca43a5b6dc0F0126200a08974346000000000000ff0d0300000000000000000000000000000000ff01
[2026-07-17 17:33:59.197] 
[2026-07-17 17:33:59.197] 
[2026-07-17 17:33:59.197] 
[2026-07-17 17:33:59.320] pTopic:$aws/rules/bi_wifi_data_report/switchlink/B0E9FEC6718C/link_to_shadow
[2026-07-17 17:33:59.320] pData:BCD ff04000206a59f705 0010B940B0E9FEC6718C48ca43a5b6dc0F0126200a08974346000000000000ff0d0300000000000000000000000000000000ff01
[2026-07-17 17:33:59.320] 
[2026-07-17 17:33:59.861] [0;32mI (19407144) NL_LTPDU: BatchGet 880A64775B01: 6 eps, rsp=118 bytes[0m
[2026-07-17 17:33:59.861] 
[2026-07-17 17:34:00.947] [0;32mI (19408227) NL_LTPDU: BatchGet 3E0AE0494182: 6 eps, rsp=125 bytes[0m
[2026-07-17 17:34:00.947] 
[2026-07-17 17:34:04.069] [0;32mI (19411348) NL_LTPDU: BatchGet 6A76B95FD1DB: 6 eps, rsp=118 bytes[0m
[2026-07-17 17:34:04.069] 
[2026-07-17 17:34:05.029] [0;32mI (19412304) NL_LTPDU: BatchGet 880A64775B01: 6 eps, rsp=118 bytes[0m
[2026-07-17 17:34:05.029] 
[2026-07-17 17:34:06.062] [0;32mI (19413345) NL_LTPDU: BatchGet 3E0AE0494182: 6 eps, rsp=125 bytes[0m
[2026-07-17 17:34:06.062] 
[2026-07-17 17:34:06.324] free heap: 6301132, minimum free heap: 6042512, Internal 8bit free heap: 72148, 8bit free heap: 6301132The current date/time is: Fri Jul 17 09:34:04 2026
[2026-07-17 17:34:06.324] 
[2026-07-17 17:34:06.324] 
[2026-07-17 17:34:09.213] [0;32mI (19416503) NL_LTPDU: BatchGet 6A76B95FD1DB: 6 eps, rsp=118 bytes[0m
[2026-07-17 17:34:09.213] 
[2026-07-17 17:34:10.142] [0;32mI (19417425) NL_LTPDU: BatchGet 880A64775B01: 6 eps, rsp=118 bytes[0m
[2026-07-17 17:34:10.142] 
[2026-07-17 17:34:11.323] [0;32mI (19418600) NL_LTPDU: BatchGet 3E0AE0494182: 6 eps, rsp=125 bytes[0m
[2026-07-17 17:34:11.323] 
[2026-07-17 17:34:14.048] [0;32mI (19421332) NL_LTPDU: BatchGet 6A76B95FD1DB: 6 eps, rsp=118 bytes[0m
[2026-07-17 17:34:14.048] 
[2026-07-17 17:34:14.326] free heap: 6301272, minimum free heap: 6042512, Internal 8bit free heap: 72288, 8bit free heap: 6301272The current date/time is: Fri Jul 17 09:34:12 2026
[2026-07-17 17:34:14.326] 
[2026-07-17 17:34:14.326] 
[2026-07-17 17:34:14.959] [0;32mI (19422241) NL_LTPDU: BatchGet 880A64775B01: 6 eps, rsp=118 bytes[0m
[2026-07-17 17:34:14.959] 
[2026-07-17 17:34:16.413] [0;32mI (19423694) NL_LTPDU: BatchGet 3E0AE0494182: 6 eps, rsp=125 bytes[0m
[2026-07-17 17:34:16.413] 
[2026-07-17 17:34:19.151] [0;32mI (19426438) NL_LTPDU: BatchGet 6A76B95FD1DB: 6 eps, rsp=118 bytes[0m
[2026-07-17 17:34:19.151] 
[2026-07-17 17:34:20.080] [0;32mI (19427360) NL_LTPDU: BatchGet 880A64775B01: 6 eps, rsp=118 bytes[0m
[2026-07-17 17:34:20.080] 
[2026-07-17 17:34:21.115] [0;32mI (19428403) NL_LTPDU: BatchGet 3E0AE0494182: 6 eps, rsp=125 bytes[0m
[2026-07-17 17:34:21.115] 
[2026-07-17 17:34:22.318] free heap: 6301308, minimum free heap: 6042512, Internal 8bit free heap: 72324, 8bit free heap: 6301308The current date/time is: Fri Jul 17 09:34:20 2026
[2026-07-17 17:34:22.318] 
[2026-07-17 17:34:22.318] 
[2026-07-17 17:34:24.421] [0;32mI (19431699) NL_LTPDU: BatchGet 6A76B95FD1DB: 6 eps, rsp=118 bytes[0m
[2026-07-17 17:34:24.421] Nanoleaf MQTT payload: {"msgType":"control","requestID":"f69cdcb6-1f63-4fa4-b847-fb93790b2667","deviceId":"880A64775B01","endpoint":"lb/0/oo","method":"POST","value":true}
[2026-07-17 17:34:24.421] 
[2026-07-17 17:34:24.512] [0;32mI (19431799) NL_LTPDU: SendCmd POST → 880A64775B01 ep=lb/0/oo[0m
[2026-07-17 17:34:24.512] 
[2026-07-17 17:34:24.775] pTopic:switchlink/B0E9FEC6718C/link_to_nanoleaf_func_resp
[2026-07-17 17:34:24.775] pData:{"msgType":"respond","requestID":"f69cdcb6-1f63-4fa4-b847-fb93790b2667","deviceId":"880A64775B01","success":true,"errorCode":0,"errorMsg":""}
[2026-07-17 17:34:24.775] 
[2026-07-17 17:34:24.899] [0;32mI (19432171) NL_LTPDU: BatchGet 880A64775B01: 6 eps, rsp=118 bytes[0m
[2026-07-17 17:34:24.899] [0;32mI (19432171) TASK_NL: [2] Status changed: on=1 br=100 ct=6500 hu=357 sa=53 eff="*Solid*"[0m
[2026-07-17 17:34:24.899] 
[2026-07-17 17:34:25.007] pTopic:switchlink/B0E9FEC6718C/link_to_nanoleaf_property
[2026-07-17 17:34:25.007] pData:{"msgType":"status","deviceId":"880A64775B01","timestamp":1784280864,"endpoints":[{"endpoint":"lb/0/oo","value":true},{"endpoint":"lb/0/pb","value":100},{"endpoint":"lb/0/ct","value":6500},{"endpoint":"lb/0/hu","value":357},{"endpoint":"lb/0/sa","value":53},{"endpoint":"effect/select","value":"*Solid*"}]}
[2026-07-17 17:34:25.007] 
[2026-07-17 17:34:26.250] [0;32mI (19433527) NL_LTPDU: BatchGet 3E0AE0494182: 6 eps, rsp=125 bytes[0m
[2026-07-17 17:34:26.250] 
[2026-07-17 17:34:28.062] Nanoleaf MQTT payload: {"msgType":"control","requestID":"eccc3bbd-b145-4f64-aeb5-23a6daaf57d0","deviceId":"880A64775B01","endpoint":"lb/0/oo","method":"POST","value":false}
[2026-07-17 17:34:28.062] 
[2026-07-17 17:34:28.138] [0;32mI (19435427) NL_LTPDU: SendCmd POST → 880A64775B01 ep=lb/0/oo[0m
[2026-07-17 17:34:28.138] 
[2026-07-17 17:34:28.649] pTopic:switchlink/B0E9FEC6718C/link_to_nanoleaf_func_resp
[2026-07-17 17:34:28.649] pData:{"msgType":"respond","requestID":"eccc3bbd-b145-4f64-aeb5-23a6daaf57d0","deviceId":"880A64775B01","success":true,"errorCode":0,"errorMsg":""}
[2026-07-17 17:34:28.649] 
[2026-07-17 17:34:28.695] [0;32mI (19435976) NL_LTPDU: BatchGet 880A64775B01: 6 eps, rsp=118 bytes[0m
[2026-07-17 17:34:28.695] [0;32mI (19435976) TASK_NL: [2] Status changed: on=0 br=100 ct=6500 hu=357 sa=53 eff="*Solid*"[0m
[2026-07-17 17:34:28.695] 
[2026-07-17 17:34:28.866] pTopic:switchlink/B0E9FEC6718C/link_to_nanoleaf_property
[2026-07-17 17:34:28.866] pData:{"msgType":"status","deviceId":"880A64775B01","timestamp":1784280868,"endpoints":[{"endpoint":"lb/0/oo","value":false},{"endpoint":"lb/0/pb","value":100},{"endpoint":"lb/0/ct","value":6500},{"endpoint":"lb/0/hu","value":357},{"endpoint":"lb/0/sa","value":53},{"endpoint":"effect/select","value":"*Solid*"}]}
[2026-07-17 17:34:28.866] 
[2026-07-17 17:34:29.503] [0;32mI (19436793) NL_LTPDU: BatchGet 6A76B95FD1DB: 6 eps, rsp=118 bytes[0m
[2026-07-17 17:34:29.503] 
[2026-07-17 17:34:29.798] [0;32mI (19437085) ROUTE_HOOK: Received RIO[0m
[2026-07-17 17:34:29.798] [0;32mI (19437085) ROUTE_HOOK: prefix FDEA:C98F:38B2:1:: lifetime 1800[0m
[2026-07-17 17:34:29.798] 
[2026-07-17 17:34:30.324] free heap: 6301280, minimum free heap: 6042512, Internal 8bit free heap: 72324, 8bit free heap: 6301280The current date/time is: Fri Jul 17 09:34:28 2026
[2026-07-17 17:34:30.324] 
[2026-07-17 17:34:30.324] 
[2026-07-17 17:34:31.095] uart: 11 AT+MOTION 0
[2026-07-17 17:34:31.095] 
[2026-07-17 17:34:31.095] 
[2026-07-17 17:34:31.095] btn on press
[2026-07-17 17:34:31.095] uart: 130 AT+BCDS ff04000206a59f725 0010B940B0E9FEC6718C48ca43a5b6dc0F0127000a08974346000000000000ff0d0000000000000000000000000000000000ff01
[2026-07-17 17:34:31.095] 
[2026-07-17 17:34:31.095] 
[2026-07-17 17:34:31.095] pTopic:$aws/rules/bi_wifi_data_report/switchlink/B0E9FEC6718C/link_to_shadow
[2026-07-17 17:34:31.095] pData:BCD ff04000206a59f725 0010B940B0E9FEC6718C48ca43a5b6dc0F0127000a08974346000000000000ff0d0000000000000000000000000000000000ff01
[2026-07-17 17:34:31.095] 
[2026-07-17 17:34:31.157] [0;32mI (19438433) NL_LTPDU: BatchGet 3E0AE0494182: 6 eps, rsp=125 bytes[0m
[2026-07-17 17:34:31.157] 
[2026-07-17 17:34:33.663] Nanoleaf MQTT payload: {"msgType":"control","requestID":"95546948-0dad-4daf-a34a-915a9acd6a4e","deviceId":"880A64775B01","endpoint":"lb/0/oo","method":"POST","value":true}
[2026-07-17 17:34:33.663] 
[2026-07-17 17:34:33.819] [0;32mI (19441095) NL_LTPDU: BatchGet 880A64775B01: 6 eps, rsp=118 bytes[0m
[2026-07-17 17:34:33.819] 
[2026-07-17 17:34:33.926] [0;32mI (19441206) NL_LTPDU: SendCmd POST → 880A64775B01 ep=lb/0/oo[0m
[2026-07-17 17:34:33.926] 
[2026-07-17 17:34:34.346] pTopic:switchlink/B0E9FEC6718C/link_to_nanoleaf_func_resp
[2026-07-17 17:34:34.346] pData:{"msgType":"respond","requestID":"95546948-0dad-4daf-a34a-915a9acd6a4e","deviceId":"880A64775B01","success":true,"errorCode":0,"errorMsg":""}
[2026-07-17 17:34:34.346] 
[2026-07-17 17:34:34.672] [0;32mI (19441948) NL_LTPDU: BatchGet 6A76B95FD1DB: 6 eps, rsp=118 bytes[0m
[2026-07-17 17:34:34.672] 
[2026-07-17 17:34:34.749] [0;32mI (19442033) NL_LTPDU: BatchGet 880A64775B01: 6 eps, rsp=118 bytes[0m
[2026-07-17 17:34:34.749] [0;32mI (19442033) TASK_NL: [2] Status changed: on=1 br=100 ct=6500 hu=357 sa=53 eff="*Solid*"[0m
[2026-07-17 17:34:34.749] 
[2026-07-17 17:34:34.965] pTopic:switchlink/B0E9FEC6718C/link_to_nanoleaf_property
[2026-07-17 17:34:34.965] pData:{"msgType":"status","deviceId":"880A64775B01","timestamp":1784280874,"endpoints":[{"endpoint":"lb/0/oo","value":true},{"endpoint":"lb/0/pb","value":100},{"endpoint":"lb/0/ct","value":6500},{"endpoint":"lb/0/hu","value":357},{"endpoint":"lb/0/sa","value":53},{"endpoint":"effect/select","value":"*Solid*"}]}
[2026-07-17 17:34:34.965] 
[2026-07-17 17:34:36.269] [0;32mI (19443551) NL_LTPDU: BatchGet 3E0AE0494182: 6 eps, rsp=125 bytes[0m
[2026-07-17 17:34:36.269] 
[2026-07-17 17:34:38.337] free heap: 6301176, minimum free heap: 6042512, Internal 8bit free heap: 72192, 8bit free heap: 6301176The current date/time is: Fri Jul 17 09:34:36 2026
[2026-07-17 17:34:38.337] 
[2026-07-17 17:34:38.337] 
[2026-07-17 17:34:39.019] Nanoleaf MQTT payload: {"msgType":"control","requestID":"50e3685d-3ff7-47ee-8370-1e50a489d469","deviceId":"880A64775B01","endpoint":"lb/0/oo","method":"POST","value":false}
[2026-07-17 17:34:39.019] 
[2026-07-17 17:34:39.082] [0;32mI (19446362) NL_LTPDU: SendCmd POST → 880A64775B01 ep=lb/0/oo[0m
[2026-07-17 17:34:39.082] 
[2026-07-17 17:34:39.360] [0;32mI (19446648) NL_LTPDU: BatchGet 6A76B95FD1DB: 6 eps, rsp=118 bytes[0m
[2026-07-17 17:34:39.360] 
[2026-07-17 17:34:39.452] pTopic:switchlink/B0E9FEC6718C/link_to_nanoleaf_func_resp
[2026-07-17 17:34:39.452] pData:{"msgType":"respond","requestID":"50e3685d-3ff7-47ee-8370-1e50a489d469","deviceId":"880A64775B01","success":true,"errorCode":0,"errorMsg":""}
[2026-07-17 17:34:39.452] [0;32mI (19446726) NL_LTPDU: BatchGet 880A64775B01: 6 eps, rsp=118 bytes[0m
[2026-07-17 17:34:39.452] [0;32mI (19446727) TASK_NL: [2] Status changed: on=0 br=100 ct=6500 hu=357 sa=53 eff="*Solid*"[0m
[2026-07-17 17:34:39.452] 
[2026-07-17 17:34:39.639] pTopic:switchlink/B0E9FEC6718C/link_to_nanoleaf_property
[2026-07-17 17:34:39.639] pData:{"msgType":"status","deviceId":"880A64775B01","timestamp":1784280879,"endpoints":[{"endpoint":"lb/0/oo","value":false},{"endpoint":"lb/0/pb","value":100},{"endpoint":"lb/0/ct","value":6500},{"endpoint":"lb/0/hu","value":357},{"endpoint":"lb/0/sa","value":53},{"endpoint":"effect/select","value":"*Solid*"}]}
[2026-07-17 17:34:39.639] 
[2026-07-17 17:34:41.490] [0;32mI (19448780) NL_LTPDU: BatchGet 3E0AE0494182: 6 eps, rsp=125 bytes[0m
[2026-07-17 17:34:41.490] 
[2026-07-17 17:34:41.923] Nanoleaf MQTT payload: {"msgType":"control","requestID":"2ec722a2-1a4d-437d-a76a-354e0277bfd5","deviceId":"880A64775B01","endpoint":"lb/0/oo","method":"POST","value":true}
[2026-07-17 17:34:41.923] 
[2026-07-17 17:34:42.000] [0;32mI (19449280) NL_LTPDU: SendCmd POST → 880A64775B01 ep=lb/0/oo[0m
[2026-07-17 17:34:42.000] 
[2026-07-17 17:34:42.279] pTopic:switchlink/B0E9FEC6718C/link_to_nanoleaf_func_resp
[2026-07-17 17:34:42.279] pData:{"msgType":"respond","requestID":"2ec722a2-1a4d-437d-a76a-354e0277bfd5","deviceId":"880A64775B01","success":true,"errorCode":0,"errorMsg":""}
[2026-07-17 17:34:42.279] 
[2026-07-17 17:34:42.402] [0;32mI (19449681) NL_LTPDU: BatchGet 880A64775B01: 6 eps, rsp=118 bytes[0m
[2026-07-17 17:34:42.402] [0;32mI (19449681) TASK_NL: [2] Status changed: on=1 br=100 ct=6500 hu=357 sa=53 eff="*Solid*"[0m
[2026-07-17 17:34:42.402] 
[2026-07-17 17:34:42.495] pTopic:switchlink/B0E9FEC6718C/link_to_nanoleaf_property
[2026-07-17 17:34:42.495] pData:{"msgType":"status","deviceId":"880A64775B01","timestamp":1784280882,"endpoints":[{"endpoint":"lb/0/oo","value":true},{"endpoint":"lb/0/pb","value":100},{"endpoint":"lb/0/ct","value":6500},{"endpoint":"lb/0/hu","value":357},{"endpoint":"lb/0/sa","value":53},{"endpoint":"effect/select","value":"*Solid*"}]}
[2026-07-17 17:34:42.495] 
[2026-07-17 17:34:44.516] [0;32mI (19451799) NL_LTPDU: BatchGet 6A76B95FD1DB: 6 eps, rsp=118 bytes[0m
[2026-07-17 17:34:44.516] 
[2026-07-17 17:34:44.904] Nanoleaf MQTT payload: {"msgType":"control","requestID":"6786d36e-9285-4b92-8a1c-d908bfdb182d","deviceId":"880A64775B01","endpoint":"lb/0/ct","method":"POST","value":2700}
[2026-07-17 17:34:44.904] [0;32mI (19452199) NL_LTPDU: SendCmd POST → 880A64775B01 ep=lb/0/ct[0m
[2026-07-17 17:34:44.904] 
[2026-07-17 17:34:45.337] pTopic:switchlink/B0E9FEC6718C/link_to_nanoleaf_func_resp
[2026-07-17 17:34:45.337] pData:{"msgType":"respond","requestID":"6786d36e-9285-4b92-8a1c-d908bfdb182d","deviceId":"880A64775B01","success":true,"errorCode":0,"errorMsg":""}
[2026-07-17 17:34:45.337] 
[2026-07-17 17:34:45.399] [0;32mI (19452674) NL_LTPDU: BatchGet 880A64775B01: 6 eps, rsp=118 bytes[0m
[2026-07-17 17:34:45.399] [0;32mI (19452675) TASK_NL: [2] Status changed: on=1 br=100 ct=2700 hu=28 sa=66 eff="*Solid*"[0m
[2026-07-17 17:34:45.399] 
[2026-07-17 17:34:45.552] pTopic:switchlink/B0E9FEC6718C/link_to_nanoleaf_property
[2026-07-17 17:34:45.552] pData:{"msgType":"status","deviceId":"880A64775B01","timestamp":1784280885,"endpoints":[{"endpoint":"lb/0/oo","value":true},{"endpoint":"lb/0/pb","value":100},{"endpoint":"lb/0/ct","value":2700},{"endpoint":"lb/0/hu","value":28},{"endpoint":"lb/0/sa","value":66},{"endpoint":"effect/select","value":"*Solid*"}]}
[2026-07-17 17:34:45.552] 
[2026-07-17 17:34:46.343] free heap: 6248012, minimum free heap: 6042512, Internal 8bit free heap: 72288, 8bit free heap: 6248012The current date/time is: Fri Jul 17 09:34:44 2026
[2026-07-17 17:34:46.343] 
[2026-07-17 17:34:46.343] 
[2026-07-17 17:34:46.621] [0;32mI (19453911) NL_LTPDU: BatchGet 3E0AE0494182: 6 eps, rsp=125 bytes[0m
[2026-07-17 17:34:46.621] 
[2026-07-17 17:34:48.959] Nanoleaf MQTT payload: {"msgType":"control","requestID":"87ecdbe8-f9f5-417e-ab8b-bd4492bc52c1","deviceId":"880A64775B01","endpoint":"lb/0/ct","method":"POST","value":6500}
[2026-07-17 17:34:48.959] 
[2026-07-17 17:34:49.036] [0;32mI (19456322) NL_LTPDU: SendCmd POST → 880A64775B01 ep=lb/0/ct[0m
[2026-07-17 17:34:49.036] 
[2026-07-17 17:34:49.595] pTopic:switchlink/B0E9FEC6718C/link_to_nanoleaf_func_resp
[2026-07-17 17:34:49.595] pData:{"msgType":"respond","requestID":"87ecdbe8-f9f5-417e-ab8b-bd4492bc52c1","deviceId":"880A64775B01","success":true,"errorCode":0,"errorMsg":""}
[2026-07-17 17:34:49.595] 
[2026-07-17 17:34:49.641] [0;32mI (19456917) NL_LTPDU: BatchGet 6A76B95FD1DB: 6 eps, rsp=118 bytes[0m
[2026-07-17 17:34:49.641] [0;32mI (19456924) NL_LTPDU: BatchGet 880A64775B01: 6 eps, rsp=118 bytes[0m
[2026-07-17 17:34:49.641] [0;32mI (19456924) TASK_NL: [2] Status changed: on=1 br=100 ct=6500 hu=48 sa=2 eff="*Solid*"[0m
[2026-07-17 17:34:49.641] 
[2026-07-17 17:34:49.827] pTopic:switchlink/B0E9FEC6718C/link_to_nanoleaf_property
[2026-07-17 17:34:49.827] pData:{"msgType":"status","deviceId":"880A64775B01","timestamp":1784280889,"endpoints":[{"endpoint":"lb/0/oo","value":true},{"endpoint":"lb/0/pb","value":100},{"endpoint":"lb/0/ct","value":6500},{"endpoint":"lb/0/hu","value":48},{"endpoint":"lb/0/sa","value":2},{"endpoint":"effect/select","value":"*Solid*"}]}
[2026-07-17 17:34:49.827] 
[2026-07-17 17:34:51.327] uart: 11 AT+MOTION 1
[2026-07-17 17:34:51.327] 
[2026-07-17 17:34:51.327] 
[2026-07-17 17:34:51.327] btn on press
[2026-07-17 17:34:51.327] uart: 130 AT+BCDS ff04000206a59f739 0010B940B0E9FEC6718C48ca43a5b6dc0F0128200a08974346000000000000ff0cfd00000000000000000000000000000000ff01
[2026-07-17 17:34:51.327] 
[2026-07-17 17:34:51.327] 
[2026-07-17 17:34:51.327] [0;32mI (19458609) NL_LTPDU: BatchGet 3E0AE0494182: 6 eps, rsp=125 bytes[0m
[2026-07-17 17:34:51.327] 
[2026-07-17 17:34:51.450] pTopic:$aws/rules/bi_wifi_data_report/switchlink/B0E9FEC6718C/link_to_shadow
[2026-07-17 17:34:51.450] pData:BCD ff04000206a59f739 0010B940B0E9FEC6718C48ca43a5b6dc0F0128200a08974346000000000000ff0cfd00000000000000000000000000000000ff01
[2026-07-17 17:34:51.450] 
[2026-07-17 17:34:52.023] Nanoleaf MQTT payload: {"msgType":"control","requestID":"76aaaadd-325d-43e7-a3ce-412de52349b8","deviceId":"880A64775B01","endpoint":"lb/0/oo","method":"POST","value":false}
[2026-07-17 17:34:52.023] 
[2026-07-17 17:34:52.131] [0;32mI (19459409) NL_LTPDU: SendCmd POST → 880A64775B01 ep=lb/0/oo[0m
[2026-07-17 17:34:52.131] 
[2026-07-17 17:34:52.684] pTopic:switchlink/B0E9FEC6718C/link_to_nanoleaf_func_resp
[2026-07-17 17:34:52.684] pData:{"msgType":"respond","requestID":"76aaaadd-325d-43e7-a3ce-412de52349b8","deviceId":"880A64775B01","success":true,"errorCode":0,"errorMsg":""}
[2026-07-17 17:34:52.684] [0;32mI (19459953) NL_LTPDU: BatchGet 880A64775B01: 6 eps, rsp=118 bytes[0m
[2026-07-17 17:34:52.684] [0;32mI (19459957) TASK_NL: [2] Status changed: on=0 br=100 ct=6500 hu=48 sa=2 eff="*Solid*"[0m
[2026-07-17 17:34:52.684] 
[2026-07-17 17:34:52.885] pTopic:switchlink/B0E9FEC6718C/link_to_nanoleaf_property
[2026-07-17 17:34:52.885] pData:{"msgType":"status","deviceId":"880A64775B01","timestamp":1784280892,"endpoints":[{"endpoint":"lb/0/oo","value":false},{"endpoint":"lb/0/pb","value":100},{"endpoint":"lb/0/ct","value":6500},{"endpoint":"lb/0/hu","value":48},{"endpoint":"lb/0/sa","value":2},{"endpoint":"effect/select","value":"*Solid*"}]}
[2026-07-17 17:34:52.885] 
[2026-07-17 17:34:54.341] free heap: 6301308, minimum free heap: 6042512, Internal 8bit free heap: 72324, 8bit free heap: 6301308The current date/time is: Fri Jul 17 09:34:52 2026
[2026-07-17 17:34:54.341] 
[2026-07-17 17:34:54.341] 
[2026-07-17 17:34:54.511] [0;32mI (19461787) NL_LTPDU: BatchGet 6A76B95FD1DB: 6 eps, rsp=118 bytes[0m
[2026-07-17 17:34:54.511] 
[2026-07-17 17:34:56.401] [0;32mI (19463679) NL_LTPDU: BatchGet 3E0AE0494182: 6 eps, rsp=125 bytes[0m
[2026-07-17 17:34:56.401] 
[2026-07-17 17:34:56.743] Nanoleaf MQTT payload: {"msgType":"control","requestID":"4e59d67b-c36d-4b51-98f0-09fbb4597c97","deviceId":"880A64775B01","endpoint":"lb/0/oo","method":"POST","value":true}
[2026-07-17 17:34:56.743] 
[2026-07-17 17:34:56.790] [0;32mI (19464079) NL_LTPDU: SendCmd POST → 880A64775B01 ep=lb/0/oo[0m
[2026-07-17 17:34:56.790] 
[2026-07-17 17:34:57.361] pTopic:switchlink/B0E9FEC6718C/link_to_nanoleaf_func_resp
[2026-07-17 17:34:57.361] pData:{"msgType":"respond","requestID":"4e59d67b-c36d-4b51-98f0-09fbb4597c97","deviceId":"880A64775B01","success":true,"errorCode":0,"errorMsg":""}
[2026-07-17 17:34:57.361] [0;32mI (19464647) NL_LTPDU: BatchGet 880A64775B01: 6 eps, rsp=118 bytes[0m
[2026-07-17 17:34:57.361] [0;32mI (19464648) TASK_NL: [2] Status changed: on=1 br=100 ct=6500 hu=48 sa=2 eff="*Solid*"[0m
[2026-07-17 17:34:57.361] 
[2026-07-17 17:34:57.563] pTopic:switchlink/B0E9FEC6718C/link_to_nanoleaf_property
[2026-07-17 17:34:57.563] pData:{"msgType":"status","deviceId":"880A64775B01","timestamp":1784280897,"endpoints":[{"endpoint":"lb/0/oo","value":true},{"endpoint":"lb/0/pb","value":100},{"endpoint":"lb/0/ct","value":6500},{"endpoint":"lb/0/hu","value":48},{"endpoint":"lb/0/sa","value":2},{"endpoint":"effect/select","value":"*Solid*"}]}
[2026-07-17 17:34:57.563] 
[2026-07-17 17:34:59.637] [0;32mI (19466926) NL_LTPDU: BatchGet 6A76B95FD1DB: 6 eps, rsp=118 bytes[0m
[2026-07-17 17:34:59.637] 
[2026-07-17 17:35:00.846] Nanoleaf MQTT payload: {"msgType":"control","requestID":"9ad5d1c1-fe6e-4ab4-bd03-3f92d0a2e7ea","deviceId":"880A64775B01","endpoint":"ci","method":"POST","value":"{\"version\":\"2.0\",\"command\":\"requestAll\"}"}
[2026-07-17 17:35:00.846] 
[2026-07-17 17:35:00.938] [0;32mI (19468226) NL_LTPDU: SendCmd POST → 880A64775B01 ep=ci[0m
[2026-07-17 17:35:00.938] 
[2026-07-17 17:35:01.949] [0;32mI (19468346) TASK_NL: [2] Cmd rsp(10122): {"animations":[{"version":"2.0","animName":"1","animType":"static","animData":"1 44637 1 52 198 89 0 20","palette":[{"hue":135,"saturation":74,"brightness":78,"probability":0.0}],"colorType":"HSB","logicalPanelsEnabled":true},{"version":"2.0","animName":"ABC","animType":"plugin","colorType":"HSB","palette":[{"hue":3,"saturation":81,"brightness":100,"probability":0.0},{"hue":135,"saturation":74,"brightness":78,"probability":0.0},{"hue":211,"saturation":100,"brightness":100,"probability":0.0}],"pluginType":"color","pluginUuid":"b3fd723a-aae8-4c99-bf2b-087159e0ef53","rhythmFeatureSource":1,"pluginOptions":[{"name":"delayTime","value":0},{"name":"loop","value":true},{"name":"transTime","value":90}],"hasOverlay":false,"logicalPanelsEnabled":true},{"version":"2.0","animName":"Blaze","animType":"plugin","colorType":"HSB","palette":[{"hue":36,"saturation":92,"brightness":92,"probability":0.0},{"hue":28,"saturation":93,"brightness":74,"probability":0.0},{"hue":29,"saturation":93,"brightness":52,"probability":0.0}],"pluginType":"color","pluginUuid":"ba632d3e-9c2b-4413-a965-510c839b3f71","rhythmFeatureSource":1,"pluginOptions":[{"name":"delayTime","value":0},{"name":"transTime","value":20}],"hasOverlay":false,"logicalPanelsEnabled":true},{"version":"2.0","animName":"Cocoa Beach","animType":"plugin","colorType":"HSB","palette":[{"hue":192,"saturation":22,"brightness":73,"probability":0.0},{"hue":191,"saturation":20,"brightness":87,"probability":0.0},{"hue":0,"saturation":0,"brightness":100,"probability":0.0},{"hue":30,"saturation":53,"brightness":90,"probability":0.0},{"hue":25,"saturation":60,"brightness":61,"probability":0.0},{"hue":20,"saturation":52,"brightness":35,"probability":0.0}],"pluginType":"color","pluginUuid":"70b7c636-6bf8-491f-89c1-f4103508d642","rhythmFeatureSource":1,"pluginOptions":[{"name":"delayTime","value":0},{"name":"mainColorProb","value":20.989999344348904},{"name":"transTime","value":24}],"hasOverlay":false,"logicalPanelsEnabled":true},{"version":"2.0","animName":"Cotton Candy","animType":"plugin","colorType":"HSB","palette":[{"hue":182,"saturation":17,"brightness":100,"probability":0.0},{"hue":187,"saturation":21,"brightness":89,"probability":0.0},{"hue":201,"saturation":64,"brightness":96,"probability":0.0},{"hue":18,"saturation":55,"brightness":95,"probability":0.0},{"hue":46,"saturation":33,"brightness":98,"probability":0.0}],"pluginType":"rhythm","pluginUuid":"30018343-7587-4152-8d97-1c349ccc3e68","rhythmFeatureSource":1,"pluginOptions":[{"name":"transTime","value":24}],"hasOverlay":false,"logicalPanelsEnabled":true},{"version":"2.0","animName":"Date Night","animType":"plugin","colorType":"HSB","palette":[{"hue":10,"saturation":40,"brightness":98,"probability":0.0},{"hue":13,"saturation":12,"brightness":100,"probability":0.0},{"hue":348,"saturation":79,"brightness":54,"probability":0.0},{"hue":10,"saturation":56,"brightness":74,"probability":0.0}],"pluginType":"color","pluginUuid":"ba632d3e-9c2b-4413-a965-510c839b3f71","rhythmFeatureSource":1,"pluginOptions":[{"name":"delayTime","value":0},{"name":"transTime","value":24}],"hasOverlay":false,"logicalPanelsEnabled":true},{"version":"2.0","animName":"Hh","animType":"plugin","colorType":"HSB","palette":[{"hue":3,"saturation":81,"brightness":100,"probability":0.0},{"hue":135,"saturation":74,"brightness":78,"probability":0.0},{"hue":211,"saturation":100,"brightness":100,"probability":0.0}],"pluginType":"color","pluginUuid":"a2f3fcdc-dbe2-45cf-ac8b-2a9e5144ac24","rhythmFeatureSource":1,"pluginOptions":[{"name":"delayTime","value":8},{"name":"loop","value":true},{"name":"transTime","value":8}],"hasOverlay":false,"logicalPanelsEnabled":true},{"version":"2.0","animName":"Hip Hop","animType":"plugin","colorType":"HSB","palette":[{"hue":307,"saturation":100,"brightness":100,"probability":0.0},{"hue":291,"saturation":100,"brightness":100,"probability":0.0},{"hue":270,"saturation":100,"brightness":100,"probability":0.0},{"hue":248,"saturation":100,"brightness":100,"probability":0.0},{"hue":206,"saturation":100,"brightness":100,"probability":0.0}],"pluginType":"rhythm","pluginUuid":"5cec763a-6f32-45cf-a691-b81e176b6b4a","rhythmFeatureSource":1,"hasOverlay":false,"logicalPanelsEnabled":true},{"version":"2.0","animName":"Hot Sauce","animType":"plugin","colorType":"HSB","palette":[{"hue":0,"saturation":100,"brightness":89,"probability":0.0},{"hue":27,"saturation":100,"brightness":100,"probability":0.0}],"pluginType":"rhythm","pluginUuid":"60333927-cc36-4a5a-a682-9bd114de8bff","rhythmFeatureSource":1,"hasOverlay":false,"logicalPanelsEnabled":true},{"version":"2.0","animName":"Jungle","animType":"plugin","colorType":"HSB","palette":[{"hue":70,"saturation":25,"brightness":100,"probability":0.0},{"hue":104,"saturation":36,"brightness":69,"probability":0.0},{"hue":82,"saturation":66,"brightness":100,"probability":0.0},{"hue":90,"saturation":100,"brightness":33,"probability":0.0}],"pluginType":"color","pluginUuid":"ba632d3e-9c2b-4413-a965-510c839b3f71","rhythmFeatureSource":1,"pluginOptions":[{"name":"delayTime","value":0},{"name":"transTime","value":15}],"hasOverlay":false,"logicalPanelsEnabled":true},{"version":"2.0","animName":"Kk","animType":"static","animData":"2 44637 1 0 0 0 0 20 30927 1 254 0 0 0 20","palette":[{"hue":0,"saturation":0,"brightness":0,"probability":0.0},{"hue":0,"saturation":100,"brightness":100,"probability":0.0}],"colorType":"HSB","logicalPanelsEnabled":true},{"version":"2.0","animName":"Lightscape","animType":"plugin","colorType":"HSB","palette":[{"hue":158,"saturation":100,"brightness":100,"probability":0.0},{"hue":206,"saturation":100,"brightness":100,"probability":0.0},{"hue":273,"saturation":100,"brightness":100,"probability":0.0}],"pluginType":"color","pluginUuid":"027842e4-e1d6-4a4c-a731-be74a1ebd4cf","rhythmFeatureSource":1,"pluginOptions":[{"name":"delayTime","value":0},{"name":"linDirection","value":"up"},{"name":"loop","value":true},{"name":"transTime","value":24}],"hasOverlay":false,"logicalPanelsEnabled":true},{"version":"2.0","animName":"Morning Sky","animType":"plugin","colorType":"HSB","palette":[{"hue":193,"saturation":27,"brightness":94,"probability":0.0},{"hue":192,"saturation":9,"brightness":98,"probability":0.0},{"hue":0,"saturation":0,"brightness":100,"probability":0.0}],"pluginType":"color","pluginUuid":"713518c1-d560-47db-8991-de780af71d1e","rhythmFeatureSource":1,"pluginOptions":[{"name":"delayTime","value":0},{"name":"loop","value":true},{"name":"transTime","value":43}],"hasOverlay":false,"logicalPanelsEnabled":true},{"version":"2.0","animName":"Northern Lights","animType":"plugin","colorType":"HSB","palette":[{"hue":227,"saturation":100,"brightness":99,"probability":0.0},{"hue":182,"saturation":100,"brightness":100,"probability":0.0},{"hue":125,"saturation":100,"brightness":93,"probability":0.0},{"hue":62,"saturation":100,"brightness":100,"probability":0.0},{"hue":31,"saturation":100,"brightness":100,"probability":0.0},{"hue":2,"saturation":100,"brightness":100,"probability":0.0},{"hue":307,"saturation":100,"brightness":100,"probability":0.0}],"pluginType":"color","pluginUuid":"6970681a-20b5-4c5e-8813-bdaebc4ee4fa","rhythmFeatureSource":1,"pluginOptions":[{"name":"linDirection","value":"right"},{"name":"loop","value":true},{"name":"nColorsPerFrame","value":2},{"name":"transTime","value":20}],"hasOverlay":false,"logicalPanelsEnabled":true},{"version":"2.0","animName":"Pop Rocks","animType":"plugin","colorType":"HSB","palette":[{"hue":0,"saturation":0,"brightness":92,"probability":0.0},{"hue":186,"saturation":90,"brightness":94,"probability":0.0},{"hue":48,"saturation":77,"brightness":98,"probability":0.0},{"hue":180,"saturation":20,"brightness":94,"probability":0.0},{"hue":240,"saturation":100,"brightness":60,"probability":0.0}],"pluginType":"rhythm","pluginUuid":"bc6fe7e0-36d4-4f95-aa21-52a386daa9dc","rhythmFeatureSource":1,"hasOverlay":false,"logicalPanelsEnabled":true},{"version":"2.0","animName":"Prism","animType":"plugin","colorType":"HSB","palette":[{"hue":111,"saturation":96,"brightness":100,"probability":0.0},{"hue":58,"saturation":100,"brightness":98,"probability":0.0},{"hue":36,"saturation":96,"brightness":98,"probability":0.0},{"hue":295,"saturation":100,"brightness":98,"probability":0.0},{"hue":1,"saturation":96,"brightness":98,"probability":0.0},{"hue":222,"saturation":87,"brightness":98,"probability":0.0}],"pluginType":"rhythm","pluginUuid":"fa0ce428-ad3a-40a9-84e4-1c9316644852","rhythmFeatureSource":1,"hasOverlay":false,"logicalPanelsEnabled":true},{"version":"2.0","animName":"Starlight","animType":"plugin","colorType":"HSB","palette":[{"hue":224,"saturation":74,"brightness":56,"probability":0.0},{"hue":214,"saturation":53,"brightness":67,"probability":0.0},{"hue":57,"saturation":28,"brightness":81,"probability":0.0},{"hue":47,"saturation":84,"brightness":83,"probability":0.0}],"pluginType":"color","pluginUuid":"70b7c636-6bf8-491f-89c1-f4103508d642","rhythmFeatureSource":1,"pluginOptions":[{"name":"delayTime","value":15},{"name":"mainColorProb","value":79.99},{"name":"transTime","value":24}],"hasOverlay":false,"logicalPanelsEnabled":true},{"version":"2.0","animName":"Sundown","animType":"plugin","colorType":"HSB","palette":[{"hue":352,"saturation":95,"brightness":100,"probability":0.0},{"hue":30,"saturation":100,"brightness":100,"probability":0.0},{"hue":43,"saturation":83,"brightness":100,"probability":0.0}],"pluginType":"color","pluginUuid":"6970681a-20b5-4c5e-8813-bdaebc4ee4fa","rhythmFeatureSource":1,"pluginOptions":[{"name":"linDirection","value":"down"},{"name":"loop","value":true},{"name":"nColorsPerFrame","value":3},{"name":"transTime","value":24}],"hasOverlay":false,"logicalPanelsEnabled":true},{"version":"2.0","animName":"Waterfall","animType":"plugin","colorType":"HSB","palette":[{"hue":0,"saturation":0,"brightness":100,"probability":0.0},{"hue":166,"saturation":36,"brightness":100,"probability":0.0},{"hue":220,"saturation":49,"brightness":100,"probability":0.0}],"pluginType":"rhythm","pluginUuid":"23e70ff4-458c-4852-826f-9315d89ee6ed","rhythmFeatureSource":1,"hasOverlay":false,"logicalPanelsEnabled":true}]}[0m
[2026-07-17 17:35:01.949] [0;32mI (19469220) NL_MQTT: PublishRespondData: len=11710, pushing to MQTT queue[0m
[2026-07-17 17:35:01.949] 
[2026-07-17 17:35:02.880] [0;32mI (19469281) NL_LTPDU: BatchGet 3E0AE0494182: 6 eps, rsp=125 bytes[0m
[2026-07-17 17:35:02.880] pTopic:switchlink/B0E9FEC6718C/link_to_nanoleaf_func_resp
[2026-07-17 17:35:02.880] pData:{"msgType":"respond","requestID":"9ad5d1c1-fe6e-4ab4-bd03-3f92d0a2e7ea","deviceId":"880A64775B01","success":true,"errorCode":0,"errorMsg":"","endpoints":[{"endpoint":"ci","value":"{\"animations\":[{\"version\":\"2.0\",\"animName\":\"1\",\"animType\":\"static\",\"animData\":\"1 44637 1 52 198 89 0 20\",\"palette\":[{\"hue\":135,\"saturation\":74,\"brightness\":78,\"probability\":0.0}],\"colorType\":\"HSB\",\"logicalPanelsEnabled\":true},{\"version\":\"2.0\",\"animName\":\"ABC\",\"animType\":\"plugin\",\"colorType\":\"HSB\",\"palette\":[{\"hue\":3,\"saturation\":81,\"brightness\":100,\"probability\":0.0},{\"hue\":135,\"saturation\":74,\"brightness\":78,\"probability\":0.0},{\"hue\":211,\"saturation\":100,\"brightness\":100,\"probability\":0.0}],\"pluginType\":\"color\",\"pluginUuid\":\"b3fd723a-aae8-4c99-bf2b-087159e0ef53\",\"rhythmFeatureSource\":1,\"pluginOptions\":[{\"name\":\"delayTime\",\"value\":0},{\"name\":\"loop\",\"value\":true},{\"name\":\"transTime\",\"value\":90}],\"hasOverlay\":false,\"logicalPanelsEnabled\":true},{\"version\":\"2.0\",\"animName\":\"Blaze\",\"animType\":\"plugin\",\"colorType\":\"HSB\",\"palette\":[{\"hue\":36,\"saturation\":92,\"brightness\":92,\"probability\":0.0},{\"hue\":28,\"saturation\":93,\"brightness\":74,\"probability\":0.0},{\"hue\":29,\"saturation\":93,\"brightness\":52,\"probability\":0.0}],\"pluginType\":\"color\",\"pluginUuid\":\"ba632d3e-9c2b-4413-a965-510c839b3f71\",\"rhythmFeatureSource\":1,\"pluginOptions\":[{\"name\":\"delayTime\",\"value\":0},{\"name\":\"transTime\",\"value\":20}],\"hasOverlay\":false,\"logicalPanelsEnabled\":true},{\"version\":\"2.0\",\"animName\":\"Cocoa Beach\",\"animType\":\"plugin\",\"colorType\":\"HSB\",\"palette\":[{\"hue\":192,\"saturation\":22,\"brightness\":73,\"probability\":0.0},{\"hue\":191,\"saturation\":20,\"brightness\":87,\"probability\":0.0},{\"hue\":0,\"saturation\":0,\"brightness\":100,\"probability\":0.0},{\"hue\":30,\"saturation\":53,\"brightness\":90,\"probability\":0.0},{\"hue\":25,\"saturation\":60,\"brightness\":61,\"probability\":0.0},{\"hue\":20,\"saturation\":52,\"brightness\":35,\"probability\":0.0}],\"pluginType\":\"color\",\"pluginUuid\":\"70b7c636-6bf8-491f-89c1-f4103508d642\",\"rhythmFeatureSource\":1,\"pluginOptions\":[{\"name\":\"delayTime\",\"value\":0},{\"name\":\"mainColorProb\",\"value\":20.989999344348904},{\"name\":\"transTime\",\"value\":24}],\"hasOverlay\":false,\"logicalPanelsEnabled\":true},{\"version\":\"2.0\",\"animName\":\"Cotton Candy\",\"animType\":\"plugin\",\"colorType\":\"HSB\",\"palette\":[{\"hue\":182,\"saturation\":17,\"brightness\":100,\"probability\":0.0},{\"hue\":187,\"saturation\":21,\"brightness\":89,\"probability\":0.0},{\"hue\":201,\"saturation\":64,\"brightness\":96,\"probability\":0.0},{\"hue\":18,\"saturation\":55,\"brightness\":95,\"probability\":0.0},{\"hue\":46,\"saturation\":33,\"brightness\":98,\"probability\":0.0}],\"pluginType\":\"rhythm\",\"pluginUuid\":\"30018343-7587-4152-8d97-1c349ccc3e68\",\"rhythmFeatureSource\":1,\"pluginOptions\":[{\"name\":\"transTime\",\"value\":24}],\"hasOverlay\":false,\"logicalPanelsEnabled\":true},{\"version\":\"2.0\",\"animName\":\"Date Night\",\"animType\":\"plugin\",\"colorType\":\"HSB\",\"palette\":[{\"hue\":10,\"saturation\":40,\"brightness\":98,\"probability\":0.0},{\"hue\":13,\"saturation\":12,\"brightness\":100,\"probability\":0.0},{\"hue\":348,\"saturation\":79,\"brightness\":54,\"probability\":0.0},{\"hue\":10,\"saturation\":56,\"brightness\":74,\"probability\":0.0}],\"pluginType\":\"color\",\"pluginUuid\":\"ba632d3e-9c2b-4413-a965-510c839b3f71\",\"rhythmFeatureSource\":1,\"pluginOptions\":[{\"name\":\"delayTime\",\"value\":0},{\"name\":\"transTime\",\"value\":24}],\"hasOverlay\":false,\"logicalPanelsEnabled\":true},{\"version\":\"2.0\",\"animName\":\"Hh\",\"animType\":\"plugin\",\"colorType\":\"HSB\",\"palette\":[{\"hue\":3,\"saturation\":81,\"brightness\":100,\"probability\":0.0},{\"hue\":135,\"saturation\":74,\"brightness\":78,\"probability\":0.0},{\"hue\":211,\"saturation\":100,\"brightness\":100,\"probability\":0.0}],\"pluginType\":\"color\",\"pluginUuid\":\"a2f3fcdc-dbe2-45cf-ac8b-2a9e5144ac24\",\"rhythmFeatureSource\":1,\"pluginOptions\":[{\"name\":\"delayTime\",\"value\":8},{\"name\":\"loop\",\"value\":true},{\"name\":\"transTime\",\"value\":8}],\"hasOverlay\":false,\"logicalPanelsEnabled\":true},{\"version\":\"2.0\",\"animName\":\"Hip Hop\",\"animType\":\"plugin\",\"colorType\":\"HSB\",\"palette\":[{\"hue\":307,\"saturation\":100,\"brightness\":100,\"probability\":0.0},{\"hue\":291,\"saturation\":100,\"brightness\":100,\"probability\":0.0},{\"hue\":270,\"saturation\":100,\"brightness\":100,\"probability\":0.0},{\"hue\":248,\"saturation\":100,\"brightness\":100,\"probability\":0.0},{\"hue\":206,\"saturation\":100,\"brightness\":100,\"probability\":0.0}],\"pluginType\":\"rhythm\",\"pluginUuid\":\"5cec763a-6f32-45cf-a691-b81e176b6b4a\",\"rhythmFeatureSource\":1,\"hasOverlay\":false,\"logicalPanelsEnabled\":true},{\"version\":\"2.0\",\"animName\":\"Hot Sauce\",\"animType\":\"plugin\",\"colorType\":\"HSB\",\"palette\":[{\"hue\":0,\"saturation\":100,\"brightness\":89,\"probability\":0.0},{\"hue\":27,\"saturation\":100,\"brightness\":100,\"probability\":0.0}],\"pluginType\":\"rhythm\",\"pluginUuid\":\"60333927-cc36-4a5a-a682-9bd114de8bff\",\"rhythmFeatureSource\":1,\"hasOverlay\":false,\"logicalPanelsEnabled\":true},{\"version\":\"2.0\",\"animName\":\"Jungle\",\"animType\":\"plugin\",\"colorType\":\"HSB\",\"palette\":[{\"hue\":70,\"saturation\":25,\"brightness\":100,\"probability\":0.0},{\"hue\":104,\"saturation\":36,\"brightness\":69,\"probability\":0.0},{\"hue\":82,\"saturation\":66,\"brightness\":100,\"probability\":0.0},{\"hue\":90,\"saturation\":100,\"brightness\":33,\"probability\":0.0}],\"pluginType\":\"color\",\"pluginUuid\":\"ba632d3e-9c2b-4413-a965-510c839b3f71\",\"rhythmFeatureSource\":1,\"pluginOptions\":[{\"name\":\"delayTime\",\"value\":0},{\"name\":\"transTime\",\"value\":15}],\"hasOverlay\":false,\"logicalPanelsEnabled\":true},{\"version\":\"2.0\",\"animName\":\"Kk\",\"animType\":\"static\",\"animData\":\"2 44637 1 0 0 0 0 20 30927 1 254 0 0 0 20\",\"palette\":[{\"hue\":0,\"saturation\":0,\"brightness\":0,\"probability\":0.0},{\"hue\":0,\"saturation\":100,\"brightness\":100,\"probability\":0.0}],\"colorType\":\"HSB\",\"logicalPanelsEnabled\":true},{\"version\":\"2.0\",\"animName\":\"Lightscape\",\"animType\":\"plugin\",\"colorType\":\"HSB\",\"palette\":[{\"hue\":158,\"saturation\":100,\"brightness\":100,\"probability\":0.0},{\"hue\":206,\"saturation\":100,\"brightness\":100,\"probability\":0.0},{\"hue\":273,\"saturation\":100,\"brightness\":100,\"probability\":0.0}],\"pluginType\":\"color\",\"pluginUuid\":\"027842e4-e1d6-4a4c-a731-be74a1ebd4cf\",\"rhythmFeatureSource\":1,\"pluginOptions\":[{\"name\":\"delayTime\",\"value\":0},{\"name\":\"linDirection\",\"value\":\"up\"},{\"name\":\"loop\",\"value\":true},{\"name\":\"transTime\",\"value\":24}],\"hasOverlay\":false,\"logicalPanelsEnabled\":true},{\"version\":\"2.0\",\"animName\":\"Morning Sky\",\"animType\":\"plugin\",\"colorType\":\"HSB\",\"palette\":[{\"hue\":193,\"saturation\":27,\"brightness\":94,\"probability\":0.0},{\"hue\":192,\"saturation\":9,\"brightness\":98,\"probability\":0.0},{\"hue\":0,\"saturation\":0,\"brightness\":100,\"probability\":0.0}],\"pluginType\":\"color\",\"pluginUuid\":\"713518c1-d560-47db-8991-de780af71d1e\",\"rhythmFeatureSource\":1,\"pluginOptions\":[{\"name\":\"delayTime\",\"value\":0},{\"name\":\"loop\",\"value\":true},{\"name\":\"transTime\",\"value\":43}],\"hasOverlay\":false,\"logicalPanelsEnabled\":true},{\"version\":\"2.0\",\"animName\":\"Northern Lights\",\"animType\":\"plugin\",\"colorType\":\"HSB\",\"palette\":[{\"hue\":227,\"saturation\":100,\"brightness\":99,\"probability\":0.0},{\"hue\":182,\"saturation\":100,\"brightness\":100,\"probability\":0.0},{\"hue\":125,\"saturation\":100,\"brightness\":93,\"probability\":0.0},{\"hue\":62,\"saturation\":100,\"brightness\":100,\"probability\":0.0},{\"hue\":31,\"saturation\":100,\"brightness\":100,\"probability\":0.0},{\"hue\":2,\"saturation\":100,\"brightness\":100,\"probability\":0.0},{\"hue\":307,\"saturation\":100,\"brightness\":100,\"probability\":0.0}],\"pluginType\":\"color\",\"pluginUuid\":\"6970681a-20b5-4c5e-8813-bdaebc4ee4fa\",\"rhythmFeatureSource\":1,\"pluginOptions\":[{\"name\":\"linDirection\",\"value\":\"right\"},{\"name\":\"loop\",\"value\":true},{\"name\":\"nColorsPerFrame\",\"value\":2},{\"name\":\"transTime\",\"value\":20}],\"hasOverlay\":false,\"logicalPanelsEnabled\":true},{\"version\":\"2.0\",\"animName\":\"Pop Rocks\",\"animType\":\"plugin\",\"colorType\":\"HSB\",\"palette\":[{\"hue\":0,\"saturation\":0,\"brightness\":92,\"probability\":0.0},{\"hue\":186,\"saturation\":90,\"brightness\":94,\"probability\":0.0},{\"hue\":48,\"saturation\":77,\"brightness\":98,\"probability\":0.0},{\"hue\":180,\"saturation\":20,\"brightness\":94,\"probability\":0.0},{\"hue\":240,\"saturation\":100,\"brightness\":60,\"probability\":0.0}],\"pluginType\":\"rhythm\",\"pluginUuid\":\"bc6fe7e0-36d4-4f95-aa21-52a386daa9dc\",\"rhythmFeatureSource\":1,\"hasOverlay\":false,\"logicalPanelsEnabled\":true},{\"version\":\"2.0\",\"animName\":\"Prism\",\"animType\":\"plugin\",\"colorType\":\"HSB\",\"palette\":[{\"hue\":111,\"saturation\":96,\"brightness\":100,\"probability\":0.0},{\"hue\":58,\"saturation\":100,\"brightness\":98,\"probability\":0.0},{\"hue\":36,\"saturation\":96,\"brightness\":98,\"probability\":0.0},{\"hue\":295,\"saturation\":100,\"brightness\":98,\"probability\":0.0},{\"hue\":1,\"saturation\":96,\"brightness\":98,\"probability\":0.0},{\"hue\":222,\"saturation\":87,\"brightness\":98,\"probability\":0.0}],\"pluginType\":\"rhythm\",\"pluginUuid\":\"fa0ce428-ad3a-40a9-84e4-1c9316644852\",\"rhythmFeatureSource\":1,\"hasOverlay\":false,\"logicalPanelsEnabled\":true},{\"version\":\"2.0\",\"animName\":\"Starlight\",\"animType\":\"plugin\",\"colorType\":\"HSB\",\"palette\":[{\"hue\":224,\"saturation\":74,\"brightness\":56,\"probability\":0.0},{\"hue\":214,\"saturation\":53,\"brightness\":67,\"probability\":0.0},{\"hue\":57,\"saturation\":28,\"brightness\":81,\"probability\":0.0},{\"hue\":4
[2026-07-17 17:35:03.050] 7,\"saturation\":84,\"brightness\":83,\"probability\":0.0}],\"pluginType\":\"color\",\"pluginUuid\":\"70b7c636-6bf8-491f-89c1-f4103508d642\",\"rhythmFeatureSource\":1,\"pluginOptions\":[{\"name\":\"delayTime\",\"value\":15},{\"name\":\"mainColorProb\",\"value\":79.99},{\"name\":\"transTime\",\"value\":24}],\"hasOverlay\":false,\"logicalPanelsEnabled\":true},{\"version\":\"2.0\",\"animName\":\"Sundown\",\"animType\":\"plugin\",\"colorType\":\"HSB\",\"palette\":[{\"hue\":352,\"saturation\":95,\"brightness\":100,\"probability\":0.0},{\"hue\":30,\"saturation\":100,\"brightness\":100,\"probability\":0.0},{\"hue\":43,\"saturation\":83,\"brightness\":100,\"probability\":0.0}],\"pluginType\":\"color\",\"pluginUuid\":\"6970681a-20b5-4c5e-8813-bdaebc4ee4fa\",\"rhythmFeatureSource\":1,\"pluginOptions\":[{\"name\":\"linDirection\",\"value\":\"down\"},{\"name\":\"loop\",\"value\":true},{\"name\":\"nColorsPerFrame\",\"value\":3},{\"name\":\"transTime\",\"value\":24}],\"hasOverlay\":false,\"logicalPanelsEnabled\":true},{\"version\":\"2.0\",\"animName\":\"Waterfall\",\"animType\":\"plugin\",\"colorType\":\"HSB\",\"palette\":[{\"hue\":0,\"saturation\":0,\"brightness\":100,\"probability\":0.0},{\"hue\":166,\"saturation\":36,\"brightness\":100,\"probability\":0.0},{\"hue\":220,\"saturation\":49,\"brightness\":100,\"probability\":0.0}],\"pluginType\":\"rhythm\",\"pluginUuid\":\"23e70ff4-458c-4852-826f-9315d89ee6ed\",\"rhythmFeatureSource\":1,\"hasOverlay\":false,\"logicalPanelsEnabled\":true}]}"}]}
[2026-07-17 17:35:03.050] [0;32mI (19469294) NL_LTPDU: BatchGet 880A64775B01: 6 eps, rsp=118 bytes[0m
[2026-07-17 17:35:03.050] free heap: 6248152, minimum free heap: 6042512, Internal 8bit free heap: 72428, 8bit free heap: 6248152The current date/time is: Fri Jul 17 09:35:00 2026
[2026-07-17 17:35:03.050] 
[2026-07-17 17:35:03.050] 
[2026-07-17 17:35:04.830] [0;32mI (19472106) NL_LTPDU: BatchGet 6A76B95FD1DB: 6 eps, rsp=118 bytes[0m
[2026-07-17 17:35:04.830] 
[2026-07-17 17:35:06.650] Nanoleaf MQTT payload: {"msgType":"control","requestID":"087ffd52-afc0-48f0-a43c-9284396ba877","deviceId":"880A64775B01","endpoint":"ci","method":"POST","value":"{\"version\":\"2.0\",\"animName\":\"Vibrant Sunrise\",\"animType\":\"plugin\",\"palette\":[{\"hue\":254,\"saturation\":100,\"brightness\":34},{\"hue\":261,\"saturation\":100,\"brightness\":28},{\"hue\":6,\"saturation\":100,\"brightness\":40},{\"hue\":6,\"saturation\":100,\"brightness\":68},{\"hue\":14,\"saturation\":100,\"brightness\":79},{\"hue\":25,\"saturation\":100,\"brightness\":93},{\"hue\":34,\"saturation\":100,\"brightness\":100},{\"hue\":52,\"saturation\":100,\"brightness\":100},{\"hue\":0,\"saturation\":0,\"brightness\":100}],\"pluginType\":\"color\",\"pluginUuid\":\"027842e4-e1d6-4a4c-a731-be74a1ebd4cf\",\"pluginOptions\":[{\"name\":\"transTime\",\"value\":24},{\"name\":\"delayTime\",\"value\":0},{\"name\":\"direction\",\"value\":\"up\"},{\"name\":\"loop\",\"value\":false}],\"colorType\":\"HSB\",\"loop\":false,\"command\":\"add\"}"}
[2026-07-17 17:35:06.650] 
[2026-07-17 17:35:06.727] [0;32mI (19474006) NL_LTPDU: SendCmd POST → 880A64775B01 ep=ci[0m
[2026-07-17 17:35:06.727] 
[2026-07-17 17:35:07.128] [0;32mI (19474403) NL_LTPDU: BatchGet 3E0AE0494182: 6 eps, rsp=125 bytes[0m
[2026-07-17 17:35:07.128] 
[2026-07-17 17:35:07.253] pTopic:switchlink/B0E9FEC6718C/link_to_nanoleaf_func_resp
[2026-07-17 17:35:07.253] pData:{"msgType":"respond","requestID":"087ffd52-afc0-48f0-a43c-9284396ba877","deviceId":"880A64775B01","success":true,"errorCode":0,"errorMsg":""}
[2026-07-17 17:35:07.253] 
[2026-07-17 17:35:07.300] [0;32mI (19474585) NL_LTPDU: BatchGet 880A64775B01: 6 eps, rsp=126 bytes[0m
[2026-07-17 17:35:07.300] [0;32mI (19474586) TASK_NL: [2] Status changed: on=1 br=100 ct=6500 hu=0 sa=0 eff="Vibrant Sunrise"[0m
[2026-07-17 17:35:07.300] 
[2026-07-17 17:35:07.485] pTopic:switchlink/B0E9FEC6718C/link_to_nanoleaf_property
[2026-07-17 17:35:07.485] pData:{"msgType":"status","deviceId":"880A64775B01","timestamp":1784280907,"endpoints":[{"endpoint":"lb/0/oo","value":true},{"endpoint":"lb/0/pb","value":100},{"endpoint":"lb/0/ct","value":6500},{"endpoint":"lb/0/hu","value":0},{"endpoint":"lb/0/sa","value":0},{"endpoint":"effect/select","value":"Vibrant Sunrise"}]}
[2026-07-17 17:35:07.485] 
[2026-07-17 17:35:09.122] Nanoleaf MQTT payload: {"msgType":"control","requestID":"df1f7a80-229f-4bdd-b1a9-ef45f10f2a5f","deviceId":"880A64775B01","endpoint":"effect/select","method":"POST","value":"Vibrant Sunrise"}
[2026-07-17 17:35:09.122] [0;32mI (19476411) NL_LTPDU: SendCmd POST → 880A64775B01 ep=effect/select[0m
[2026-07-17 17:35:09.122] 
[2026-07-17 17:35:09.725] pTopic:switchlink/B0E9FEC6718C/link_to_nanoleaf_func_resp
[2026-07-17 17:35:09.725] pData:{"msgType":"respond","requestID":"df1f7a80-229f-4bdd-b1a9-ef45f10f2a5f","deviceId":"880A64775B01","success":true,"errorCode":0,"errorMsg":""}
[2026-07-17 17:35:09.725] [0;32mI (19477019) NL_LTPDU: BatchGet 880A64775B01: 6 eps, rsp=126 bytes[0m
[2026-07-17 17:35:09.725] 
[2026-07-17 17:35:09.880] [0;32mI (19477156) NL_LTPDU: BatchGet 6A76B95FD1DB: 6 eps, rsp=118 bytes[0m
[2026-07-17 17:35:09.880] 
[2026-07-17 17:35:10.050] free heap: 6301272, minimum free heap: 6042512, Internal 8bit free heap: 72288, 8bit free heap: 6301272The current date/time is: Fri Jul 17 09:35:08 2026
[2026-07-17 17:35:10.050] 
[2026-07-17 17:35:10.050] 
[2026-07-17 17:35:12.295] [0;32mI (19479579) NL_LTPDU: BatchGet 3E0AE0494182: 6 eps, rsp=125 bytes[0m
[2026-07-17 17:35:12.295] 
[2026-07-17 17:35:15.485] [0;32mI (19482773) NL_LTPDU: BatchGet 880A64775B01: 6 eps, rsp=126 bytes[0m
[2026-07-17 17:35:15.485] 
[2026-07-17 17:35:15.607] [0;32mI (19482895) NL_LTPDU: BatchGet 6A76B95FD1DB: 6 eps, rsp=118 bytes[0m
[2026-07-17 17:35:15.607] 
[2026-07-17 17:35:16.749] Nanoleaf MQTT payload: {"msgType":"control","requestID":"8d684281-8012-43e1-b514-d448d105d99e","deviceId":"880A64775B01","endpoint":"lb/0/oo","method":"POST","value":false}
[2026-07-17 17:35:16.749] 
[2026-07-17 17:35:16.810] [0;32mI (19484095) NL_LTPDU: SendCmd POST → 880A64775B01 ep=lb/0/oo[0m
[2026-07-17 17:35:16.810] 
[2026-07-17 17:35:17.397] pTopic:switchlink/B0E9FEC6718C/link_to_nanoleaf_func_resp
[2026-07-17 17:35:17.397] pData:{"msgType":"respond","requestID":"8d684281-8012-43e1-b514-d448d105d99e","deviceId":"880A64775B01","success":true,"errorCode":0,"errorMsg":""}
[2026-07-17 17:35:17.397] [0;32mI (19484671) NL_LTPDU: BatchGet 3E0AE0494182: 6 eps, rsp=125 bytes[0m
[2026-07-17 17:35:17.397] 
[2026-07-17 17:35:17.444] [0;32mI (19484717) NL_LTPDU: BatchGet 880A64775B01: 6 eps, rsp=126 bytes[0m
[2026-07-17 17:35:17.444] [0;32mI (19484718) TASK_NL: [2] Status changed: on=0 br=100 ct=6500 hu=0 sa=0 eff="Vibrant Sunrise"[0m
[2026-07-17 17:35:17.444] 
[2026-07-17 17:35:17.614] pTopic:switchlink/B0E9FEC6718C/link_to_nanoleaf_property
[2026-07-17 17:35:17.614] pData:{"msgType":"status","deviceId":"880A64775B01","timestamp":1784280917,"endpoints":[{"endpoint":"lb/0/oo","value":false},{"endpoint":"lb/0/pb","value":100},{"endpoint":"lb/0/ct","value":6500},{"endpoint":"lb/0/hu","value":0},{"endpoint":"lb/0/sa","value":0},{"endpoint":"effect/select","value":"Vibrant Sunrise"}]}
[2026-07-17 17:35:17.614] 
[2026-07-17 17:35:17.799] Nanoleaf MQTT payload: {"msgType":"control","requestID":"15727fda-fee3-4058-b13a-3cb5f180ca35","deviceId":"880A64775B01","endpoint":"ci","method":"POST","value":"{\"version\":\"2.0\",\"command\":\"requestAll\"}"}
[2026-07-17 17:35:17.799] 
[2026-07-17 17:35:17.845] [0;32mI (19485122) NL_LTPDU: SendCmd POST → 880A64775B01 ep=ci[0m
[2026-07-17 17:35:17.845] 
[2026-07-17 17:35:18.959] free heap: 6149704, minimum free heap: 6042512, Internal 8bit free heap: 72288, 8bit free heap: 6149704The current date/time is: Fri Jul 17 09:35:16 2026
[2026-07-17 17:35:18.959] 
[2026-07-17 17:35:18.959] [0;32mI (19485372) TASK_NL: [2] Cmd rsp(11072): {"animations":[{"version":"2.0","animName":"1","animType":"static","animData":"1 44637 1 52 198 89 0 20","palette":[{"hue":135,"saturation":74,"brightness":78,"probability":0.0}],"colorType":"HSB","logicalPanelsEnabled":true},{"version":"2.0","animName":"ABC","animType":"plugin","colorType":"HSB","palette":[{"hue":3,"saturation":81,"brightness":100,"probability":0.0},{"hue":135,"saturation":74,"brightness":78,"probability":0.0},{"hue":211,"saturation":100,"brightness":100,"probability":0.0}],"pluginType":"color","pluginUuid":"b3fd723a-aae8-4c99-bf2b-087159e0ef53","rhythmFeatureSource":1,"pluginOptions":[{"name":"delayTime","value":0},{"name":"loop","value":true},{"name":"transTime","value":90}],"hasOverlay":false,"logicalPanelsEnabled":true},{"version":"2.0","animName":"Blaze","animType":"plugin","colorType":"HSB","palette":[{"hue":36,"saturation":92,"brightness":92,"probability":0.0},{"hue":28,"saturation":93,"brightness":74,"probability":0.0},{"hue":29,"saturation":93,"brightness":52,"probability":0.0}],"pluginType":"color","pluginUuid":"ba632d3e-9c2b-4413-a965-510c839b3f71","rhythmFeatureSource":1,"pluginOptions":[{"name":"delayTime","value":0},{"name":"transTime","value":20}],"hasOverlay":false,"logicalPanelsEnabled":true},{"version":"2.0","animName":"Cocoa Beach","animType":"plugin","colorType":"HSB","palette":[{"hue":192,"saturation":22,"brightness":73,"probability":0.0},{"hue":191,"saturation":20,"brightness":87,"probability":0.0},{"hue":0,"saturation":0,"brightness":100,"probability":0.0},{"hue":30,"saturation":53,"brightness":90,"probability":0.0},{"hue":25,"saturation":60,"brightness":61,"probability":0.0},{"hue":20,"saturation":52,"brightness":35,"probability":0.0}],"pluginType":"color","pluginUuid":"70b7c636-6bf8-491f-89c1-f4103508d642","rhythmFeatureSource":1,"pluginOptions":[{"name":"delayTime","value":0},{"name":"mainColorProb","value":20.989999344348904},{"name":"transTime","value":24}],"hasOverlay":false,"logicalPanelsEnabled":true},{"version":"2.0","animName":"Cotton Candy","animType":"plugin","colorType":"HSB","palette":[{"hue":182,"saturation":17,"brightness":100,"probability":0.0},{"hue":187,"saturation":21,"brightness":89,"probability":0.0},{"hue":201,"saturation":64,"brightness":96,"probability":0.0},{"hue":18,"saturation":55,"brightness":95,"probability":0.0},{"hue":46,"saturation":33,"brightness":98,"probability":0.0}],"pluginType":"rhythm","pluginUuid":"30018343-7587-4152-8d97-1c349ccc3e68","rhythmFeatureSource":1,"pluginOptions":[{"name":"transTime","value":24}],"hasOverlay":false,"logicalPanelsEnabled":true},{"version":"2.0","animName":"Date Night","animType":"plugin","colorType":"HSB","palette":[{"hue":10,"saturation":40,"brightness":98,"probability":0.0},{"hue":13,"saturation":12,"brightness":100,"probability":0.0},{"hue":348,"saturation":79,"brightness":54,"probability":0.0},{"hue":10,"saturation":56,"brightness":74,"probability":0.0}],"pluginType":"color","pluginUuid":"ba632d3e-9c2b-4413-a965-510c839b3f71","rhythmFeatureSource":1,"pluginOptions":[{"name":"delayTime","value":0},{"name":"transTime","value":24}],"hasOverlay":false,"logicalPanelsEnabled":true},{"version":"2.0","animName":"Hh","animType":"plugin","colorType":"HSB","palette":[{"hue":3,"saturation":81,"brightness":100,"probability":0.0},{"hue":135,"saturation":74,"brightness":78,"probability":0.0},{"hue":211,"saturation":100,"brightness":100,"probability":0.0}],"pluginType":"color","pluginUuid":"a2f3fcdc-dbe2-45cf-ac8b-2a9e5144ac24","rhythmFeatureSource":1,"pluginOptions":[{"name":"delayTime","value":8},{"name":"loop","value":true},{"name":"transTime","value":8}],"hasOverlay":false,"logicalPanelsEnabled":true},{"version":"2.0","animName":"Hip Hop","animType":"plugin","colorType":"HSB","palette":[{"hue":307,"saturation":100,"brightness":100,"probability":0.0},{"hue":291,"saturation":100,"brightness":100,"probability":0.0},{"hue":270,"saturation":100,"brightness":100,"probability":0.0},{"hue":248,"saturation":100,"brightness":100,"probability":0.0},{"hue":206,"saturation":100,"brightness":100,"probability":0.0}],"pluginType":"rhythm","pluginUuid":"5cec763a-6f32-45cf-a691-b81e176b6b4a","rhythmFeatureSource":1,"hasOverlay":false,"logicalPanelsEnabled":true},{"version":"2.0","animName":"Hot Sauce","animType":"plugin","colorType":"HSB","palette":[{"hue":0,"saturation":100,"brightness":89,"probability":0.0},{"hue":27,"saturation":100,"brightness":100,"probability":0.0}],"pluginType":"rhythm","pluginUuid":"60333927-cc36-4a5a-a682-9bd114de8bff","rhythmFeatureSource":1,"hasOverlay":false,"logicalPanelsEnabled":true},{"version":"2.0","animName":"Jungle","animType":"plugin","colorType":"HSB","palette":[{"hue":70,"saturation":25,"brightness":100,"probability":0.0},{"hue":104,"saturation":36,"brightness":69,"probability":0.0},{"hue":82,"saturation":66,"brightness":100,"probability":0.0},{"hue":90,"saturation":100,"brightness":33,"probability":0.0}],"pluginType":"color","pluginUuid":"ba632d3e-9c2b-4413-a965-510c839b3f71","rhythmFeatureSource":1,"pluginOptions":[{"name":"delayTime","value":0},{"name":"transTime","value":15}],"hasOverlay":false,"logicalPanelsEnabled":true},{"version":"2.0","animName":"Kk","animType":"static","animData":"2 44637 1 0 0 0 0 20 30927 1 254 0 0 0 20","palette":[{"hue":0,"saturation":0,"brightness":0,"probability":0.0},{"hue":0,"saturation":100,"brightness":100,"probability":0.0}],"colorType":"HSB","logicalPanelsEnabled":true},{"version":"2.0","animName":"Lightscape","animType":"plugin","colorType":"HSB","palette":[{"hue":158,"saturation":100,"brightness":100,"probability":0.0},{"hue":206,"saturation":100,"brightness":100,"probability":0.0},{"hue":273,"saturation":100,"brightness":100,"probability":0.0}],"pluginType":"color","pluginUuid":"027842e4-e1d6-4a4c-a731-be74a1ebd4cf","rhythmFeatureSource":1,"pluginOptions":[{"name":"delayTime","value":0},{"name":"linDirection","value":"up"},{"name":"loop","value":true},{"name":"transTime","value":24}],"hasOverlay":false,"logicalPanelsEnabled":true},{"version":"2.0","animName":"Morning Sky","animType":"plugin","colorType":"HSB","palette":[{"hue":193,"saturation":27,"brightness":94,"probability":0.0},{"hue":192,"saturation":9,"brightness":98,"probability":0.0},{"hue":0,"saturation":0,"brightness":100,"probability":0.0}],"pluginType":"color","pluginUuid":"713518c1-d560-47db-8991-de780af71d1e","rhythmFeatureSource":1,"pluginOptions":[{"name":"delayTime","value":0},{"name":"loop","value":true},{"name":"transTime","value":43}],"hasOverlay":false,"logicalPanelsEnabled":true},{"version":"2.0","animName":"Northern Lights","animType":"plugin","colorType":"HSB","palette":[{"hue":227,"saturation":100,"brightness":99,"probability":0.0},{"hue":182,"saturation":100,"brightness":100,"probability":0.0},{"hue":125,"saturation":100,"brightness":93,"probability":0.0},{"hue":62,"saturation":100,"brightness":100,"probability":0.0},{"hue":31,"saturation":100,"brightness":100,"probability":0.0},{"hue":2,"saturation":100,"brightness":100,"probability":0.0},{"hue":307,"saturation":100,"brightness":100,"probability":0.0}],"pluginType":"color","pluginUuid":"6970681a-20b5-4c5e-8813-bdaebc4ee4fa","rhythmFeatureSource":1,"pluginOptions":[{"name":"linDirection","value":"right"},{"name":"loop","value":true},{"name":"nColorsPerFrame","value":2},{"name":"transTime","value":20}],"hasOverlay":false,"logicalPanelsEnabled":true},{"version":"2.0","animName":"Pop Rocks","animType":"plugin","colorType":"HSB","palette":[{"hue":0,"saturation":0,"brightness":92,"probability":0.0},{"hue":186,"saturation":90,"brightness":94,"probability":0.0},{"hue":48,"saturation":77,"brightness":98,"probability":0.0},{"hue":180,"saturation":20,"brightness":94,"probability":0.0},{"hue":240,"saturation":100,"brightness":60,"probability":0.0}],"pluginType":"rhythm","pluginUuid":"bc6fe7e0-36d4-4f95-aa21-52a386daa9dc","rhythmFeatureSource":1,"hasOverlay":false,"logicalPanelsEnabled":true},{"version":"2.0","animName":"Prism","animType":"plugin","colorType":"HSB","palette":[{"hue":111,"saturation":96,"brightness":100,"probability":0.0},{"hue":58,"saturation":100,"brightness":98,"probability":0.0},{"hue":36,"saturation":96,"brightness":98,"probability":0.0},{"hue":295,"saturation":100,"brightness":98,"probability":0.0},{"hue":1,"saturation":96,"brightness":98,"probability":0.0},{"hue":222,"saturation":87,"brightness":98,"probability":0.0}],"pluginType":"rhythm","pluginUuid":"fa0ce428-ad3a-40a9-84e4-1c9316644852","rhythmFeatureSource":1,"hasOverlay":false,"logicalPanelsEnabled":true},{"version":"2.0","animName":"Starlight","animType":"plugin","colorType":"HSB","palette":[{"hue":224,"saturation":74,"brightness":56,"probability":0.0},{"hue":214,"saturation":53,"brightness":67,"probability":0.0},{"hue":57,"saturation":28,"brightness":81,"probability":0.0},{"hue":47,"saturation":84,"brightness":83,"probability":0.0}],"pluginType":"color","pluginUuid":"70b7c636-6bf8-491f-89c1-f4103508d642","rhythmFeatureSource":1,"pluginOptions":[{"name":"delayTime","value":15},{"name":"mainColorProb","value":79.99},{"name":"transTime","value":24}],"hasOverlay":false,"logicalPanelsEnabled":true},{"version":"2.0","animName":"Sundown","animType":"plugin","colorType":"HSB","palette":[{"hue":352,"saturation":95,"brightness":100,"probability":0.0},{"hue":30,"saturation":100,"brightness":100,"probability":0.0},{"hue":43,"saturation":83,"brightness":100,"probability":0.0}],"pluginType":"color","pluginUuid":"6970681a-20b5-4c5e-8813-bdaebc4ee4fa","rhythmFeatureSource":1,"pluginOptions":[{"name":"linDirection","value":"down"},{"name":"loop","value":true},{"name":"nColorsPerFrame","value":3},{"name":"transTime","value":24}],"hasOverlay":false,"logicalPanelsEnabled":true},{"version":"2.0","animName":"Waterfall","animType":"plugin","colorType":"HSB","palette":[{"hue":0,"saturation":0,"brightness":100,"probability":0.0},{"hue":166,"saturation":36,"brightness":100,"probability":0.0},{"hue":220,"saturation":49,"brightness":100,"probability":0.0}],"pluginType":"rhythm","pluginUuid":"23e70ff4-458c-4852-826f-9315d89ee6ed","rhythmFeatureSource":1,"hasOverlay":false,"logicalPanelsEnabled":true},{"version":"2.0","animName":"Vibrant Sunrise","animType":"plugin","col
[2026-07-17 17:35:19.051] orType":"HSB","palette":[{"hue":254,"saturation":100,"brightness":34,"probability":0.0},{"hue":261,"saturation":100,"brightness":28,"probability":0.0},{"hue":6,"saturation":100,"brightness":40,"probability":0.0},{"hue":6,"saturation":100,"brightness":68,"probability":0.0},{"hue":14,"saturation":100,"brightness":79,"probability":0.0},{"hue":25,"saturation":100,"brightness":93,"probability":0.0},{"hue":34,"saturation":100,"brightness":100,"probability":0.0},{"hue":52,"saturation":100,"brightness":100,"probability":0.0},{"hue":0,"saturation":0,"brightness":100,"probability":0.0}],"pluginType":"color","pluginUuid":"027842e4-e1d6-4a4c-a731-be74a1ebd4cf","rhythmFeatureSource":1,"pluginOptions":[{"name":"delayTime","value":0},{"name":"linDirection","value":"right"},{"name":"loop","value":false},{"name":"transTime","value":24}],"hasOverlay":false,"logicalPanelsEnabled":true}]}[0m
[2026-07-17 17:35:19.051] [0;32mI (19486329) NL_MQTT: PublishRespondData: len=12792, pushing to MQTT queue[0m
[2026-07-17 17:35:19.051] 
[2026-07-17 17:35:19.097] [0;32mI (19486374) NL_LTPDU: BatchGet 880A64775B01: 6 eps, rsp=126 bytes[0m
[2026-07-17 17:35:19.097] 
[2026-07-17 17:35:20.102] pTopic:switchlink/B0E9FEC6718C/link_to_nanoleaf_func_resp
[2026-07-17 17:35:20.102] pData:{"msgType":"respond","requestID":"15727fda-fee3-4058-b13a-3cb5f180ca35","deviceId":"880A64775B01","success":true,"errorCode":0,"errorMsg":"","endpoints":[{"endpoint":"ci","value":"{\"animations\":[{\"version\":\"2.0\",\"animName\":\"1\",\"animType\":\"static\",\"animData\":\"1 44637 1 52 198 89 0 20\",\"palette\":[{\"hue\":135,\"saturation\":74,\"brightness\":78,\"probability\":0.0}],\"colorType\":\"HSB\",\"logicalPanelsEnabled\":true},{\"version\":\"2.0\",\"animName\":\"ABC\",\"animType\":\"plugin\",\"colorType\":\"HSB\",\"palette\":[{\"hue\":3,\"saturation\":81,\"brightness\":100,\"probability\":0.0},{\"hue\":135,\"saturation\":74,\"brightness\":78,\"probability\":0.0},{\"hue\":211,\"saturation\":100,\"brightness\":100,\"probability\":0.0}],\"pluginType\":\"color\",\"pluginUuid\":\"b3fd723a-aae8-4c99-bf2b-087159e0ef53\",\"rhythmFeatureSource\":1,\"pluginOptions\":[{\"name\":\"delayTime\",\"value\":0},{\"name\":\"loop\",\"value\":true},{\"name\":\"transTime\",\"value\":90}],\"hasOverlay\":false,\"logicalPanelsEnabled\":true},{\"version\":\"2.0\",\"animName\":\"Blaze\",\"animType\":\"plugin\",\"colorType\":\"HSB\",\"palette\":[{\"hue\":36,\"saturation\":92,\"brightness\":92,\"probability\":0.0},{\"hue\":28,\"saturation\":93,\"brightness\":74,\"probability\":0.0},{\"hue\":29,\"saturation\":93,\"brightness\":52,\"probability\":0.0}],\"pluginType\":\"color\",\"pluginUuid\":\"ba632d3e-9c2b-4413-a965-510c839b3f71\",\"rhythmFeatureSource\":1,\"pluginOptions\":[{\"name\":\"delayTime\",\"value\":0},{\"name\":\"transTime\",\"value\":20}],\"hasOverlay\":false,\"logicalPanelsEnabled\":true},{\"version\":\"2.0\",\"animName\":\"Cocoa Beach\",\"animType\":\"plugin\",\"colorType\":\"HSB\",\"palette\":[{\"hue\":192,\"saturation\":22,\"brightness\":73,\"probability\":0.0},{\"hue\":191,\"saturation\":20,\"brightness\":87,\"probability\":0.0},{\"hue\":0,\"saturation\":0,\"brightness\":100,\"probability\":0.0},{\"hue\":30,\"saturation\":53,\"brightness\":90,\"probability\":0.0},{\"hue\":25,\"saturation\":60,\"brightness\":61,\"probability\":0.0},{\"hue\":20,\"saturation\":52,\"brightness\":35,\"probability\":0.0}],\"pluginType\":\"color\",\"pluginUuid\":\"70b7c636-6bf8-491f-89c1-f4103508d642\",\"rhythmFeatureSource\":1,\"pluginOptions\":[{\"name\":\"delayTime\",\"value\":0},{\"name\":\"mainColorProb\",\"value\":20.989999344348904},{\"name\":\"transTime\",\"value\":24}],\"hasOverlay\":false,\"logicalPanelsEnabled\":true},{\"version\":\"2.0\",\"animName\":\"Cotton Candy\",\"animType\":\"plugin\",\"colorType\":\"HSB\",\"palette\":[{\"hue\":182,\"saturation\":17,\"brightness\":100,\"probability\":0.0},{\"hue\":187,\"saturation\":21,\"brightness\":89,\"probability\":0.0},{\"hue\":201,\"saturation\":64,\"brightness\":96,\"probability\":0.0},{\"hue\":18,\"saturation\":55,\"brightness\":95,\"probability\":0.0},{\"hue\":46,\"saturation\":33,\"brightness\":98,\"probability\":0.0}],\"pluginType\":\"rhythm\",\"pluginUuid\":\"30018343-7587-4152-8d97-1c349ccc3e68\",\"rhythmFeatureSource\":1,\"pluginOptions\":[{\"name\":\"transTime\",\"value\":24}],\"hasOverlay\":false,\"logicalPanelsEnabled\":true},{\"version\":\"2.0\",\"animName\":\"Date Night\",\"animType\":\"plugin\",\"colorType\":\"HSB\",\"palette\":[{\"hue\":10,\"saturation\":40,\"brightness\":98,\"probability\":0.0},{\"hue\":13,\"saturation\":12,\"brightness\":100,\"probability\":0.0},{\"hue\":348,\"saturation\":79,\"brightness\":54,\"probability\":0.0},{\"hue\":10,\"saturation\":56,\"brightness\":74,\"probability\":0.0}],\"pluginType\":\"color\",\"pluginUuid\":\"ba632d3e-9c2b-4413-a965-510c839b3f71\",\"rhythmFeatureSource\":1,\"pluginOptions\":[{\"name\":\"delayTime\",\"value\":0},{\"name\":\"transTime\",\"value\":24}],\"hasOverlay\":false,\"logicalPanelsEnabled\":true},{\"version\":\"2.0\",\"animName\":\"Hh\",\"animType\":\"plugin\",\"colorType\":\"HSB\",\"palette\":[{\"hue\":3,\"saturation\":81,\"brightness\":100,\"probability\":0.0},{\"hue\":135,\"saturation\":74,\"brightness\":78,\"probability\":0.0},{\"hue\":211,\"saturation\":100,\"brightness\":100,\"probability\":0.0}],\"pluginType\":\"color\",\"pluginUuid\":\"a2f3fcdc-dbe2-45cf-ac8b-2a9e5144ac24\",\"rhythmFeatureSource\":1,\"pluginOptions\":[{\"name\":\"delayTime\",\"value\":8},{\"name\":\"loop\",\"value\":true},{\"name\":\"transTime\",\"value\":8}],\"hasOverlay\":false,\"logicalPanelsEnabled\":true},{\"version\":\"2.0\",\"animName\":\"Hip Hop\",\"animType\":\"plugin\",\"colorType\":\"HSB\",\"palette\":[{\"hue\":307,\"saturation\":100,\"brightness\":100,\"probability\":0.0},{\"hue\":291,\"saturation\":100,\"brightness\":100,\"probability\":0.0},{\"hue\":270,\"saturation\":100,\"brightness\":100,\"probability\":0.0},{\"hue\":248,\"saturation\":100,\"brightness\":100,\"probability\":0.0},{\"hue\":206,\"saturation\":100,\"brightness\":100,\"probability\":0.0}],\"pluginType\":\"rhythm\",\"pluginUuid\":\"5cec763a-6f32-45cf-a691-b81e176b6b4a\",\"rhythmFeatureSource\":1,\"hasOverlay\":false,\"logicalPanelsEnabled\":true},{\"version\":\"2.0\",\"animName\":\"Hot Sauce\",\"animType\":\"plugin\",\"colorType\":\"HSB\",\"palette\":[{\"hue\":0,\"saturation\":100,\"brightness\":89,\"probability\":0.0},{\"hue\":27,\"saturation\":100,\"brightness\":100,\"probability\":0.0}],\"pluginType\":\"rhythm\",\"pluginUuid\":\"60333927-cc36-4a5a-a682-9bd114de8bff\",\"rhythmFeatureSource\":1,\"hasOverlay\":false,\"logicalPanelsEnabled\":true},{\"version\":\"2.0\",\"animName\":\"Jungle\",\"animType\":\"plugin\",\"colorType\":\"HSB\",\"palette\":[{\"hue\":70,\"saturation\":25,\"brightness\":100,\"probability\":0.0},{\"hue\":104,\"saturation\":36,\"brightness\":69,\"probability\":0.0},{\"hue\":82,\"saturation\":66,\"brightness\":100,\"probability\":0.0},{\"hue\":90,\"saturation\":100,\"brightness\":33,\"probability\":0.0}],\"pluginType\":\"color\",\"pluginUuid\":\"ba632d3e-9c2b-4413-a965-510c839b3f71\",\"rhythmFeatureSource\":1,\"pluginOptions\":[{\"name\":\"delayTime\",\"value\":0},{\"name\":\"transTime\",\"value\":15}],\"hasOverlay\":false,\"logicalPanelsEnabled\":true},{\"version\":\"2.0\",\"animName\":\"Kk\",\"animType\":\"static\",\"animData\":\"2 44637 1 0 0 0 0 20 30927 1 254 0 0 0 20\",\"palette\":[{\"hue\":0,\"saturation\":0,\"brightness\":0,\"probability\":0.0},{\"hue\":0,\"saturation\":100,\"brightness\":100,\"probability\":0.0}],\"colorType\":\"HSB\",\"logicalPanelsEnabled\":true},{\"version\":\"2.0\",\"animName\":\"Lightscape\",\"animType\":\"plugin\",\"colorType\":\"HSB\",\"palette\":[{\"hue\":158,\"saturation\":100,\"brightness\":100,\"probability\":0.0},{\"hue\":206,\"saturation\":100,\"brightness\":100,\"probability\":0.0},{\"hue\":273,\"saturation\":100,\"brightness\":100,\"probability\":0.0}],\"pluginType\":\"color\",\"pluginUuid\":\"027842e4-e1d6-4a4c-a731-be74a1ebd4cf\",\"rhythmFeatureSource\":1,\"pluginOptions\":[{\"name\":\"delayTime\",\"value\":0},{\"name\":\"linDirection\",\"value\":\"up\"},{\"name\":\"loop\",\"value\":true},{\"name\":\"transTime\",\"value\":24}],\"hasOverlay\":false,\"logicalPanelsEnabled\":true},{\"version\":\"2.0\",\"animName\":\"Morning Sky\",\"animType\":\"plugin\",\"colorType\":\"HSB\",\"palette\":[{\"hue\":193,\"saturation\":27,\"brightness\":94,\"probability\":0.0},{\"hue\":192,\"saturation\":9,\"brightness\":98,\"probability\":0.0},{\"hue\":0,\"saturation\":0,\"brightness\":100,\"probability\":0.0}],\"pluginType\":\"color\",\"pluginUuid\":\"713518c1-d560-47db-8991-de780af71d1e\",\"rhythmFeatureSource\":1,\"pluginOptions\":[{\"name\":\"delayTime\",\"value\":0},{\"name\":\"loop\",\"value\":true},{\"name\":\"transTime\",\"value\":43}],\"hasOverlay\":false,\"logicalPanelsEnabled\":true},{\"version\":\"2.0\",\"animName\":\"Northern Lights\",\"animType\":\"plugin\",\"colorType\":\"HSB\",\"palette\":[{\"hue\":227,\"saturation\":100,\"brightness\":99,\"probability\":0.0},{\"hue\":182,\"saturation\":100,\"brightness\":100,\"probability\":0.0},{\"hue\":125,\"saturation\":100,\"brightness\":93,\"probability\":0.0},{\"hue\":62,\"saturation\":100,\"brightness\":100,\"probability\":0.0},{\"hue\":31,\"saturation\":100,\"brightness\":100,\"probability\":0.0},{\"hue\":2,\"saturation\":100,\"brightness\":100,\"probability\":0.0},{\"hue\":307,\"saturation\":100,\"brightness\":100,\"probability\":0.0}],\"pluginType\":\"color\",\"pluginUuid\":\"6970681a-20b5-4c5e-8813-bdaebc4ee4fa\",\"rhythmFeatureSource\":1,\"pluginOptions\":[{\"name\":\"linDirection\",\"value\":\"right\"},{\"name\":\"loop\",\"value\":true},{\"name\":\"nColorsPerFrame\",\"value\":2},{\"name\":\"transTime\",\"value\":20}],\"hasOverlay\":false,\"logicalPanelsEnabled\":true},{\"version\":\"2.0\",\"animName\":\"Pop Rocks\",\"animType\":\"plugin\",\"colorType\":\"HSB\",\"palette\":[{\"hue\":0,\"saturation\":0,\"brightness\":92,\"probability\":0.0},{\"hue\":186,\"saturation\":90,\"brightness\":94,\"probability\":0.0},{\"hue\":48,\"saturation\":77,\"brightness\":98,\"probability\":0.0},{\"hue\":180,\"saturation\":20,\"brightness\":94,\"probability\":0.0},{\"hue\":240,\"saturation\":100,\"brightness\":60,\"probability\":0.0}],\"pluginType\":\"rhythm\",\"pluginUuid\":\"bc6fe7e0-36d4-4f95-aa21-52a386daa9dc\",\"rhythmFeatureSource\":1,\"hasOverlay\":false,\"logicalPanelsEnabled\":true},{\"version\":\"2.0\",\"animName\":\"Prism\",\"animType\":\"plugin\",\"colorType\":\"HSB\",\"palette\":[{\"hue\":111,\"saturation\":96,\"brightness\":100,\"probability\":0.0},{\"hue\":58,\"saturation\":100,\"brightness\":98,\"probability\":0.0},{\"hue\":36,\"saturation\":96,\"brightness\":98,\"probability\":0.0},{\"hue\":295,\"saturation\":100,\"brightness\":98,\"probability\":0.0},{\"hue\":1,\"saturation\":96,\"brightness\":98,\"probability\":0.0},{\"hue\":222,\"saturation\":87,\"brightness\":98,\"probability\":0.0}],\"pluginType\":\"rhythm\",\"pluginUuid\":\"fa0ce428-ad3a-40a9-84e4-1c9316644852\",\"rhythmFeatureSource\":1,\"hasOverlay\":false,\"logicalPanelsEnabled\":true},{\"version\":\"2.0\",\"animName\":\"Starlight\",\"animType\":\"plugin\",\"colorType\":\"HSB\",\"palette\":[{\"hue\":224,\"saturation\":74,\"brightness\":56,\"probability\":0.0},{\"hue\":214,\"saturation\":53,\"brightness\":67,\"probability\":0.0},{\"hue\":57,\"saturation\":28,\"brightness\":81,\"probability\":0.0},{\"hue\":47,\"saturation\":84,\"brightness\":83,\"probability\":0.0}],\"pl
[2026-07-17 17:35:20.332] uginType\":\"color\",\"pluginUuid\":\"70b7c636-6bf8-491f-89c1-f4103508d642\",\"rhythmFeatureSource\":1,\"pluginOptions\":[{\"name\":\"delayTime\",\"value\":15},{\"name\":\"mainColorProb\",\"value\":79.99},{\"name\":\"transTime\",\"value\":24}],\"hasOverlay\":false,\"logicalPanelsEnabled\":true},{\"version\":\"2.0\",\"animName\":\"Sundown\",\"animType\":\"plugin\",\"colorType\":\"HSB\",\"palette\":[{\"hue\":352,\"saturation\":95,\"brightness\":100,\"probability\":0.0},{\"hue\":30,\"saturation\":100,\"brightness\":100,\"probability\":0.0},{\"hue\":43,\"saturation\":83,\"brightness\":100,\"probability\":0.0}],\"pluginType\":\"color\",\"pluginUuid\":\"6970681a-20b5-4c5e-8813-bdaebc4ee4fa\",\"rhythmFeatureSource\":1,\"pluginOptions\":[{\"name\":\"linDirection\",\"value\":\"down\"},{\"name\":\"loop\",\"value\":true},{\"name\":\"nColorsPerFrame\",\"value\":3},{\"name\":\"transTime\",\"value\":24}],\"hasOverlay\":false,\"logicalPanelsEnabled\":true},{\"version\":\"2.0\",\"animName\":\"Waterfall\",\"animType\":\"plugin\",\"colorType\":\"HSB\",\"palette\":[{\"hue\":0,\"saturation\":0,\"brightness\":100,\"probability\":0.0},{\"hue\":166,\"saturation\":36,\"brightness\":100,\"probability\":0.0},{\"hue\":220,\"saturation\":49,\"brightness\":100,\"probability\":0.0}],\"pluginType\":\"rhythm\",\"pluginUuid\":\"23e70ff4-458c-4852-826f-9315d89ee6ed\",\"rhythmFeatureSource\":1,\"hasOverlay\":false,\"logicalPanelsEnabled\":true},{\"version\":\"2.0\",\"animName\":\"Vibrant Sunrise\",\"animType\":\"plugin\",\"colorType\":\"HSB\",\"palette\":[{\"hue\":254,\"saturation\":100,\"brightness\":34,\"probability\":0.0},{\"hue\":261,\"saturation\":100,\"brightness\":28,\"probability\":0.0},{\"hue\":6,\"saturation\":100,\"brightness\":40,\"probability\":0.0},{\"hue\":6,\"saturation\":100,\"brightness\":68,\"probability\":0.0},{\"hue\":14,\"saturation\":100,\"brightness\":79,\"probability\":0.0},{\"hue\":25,\"saturation\":100,\"brightness\":93,\"probability\":0.0},{\"hue\":34,\"saturation\":100,\"brightness\":100,\"probability\":0.0},{\"hue\":52,\"saturation\":100,\"brightness\":100,\"probability\":0.0},{\"hue\":0,\"saturation\":0,\"brightness\":100,\"probability\":0.0}],\"pluginType\":\"color\",\"pluginUuid\":\"027842e4-e1d6-4a4c-a731-be74a1ebd4cf\",\"rhythmFeatureSource\":1,\"pluginOptions\":[{\"name\":\"delayTime\",\"value\":0},{\"name\":\"linDirection\",\"value\":\"right\"},{\"name\":\"loop\",\"value\":false},{\"name\":\"transTime\",\"value\":24}],\"hasOverlay\":false,\"logicalPanelsEnabled\":true}]}"}]}
[2026-07-17 17:35:20.332] 
[2026-07-17 17:35:20.735] [0;32mI (19488015) NL_LTPDU: BatchGet 6A76B95FD1DB: 6 eps, rsp=118 bytes[0m
[2026-07-17 17:35:20.735] 
[2026-07-17 17:35:22.530] [0;32mI (19489820) NL_LTPDU: BatchGet 3E0AE0494182: 6 eps, rsp=125 bytes[0m
[2026-07-17 17:35:22.530] 
[2026-07-17 17:35:24.375] [0;32mI (19491664) NL_LTPDU: BatchGet 880A64775B01: 6 eps, rsp=126 bytes[0m
[2026-07-17 17:35:24.375] 
[2026-07-17 17:35:25.952] [0;32mI (19493199) NL_LTPDU: BatchGet 6A76B95FD1DB: 6 eps, rsp=118 bytes[0m
[2026-07-17 17:35:25.952] free heap: 6301272, minimum free heap: 6042512, Internal 8bit free heap: 72288, 8bit free heap: 6301272The current date/time is: Fri Jul 17 09:35:24 2026
[2026-07-17 17:35:25.952] 
[2026-07-17 17:35:25.952] 
[2026-07-17 17:35:27.321] [0;32mI (19494606) NL_LTPDU: BatchGet 3E0AE0494182: 6 eps, rsp=125 bytes[0m
[2026-07-17 17:35:27.321] 
[2026-07-17 17:35:29.431] [0;32mI (19496715) NL_LTPDU: BatchGet 880A64775B01: 6 eps, rsp=126 bytes[0m
[2026-07-17 17:35:29.431] 
[2026-07-17 17:35:31.489] [0;32mI (19498771) NL_LTPDU: BatchGet 6A76B95FD1DB: 6 eps, rsp=118 bytes[0m
[2026-07-17 17:35:31.489] 
[2026-07-17 17:35:32.480] [0;32mI (19499771) NL_LTPDU: BatchGet 3E0AE0494182: 6 eps, rsp=125 bytes[0m
[2026-07-17 17:35:32.480] 
[2026-07-17 17:35:33.964] free heap: 6301308, minimum free heap: 6042512, Internal 8bit free heap: 72324, 8bit free heap: 6301308The current date/time is: Fri Jul 17 09:35:32 2026
[2026-07-17 17:35:33.964] 
[2026-07-17 17:35:33.964] 
[2026-07-17 17:35:34.524] [0;32mI (19501804) NL_LTPDU: BatchGet 880A64775B01: 6 eps, rsp=126 bytes[0m
[2026-07-17 17:35:34.524] 
[2026-07-17 17:35:35.887] [0;32mI (19503167) NL_LTPDU: BatchGet 6A76B95FD1DB: 6 eps, rsp=118 bytes[0m
[2026-07-17 17:35:35.887] 
[2026-07-17 17:35:37.559] [0;32mI (19504847) NL_LTPDU: BatchGet 3E0AE0494182: 6 eps, rsp=125 bytes[0m
[2026-07-17 17:35:37.559] 
[2026-07-17 17:35:39.646] [0;32mI (19506922) NL_LTPDU: BatchGet 880A64775B01: 6 eps, rsp=126 bytes[0m
[2026-07-17 17:35:39.646] 
[2026-07-17 17:35:41.082] [0;32mI (19508357) NL_LTPDU: BatchGet 6A76B95FD1DB: 6 eps, rsp=118 bytes[0m
[2026-07-17 17:35:41.082] 
[2026-07-17 17:35:41.961] free heap: 6301308, minimum free heap: 6042512, Internal 8bit free heap: 72324, 8bit free heap: 6301308The current date/time is: Fri Jul 17 09:35:40 2026
[2026-07-17 17:35:41.961] 
[2026-07-17 17:35:41.961] 
[2026-07-17 17:35:42.763] [0;32mI (19510042) NL_LTPDU: BatchGet 3E0AE0494182: 6 eps, rsp=125 bytes[0m
[2026-07-17 17:35:42.763] 
[2026-07-17 17:35:44.065] uart: 11 AT+MOTION 0
[2026-07-17 17:35:44.065] 
[2026-07-17 17:35:44.065] 
[2026-07-17 17:35:44.065] btn on press
[2026-07-17 17:35:44.065] uart: 130 AT+BCDS ff04000206a59f76e 0010B940B0E9FEC6718C48ca43a5b6dc0F0129000a08974346000000000000ff0cff00000000000000000000000000000000ff01
[2026-07-17 17:35:44.065] 
[2026-07-17 17:35:44.065] 
[2026-07-17 17:35:44.065] 
[2026-07-17 17:35:44.127] pTopic:$aws/rules/bi_wifi_data_report/switchlink/B0E9FEC6718C/link_to_shadow
[2026-07-17 17:35:44.127] pData:BCD ff04000206a59f76e 0010B940B0E9FEC6718C48ca43a5b6dc0F0129000a08974346000000000000ff0cff00000000000000000000000000000000ff01
[2026-07-17 17:35:44.127] 
[2026-07-17 17:35:44.482] [0;32mI (19511759) NL_LTPDU: BatchGet 880A64775B01: 6 eps, rsp=126 bytes[0m
[2026-07-17 17:35:44.482] 
[2026-07-17 17:35:46.189] [0;32mI (19513468) NL_LTPDU: BatchGet 6A76B95FD1DB: 6 eps, rsp=118 bytes[0m
[2026-07-17 17:35:46.189] 
[2026-07-17 17:35:47.950] [0;32mI (19515228) NL_LTPDU: BatchGet 3E0AE0494182: 6 eps, rsp=125 bytes[0m
[2026-07-17 17:35:47.950] 
[2026-07-17 17:35:49.603] [0;32mI (19516893) NL_LTPDU: BatchGet 880A64775B01: 6 eps, rsp=126 bytes[0m
[2026-07-17 17:35:49.603] 
[2026-07-17 17:35:49.973] free heap: 6301244, minimum free heap: 6042512, Internal 8bit free heap: 72288, 8bit free heap: 6301244The current date/time is: Fri Jul 17 09:35:48 2026
[2026-07-17 17:35:49.973] 
[2026-07-17 17:35:49.973] 
[2026-07-17 17:35:51.331] [0;32mI (19518612) NL_LTPDU: BatchGet 6A76B95FD1DB: 6 eps, rsp=118 bytes[0m
[2026-07-17 17:35:51.331] 
[2026-07-17 17:35:52.673] [0;32mI (19519952) NL_LTPDU: BatchGet 3E0AE0494182: 6 eps, rsp=125 bytes[0m
[2026-07-17 17:35:52.673] 
[2026-07-17 17:35:54.799] [0;32mI (19522076) NL_LTPDU: BatchGet 880A64775B01: 6 eps, rsp=126 bytes[0m
[2026-07-17 17:35:54.799] 
[2026-07-17 17:35:56.145] [0;32mI (19523422) NL_LTPDU: BatchGet 6A76B95FD1DB: 6 eps, rsp=118 bytes[0m
[2026-07-17 17:35:56.145] 
[2026-07-17 17:35:57.864] [0;32mI (19525150) NL_LTPDU: BatchGet 3E0AE0494182: 6 eps, rsp=125 bytes[0m
[2026-07-17 17:35:57.864] 
[2026-07-17 17:35:57.970] free heap: 6301308, minimum free heap: 6042512, Internal 8bit free heap: 72324, 8bit free heap: 6301308The current date/time is: Fri Jul 17 09:35:56 2026
[2026-07-17 17:35:57.970] 
[2026-07-17 17:35:57.970] 
[2026-07-17 17:35:59.929] [0;32mI (19527214) NL_LTPDU: BatchGet 880A64775B01: 6 eps, rsp=126 bytes[0m
[2026-07-17 17:35:59.929] 
[2026-07-17 17:36:01.282] [0;32mI (19528562) NL_LTPDU: BatchGet 6A76B95FD1DB: 6 eps, rsp=118 bytes[0m
[2026-07-17 17:36:01.282] 
[2026-07-17 17:36:02.699] [0;32mI (19529977) NL_LTPDU: BatchGet 3E0AE0494182: 6 eps, rsp=125 bytes[0m
[2026-07-17 17:36:02.699] 
[2026-07-17 17:36:04.699] [0;32mI (19531983) NL_LTPDU: BatchGet 880A64775B01: 6 eps, rsp=126 bytes[0m
[2026-07-17 17:36:04.699] 
[2026-07-17 17:36:05.964] free heap: 6301308, minimum free heap: 6042512, Internal 8bit free heap: 72324, 8bit free heap: 6301308The current date/time is: Fri Jul 17 09:36:04 2026
[2026-07-17 17:36:05.964] 
[2026-07-17 17:36:05.964] 
[2026-07-17 17:36:06.473] [0;32mI (19533751) NL_LTPDU: BatchGet 6A76B95FD1DB: 6 eps, rsp=118 bytes[0m
[2026-07-17 17:36:06.473] 
[2026-07-17 17:36:07.802] [0;32mI (19535082) NL_LTPDU: BatchGet 3E0AE0494182: 6 eps, rsp=125 bytes[0m
[2026-07-17 17:36:07.802] 
[2026-07-17 17:36:09.864] [0;32mI (19537149) NL_LTPDU: BatchGet 880A64775B01: 6 eps, rsp=126 bytes[0m
[2026-07-17 17:36:09.864] 
[2026-07-17 17:36:11.579] [0;32mI (19538863) NL_LTPDU: BatchGet 6A76B95FD1DB: 6 eps, rsp=118 bytes[0m
[2026-07-17 17:36:11.579] 
[2026-07-17 17:36:13.014] [0;32mI (19540303) NL_LTPDU: BatchGet 3E0AE0494182: 6 eps, rsp=125 bytes[0m
[2026-07-17 17:36:13.014] 
[2026-07-17 17:36:13.988] free heap: 6301280, minimum free heap: 6042512, Internal 8bit free heap: 72324, 8bit free heap: 6301280The current date/time is: Fri Jul 17 09:36:12 2026
[2026-07-17 17:36:13.988] 
[2026-07-17 17:36:13.988] 
[2026-07-17 17:36:14.731] [0;32mI (19542020) NL_LTPDU: BatchGet 880A64775B01: 6 eps, rsp=126 bytes[0m
[2026-07-17 17:36:14.731] 
[2026-07-17 17:36:16.326] [0;32mI (19543607) NL_LTPDU: BatchGet 6A76B95FD1DB: 6 eps, rsp=118 bytes[0m
[2026-07-17 17:36:16.326] 
[2026-07-17 17:36:18.134] [0;32mI (19545416) NL_LTPDU: BatchGet 3E0AE0494182: 6 eps, rsp=125 bytes[0m
[2026-07-17 17:36:18.134] 
[2026-07-17 17:36:19.897] [0;32mI (19547184) NL_LTPDU: BatchGet 880A64775B01: 6 eps, rsp=126 bytes[0m
[2026-07-17 17:36:19.897] 
[2026-07-17 17:36:20.099] uart: 11 AT+MOTION 1
[2026-07-17 17:36:20.099] 
[2026-07-17 17:36:20.099] 
[2026-07-17 17:36:20.099] btn on press
[2026-07-17 17:36:20.099] uart: 130 AT+BCDS ff04000206a59f792 0010B940B0E9FEC6718C48ca43a5b6dc0F012a200a08974346000000000000ff0cff00000000000000000000000000000000ff01
[2026-07-17 17:36:20.099] 
[2026-07-17 17:36:20.099] 
[2026-07-17 17:36:20.099] 
[2026-07-17 17:36:20.270] pTopic:$aws/rules/bi_wifi_data_report/switchlink/B0E9FEC6718C/link_to_shadow
[2026-07-17 17:36:20.270] pData:BCD ff04000206a59f792 0010B940B0E9FEC6718C48ca43a5b6dc0F012a200a08974346000000000000ff0cff00000000000000000000000000000000ff01
[2026-07-17 17:36:20.270] 
[2026-07-17 17:36:21.442] [0;32mI (19548726) NL_LTPDU: BatchGet 6A76B95FD1DB: 6 eps, rsp=118 bytes[0m
[2026-07-17 17:36:21.442] 
[2026-07-17 17:36:22.028] free heap: 6301272, minimum free heap: 6042512, Internal 8bit free heap: 72288, 8bit free heap: 6301272The current date/time is: Fri Jul 17 09:36:20 2026
[2026-07-17 17:36:22.028] 
[2026-07-17 17:36:22.028] 
[2026-07-17 17:36:22.864] [0;32mI (19550152) NL_LTPDU: BatchGet 3E0AE0494182: 6 eps, rsp=125 bytes[0m
[2026-07-17 17:36:22.864] 
[2026-07-17 17:36:24.999] [0;32mI (19552279) NL_LTPDU: BatchGet 880A64775B01: 6 eps, rsp=126 bytes[0m
[2026-07-17 17:36:24.999] 
[2026-07-17 17:36:26.642] [0;32mI (19553924) NL_LTPDU: BatchGet 6A76B95FD1DB: 6 eps, rsp=118 bytes[0m
[2026-07-17 17:36:26.642] 
[2026-07-17 17:36:27.976] [0;32mI (19555264) NL_LTPDU: BatchGet 3E0AE0494182: 6 eps, rsp=125 bytes[0m
[2026-07-17 17:36:27.976] 
[2026-07-17 17:36:29.780] [0;32mI (19557070) NL_LTPDU: BatchGet 880A64775B01: 6 eps, rsp=126 bytes[0m
[2026-07-17 17:36:29.780] 
[2026-07-17 17:36:30.028] free heap: 6301308, minimum free heap: 6042512, Internal 8bit free heap: 72324, 8bit free heap: 6301308The current date/time is: Fri Jul 17 09:36:28 2026
[2026-07-17 17:36:30.028] 
[2026-07-17 17:36:30.028] 
[2026-07-17 17:36:31.702] [0;32mI (19558993) NL_LTPDU: BatchGet 6A76B95FD1DB: 6 eps, rsp=118 bytes[0m
[2026-07-17 17:36:31.702] 
[2026-07-17 17:36:33.096] [0;32mI (19560382) NL_LTPDU: BatchGet 3E0AE0494182: 6 eps, rsp=125 bytes[0m
[2026-07-17 17:36:33.096] 
[2026-07-17 17:36:34.897] [0;32mI (19562183) NL_LTPDU: BatchGet 880A64775B01: 6 eps, rsp=126 bytes[0m
[2026-07-17 17:36:34.897] 
[2026-07-17 17:36:35.635] uart: 79 AT+TEST shadow BCD|010211038|6a59f7a1|35b0e9fe527e830101496405983f0035026d00|15
[2026-07-17 17:36:35.635] 
[2026-07-17 17:36:35.635] 
[2026-07-17 17:36:35.635] 
[2026-07-17 17:36:35.850] pTopic:$aws/rules/bi_ble_data_report_arch2/switchlink/B0E9FEC6718C/link_to_status
[2026-07-17 17:36:35.850] pData:{"protocolVersion":1,"count":1,"messages":[{"id":"8c8e46ca-023f-4914-91e9-b7437196abbb","eventType":"Wo.Device.DataReport","data":{"deviceID":"b0e9fe527e83","createTime":1784280993,"contentVersion":2,"contentType":"hex","content":"35b0e9fe527e830101496405983f0035026d00","seq":21}}]}
[2026-07-17 17:36:35.850] 
[2026-07-17 17:36:36.542] [0;32mI (19563827) NL_LTPDU: BatchGet 6A76B95FD1DB: 6 eps, rsp=118 bytes[0m
[2026-07-17 17:36:36.542] 
[2026-07-17 17:36:38.036] free heap: 6301176, minimum free heap: 6042512, Internal 8bit free heap: 72192, 8bit free heap: 6301176The current date/time is: Fri Jul 17 09:36:36 2026
[2026-07-17 17:36:38.036] 
[2026-07-17 17:36:38.036] 
[2026-07-17 17:36:38.330] [0;32mI (19565616) NL_LTPDU: BatchGet 3E0AE0494182: 6 eps, rsp=125 bytes[0m
[2026-07-17 17:36:38.330] 
[2026-07-17 17:36:40.074] [0;32mI (19567362) NL_LTPDU: BatchGet 880A64775B01: 6 eps, rsp=126 bytes[0m
[2026-07-17 17:36:40.074] 
[2026-07-17 17:36:41.664] [0;32mI (19568945) NL_LTPDU: BatchGet 6A76B95FD1DB: 6 eps, rsp=118 bytes[0m
[2026-07-17 17:36:41.664] 
[2026-07-17 17:36:43.072] [0;32mI (19570357) NL_LTPDU: BatchGet 3E0AE0494182: 6 eps, rsp=125 bytes[0m
[2026-07-17 17:36:43.072] 
[2026-07-17 17:36:44.896] [0;32mI (19572175) NL_LTPDU: BatchGet 880A64775B01: 6 eps, rsp=126 bytes[0m
[2026-07-17 17:36:44.896] 
[2026-07-17 17:36:46.041] free heap: 6301176, minimum free heap: 6042512, Internal 8bit free heap: 72192, 8bit free heap: 6301176The current date/time is: Fri Jul 17 09:36:44 2026
[2026-07-17 17:36:46.041] 
[2026-07-17 17:36:46.041] 
[2026-07-17 17:36:46.848] [0;32mI (19574125) NL_LTPDU: BatchGet 6A76B95FD1DB: 6 eps, rsp=118 bytes[0m
[2026-07-17 17:36:46.848] 
[2026-07-17 17:36:48.196] [0;32mI (19575475) NL_LTPDU: BatchGet 3E0AE0494182: 6 eps, rsp=125 bytes[0m
[2026-07-17 17:36:48.196] 
[2026-07-17 17:36:48.892] Nanoleaf MQTT payload: {"msgType":"control","requestID":"066ae883-fabe-4c9e-a8cc-be50ea9f65c0","deviceId":"880A64775B01","endpoint":"ci","method":"POST","value":"{\"command\":\"requestTouchConfig\"}"}
[2026-07-17 17:36:48.892] [0;32mI (19576076) NL_LTPDU: SendCmd POST → 880A64775B01 ep=ci[0m
[2026-07-17 17:36:48.892] Nanoleaf MQTT payload: {"msgType":"control","requestID":"cc87c273-d7fd-4e5d-880b-097670cbef97","deviceId":"880A64775B01","endpoint":"ci","method":"POST","value":"{\"command\":\"getTouchKillSwitch\"}"}
[2026-07-17 17:36:48.892] [0;32mI (19576120) TASK_NL: [2] Cmd rsp(598): {"touchConfig":{"supportedFeatures":{"systemGestures":["dt","su","sd","sl","sr"],"systemActions":["pwr","bu","bd","ncs","nrs","nrdms","pcs","prs"]},"defaultSystemConfig":{"gestureActions":[{"gesture":"dt","action":null},{"gesture":"su","action":null},{"gesture":"sd","action":null},{"gesture":"sl","action":null},{"gesture":"sr","action":null}]},"userSystemConfig":{"enabled":true,"gestureActions":[{"gesture":"dt","action":null},{"gesture":"su","action":"pwr"},{"gesture":"sd","action":"pwr"},{"gesture":"sl","action":null},{"gesture":"sr","action":null}],"subscribers":[]},"userPanelConfigs":[]}}[0m
[2026-07-17 17:36:48.892] [0;32mI (19576166) NL_MQTT: PublishRespondData: len=894, pushing to MQTT queue[0m
[2026-07-17 17:36:48.892] [0;32mI (19576173) NL_LTPDU: SendCmd POST → 880A64775B01 ep=ci[0m
[2026-07-17 17:36:48.892] 
[2026-07-17 17:36:49.062] pTopic:switchlink/B0E9FEC6718C/link_to_nanoleaf_func_resp
[2026-07-17 17:36:49.062] pData:{"msgType":"respond","requestID":"066ae883-fabe-4c9e-a8cc-be50ea9f65c0","deviceId":"880A64775B01","success":true,"errorCode":0,"errorMsg":"","endpoints":[{"endpoint":"ci","value":"{\"touchConfig\":{\"supportedFeatures\":{\"systemGestures\":[\"dt\",\"su\",\"sd\",\"sl\",\"sr\"],\"systemActions\":[\"pwr\",\"bu\",\"bd\",\"ncs\",\"nrs\",\"nrdms\",\"pcs\",\"prs\"]},\"defaultSystemConfig\":{\"gestureActions\":[{\"gesture\":\"dt\",\"action\":null},{\"gesture\":\"su\",\"action\":null},{\"gesture\":\"sd\",\"action\":null},{\"gesture\":\"sl\",\"action\":null},{\"gesture\":\"sr\",\"action\":null}]},\"userSystemConfig\":{\"enabled\":true,\"gestureActions\":[{\"gesture\":\"dt\",\"action\":null},{\"gesture\":\"su\",\"action\":\"pwr\"},{\"gesture\":\"sd\",\"action\":\"pwr\"},{\"gesture\":\"sl\",\"action\":null},{\"gesture\":\"sr\",\"action\":null}],\"subscribers\":[]},\"userPanelConfigs\":[]}}"}]}
[2026-07-17 17:36:49.062] [0;32mI (19576321) TASK_NL: [2] Cmd rsp(27): {"touchKillSwitchOn":false}[0m
[2026-07-17 17:36:49.062] [0;32mI (19576332) NL_MQTT: PublishRespondData: len=213, pushing to MQTT queue[0m
[2026-07-17 17:36:49.062] 
[2026-07-17 17:36:49.262] pTopic:switchlink/B0E9FEC6718C/link_to_nanoleaf_func_resp
[2026-07-17 17:36:49.262] pData:{"msgType":"respond","requestID":"cc87c273-d7fd-4e5d-880b-097670cbef97","deviceId":"880A64775B01","success":true,"errorCode":0,"errorMsg":"","endpoints":[{"endpoint":"ci","value":"{\"touchKillSwitchOn\":false}"}]}
[2026-07-17 17:36:49.262] 
[2026-07-17 17:36:49.325] [0;32mI (19576612) NL_LTPDU: BatchGet 880A64775B01: 6 eps, rsp=126 bytes[0m
[2026-07-17 17:36:49.325] 
[2026-07-17 17:36:49.819] uart: 9 AT+STATUS
[2026-07-17 17:36:49.819] 
[2026-07-17 17:36:49.819] 
[2026-07-17 17:36:49.819] wifi status is 5 1 2
[2026-07-17 17:36:49.819] 
[2026-07-17 17:36:49.819] wifi ipv4 info:
[2026-07-17 17:36:49.819] 
[2026-07-17 17:36:49.819] 192.168.50.200.
[2026-07-17 17:36:49.819] 
[2026-07-17 17:36:49.819] 255.255.255.0.
[2026-07-17 17:36:49.819] 
[2026-07-17 17:36:49.819] 192.168.50.1.
[2026-07-17 17:36:49.819] 
[2026-07-17 17:36:49.819] 
[2026-07-17 17:36:49.911] uart: 10 AT+GET_UTC
[2026-07-17 17:36:49.911] 
[2026-07-17 17:36:49.911] 
[2026-07-17 17:36:49.911] utc 3, 6a
[2026-07-17 17:36:49.911] 
[2026-07-17 17:36:49.911] utc 2, 59
[2026-07-17 17:36:49.911] 
[2026-07-17 17:36:49.911] utc 1, f7
[2026-07-17 17:36:49.911] 
[2026-07-17 17:36:49.911] utc 0, af
[2026-07-17 17:36:49.911] 
[2026-07-17 17:36:49.911] UTC : 6a59f7af
[2026-07-17 17:36:49.911] 
[2026-07-17 17:36:49.911] 
[2026-07-17 17:36:51.926] [0;32mI (19579215) NL_LTPDU: BatchGet 6A76B95FD1DB: 6 eps, rsp=118 bytes[0m
[2026-07-17 17:36:51.926] 
[2026-07-17 17:36:53.369] [0;32mI (19580650) NL_LTPDU: BatchGet 3E0AE0494182: 6 eps, rsp=125 bytes[0m
[2026-07-17 17:36:53.369] 
[2026-07-17 17:36:53.957] uart: 11 AT+MOTION 0
[2026-07-17 17:36:53.957] 
[2026-07-17 17:36:53.957] 
[2026-07-17 17:36:53.957] btn on press
[2026-07-17 17:36:53.957] uart: 130 AT+BCDS ff04000206a59f7b3 0010B940B0E9FEC6718C48ca43a5b6dc0F012b000a08974346000000000000ff0d0000000000000000000000000000000000ff01
[2026-07-17 17:36:53.957] 
[2026-07-17 17:36:53.957] 
[2026-07-17 17:36:53.957] 
[2026-07-17 17:36:54.127] [0;32mI (19581377) NL_LTPDU: BatchGet 880A64775B01: 6 eps, rsp=126 bytes[0m
[2026-07-17 17:36:54.127] free heap: 6301244, minimum free heap: 6042512, Internal 8bit free heap: 72288, 8bit free heap: 6301244The current date/time is: Fri Jul 17 09:36:52 2026
[2026-07-17 17:36:54.127] 
[2026-07-17 17:36:54.127] pTopic:$aws/rules/bi_wifi_data_report/switchlink/B0E9FEC6718C/link_to_shadow
[2026-07-17 17:36:54.127] pData:BCD ff04000206a59f7b3 0010B940B0E9FEC6718C48ca43a5b6dc0F012b000a08974346000000000000ff0d0000000000000000000000000000000000ff01
[2026-07-17 17:36:54.127] 
[2026-07-17 17:36:54.327] uart: 11 AT+MOTION 1
[2026-07-17 17:36:54.327] 
[2026-07-17 17:36:54.327] 
[2026-07-17 17:36:54.327] btn on press
[2026-07-17 17:36:54.327] uart: 130 AT+BCDS ff04000206a59f7b3 0010B940B0E9FEC6718C48ca43a5b6dc0F012c200a08974346000000000000ff0cfd00000000000000000000000000000000ff01
[2026-07-17 17:36:54.327] 
[2026-07-17 17:36:54.327] 
[2026-07-17 17:36:54.327] pTopic:$aws/rules/bi_wifi_data_report/switchlink/B0E9FEC6718C/link_to_shadow
[2026-07-17 17:36:54.327] pData:BCD ff04000206a59f7b3 0010B940B0E9FEC6718C48ca43a5b6dc0F012c200a08974346000000000000ff0cfd00000000000000000000000000000000ff01
[2026-07-17 17:36:54.327] 
[2026-07-17 17:36:57.046] [0;32mI (19584329) NL_LTPDU: BatchGet 6A76B95FD1DB: 6 eps, rsp=118 bytes[0m
[2026-07-17 17:36:57.046] 
[2026-07-17 17:36:58.490] [0;32mI (19585770) NL_LTPDU: BatchGet 3E0AE0494182: 6 eps, rsp=125 bytes[0m
[2026-07-17 17:36:58.490] 
[2026-07-17 17:36:59.204] [0;32mI (19586487) NL_LTPDU: BatchGet 880A64775B01: 6 eps, rsp=126 bytes[0m
[2026-07-17 17:36:59.204] 
[2026-07-17 17:37:01.886] [0;32mI (19589174) NL_LTPDU: BatchGet 6A76B95FD1DB: 6 eps, rsp=118 bytes[0m
[2026-07-17 17:37:01.886] 
[2026-07-17 17:37:02.135] free heap: 6301272, minimum free heap: 6042512, Internal 8bit free heap: 72288, 8bit free heap: 6301272The current date/time is: Fri Jul 17 09:37:00 2026
[2026-07-17 17:37:02.135] 
[2026-07-17 17:37:02.135] 
[2026-07-17 17:37:03.316] [0;32mI (19590603) NL_LTPDU: BatchGet 3E0AE0494182: 6 eps, rsp=125 bytes[0m
[2026-07-17 17:37:03.316] 
[2026-07-17 17:37:04.464] [0;32mI (19591744) NL_LTPDU: BatchGet 880A64775B01: 6 eps, rsp=126 bytes[0m
[2026-07-17 17:37:04.464] 
[2026-07-17 17:37:06.988] [0;32mI (19594267) NL_LTPDU: BatchGet 6A76B95FD1DB: 6 eps, rsp=118 bytes[0m
[2026-07-17 17:37:06.988] 
[2026-07-17 17:37:07.344] Nanoleaf MQTT payload: {"msgType":"control","requestID":"98621c75-3ff6-4610-9605-47c2782a4fbb","deviceId":"880A64775B01","endpoint":"ci","method":"POST","value":"{\"touchConfig\":{\"userSystemConfig\":{\"enabled\":true,\"gestureActions\":[{\"gesture\":\"su\",\"action\":\"pwr\"},{\"gesture\":\"sd\",\"action\":\"pwr\"},{\"gesture\":\"sl\",\"action\":\"pwr\"},{\"gesture\":\"sr\",\"action\":null}]}},\"command\":\"configureTouch\"}"}
[2026-07-17 17:37:07.344] 
[2026-07-17 17:37:07.390] [0;32mI (19594667) NL_LTPDU: SendCmd POST → 880A64775B01 ep=ci[0m
[2026-07-17 17:37:07.390] 
[2026-07-17 17:37:07.467] pTopic:switchlink/B0E9FEC6718C/link_to_nanoleaf_func_resp
[2026-07-17 17:37:07.467] pData:{"msgType":"respond","requestID":"98621c75-3ff6-4610-9605-47c2782a4fbb","deviceId":"880A64775B01","success":true,"errorCode":0,"errorMsg":""}
[2026-07-17 17:37:07.467] 
[2026-07-17 17:37:07.714] [0;32mI (19595003) NL_LTPDU: BatchGet 880A64775B01: 6 eps, rsp=126 bytes[0m
[2026-07-17 17:37:07.714] 
[2026-07-17 17:37:08.552] [0;32mI (19595834) NL_LTPDU: BatchGet 3E0AE0494182: 6 eps, rsp=125 bytes[0m
[2026-07-17 17:37:08.552] 
[2026-07-17 17:37:10.129] free heap: 6301148, minimum free heap: 6042512, Internal 8bit free heap: 72192, 8bit free heap: 6301148The current date/time is: Fri Jul 17 09:37:08 2026
[2026-07-17 17:37:10.129] 
[2026-07-17 17:37:10.129] 
[2026-07-17 17:37:10.913] Nanoleaf MQTT payload: {"msgType":"control","requestID":"c907f93d-ca2e-4056-998b-e0a5b08b2a49","deviceId":"880A64775B01","endpoint":"ci","method":"POST","value":"{\"touchConfig\":{\"userSystemConfig\":{\"enabled\":true,\"gestureActions\":[{\"gesture\":\"su\",\"action\":\"pwr\"},{\"gesture\":\"sd\",\"action\":\"pwr\"},{\"gesture\":\"sl\",\"action\":\"pwr\"},{\"gesture\":\"sr\",\"action\":\"pwr\"}]}},\"command\":\"configureTouch\"}"}
[2026-07-17 17:37:10.913] 
[2026-07-17 17:37:10.975] [0;32mI (19598255) NL_LTPDU: SendCmd POST → 880A64775B01 ep=ci[0m
[2026-07-17 17:37:10.975] 
[2026-07-17 17:37:11.330] pTopic:switchlink/B0E9FEC6718C/link_to_nanoleaf_func_resp
[2026-07-17 17:37:11.330] pData:{"msgType":"respond","requestID":"c907f93d-ca2e-4056-998b-e0a5b08b2a49","deviceId":"880A64775B01","success":true,"errorCode":0,"errorMsg":""}
[2026-07-17 17:37:11.330] [0;32mI (19598625) NL_LTPDU: BatchGet 880A64775B01: 6 eps, rsp=126 bytes[0m
[2026-07-17 17:37:11.330] 
[2026-07-17 17:37:12.103] [0;32mI (19599390) NL_LTPDU: BatchGet 6A76B95FD1DB: 6 eps, rsp=118 bytes[0m
[2026-07-17 17:37:12.103] 
[2026-07-17 17:37:13.638] [0;32mI (19600924) NL_LTPDU: BatchGet 3E0AE0494182: 6 eps, rsp=125 bytes[0m
[2026-07-17 17:37:13.638] 
[2026-07-17 17:37:16.216] [0;32mI (19603506) NL_LTPDU: BatchGet 880A64775B01: 6 eps, rsp=126 bytes[0m
[2026-07-17 17:37:16.216] 
[2026-07-17 17:37:17.219] [0;32mI (19604500) NL_LTPDU: BatchGet 6A76B95FD1DB: 6 eps, rsp=118 bytes[0m
[2026-07-17 17:37:17.219] 
[2026-07-17 17:37:18.134] free heap: 6301272, minimum free heap: 6042512, Internal 8bit free heap: 72288, 8bit free heap: 6301272The current date/time is: Fri Jul 17 09:37:16 2026
[2026-07-17 17:37:18.134] 
[2026-07-17 17:37:18.134] 
[2026-07-17 17:37:18.428] [0;32mI (19605711) NL_LTPDU: BatchGet 3E0AE0494182: 6 eps, rsp=125 bytes[0m
[2026-07-17 17:37:18.428] 
[2026-07-17 17:37:21.345] [0;32mI (19608624) NL_LTPDU: BatchGet 880A64775B01: 6 eps, rsp=126 bytes[0m
[2026-07-17 17:37:21.345] 
[2026-07-17 17:37:22.058] [0;32mI (19609345) NL_LTPDU: BatchGet 6A76B95FD1DB: 6 eps, rsp=118 bytes[0m
[2026-07-17 17:37:22.058] 
[2026-07-17 17:37:23.977] [0;32mI (19611267) NL_LTPDU: BatchGet 3E0AE0494182: 6 eps, rsp=125 bytes[0m
[2026-07-17 17:37:23.977] 
[2026-07-17 17:37:26.157] free heap: 6301308, minimum free heap: 6042512, Internal 8bit free heap: 72324, 8bit free heap: 6301308The current date/time is: Fri Jul 17 09:37:24 2026
[2026-07-17 17:37:26.157] 
[2026-07-17 17:37:26.157] 
[2026-07-17 17:37:26.541] [0;32mI (19613826) NL_LTPDU: BatchGet 880A64775B01: 6 eps, rsp=126 bytes[0m
[2026-07-17 17:37:26.541] 
[2026-07-17 17:37:27.176] [0;32mI (19614468) NL_LTPDU: BatchGet 6A76B95FD1DB: 6 eps, rsp=118 bytes[0m
[2026-07-17 17:37:27.176] 
[2026-07-17 17:37:28.697] [0;32mI (19615979) NL_LTPDU: BatchGet 3E0AE0494182: 6 eps, rsp=125 bytes[0m
[2026-07-17 17:37:28.697] 
[2026-07-17 17:37:30.454] [0;32mI (19617739) ROUTE_HOOK: Received RIO[0m
[2026-07-17 17:37:30.454] [0;32mI (19617739) ROUTE_HOOK: prefix FDEA:C98F:38B2:1:: lifetime 1800[0m
[2026-07-17 17:37:30.454] 
[2026-07-17 17:37:31.336] [0;32mI (19618620) NL_LTPDU: BatchGet 880A64775B01: 6 eps, rsp=126 bytes[0m
[2026-07-17 17:37:31.336] 
[2026-07-17 17:37:32.478] [0;32mI (19619760) NL_LTPDU: BatchGet 6A76B95FD1DB: 6 eps, rsp=118 bytes[0m
[2026-07-17 17:37:32.478] 
[2026-07-17 17:37:33.825] [0;32mI (19621115) NL_LTPDU: BatchGet 3E0AE0494182: 6 eps, rsp=125 bytes[0m
[2026-07-17 17:37:33.825] 
[2026-07-17 17:37:34.151] free heap: 6301308, minimum free heap: 6042512, Internal 8bit free heap: 72324, 8bit free heap: 6301308The current date/time is: Fri Jul 17 09:37:32 2026
[2026-07-17 17:37:34.151] 
[2026-07-17 17:37:34.151] 
[2026-07-17 17:37:36.451] [0;32mI (19623732) NL_LTPDU: BatchGet 880A64775B01: 6 eps, rsp=126 bytes[0m
[2026-07-17 17:37:36.451] 
[2026-07-17 17:37:37.160] [0;32mI (19624451) NL_LTPDU: BatchGet 6A76B95FD1DB: 6 eps, rsp=118 bytes[0m
[2026-07-17 17:37:37.160] 
[2026-07-17 17:37:38.679] [0;32mI (19625965) NL_LTPDU: BatchGet 3E0AE0494182: 6 eps, rsp=125 bytes[0m
[2026-07-17 17:37:38.679] 
[2026-07-17 17:37:41.620] [0;32mI (19628904) NL_LTPDU: BatchGet 880A64775B01: 6 eps, rsp=126 bytes[0m
[2026-07-17 17:37:41.620] 
[2026-07-17 17:37:42.159] free heap: 6301308, minimum free heap: 6042512, Internal 8bit free heap: 72324, 8bit free heap: 6301308The current date/time is: Fri Jul 17 09:37:40 2026
[2026-07-17 17:37:42.159] 
[2026-07-17 17:37:42.159] 
[2026-07-17 17:37:42.283] [0;32mI (19629565) NL_LTPDU: BatchGet 6A76B95FD1DB: 6 eps, rsp=118 bytes[0m
[2026-07-17 17:37:42.283] 
[2026-07-17 17:37:43.842] [0;32mI (19631128) NL_LTPDU: BatchGet 3E0AE0494182: 6 eps, rsp=125 bytes[0m
[2026-07-17 17:37:43.842] 
[2026-07-17 17:37:44.958] uart: 11 AT+MOTION 0
[2026-07-17 17:37:44.958] 
[2026-07-17 17:37:44.958] 
[2026-07-17 17:37:44.958] btn on press
[2026-07-17 17:37:44.958] uart: 130 AT+BCDS ff04000206a59f7e6 0010B940B0E9FEC6718C48ca43a5b6dc0F012d000a08974346000000000000ff0cfe00000000000000000000000000000000ff01
[2026-07-17 17:37:44.958] 
[2026-07-17 17:37:44.958] 
[2026-07-17 17:37:44.958] 
[2026-07-17 17:37:45.050] pTopic:$aws/rules/bi_wifi_data_report/switchlink/B0E9FEC6718C/link_to_shadow
[2026-07-17 17:37:45.050] pData:BCD ff04000206a59f7e6 0010B940B0E9FEC6718C48ca43a5b6dc0F012d000a08974346000000000000ff0cfe00000000000000000000000000000000ff01
[2026-07-17 17:37:45.050] 
[2026-07-17 17:37:46.430] [0;32mI (19633715) NL_LTPDU: BatchGet 880A64775B01: 6 eps, rsp=126 bytes[0m
[2026-07-17 17:37:46.430] 
[2026-07-17 17:37:47.434] [0;32mI (19634718) NL_LTPDU: BatchGet 6A76B95FD1DB: 6 eps, rsp=118 bytes[0m
[2026-07-17 17:37:47.434] 
[2026-07-17 17:37:48.967] [0;32mI (19636251) NL_LTPDU: BatchGet 3E0AE0494182: 6 eps, rsp=125 bytes[0m
[2026-07-17 17:37:48.967] 
[2026-07-17 17:37:50.199] free heap: 6301280, minimum free heap: 6042512, Internal 8bit free heap: 72324, 8bit free heap: 6301280The current date/time is: Fri Jul 17 09:37:48 2026
[2026-07-17 17:37:50.199] 
[2026-07-17 17:37:50.199] 
[2026-07-17 17:37:51.983] [0;32mI (19639260) NL_LTPDU: BatchGet 880A64775B01: 6 eps, rsp=126 bytes[0m
[2026-07-17 17:37:51.983] 
[2026-07-17 17:37:52.294] [0;32mI (19639579) NL_LTPDU: BatchGet 6A76B95FD1DB: 6 eps, rsp=118 bytes[0m
[2026-07-17 17:37:52.294] 
[2026-07-17 17:37:53.733] uart: 11 AT+MOTION 1
[2026-07-17 17:37:53.733] 
[2026-07-17 17:37:53.733] 
[2026-07-17 17:37:53.733] btn on press
[2026-07-17 17:37:53.733] uart: 130 AT+BCDS ff04000206a59f7ee 0010B940B0E9FEC6718C48ca43a5b6dc0F012e200a08974346000000000000ff0d0200000000000000000000000000000000ff01
[2026-07-17 17:37:53.733] 
[2026-07-17 17:37:53.733] 
[2026-07-17 17:37:53.733] pTopic:$aws/rules/bi_wifi_data_report/switchlink/B0E9FEC6718C/link_to_shadow
[2026-07-17 17:37:53.733] pData:BCD ff04000206a59f7ee 0010B940B0E9FEC6718C48ca43a5b6dc0F012e200a08974346000000000000ff0d0200000000000000000000000000000000ff01
[2026-07-17 17:37:53.733] 
[2026-07-17 17:37:53.795] [0;32mI (19641086) NL_LTPDU: BatchGet 3E0AE0494182: 6 eps, rsp=125 bytes[0m
[2026-07-17 17:37:53.795] 
[2026-07-17 17:37:56.766] [0;32mI (19644051) NL_LTPDU: BatchGet 880A64775B01: 6 eps, rsp=126 bytes[0m
[2026-07-17 17:37:56.766] 
[2026-07-17 17:37:57.416] [0;32mI (19644700) NL_LTPDU: BatchGet 6A76B95FD1DB: 6 eps, rsp=118 bytes[0m
[2026-07-17 17:37:57.416] 
[2026-07-17 17:37:58.206] free heap: 6301308, minimum free heap: 6042512, Internal 8bit free heap: 72324, 8bit free heap: 6301308The current date/time is: Fri Jul 17 09:37:56 2026
[2026-07-17 17:37:58.206] 
[2026-07-17 17:37:58.206] 
[2026-07-17 17:37:59.105] [0;32mI (19646393) NL_LTPDU: BatchGet 3E0AE0494182: 6 eps, rsp=125 bytes[0m
[2026-07-17 17:37:59.105] 
[2026-07-17 17:38:01.566] [0;32mI (19648847) NL_LTPDU: BatchGet 880A64775B01: 6 eps, rsp=126 bytes[0m
[2026-07-17 17:38:01.566] 
[2026-07-17 17:38:02.527] [0;32mI (19649816) NL_LTPDU: BatchGet 6A76B95FD1DB: 6 eps, rsp=118 bytes[0m
[2026-07-17 17:38:02.527] 
[2026-07-17 17:38:04.126] [0;32mI (19651409) NL_LTPDU: BatchGet 3E0AE0494182: 6 eps, rsp=125 bytes[0m
[2026-07-17 17:38:04.126] 
[2026-07-17 17:38:06.197] free heap: 6301308, minimum free heap: 6042512, Internal 8bit free heap: 72324, 8bit free heap: 6301308The current date/time is: Fri Jul 17 09:38:04 2026
[2026-07-17 17:38:06.197] 
[2026-07-17 17:38:06.197] 
[2026-07-17 17:38:06.681] [0;32mI (19653971) NL_LTPDU: BatchGet 880A64775B01: 6 eps, rsp=126 bytes[0m
[2026-07-17 17:38:06.681] 
[2026-07-17 17:38:07.704] [0;32mI (19654988) NL_LTPDU: BatchGet 6A76B95FD1DB: 6 eps, rsp=118 bytes[0m
[2026-07-17 17:38:07.704] 
[2026-07-17 17:38:08.926] [0;32mI (19656209) NL_LTPDU: BatchGet 3E0AE0494182: 6 eps, rsp=125 bytes[0m
[2026-07-17 17:38:08.926] 
[2026-07-17 17:38:11.560] [0;32mI (19658843) NL_LTPDU: BatchGet 880A64775B01: 6 eps, rsp=126 bytes[0m
[2026-07-17 17:38:11.560] 
[2026-07-17 17:38:12.821] [0;32mI (19660104) NL_LTPDU: BatchGet 6A76B95FD1DB: 6 eps, rsp=118 bytes[0m
[2026-07-17 17:38:12.821] 
[2026-07-17 17:38:14.062] [0;32mI (19661344) NL_LTPDU: BatchGet 3E0AE0494182: 6 eps, rsp=125 bytes[0m
[2026-07-17 17:38:14.062] 
[2026-07-17 17:38:14.200] free heap: 6301308, minimum free heap: 6042512, Internal 8bit free heap: 72324, 8bit free heap: 6301308The current date/time is: Fri Jul 17 09:38:12 2026
[2026-07-17 17:38:14.200] 
[2026-07-17 17:38:14.200] 
[2026-07-17 17:38:16.679] [0;32mI (19663955) NL_LTPDU: BatchGet 880A64775B01: 6 eps, rsp=126 bytes[0m
[2026-07-17 17:38:16.679] 
[2026-07-17 17:38:17.594] [0;32mI (19664877) NL_LTPDU: BatchGet 6A76B95FD1DB: 6 eps, rsp=118 bytes[0m
[2026-07-17 17:38:17.594] 
[2026-07-17 17:38:19.173] [0;32mI (19666464) NL_LTPDU: BatchGet 3E0AE0494182: 6 eps, rsp=125 bytes[0m
[2026-07-17 17:38:19.173] 
[2026-07-17 17:38:21.794] [0;32mI (19669074) NL_LTPDU: BatchGet 880A64775B01: 6 eps, rsp=126 bytes[0m
[2026-07-17 17:38:21.794] 
[2026-07-17 17:38:22.213] free heap: 6301308, minimum free heap: 6042512, Internal 8bit free heap: 72324, 8bit free heap: 6301308The current date/time is: Fri Jul 17 09:38:20 2026
[2026-07-17 17:38:22.213] 
[2026-07-17 17:38:22.213] 
[2026-07-17 17:38:22.755] [0;32mI (19670041) NL_LTPDU: BatchGet 6A76B95FD1DB: 6 eps, rsp=118 bytes[0m
[2026-07-17 17:38:22.755] 
[2026-07-17 17:38:24.072] [0;32mI (19671351) NL_LTPDU: BatchGet 3E0AE0494182: 6 eps, rsp=125 bytes[0m
[2026-07-17 17:38:24.072] 
[2026-07-17 17:38:26.956] [0;32mI (19674235) NL_LTPDU: BatchGet 880A64775B01: 6 eps, rsp=126 bytes[0m
[2026-07-17 17:38:26.956] 
[2026-07-17 17:38:27.882] [0;32mI (19675161) NL_LTPDU: BatchGet 6A76B95FD1DB: 6 eps, rsp=118 bytes[0m
[2026-07-17 17:38:27.882] 
[2026-07-17 17:38:29.183] [0;32mI (19676472) NL_LTPDU: BatchGet 3E0AE0494182: 6 eps, rsp=125 bytes[0m
[2026-07-17 17:38:29.183] 
[2026-07-17 17:38:30.210] free heap: 6301308, minimum free heap: 6042512, Internal 8bit free heap: 72324, 8bit free heap: 6301308The current date/time is: Fri Jul 17 09:38:28 2026
[2026-07-17 17:38:30.210] 
[2026-07-17 17:38:30.210] 
[2026-07-17 17:38:32.100] [0;32mI (19679379) NL_LTPDU: BatchGet 880A64775B01: 6 eps, rsp=126 bytes[0m
[2026-07-17 17:38:32.100] 
[2026-07-17 17:38:32.706] [0;32mI (19679997) NL_LTPDU: BatchGet 6A76B95FD1DB: 6 eps, rsp=118 bytes[0m
[2026-07-17 17:38:32.706] 
[2026-07-17 17:38:34.318] [0;32mI (19681610) NL_LTPDU: BatchGet 3E0AE0494182: 6 eps, rsp=125 bytes[0m
[2026-07-17 17:38:34.318] 
[2026-07-17 17:38:36.884] [0;32mI (19684168) NL_LTPDU: BatchGet 880A64775B01: 6 eps, rsp=126 bytes[0m
[2026-07-17 17:38:36.884] 
[2026-07-17 17:38:36.964] uart: 11 AT+MOTION 0
[2026-07-17 17:38:36.964] 
[2026-07-17 17:38:36.964] 
[2026-07-17 17:38:36.964] btn on press
[2026-07-17 17:38:36.964] uart: 130 AT+BCDS ff04000206a59f81a 0010B940B0E9FEC6718C48ca43a5b6dc0F012f000a08974346000000000000ff0cfb00000000000000000000000000000000ff01
[2026-07-17 17:38:36.964] 
[2026-07-17 17:38:36.964] 
[2026-07-17 17:38:36.964] 
[2026-07-17 17:38:37.151] pTopic:$aws/rules/bi_wifi_data_report/switchlink/B0E9FEC6718C/link_to_shadow
[2026-07-17 17:38:37.151] pData:BCD ff04000206a59f81a 0010B940B0E9FEC6718C48ca43a5b6dc0F012f000a08974346000000000000ff0cfb00000000000000000000000000000000ff01
[2026-07-17 17:38:37.151] 
[2026-07-17 17:38:37.831] [0;32mI (19685115) NL_LTPDU: BatchGet 6A76B95FD1DB: 6 eps, rsp=118 bytes[0m
[2026-07-17 17:38:37.831] 
[2026-07-17 17:38:38.219] free heap: 6301140, minimum free heap: 6042512, Internal 8bit free heap: 72156, 8bit free heap: 6301140The current date/time is: Fri Jul 17 09:38:36 2026
[2026-07-17 17:38:38.219] 
[2026-07-17 17:38:38.219] 
[2026-07-17 17:38:39.159] [0;32mI (19686450) NL_LTPDU: BatchGet 3E0AE0494182: 6 eps, rsp=125 bytes[0m
[2026-07-17 17:38:39.159] 
[2026-07-17 17:38:42.006] [0;32mI (19689287) NL_LTPDU: BatchGet 880A64775B01: 6 eps, rsp=126 bytes[0m
[2026-07-17 17:38:42.006] 
[2026-07-17 17:38:42.979] [0;32mI (19690257) NL_LTPDU: BatchGet 6A76B95FD1DB: 6 eps, rsp=118 bytes[0m
[2026-07-17 17:38:42.979] 
[2026-07-17 17:38:43.365] uart: 11 AT+MOTION 1
[2026-07-17 17:38:43.365] 
[2026-07-17 17:38:43.365] 
[2026-07-17 17:38:43.365] btn on press
[2026-07-17 17:38:43.365] uart: 130 AT+BCDS ff04000206a59f820 0010B940B0E9FEC6718C48ca43a5b6dc0F0130200a08974346000000000000ff0cfa00000000000000000000000000000000ff01
[2026-07-17 17:38:43.365] 
[2026-07-17 17:38:43.365] 
[2026-07-17 17:38:43.365] 
[2026-07-17 17:38:43.427] pTopic:$aws/rules/bi_wifi_data_report/switchlink/B0E9FEC6718C/link_to_shadow
[2026-07-17 17:38:43.427] pData:BCD ff04000206a59f820 0010B940B0E9FEC6718C48ca43a5b6dc0F0130200a08974346000000000000ff0cfa00000000000000000000000000000000ff01
[2026-07-17 17:38:43.427] 
[2026-07-17 17:38:44.276] [0;32mI (19691564) NL_LTPDU: BatchGet 3E0AE0494182: 6 eps, rsp=125 bytes[0m
[2026-07-17 17:38:44.276] 
[2026-07-17 17:38:46.215] free heap: 6301308, minimum free heap: 6042512, Internal 8bit free heap: 72324, 8bit free heap: 6301308The current date/time is: Fri Jul 17 09:38:44 2026
[2026-07-17 17:38:46.215] 
[2026-07-17 17:38:46.215] 
[2026-07-17 17:38:47.129] [0;32mI (19694410) NL_LTPDU: BatchGet 880A64775B01: 6 eps, rsp=126 bytes[0m
[2026-07-17 17:38:47.129] 
[2026-07-17 17:38:47.871] [0;32mI (19695150) NL_LTPDU: BatchGet 6A76B95FD1DB: 6 eps, rsp=118 bytes[0m
[2026-07-17 17:38:47.871] 
[2026-07-17 17:38:49.498] [0;32mI (19696790) NL_LTPDU: BatchGet 3E0AE0494182: 6 eps, rsp=125 bytes[0m
[2026-07-17 17:38:49.498] 
[2026-07-17 17:38:52.764] [0;32mI (19700051) NL_LTPDU: BatchGet 880A64775B01: 6 eps, rsp=126 bytes[0m
[2026-07-17 17:38:52.764] 
[2026-07-17 17:38:52.980] [0;32mI (19700267) NL_LTPDU: BatchGet 6A76B95FD1DB: 6 eps, rsp=118 bytes[0m
[2026-07-17 17:38:52.980] 
[2026-07-17 17:38:54.223] free heap: 6301308, minimum free heap: 6042512, Internal 8bit free heap: 72324, 8bit free heap: 6301308The current date/time is: Fri Jul 17 09:38:52 2026
[2026-07-17 17:38:54.223] 
[2026-07-17 17:38:54.223] 
[2026-07-17 17:38:54.623] [0;32mI (19701908) NL_LTPDU: BatchGet 3E0AE0494182: 6 eps, rsp=125 bytes[0m
[2026-07-17 17:38:54.623] 
[2026-07-17 17:38:57.088] [0;32mI (19704371) NL_LTPDU: BatchGet 880A64775B01: 6 eps, rsp=126 bytes[0m
[2026-07-17 17:38:57.088] 
[2026-07-17 17:38:58.187] [0;32mI (19705469) NL_LTPDU: BatchGet 6A76B95FD1DB: 6 eps, rsp=118 bytes[0m
[2026-07-17 17:38:58.187] 
[2026-07-17 17:38:59.722] [0;32mI (19707008) NL_LTPDU: BatchGet 3E0AE0494182: 6 eps, rsp=125 bytes[0m
[2026-07-17 17:38:59.722] 
[2026-07-17 17:39:02.204] [0;32mI (19709486) NL_LTPDU: BatchGet 880A64775B01: 6 eps, rsp=126 bytes[0m
[2026-07-17 17:39:02.204] 
[2026-07-17 17:39:02.250] free heap: 6301272, minimum free heap: 6042512, Internal 8bit free heap: 72288, 8bit free heap: 6301272The current date/time is: Fri Jul 17 09:39:00 2026
[2026-07-17 17:39:02.250] 
[2026-07-17 17:39:02.250] 
[2026-07-17 17:39:02.929] [0;32mI (19710215) NL_LTPDU: BatchGet 6A76B95FD1DB: 6 eps, rsp=118 bytes[0m
[2026-07-17 17:39:02.929] 
[2026-07-17 17:39:04.342] [0;32mI (19711633) NL_LTPDU: BatchGet 3E0AE0494182: 6 eps, rsp=125 bytes[0m
[2026-07-17 17:39:04.342] 
[2026-07-17 17:39:07.345] [0;32mI (19714628) NL_LTPDU: BatchGet 880A64775B01: 6 eps, rsp=126 bytes[0m
[2026-07-17 17:39:07.345] 
[2026-07-17 17:39:08.045] [0;32mI (19715334) NL_LTPDU: BatchGet 6A76B95FD1DB: 6 eps, rsp=118 bytes[0m
[2026-07-17 17:39:08.045] 
[2026-07-17 17:39:09.472] [0;32mI (19716757) NL_LTPDU: BatchGet 3E0AE0494182: 6 eps, rsp=125 bytes[0m
[2026-07-17 17:39:09.472] 
[2026-07-17 17:39:10.246] free heap: 6301148, minimum free heap: 6042512, Internal 8bit free heap: 72192, 8bit free heap: 6301148The current date/time is: Fri Jul 17 09:39:08 2026
[2026-07-17 17:39:10.246] 
[2026-07-17 17:39:10.246] 
[2026-07-17 17:39:12.580] [0;32mI (19719865) NL_LTPDU: BatchGet 880A64775B01: 6 eps, rsp=126 bytes[0m
[2026-07-17 17:39:12.580] 
[2026-07-17 17:39:13.232] [0;32mI (19720524) NL_LTPDU: BatchGet 6A76B95FD1DB: 6 eps, rsp=118 bytes[0m
[2026-07-17 17:39:13.232] 
[2026-07-17 17:39:14.777] [0;32mI (19722057) NL_LTPDU: BatchGet 3E0AE0494182: 6 eps, rsp=125 bytes[0m
[2026-07-17 17:39:14.777] 
[2026-07-17 17:39:17.326] [0;32mI (19724617) NL_LTPDU: BatchGet 880A64775B01: 6 eps, rsp=126 bytes[0m
[2026-07-17 17:39:17.326] 
[2026-07-17 17:39:18.057] [0;32mI (19725343) NL_LTPDU: BatchGet 6A76B95FD1DB: 6 eps, rsp=118 bytes[0m
[2026-07-17 17:39:18.057] 
[2026-07-17 17:39:18.258] free heap: 6301272, minimum free heap: 6042512, Internal 8bit free heap: 72288, 8bit free heap: 6301272The current date/time is: Fri Jul 17 09:39:16 2026
[2026-07-17 17:39:18.258] 
[2026-07-17 17:39:18.258] 
[2026-07-17 17:39:19.808] [0;32mI (19727085) NL_LTPDU: BatchGet 3E0AE0494182: 6 eps, rsp=125 bytes[0m
[2026-07-17 17:39:19.808] 
[2026-07-17 17:39:22.456] [0;32mI (19729745) NL_LTPDU: BatchGet 880A64775B01: 6 eps, rsp=126 bytes[0m
[2026-07-17 17:39:22.456] 
[2026-07-17 17:39:23.279] [0;32mI (19730559) NL_LTPDU: BatchGet 6A76B95FD1DB: 6 eps, rsp=118 bytes[0m
[2026-07-17 17:39:23.279] 
[2026-07-17 17:39:24.535] [0;32mI (19731813) NL_LTPDU: BatchGet 3E0AE0494182: 6 eps, rsp=125 bytes[0m
[2026-07-17 17:39:24.535] 
[2026-07-17 17:39:24.951] uart: 11 AT+MOTION 0
[2026-07-17 17:39:24.951] 
[2026-07-17 17:39:24.951] 
[2026-07-17 17:39:24.951] btn on press
[2026-07-17 17:39:24.951] uart: 130 AT+BCDS ff04000206a59f84a 0010B940B0E9FEC6718C48ca43a5b6dc0F0131000a08974346000000000000ff0cff00000000000000000000000000000000ff01
[2026-07-17 17:39:24.951] 
[2026-07-17 17:39:24.951] 
[2026-07-17 17:39:24.951] 
[2026-07-17 17:39:25.028] pTopic:$aws/rules/bi_wifi_data_report/switchlink/B0E9FEC6718C/link_to_shadow
[2026-07-17 17:39:25.028] pData:BCD ff04000206a59f84a 0010B940B0E9FEC6718C48ca43a5b6dc0F0131000a08974346000000000000ff0cff00000000000000000000000000000000ff01
[2026-07-17 17:39:25.028] 
[2026-07-17 17:39:25.356] [0;32mI (19732640) ROUTE_HOOK: Ignore invalid ICMP packet[0m
[2026-07-17 17:39:25.356] 
[2026-07-17 17:39:26.035] [0;32mI (19733318) ROUTE_HOOK: Received RIO[0m
[2026-07-17 17:39:26.035] [0;32mI (19733318) ROUTE_HOOK: prefix FDEA:C98F:38B2:1:: lifetime 1800[0m
[2026-07-17 17:39:26.035] 
[2026-07-17 17:39:26.252] free heap: 6301308, minimum free heap: 6042512, Internal 8bit free heap: 72324, 8bit free heap: 6301308The current date/time is: Fri Jul 17 09:39:24 2026
[2026-07-17 17:39:26.252] 
[2026-07-17 17:39:26.252] 
[2026-07-17 17:39:27.292] [0;32mI (19734575) NL_LTPDU: BatchGet 880A64775B01: 6 eps, rsp=126 bytes[0m
[2026-07-17 17:39:27.292] 
[2026-07-17 17:39:28.395] [0;32mI (19735684) NL_LTPDU: BatchGet 6A76B95FD1DB: 6 eps, rsp=118 bytes[0m
[2026-07-17 17:39:28.395] 
[2026-07-17 17:39:29.106] [0;32mI (19736393) ROUTE_HOOK: Received RIO[0m
[2026-07-17 17:39:29.106] [0;32mI (19736393) ROUTE_HOOK: prefix FDEA:C98F:38B2:1:: lifetime 1800[0m
[2026-07-17 17:39:29.106] 
[2026-07-17 17:39:29.599] [0;32mI (19736881) NL_LTPDU: BatchGet 3E0AE0494182: 6 eps, rsp=125 bytes[0m
[2026-07-17 17:39:29.599] 
[2026-07-17 17:39:32.504] [0;32mI (19739783) NL_LTPDU: BatchGet 880A64775B01: 6 eps, rsp=126 bytes[0m
[2026-07-17 17:39:32.504] 
[2026-07-17 17:39:33.156] [0;32mI (19740434) NL_LTPDU: BatchGet 6A76B95FD1DB: 6 eps, rsp=118 bytes[0m
[2026-07-17 17:39:33.156] 
[2026-07-17 17:39:34.258] free heap: 6301308, minimum free heap: 6042512, Internal 8bit free heap: 72324, 8bit free heap: 6301308The current date/time is: Fri Jul 17 09:39:32 2026
[2026-07-17 17:39:34.258] 
[2026-07-17 17:39:34.258] 
[2026-07-17 17:39:34.737] [0;32mI (19742025) NL_LTPDU: BatchGet 3E0AE0494182: 6 eps, rsp=125 bytes[0m
[2026-07-17 17:39:34.737] 
[2026-07-17 17:39:37.642] [0;32mI (19744924) NL_LTPDU: BatchGet 880A64775B01: 6 eps, rsp=126 bytes[0m
[2026-07-17 17:39:37.642] 
[2026-07-17 17:39:38.554] [0;32mI (19745842) NL_LTPDU: BatchGet 6A76B95FD1DB: 6 eps, rsp=118 bytes[0m
[2026-07-17 17:39:38.554] 
[2026-07-17 17:39:39.573] [0;32mI (19746860) NL_LTPDU: BatchGet 3E0AE0494182: 6 eps, rsp=125 bytes[0m
[2026-07-17 17:39:39.573] 
[2026-07-17 17:39:42.268] free heap: 6301176, minimum free heap: 6042512, Internal 8bit free heap: 72192, 8bit free heap: 6301176The current date/time is: Fri Jul 17 09:39:40 2026
[2026-07-17 17:39:42.268] 
[2026-07-17 17:39:42.268] 
[2026-07-17 17:39:42.422] [0;32mI (19749705) NL_LTPDU: BatchGet 880A64775B01: 6 eps, rsp=126 bytes[0m
[2026-07-17 17:39:42.422] 
[2026-07-17 17:39:43.477] [0;32mI (19750755) NL_LTPDU: BatchGet 6A76B95FD1DB: 6 eps, rsp=118 bytes[0m
[2026-07-17 17:39:43.477] 
[2026-07-17 17:39:44.766] [0;32mI (19752058) NL_LTPDU: BatchGet 3E0AE0494182: 6 eps, rsp=125 bytes[0m
[2026-07-17 17:39:44.766] 
[2026-07-17 17:39:47.552] [0;32mI (19754831) NL_LTPDU: BatchGet 880A64775B01: 6 eps, rsp=126 bytes[0m
[2026-07-17 17:39:47.552] 
[2026-07-17 17:39:48.280] [0;32mI (19755571) NL_LTPDU: BatchGet 6A76B95FD1DB: 6 eps, rsp=118 bytes[0m
[2026-07-17 17:39:48.280] 
[2026-07-17 17:39:49.595] [0;32mI (19756882) NL_LTPDU: BatchGet 3E0AE0494182: 6 eps, rsp=125 bytes[0m
[2026-07-17 17:39:49.595] 
[2026-07-17 17:39:50.262] free heap: 6301280, minimum free heap: 6042512, Internal 8bit free heap: 72324, 8bit free heap: 6301280The current date/time is: Fri Jul 17 09:39:48 2026
[2026-07-17 17:39:50.262] 
[2026-07-17 17:39:50.262] 
[2026-07-17 17:39:52.715] [0;32mI (19759995) NL_LTPDU: BatchGet 880A64775B01: 6 eps, rsp=126 bytes[0m
[2026-07-17 17:39:52.715] 
[2026-07-17 17:39:53.490] [0;32mI (19760772) NL_LTPDU: BatchGet 6A76B95FD1DB: 6 eps, rsp=118 bytes[0m
[2026-07-17 17:39:53.490] 
[2026-07-17 17:39:54.743] [0;32mI (19762023) NL_LTPDU: BatchGet 3E0AE0494182: 6 eps, rsp=125 bytes[0m
[2026-07-17 17:39:54.743] 
[2026-07-17 17:39:57.622] [0;32mI (19764902) NL_LTPDU: BatchGet 880A64775B01: 6 eps, rsp=126 bytes[0m
[2026-07-17 17:39:57.622] 
[2026-07-17 17:39:58.274] free heap: 6301308, minimum free heap: 6042512, Internal 8bit free heap: 72324, 8bit free heap: 6301308The current date/time is: Fri Jul 17 09:39:56 2026
[2026-07-17 17:39:58.274] 
[2026-07-17 17:39:58.274] 
[2026-07-17 17:39:58.613] [0;32mI (19765906) NL_LTPDU: BatchGet 6A76B95FD1DB: 6 eps, rsp=118 bytes[0m
[2026-07-17 17:39:58.613] 
[2026-07-17 17:39:59.937] [0;32mI (19767224) NL_LTPDU: BatchGet 3E0AE0494182: 6 eps, rsp=125 bytes[0m
[2026-07-17 17:39:59.937] 
[2026-07-17 17:40:02.728] [0;32mI (19770017) NL_LTPDU: BatchGet 880A64775B01: 6 eps, rsp=126 bytes[0m
[2026-07-17 17:40:02.728] 
[2026-07-17 17:40:03.359] [0;32mI (19770644) NL_LTPDU: BatchGet 6A76B95FD1DB: 6 eps, rsp=118 bytes[0m
[2026-07-17 17:40:03.359] 
[2026-07-17 17:40:04.693] [0;32mI (19771981) NL_LTPDU: BatchGet 3E0AE0494182: 6 eps, rsp=125 bytes[0m
[2026-07-17 17:40:04.693] 
[2026-07-17 17:40:06.275] free heap: 6301272, minimum free heap: 6042512, Internal 8bit free heap: 72288, 8bit free heap: 6301272The current date/time is: Fri Jul 17 09:40:04 2026
[2026-07-17 17:40:06.275] 
[2026-07-17 17:40:06.275] 
[2026-07-17 17:40:07.650] [0;32mI (19774928) NL_LTPDU: BatchGet 880A64775B01: 6 eps, rsp=126 bytes[0m
[2026-07-17 17:40:07.650] 
[2026-07-17 17:40:08.535] [0;32mI (19775825) NL_LTPDU: BatchGet 6A76B95FD1DB: 6 eps, rsp=118 bytes[0m
[2026-07-17 17:40:08.535] 
[2026-07-17 17:40:09.808] [0;32mI (19777093) NL_LTPDU: BatchGet 3E0AE0494182: 6 eps, rsp=125 bytes[0m
[2026-07-17 17:40:09.808] 
[2026-07-17 17:40:12.840] [0;32mI (19780120) NL_LTPDU: BatchGet 880A64775B01: 6 eps, rsp=126 bytes[0m
[2026-07-17 17:40:12.840] 
[2026-07-17 17:40:13.674] [0;32mI (19780963) NL_LTPDU: BatchGet 6A76B95FD1DB: 6 eps, rsp=118 bytes[0m
[2026-07-17 17:40:13.674] 
[2026-07-17 17:40:14.277] free heap: 6301308, minimum free heap: 6042512, Internal 8bit free heap: 72324, 8bit free heap: 6301308The current date/time is: Fri Jul 17 09:40:12 2026
[2026-07-17 17:40:14.277] 
[2026-07-17 17:40:14.277] 
[2026-07-17 17:40:15.002] [0;32mI (19782291) NL_LTPDU: BatchGet 3E0AE0494182: 6 eps, rsp=125 bytes[0m
[2026-07-17 17:40:15.002] 
[2026-07-17 17:40:17.956] [0;32mI (19785246) NL_LTPDU: BatchGet 880A64775B01: 6 eps, rsp=126 bytes[0m
[2026-07-17 17:40:17.956] 
[2026-07-17 17:40:18.787] [0;32mI (19786066) NL_LTPDU: BatchGet 6A76B95FD1DB: 6 eps, rsp=118 bytes[0m
[2026-07-17 17:40:18.787] 
[2026-07-17 17:40:19.804] [0;32mI (19787090) NL_LTPDU: BatchGet 3E0AE0494182: 6 eps, rsp=125 bytes[0m
[2026-07-17 17:40:19.804] 
[2026-07-17 17:40:22.281] free heap: 6301308, minimum free heap: 6042512, Internal 8bit free heap: 72324, 8bit free heap: 6301308The current date/time is: Fri Jul 17 09:40:20 2026
[2026-07-17 17:40:22.281] 
[2026-07-17 17:40:22.281] 
[2026-07-17 17:40:22.946] uart: 19 AT+TEMPHUMI +236 67
[2026-07-17 17:40:22.946] 
[2026-07-17 17:40:22.946] 
[2026-07-17 17:40:22.946] temp_ep:65535,temp_data:2360 humi_ep:65535,humi_data:6700
[2026-07-17 17:40:22.946] 
[2026-07-17 17:40:22.946] 
[2026-07-17 17:40:23.100] [0;32mI (19790383) NL_LTPDU: BatchGet 880A64775B01: 6 eps, rsp=126 bytes[0m
[2026-07-17 17:40:23.100] 
[2026-07-17 17:40:23.518] [0;32mI (19790806) NL_LTPDU: BatchGet 6A76B95FD1DB: 6 eps, rsp=118 bytes[0m
[2026-07-17 17:40:23.518] 
[2026-07-17 17:40:25.016] [0;32mI (19792304) NL_LTPDU: BatchGet 3E0AE0494182: 6 eps, rsp=125 bytes[0m
[2026-07-17 17:40:25.016] 
[2026-07-17 17:40:28.113] [0;32mI (19795399) NL_LTPDU: BatchGet 880A64775B01: 6 eps, rsp=126 bytes[0m
[2026-07-17 17:40:28.113] [0;32mI (19795399) TASK_NL: [2] Status changed: on=1 br=100 ct=6500 hu=0 sa=0 eff="Vibrant Sunrise"[0m
[2026-07-17 17:40:28.113] 
[2026-07-17 17:40:28.237] pTopic:switchlink/B0E9FEC6718C/link_to_nanoleaf_property
[2026-07-17 17:40:28.237] pData:{"msgType":"status","deviceId":"880A64775B01","timestamp":1784281228,"endpoints":[{"endpoint":"lb/0/oo","value":true},{"endpoint":"lb/0/pb","value":100},{"endpoint":"lb/0/ct","value":6500},{"endpoint":"lb/0/hu","value":0},{"endpoint":"lb/0/sa","value":0},{"endpoint":"effect/select","value":"Vibrant Sunrise"}]}
[2026-07-17 17:40:28.237] 
[2026-07-17 17:40:28.701] [0;32mI (19795992) NL_LTPDU: BatchGet 6A76B95FD1DB: 6 eps, rsp=118 bytes[0m
[2026-07-17 17:40:28.701] 
[2026-07-17 17:40:30.142] [0;32mI (19797425) NL_LTPDU: BatchGet 3E0AE0494182: 6 eps, rsp=125 bytes[0m
[2026-07-17 17:40:30.142] 
[2026-07-17 17:40:30.282] free heap: 6301280, minimum free heap: 6042512, Internal 8bit free heap: 72324, 8bit free heap: 6301280The current date/time is: Fri Jul 17 09:40:28 2026
[2026-07-17 17:40:30.282] 
[2026-07-17 17:40:30.282] 
[2026-07-17 17:40:32.956] [0;32mI (19800235) NL_LTPDU: BatchGet 880A64775B01: 6 eps, rsp=126 bytes[0m
[2026-07-17 17:40:32.956] 
[2026-07-17 17:40:33.874] [0;32mI (19801156) NL_LTPDU: BatchGet 6A76B95FD1DB: 6 eps, rsp=118 bytes[0m
[2026-07-17 17:40:33.874] 
[2026-07-17 17:40:35.171] [0;32mI (19802453) NL_LTPDU: BatchGet 3E0AE0494182: 6 eps, rsp=125 bytes[0m
[2026-07-17 17:40:35.171] 
[2026-07-17 17:40:38.296] free heap: 6246484, minimum free heap: 6042512, Internal 8bit free heap: 72324, 8bit free heap: 6246484The current date/time is: Fri Jul 17 09:40:36 2026
[2026-07-17 17:40:38.296] 
[2026-07-17 17:40:38.296] 
[2026-07-17 17:40:38.342] [0;32mI (19805625) NL_LTPDU: BatchGet 880A64775B01: 6 eps, rsp=126 bytes[0m
[2026-07-17 17:40:38.342] [0;32mI (19805626) TASK_NL: [2] Status changed: on=0 br=100 ct=6500 hu=0 sa=0 eff="Vibrant Sunrise"[0m
[2026-07-17 17:40:38.342] 
[2026-07-17 17:40:38.559] pTopic:switchlink/B0E9FEC6718C/link_to_nanoleaf_property
[2026-07-17 17:40:38.559] pData:{"msgType":"status","deviceId":"880A64775B01","timestamp":1784281238,"endpoints":[{"endpoint":"lb/0/oo","value":false},{"endpoint":"lb/0/pb","value":100},{"endpoint":"lb/0/ct","value":6500},{"endpoint":"lb/0/hu","value":0},{"endpoint":"lb/0/sa","value":0},{"endpoint":"effect/select","value":"Vibrant Sunrise"}]}
[2026-07-17 17:40:38.559] 
[2026-07-17 17:40:38.885] [0;32mI (19806168) NL_LTPDU: BatchGet 6A76B95FD1DB: 6 eps, rsp=118 bytes[0m
[2026-07-17 17:40:38.885] 
[2026-07-17 17:40:40.048] [0;32mI (19807337) NL_LTPDU: BatchGet 3E0AE0494182: 6 eps, rsp=125 bytes[0m
[2026-07-17 17:40:40.048] 
[2026-07-17 17:40:42.878] [0;32mI (19810165) NL_LTPDU: BatchGet 880A64775B01: 6 eps, rsp=126 bytes[0m
[2026-07-17 17:40:42.878] 
[2026-07-17 17:40:43.709] [0;32mI (19810989) NL_LTPDU: BatchGet 6A76B95FD1DB: 6 eps, rsp=118 bytes[0m
[2026-07-17 17:40:43.709] 
[2026-07-17 17:40:45.192] [0;32mI (19812482) NL_LTPDU: BatchGet 3E0AE0494182: 6 eps, rsp=125 bytes[0m
[2026-07-17 17:40:45.192] 
[2026-07-17 17:40:46.293] free heap: 6301308, minimum free heap: 6042512, Internal 8bit free heap: 72324, 8bit free heap: 6301308The current date/time is: Fri Jul 17 09:40:44 2026
[2026-07-17 17:40:46.293] 
[2026-07-17 17:40:46.293] 
[2026-07-17 17:40:48.011] [0;32mI (19815298) NL_LTPDU: BatchGet 880A64775B01: 6 eps, rsp=126 bytes[0m
[2026-07-17 17:40:48.011] [0;32mI (19815299) TASK_NL: [2] Status changed: on=1 br=100 ct=6500 hu=0 sa=0 eff="Vibrant Sunrise"[0m
[2026-07-17 17:40:48.011] 
[2026-07-17 17:40:48.073] pTopic:switchlink/B0E9FEC6718C/link_to_nanoleaf_property
[2026-07-17 17:40:48.073] pData:{"msgType":"status","deviceId":"880A64775B01","timestamp":1784281248,"endpoints":[{"endpoint":"lb/0/oo","value":true},{"endpoint":"lb/0/pb","value":100},{"endpoint":"lb/0/ct","value":6500},{"endpoint":"lb/0/hu","value":0},{"endpoint":"lb/0/sa","value":0},{"endpoint":"effect/select","value":"Vibrant Sunrise"}]}
[2026-07-17 17:40:48.073] 
[2026-07-17 17:40:48.892] [0;32mI (19816183) NL_LTPDU: BatchGet 6A76B95FD1DB: 6 eps, rsp=118 bytes[0m
[2026-07-17 17:40:48.892] 
[2026-07-17 17:40:50.344] [0;32mI (19817625) NL_LTPDU: BatchGet 3E0AE0494182: 6 eps, rsp=125 bytes[0m
[2026-07-17 17:40:50.344] 
[2026-07-17 17:40:53.162] [0;32mI (19820407) NL_LTPDU: BatchGet 880A64775B01: 6 eps, rsp=126 bytes[0m
[2026-07-17 17:40:53.162] [0;32mI (19820407) TASK_NL: [2] Status changed: on=0 br=100 ct=6500 hu=0 sa=0 eff="Vibrant Sunrise"[0m
[2026-07-17 17:40:53.162] pTopic:switchlink/B0E9FEC6718C/link_to_nanoleaf_property
[2026-07-17 17:40:53.162] pData:{"msgType":"status","deviceId":"880A64775B01","timestamp":1784281253,"endpoints":[{"endpoint":"lb/0/oo","value":false},{"endpoint":"lb/0/pb","value":100},{"endpoint":"lb/0/ct","value":6500},{"endpoint":"lb/0/hu","value":0},{"endpoint":"lb/0/sa","value":0},{"endpoint":"effect/select","value":"Vibrant Sunrise"}]}
[2026-07-17 17:40:53.162] 
[2026-07-17 17:40:54.000] [0;32mI (19821290) NL_LTPDU: BatchGet 6A76B95FD1DB: 6 eps, rsp=118 bytes[0m
[2026-07-17 17:40:54.000] 
[2026-07-17 17:40:54.296] free heap: 6301244, minimum free heap: 6042512, Internal 8bit free heap: 72288, 8bit free heap: 6301244The current date/time is: Fri Jul 17 09:40:52 2026
[2026-07-17 17:40:54.296] 
[2026-07-17 17:40:54.296] 
[2026-07-17 17:40:55.150] [0;32mI (19822443) NL_LTPDU: BatchGet 3E0AE0494182: 6 eps, rsp=125 bytes[0m
[2026-07-17 17:40:55.150] 
[2026-07-17 17:40:58.235] [0;32mI (19825523) NL_LTPDU: BatchGet 880A64775B01: 6 eps, rsp=126 bytes[0m
[2026-07-17 17:40:58.235] [0;32mI (19825524) TASK_NL: [2] Status changed: on=1 br=100 ct=6500 hu=0 sa=0 eff="Vibrant Sunrise"[0m
[2026-07-17 17:40:58.235] 
[2026-07-17 17:40:58.437] pTopic:switchlink/B0E9FEC6718C/link_to_nanoleaf_property
[2026-07-17 17:40:58.437] pData:{"msgType":"status","deviceId":"880A64775B01","timestamp":1784281258,"endpoints":[{"endpoint":"lb/0/oo","value":true},{"endpoint":"lb/0/pb","value":100},{"endpoint":"lb/0/ct","value":6500},{"endpoint":"lb/0/hu","value":0},{"endpoint":"lb/0/sa","value":0},{"endpoint":"effect/select","value":"Vibrant Sunrise"}]}
[2026-07-17 17:40:58.437] 
[2026-07-17 17:40:58.920] [0;32mI (19826206) NL_LTPDU: BatchGet 6A76B95FD1DB: 6 eps, rsp=118 bytes[0m
[2026-07-17 17:40:58.920] 
[2026-07-17 17:41:00.269] [0;32mI (19827560) NL_LTPDU: BatchGet 3E0AE0494182: 6 eps, rsp=125 bytes[0m
[2026-07-17 17:41:00.269] 
[2026-07-17 17:41:00.917] uart: 11 AT+MOTION 1
[2026-07-17 17:41:00.917] 
[2026-07-17 17:41:00.917] 
[2026-07-17 17:41:00.917] btn on press
[2026-07-17 17:41:00.917] uart: 130 AT+BCDS ff04000206a59f8a9 0010B940B0E9FEC6718C48ca43a5b6dc0F0132200a06974346000000000000ff0cfe00000000000000000000000000000000ff01
[2026-07-17 17:41:00.917] 
[2026-07-17 17:41:00.917] 
[2026-07-17 17:41:00.917] 
[2026-07-17 17:41:01.055] pTopic:$aws/rules/bi_wifi_data_report/switchlink/B0E9FEC6718C/link_to_shadow
[2026-07-17 17:41:01.055] pData:BCD ff04000206a59f8a9 0010B940B0E9FEC6718C48ca43a5b6dc0F0132200a06974346000000000000ff0cfe00000000000000000000000000000000ff01
[2026-07-17 17:41:01.055] 
[2026-07-17 17:41:02.299] free heap: 6301308, minimum free heap: 6042512, Internal 8bit free heap: 72324, 8bit free heap: 6301308The current date/time is: Fri Jul 17 09:41:00 2026
[2026-07-17 17:41:02.299] 
[2026-07-17 17:41:02.299] 
[2026-07-17 17:41:03.150] [0;32mI (19830437) NL_LTPDU: BatchGet 880A64775B01: 6 eps, rsp=126 bytes[0m
[2026-07-17 17:41:03.150] 
[2026-07-17 17:41:03.940] [0;32mI (19831223) NL_LTPDU: BatchGet 6A76B95FD1DB: 6 eps, rsp=118 bytes[0m
[2026-07-17 17:41:03.940] 
[2026-07-17 17:41:05.477] [0;32mI (19832760) NL_LTPDU: BatchGet 3E0AE0494182: 6 eps, rsp=125 bytes[0m
[2026-07-17 17:41:05.477] 
[2026-07-17 17:41:08.372] [0;32mI (19835652) NL_LTPDU: BatchGet 880A64775B01: 6 eps, rsp=126 bytes[0m
[2026-07-17 17:41:08.372] 
[2026-07-17 17:41:08.788] [0;32mI (19836078) NL_LTPDU: BatchGet 6A76B95FD1DB: 6 eps, rsp=118 bytes[0m
[2026-07-17 17:41:08.788] 
[2026-07-17 17:41:10.210] [0;32mI (19837492) NL_LTPDU: BatchGet 3E0AE0494182: 6 eps, rsp=125 bytes[0m
[2026-07-17 17:41:10.210] 
[2026-07-17 17:41:10.302] free heap: 6301112, minimum free heap: 6042512, Internal 8bit free heap: 72156, 8bit free heap: 6301112The current date/time is: Fri Jul 17 09:41:08 2026
[2026-07-17 17:41:10.302] 
[2026-07-17 17:41:10.302] 
[2026-07-17 17:41:13.467] [0;32mI (19840749) NL_LTPDU: BatchGet 880A64775B01: 6 eps, rsp=126 bytes[0m
[2026-07-17 17:41:13.467] 
[2026-07-17 17:41:13.916] [0;32mI (19841195) NL_LTPDU: BatchGet 6A76B95FD1DB: 6 eps, rsp=118 bytes[0m
[2026-07-17 17:41:13.916] 
[2026-07-17 17:41:15.439] [0;32mI (19842726) NL_LTPDU: BatchGet 3E0AE0494182: 6 eps, rsp=125 bytes[0m
[2026-07-17 17:41:15.439] 
[2026-07-17 17:41:18.304] free heap: 6246352, minimum free heap: 6042512, Internal 8bit free heap: 72192, 8bit free heap: 6246352The current date/time is: Fri Jul 17 09:41:16 2026
[2026-07-17 17:41:18.304] 
[2026-07-17 17:41:18.304] 
[2026-07-17 17:41:18.586] [0;32mI (19845868) NL_LTPDU: BatchGet 880A64775B01: 6 eps, rsp=126 bytes[0m
[2026-07-17 17:41:18.586] 
[2026-07-17 17:41:19.113] [0;32mI (19846394) NL_LTPDU: BatchGet 6A76B95FD1DB: 6 eps, rsp=118 bytes[0m
[2026-07-17 17:41:19.113] 
[2026-07-17 17:41:20.565] [0;32mI (19847854) NL_LTPDU: BatchGet 3E0AE0494182: 6 eps, rsp=125 bytes[0m
[2026-07-17 17:41:20.565] 
[2026-07-17 17:41:23.726] [0;32mI (19851008) NL_LTPDU: BatchGet 880A64775B01: 6 eps, rsp=126 bytes[0m
[2026-07-17 17:41:23.726] 
[2026-07-17 17:41:23.943] [0;32mI (19851234) NL_LTPDU: BatchGet 6A76B95FD1DB: 6 eps, rsp=118 bytes[0m
[2026-07-17 17:41:23.943] 
[2026-07-17 17:41:25.661] [0;32mI (19852948) NL_LTPDU: BatchGet 3E0AE0494182: 6 eps, rsp=125 bytes[0m
[2026-07-17 17:41:25.661] 
[2026-07-17 17:41:26.311] free heap: 6301308, minimum free heap: 6042512, Internal 8bit free heap: 72324, 8bit free heap: 6301308The current date/time is: Fri Jul 17 09:41:24 2026
[2026-07-17 17:41:26.311] 
[2026-07-17 17:41:26.311] 
[2026-07-17 17:41:28.509] [0;32mI (19855793) NL_LTPDU: BatchGet 880A64775B01: 6 eps, rsp=126 bytes[0m
[2026-07-17 17:41:28.509] 
[2026-07-17 17:41:29.065] [0;32mI (19856343) NL_LTPDU: BatchGet 6A76B95FD1DB: 6 eps, rsp=118 bytes[0m
[2026-07-17 17:41:29.065] 
[2026-07-17 17:41:30.384] [0;32mI (19857668) NL_LTPDU: BatchGet 3E0AE0494182: 6 eps, rsp=125 bytes[0m
[2026-07-17 17:41:30.384] 
[2026-07-17 17:41:32.982] uart: 11 AT+MOTION 0
[2026-07-17 17:41:32.982] 
[2026-07-17 17:41:32.982] 
[2026-07-17 17:41:32.982] btn on press
[2026-07-17 17:41:32.982] uart: 130 AT+BCDS ff04000206a59f8ca 0010B940B0E9FEC6718C48ca43a5b6dc0F0133000a06974346000000000000ff0d0300000000000000000000000000000000ff01
[2026-07-17 17:41:32.982] 
[2026-07-17 17:41:32.982] 
[2026-07-17 17:41:32.982] pTopic:$aws/rules/bi_wifi_data_report/switchlink/B0E9FEC6718C/link_to_shadow
[2026-07-17 17:41:32.982] pData:BCD ff04000206a59f8ca 0010B940B0E9FEC6718C48ca43a5b6dc0F0133000a06974346000000000000ff0d0300000000000000000000000000000000ff01
[2026-07-17 17:41:32.982] 
[2026-07-17 17:41:34.174] [0;32mI (19861451) NL_LTPDU: BatchGet 880A64775B01: 6 eps, rsp=126 bytes[0m
[2026-07-17 17:41:34.174] 
[2026-07-17 17:41:34.281] [0;32mI (19861569) NL_LTPDU: BatchGet 6A76B95FD1DB: 6 eps, rsp=118 bytes[0m
[2026-07-17 17:41:34.281] 
[2026-07-17 17:41:34.328] free heap: 6301244, minimum free heap: 6042512, Internal 8bit free heap: 72288, 8bit free heap: 6301244The current date/time is: Fri Jul 17 09:41:32 2026
[2026-07-17 17:41:34.328] 
[2026-07-17 17:41:34.328] 
[2026-07-17 17:41:35.596] [0;32mI (19862885) NL_LTPDU: BatchGet 3E0AE0494182: 6 eps, rsp=125 bytes[0m
[2026-07-17 17:41:35.596] 
[2026-07-17 17:41:38.765] [0;32mI (19866043) NL_LTPDU: BatchGet 880A64775B01: 6 eps, rsp=126 bytes[0m
[2026-07-17 17:41:38.765] 
[2026-07-17 17:41:39.402] [0;32mI (19866684) NL_LTPDU: BatchGet 6A76B95FD1DB: 6 eps, rsp=118 bytes[0m
[2026-07-17 17:41:39.402] 
[2026-07-17 17:41:40.422] [0;32mI (19867699) NL_LTPDU: BatchGet 3E0AE0494182: 6 eps, rsp=125 bytes[0m
[2026-07-17 17:41:40.422] 
[2026-07-17 17:41:42.322] free heap: 6301140, minimum free heap: 6042512, Internal 8bit free heap: 72156, 8bit free heap: 6301140The current date/time is: Fri Jul 17 09:41:40 2026
[2026-07-17 17:41:42.322] 
[2026-07-17 17:41:42.322] 
[2026-07-17 17:41:43.560] [0;32mI (19870842) NL_LTPDU: BatchGet 880A64775B01: 6 eps, rsp=126 bytes[0m
[2026-07-17 17:41:43.560] 
[2026-07-17 17:41:44.724] [0;32mI (19872013) NL_LTPDU: BatchGet 6A76B95FD1DB: 6 eps, rsp=118 bytes[0m
[2026-07-17 17:41:44.724] 
[2026-07-17 17:41:45.964] [0;32mI (19873244) NL_LTPDU: BatchGet 3E0AE0494182: 6 eps, rsp=125 bytes[0m
[2026-07-17 17:41:45.964] 
[2026-07-17 17:41:48.816] [0;32mI (19876098) NL_LTPDU: BatchGet 880A64775B01: 6 eps, rsp=126 bytes[0m
[2026-07-17 17:41:48.816] 
[2026-07-17 17:41:50.055] [0;32mI (19877343) NL_LTPDU: BatchGet 6A76B95FD1DB: 6 eps, rsp=118 bytes[0m
[2026-07-17 17:41:50.055] 
[2026-07-17 17:41:50.331] free heap: 6301244, minimum free heap: 6042512, Internal 8bit free heap: 72288, 8bit free heap: 6301244The current date/time is: Fri Jul 17 09:41:48 2026
[2026-07-17 17:41:50.331] 
[2026-07-17 17:41:50.331] 
[2026-07-17 17:41:51.368] [0;32mI (19878653) NL_LTPDU: BatchGet 3E0AE0494182: 6 eps, rsp=125 bytes[0m
[2026-07-17 17:41:51.368] 
[2026-07-17 17:41:53.845] [0;32mI (19881133) NL_LTPDU: BatchGet 880A64775B01: 6 eps, rsp=126 bytes[0m
[2026-07-17 17:41:53.845] 
[2026-07-17 17:41:54.573] [0;32mI (19881863) NL_LTPDU: BatchGet 6A76B95FD1DB: 6 eps, rsp=118 bytes[0m
[2026-07-17 17:41:54.573] 
[2026-07-17 17:41:55.885] [0;32mI (19883168) NL_LTPDU: BatchGet 3E0AE0494182: 6 eps, rsp=125 bytes[0m
[2026-07-17 17:41:55.885] 
[2026-07-17 17:41:58.344] free heap: 6301308, minimum free heap: 6042512, Internal 8bit free heap: 72324, 8bit free heap: 6301308The current date/time is: Fri Jul 17 09:41:56 2026
[2026-07-17 17:41:58.344] 
[2026-07-17 17:41:58.344] 
[2026-07-17 17:41:58.761] [0;32mI (19886053) NL_LTPDU: BatchGet 880A64775B01: 6 eps, rsp=126 bytes[0m
[2026-07-17 17:41:58.761] 
[2026-07-17 17:41:59.699] [0;32mI (19886981) NL_LTPDU: BatchGet 6A76B95FD1DB: 6 eps, rsp=118 bytes[0m
[2026-07-17 17:41:59.699] 
[2026-07-17 17:42:00.514] [0;32mI (19887798) NL_LTPDU: BatchGet 3E0AE0494182: 6 eps, rsp=125 bytes[0m
[2026-07-17 17:42:00.514] 
[2026-07-17 17:42:03.982] [0;32mI (19891270) NL_LTPDU: BatchGet 880A64775B01: 6 eps, rsp=126 bytes[0m
[2026-07-17 17:42:03.982] 
[2026-07-17 17:42:04.618] [0;32mI (19891903) NL_LTPDU: BatchGet 6A76B95FD1DB: 6 eps, rsp=118 bytes[0m
[2026-07-17 17:42:04.618] 
[2026-07-17 17:42:06.346] free heap: 6248048, minimum free heap: 6042512, Internal 8bit free heap: 72324, 8bit free heap: 6248048The current date/time is: Fri Jul 17 09:42:04 2026
[2026-07-17 17:42:06.346] 
[2026-07-17 17:42:06.346] 
[2026-07-17 17:42:07.334] [0;32mI (19894624) NL_LTPDU: BatchGet 3E0AE0494182: 6 eps, rsp=125 bytes[0m
[2026-07-17 17:42:07.334] 
[2026-07-17 17:42:08.786] [0;32mI (19896068) NL_LTPDU: BatchGet 880A64775B01: 6 eps, rsp=126 bytes[0m
[2026-07-17 17:42:08.786] 
[2026-07-17 17:42:09.729] [0;32mI (19897014) NL_LTPDU: BatchGet 6A76B95FD1DB: 6 eps, rsp=118 bytes[0m
[2026-07-17 17:42:09.729] 
[2026-07-17 17:42:10.534] [0;32mI (19897821) NL_LTPDU: BatchGet 3E0AE0494182: 6 eps, rsp=125 bytes[0m
[2026-07-17 17:42:10.534] 
[2026-07-17 17:42:13.951] [0;32mI (19901230) NL_LTPDU: BatchGet 880A64775B01: 6 eps, rsp=126 bytes[0m
[2026-07-17 17:42:13.951] 
[2026-07-17 17:42:14.364] free heap: 6301140, minimum free heap: 6042512, Internal 8bit free heap: 72156, 8bit free heap: 6301140The current date/time is: Fri Jul 17 09:42:12 2026
[2026-07-17 17:42:14.364] 
[2026-07-17 17:42:14.364] 
[2026-07-17 17:42:14.919] [0;32mI (19902203) NL_LTPDU: BatchGet 6A76B95FD1DB: 6 eps, rsp=118 bytes[0m
[2026-07-17 17:42:14.919] 
[2026-07-17 17:42:15.659] [0;32mI (19902944) NL_LTPDU: BatchGet 3E0AE0494182: 6 eps, rsp=125 bytes[0m
[2026-07-17 17:42:15.659] 
[2026-07-17 17:42:19.042] [0;32mI (19906333) NL_LTPDU: BatchGet 880A64775B01: 6 eps, rsp=126 bytes[0m
[2026-07-17 17:42:19.042] 
[2026-07-17 17:42:20.078] [0;32mI (19907356) NL_LTPDU: BatchGet 6A76B95FD1DB: 6 eps, rsp=118 bytes[0m
[2026-07-17 17:42:20.078] 
[2026-07-17 17:42:20.854] [0;32mI (19908141) NL_LTPDU: BatchGet 3E0AE0494182: 6 eps, rsp=125 bytes[0m
[2026-07-17 17:42:20.854] 
[2026-07-17 17:42:21.754] [0;32mI (19909040) ROUTE_HOOK: Received RIO[0m
[2026-07-17 17:42:21.754] [0;32mI (19909041) ROUTE_HOOK: prefix FDEA:C98F:38B2:1:: lifetime 1800[0m
[2026-07-17 17:42:21.754] 
[2026-07-17 17:42:22.390] free heap: 6301272, minimum free heap: 6042512, Internal 8bit free heap: 72288, 8bit free heap: 6301272The current date/time is: Fri Jul 17 09:42:20 2026
[2026-07-17 17:42:22.390] 
[2026-07-17 17:42:22.390] Nanoleaf MQTT payload: {"msgType":"control","requestID":"87ef79e1-9745-460e-bc41-e6858185e468","deviceId":"880A64775B01","endpoint":"ci","method":"POST","value":"{\"version\":\"2.0\",\"command\":\"requestAll\"}"}
[2026-07-17 17:42:22.390] 
[2026-07-17 17:42:22.452] [0;32mI (19909741) NL_LTPDU: SendCmd POST → 880A64775B01 ep=ci[0m
[2026-07-17 17:42:22.452] 
[2026-07-17 17:42:23.810] [0;32mI (19910218) TASK_NL: [2] Cmd rsp(11072): {"animations":[{"version":"2.0","animName":"1","animType":"static","animData":"1 44637 1 52 198 89 0 20","palette":[{"hue":135,"saturation":74,"brightness":78,"probability":0.0}],"colorType":"HSB","logicalPanelsEnabled":true},{"version":"2.0","animName":"ABC","animType":"plugin","colorType":"HSB","palette":[{"hue":3,"saturation":81,"brightness":100,"probability":0.0},{"hue":135,"saturation":74,"brightness":78,"probability":0.0},{"hue":211,"saturation":100,"brightness":100,"probability":0.0}],"pluginType":"color","pluginUuid":"b3fd723a-aae8-4c99-bf2b-087159e0ef53","rhythmFeatureSource":1,"pluginOptions":[{"name":"delayTime","value":0},{"name":"loop","value":true},{"name":"transTime","value":90}],"hasOverlay":false,"logicalPanelsEnabled":true},{"version":"2.0","animName":"Blaze","animType":"plugin","colorType":"HSB","palette":[{"hue":36,"saturation":92,"brightness":92,"probability":0.0},{"hue":28,"saturation":93,"brightness":74,"probability":0.0},{"hue":29,"saturation":93,"brightness":52,"probability":0.0}],"pluginType":"color","pluginUuid":"ba632d3e-9c2b-4413-a965-510c839b3f71","rhythmFeatureSource":1,"pluginOptions":[{"name":"delayTime","value":0},{"name":"transTime","value":20}],"hasOverlay":false,"logicalPanelsEnabled":true},{"version":"2.0","animName":"Cocoa Beach","animType":"plugin","colorType":"HSB","palette":[{"hue":192,"saturation":22,"brightness":73,"probability":0.0},{"hue":191,"saturation":20,"brightness":87,"probability":0.0},{"hue":0,"saturation":0,"brightness":100,"probability":0.0},{"hue":30,"saturation":53,"brightness":90,"probability":0.0},{"hue":25,"saturation":60,"brightness":61,"probability":0.0},{"hue":20,"saturation":52,"brightness":35,"probability":0.0}],"pluginType":"color","pluginUuid":"70b7c636-6bf8-491f-89c1-f4103508d642","rhythmFeatureSource":1,"pluginOptions":[{"name":"delayTime","value":0},{"name":"mainColorProb","value":20.989999344348904},{"name":"transTime","value":24}],"hasOverlay":false,"logicalPanelsEnabled":true},{"version":"2.0","animName":"Cotton Candy","animType":"plugin","colorType":"HSB","palette":[{"hue":182,"saturation":17,"brightness":100,"probability":0.0},{"hue":187,"saturation":21,"brightness":89,"probability":0.0},{"hue":201,"saturation":64,"brightness":96,"probability":0.0},{"hue":18,"saturation":55,"brightness":95,"probability":0.0},{"hue":46,"saturation":33,"brightness":98,"probability":0.0}],"pluginType":"rhythm","pluginUuid":"30018343-7587-4152-8d97-1c349ccc3e68","rhythmFeatureSource":1,"pluginOptions":[{"name":"transTime","value":24}],"hasOverlay":false,"logicalPanelsEnabled":true},{"version":"2.0","animName":"Date Night","animType":"plugin","colorType":"HSB","palette":[{"hue":10,"saturation":40,"brightness":98,"probability":0.0},{"hue":13,"saturation":12,"brightness":100,"probability":0.0},{"hue":348,"saturation":79,"brightness":54,"probability":0.0},{"hue":10,"saturation":56,"brightness":74,"probability":0.0}],"pluginType":"color","pluginUuid":"ba632d3e-9c2b-4413-a965-510c839b3f71","rhythmFeatureSource":1,"pluginOptions":[{"name":"delayTime","value":0},{"name":"transTime","value":24}],"hasOverlay":false,"logicalPanelsEnabled":true},{"version":"2.0","animName":"Hh","animType":"plugin","colorType":"HSB","palette":[{"hue":3,"saturation":81,"brightness":100,"probability":0.0},{"hue":135,"saturation":74,"brightness":78,"probability":0.0},{"hue":211,"saturation":100,"brightness":100,"probability":0.0}],"pluginType":"color","pluginUuid":"a2f3fcdc-dbe2-45cf-ac8b-2a9e5144ac24","rhythmFeatureSource":1,"pluginOptions":[{"name":"delayTime","value":8},{"name":"loop","value":true},{"name":"transTime","value":8}],"hasOverlay":false,"logicalPanelsEnabled":true},{"version":"2.0","animName":"Hip Hop","animType":"plugin","colorType":"HSB","palette":[{"hue":307,"saturation":100,"brightness":100,"probability":0.0},{"hue":291,"saturation":100,"brightness":100,"probability":0.0},{"hue":270,"saturation":100,"brightness":100,"probability":0.0},{"hue":248,"saturation":100,"brightness":100,"probability":0.0},{"hue":206,"saturation":100,"brightness":100,"probability":0.0}],"pluginType":"rhythm","pluginUuid":"5cec763a-6f32-45cf-a691-b81e176b6b4a","rhythmFeatureSource":1,"hasOverlay":false,"logicalPanelsEnabled":true},{"version":"2.0","animName":"Hot Sauce","animType":"plugin","colorType":"HSB","palette":[{"hue":0,"saturation":100,"brightness":89,"probability":0.0},{"hue":27,"saturation":100,"brightness":100,"probability":0.0}],"pluginType":"rhythm","pluginUuid":"60333927-cc36-4a5a-a682-9bd114de8bff","rhythmFeatureSource":1,"hasOverlay":false,"logicalPanelsEnabled":true},{"version":"2.0","animName":"Jungle","animType":"plugin","colorType":"HSB","palette":[{"hue":70,"saturation":25,"brightness":100,"probability":0.0},{"hue":104,"saturation":36,"brightness":69,"probability":0.0},{"hue":82,"saturation":66,"brightness":100,"probability":0.0},{"hue":90,"saturation":100,"brightness":33,"probability":0.0}],"pluginType":"color","pluginUuid":"ba632d3e-9c2b-4413-a965-510c839b3f71","rhythmFeatureSource":1,"pluginOptions":[{"name":"delayTime","value":0},{"name":"transTime","value":15}],"hasOverlay":false,"logicalPanelsEnabled":true},{"version":"2.0","animName":"Kk","animType":"static","animData":"2 44637 1 0 0 0 0 20 30927 1 254 0 0 0 20","palette":[{"hue":0,"saturation":0,"brightness":0,"probability":0.0},{"hue":0,"saturation":100,"brightness":100,"probability":0.0}],"colorType":"HSB","logicalPanelsEnabled":true},{"version":"2.0","animName":"Lightscape","animType":"plugin","colorType":"HSB","palette":[{"hue":158,"saturation":100,"brightness":100,"probability":0.0},{"hue":206,"saturation":100,"brightness":100,"probability":0.0},{"hue":273,"saturation":100,"brightness":100,"probability":0.0}],"pluginType":"color","pluginUuid":"027842e4-e1d6-4a4c-a731-be74a1ebd4cf","rhythmFeatureSource":1,"pluginOptions":[{"name":"delayTime","value":0},{"name":"linDirection","value":"up"},{"name":"loop","value":true},{"name":"transTime","value":24}],"hasOverlay":false,"logicalPanelsEnabled":true},{"version":"2.0","animName":"Morning Sky","animType":"plugin","colorType":"HSB","palette":[{"hue":193,"saturation":27,"brightness":94,"probability":0.0},{"hue":192,"saturation":9,"brightness":98,"probability":0.0},{"hue":0,"saturation":0,"brightness":100,"probability":0.0}],"pluginType":"color","pluginUuid":"713518c1-d560-47db-8991-de780af71d1e","rhythmFeatureSource":1,"pluginOptions":[{"name":"delayTime","value":0},{"name":"loop","value":true},{"name":"transTime","value":43}],"hasOverlay":false,"logicalPanelsEnabled":true},{"version":"2.0","animName":"Northern Lights","animType":"plugin","colorType":"HSB","palette":[{"hue":227,"saturation":100,"brightness":99,"probability":0.0},{"hue":182,"saturation":100,"brightness":100,"probability":0.0},{"hue":125,"saturation":100,"brightness":93,"probability":0.0},{"hue":62,"saturation":100,"brightness":100,"probability":0.0},{"hue":31,"saturation":100,"brightness":100,"probability":0.0},{"hue":2,"saturation":100,"brightness":100,"probability":0.0},{"hue":307,"saturation":100,"brightness":100,"probability":0.0}],"pluginType":"color","pluginUuid":"6970681a-20b5-4c5e-8813-bdaebc4ee4fa","rhythmFeatureSource":1,"pluginOptions":[{"name":"linDirection","value":"right"},{"name":"loop","value":true},{"name":"nColorsPerFrame","value":2},{"name":"transTime","value":20}],"hasOverlay":false,"logicalPanelsEnabled":true},{"version":"2.0","animName":"Pop Rocks","animType":"plugin","colorType":"HSB","palette":[{"hue":0,"saturation":0,"brightness":92,"probability":0.0},{"hue":186,"saturation":90,"brightness":94,"probability":0.0},{"hue":48,"saturation":77,"brightness":98,"probability":0.0},{"hue":180,"saturation":20,"brightness":94,"probability":0.0},{"hue":240,"saturation":100,"brightness":60,"probability":0.0}],"pluginType":"rhythm","pluginUuid":"bc6fe7e0-36d4-4f95-aa21-52a386daa9dc","rhythmFeatureSource":1,"hasOverlay":false,"logicalPanelsEnabled":true},{"version":"2.0","animName":"Prism","animType":"plugin","colorType":"HSB","palette":[{"hue":111,"saturation":96,"brightness":100,"probability":0.0},{"hue":58,"saturation":100,"brightness":98,"probability":0.0},{"hue":36,"saturation":96,"brightness":98,"probability":0.0},{"hue":295,"saturation":100,"brightness":98,"probability":0.0},{"hue":1,"saturation":96,"brightness":98,"probability":0.0},{"hue":222,"saturation":87,"brightness":98,"probability":0.0}],"pluginType":"rhythm","pluginUuid":"fa0ce428-ad3a-40a9-84e4-1c9316644852","rhythmFeatureSource":1,"hasOverlay":false,"logicalPanelsEnabled":true},{"version":"2.0","animName":"Starlight","animType":"plugin","colorType":"HSB","palette":[{"hue":224,"saturation":74,"brightness":56,"probability":0.0},{"hue":214,"saturation":53,"brightness":67,"probability":0.0},{"hue":57,"saturation":28,"brightness":81,"probability":0.0},{"hue":47,"saturation":84,"brightness":83,"probability":0.0}],"pluginType":"color","pluginUuid":"70b7c636-6bf8-491f-89c1-f4103508d642","rhythmFeatureSource":1,"pluginOptions":[{"name":"delayTime","value":15},{"name":"mainColorProb","value":79.99},{"name":"transTime","value":24}],"hasOverlay":false,"logicalPanelsEnabled":true},{"version":"2.0","animName":"Sundown","animType":"plugin","colorType":"HSB","palette":[{"hue":352,"saturation":95,"brightness":100,"probability":0.0},{"hue":30,"saturation":100,"brightness":100,"probability":0.0},{"hue":43,"saturation":83,"brightness":100,"probability":0.0}],"pluginType":"color","pluginUuid":"6970681a-20b5-4c5e-8813-bdaebc4ee4fa","rhythmFeatureSource":1,"pluginOptions":[{"name":"linDirection","value":"down"},{"name":"loop","value":true},{"name":"nColorsPerFrame","value":3},{"name":"transTime","value":24}],"hasOverlay":false,"logicalPanelsEnabled":true},{"version":"2.0","animName":"Waterfall","animType":"plugin","colorType":"HSB","palette":[{"hue":0,"saturation":0,"brightness":100,"probability":0.0},{"hue":166,"saturation":36,"brightness":100,"probability":0.0},{"hue":220,"saturation":49,"brightness":100,"probability":0.0}],"pluginType":"rhythm","pluginUuid":"23e70ff4-458c-4852-826f-9315d89ee6ed","rhythmFeatureSource":1,"hasOverlay":false,"logicalPanelsEnabled":true},{"version":"2.0","animName":"Vibrant Sunrise","animType":"plugin","colorType":"HSB","palette":[{"hue":254,"saturation":100,"brightness":34,"probability":0.0},{"hue":2
[2026-07-17 17:42:23.887] 61,"saturation":100,"brightness":28,"probability":0.0},{"hue":6,"saturation":100,"brightness":40,"probability":0.0},{"hue":6,"saturation":100,"brightness":68,"probability":0.0},{"hue":14,"saturation":100,"brightness":79,"probability":0.0},{"hue":25,"saturation":100,"brightness":93,"probability":0.0},{"hue":34,"saturation":100,"brightness":100,"probability":0.0},{"hue":52,"saturation":100,"brightness":100,"probability":0.0},{"hue":0,"saturation":0,"brightness":100,"probability":0.0}],"pluginType":"color","pluginUuid":"027842e4-e1d6-4a4c-a731-be74a1ebd4cf","rhythmFeatureSource":1,"pluginOptions":[{"name":"delayTime","value":0},{"name":"linDirection","value":"right"},{"name":"loop","value":false},{"name":"transTime","value":24}],"hasOverlay":false,"logicalPanelsEnabled":true}]}[0m
[2026-07-17 17:42:23.887] [0;32mI (19911176) NL_MQTT: PublishRespondData: len=12792, pushing to MQTT queue[0m
[2026-07-17 17:42:23.887] 
[2026-07-17 17:42:24.937] pTopic:switchlink/B0E9FEC6718C/link_to_nanoleaf_func_resp
[2026-07-17 17:42:24.937] pData:{"msgType":"respond","requestID":"87ef79e1-9745-460e-bc41-e6858185e468","deviceId":"880A64775B01","success":true,"errorCode":0,"errorMsg":"","endpoints":[{"endpoint":"ci","value":"{\"animations\":[{\"version\":\"2.0\",\"animName\":\"1\",\"animType\":\"static\",\"animData\":\"1 44637 1 52 198 89 0 20\",\"palette\":[{\"hue\":135,\"saturation\":74,\"brightness\":78,\"probability\":0.0}],\"colorType\":\"HSB\",\"logicalPanelsEnabled\":true},{\"version\":\"2.0\",\"animName\":\"ABC\",\"animType\":\"plugin\",\"colorType\":\"HSB\",\"palette\":[{\"hue\":3,\"saturation\":81,\"brightness\":100,\"probability\":0.0},{\"hue\":135,\"saturation\":74,\"brightness\":78,\"probability\":0.0},{\"hue\":211,\"saturation\":100,\"brightness\":100,\"probability\":0.0}],\"pluginType\":\"color\",\"pluginUuid\":\"b3fd723a-aae8-4c99-bf2b-087159e0ef53\",\"rhythmFeatureSource\":1,\"pluginOptions\":[{\"name\":\"delayTime\",\"value\":0},{\"name\":\"loop\",\"value\":true},{\"name\":\"transTime\",\"value\":90}],\"hasOverlay\":false,\"logicalPanelsEnabled\":true},{\"version\":\"2.0\",\"animName\":\"Blaze\",\"animType\":\"plugin\",\"colorType\":\"HSB\",\"palette\":[{\"hue\":36,\"saturation\":92,\"brightness\":92,\"probability\":0.0},{\"hue\":28,\"saturation\":93,\"brightness\":74,\"probability\":0.0},{\"hue\":29,\"saturation\":93,\"brightness\":52,\"probability\":0.0}],\"pluginType\":\"color\",\"pluginUuid\":\"ba632d3e-9c2b-4413-a965-510c839b3f71\",\"rhythmFeatureSource\":1,\"pluginOptions\":[{\"name\":\"delayTime\",\"value\":0},{\"name\":\"transTime\",\"value\":20}],\"hasOverlay\":false,\"logicalPanelsEnabled\":true},{\"version\":\"2.0\",\"animName\":\"Cocoa Beach\",\"animType\":\"plugin\",\"colorType\":\"HSB\",\"palette\":[{\"hue\":192,\"saturation\":22,\"brightness\":73,\"probability\":0.0},{\"hue\":191,\"saturation\":20,\"brightness\":87,\"probability\":0.0},{\"hue\":0,\"saturation\":0,\"brightness\":100,\"probability\":0.0},{\"hue\":30,\"saturation\":53,\"brightness\":90,\"probability\":0.0},{\"hue\":25,\"saturation\":60,\"brightness\":61,\"probability\":0.0},{\"hue\":20,\"saturation\":52,\"brightness\":35,\"probability\":0.0}],\"pluginType\":\"color\",\"pluginUuid\":\"70b7c636-6bf8-491f-89c1-f4103508d642\",\"rhythmFeatureSource\":1,\"pluginOptions\":[{\"name\":\"delayTime\",\"value\":0},{\"name\":\"mainColorProb\",\"value\":20.989999344348904},{\"name\":\"transTime\",\"value\":24}],\"hasOverlay\":false,\"logicalPanelsEnabled\":true},{\"version\":\"2.0\",\"animName\":\"Cotton Candy\",\"animType\":\"plugin\",\"colorType\":\"HSB\",\"palette\":[{\"hue\":182,\"saturation\":17,\"brightness\":100,\"probability\":0.0},{\"hue\":187,\"saturation\":21,\"brightness\":89,\"probability\":0.0},{\"hue\":201,\"saturation\":64,\"brightness\":96,\"probability\":0.0},{\"hue\":18,\"saturation\":55,\"brightness\":95,\"probability\":0.0},{\"hue\":46,\"saturation\":33,\"brightness\":98,\"probability\":0.0}],\"pluginType\":\"rhythm\",\"pluginUuid\":\"30018343-7587-4152-8d97-1c349ccc3e68\",\"rhythmFeatureSource\":1,\"pluginOptions\":[{\"name\":\"transTime\",\"value\":24}],\"hasOverlay\":false,\"logicalPanelsEnabled\":true},{\"version\":\"2.0\",\"animName\":\"Date Night\",\"animType\":\"plugin\",\"colorType\":\"HSB\",\"palette\":[{\"hue\":10,\"saturation\":40,\"brightness\":98,\"probability\":0.0},{\"hue\":13,\"saturation\":12,\"brightness\":100,\"probability\":0.0},{\"hue\":348,\"saturation\":79,\"brightness\":54,\"probability\":0.0},{\"hue\":10,\"saturation\":56,\"brightness\":74,\"probability\":0.0}],\"pluginType\":\"color\",\"pluginUuid\":\"ba632d3e-9c2b-4413-a965-510c839b3f71\",\"rhythmFeatureSource\":1,\"pluginOptions\":[{\"name\":\"delayTime\",\"value\":0},{\"name\":\"transTime\",\"value\":24}],\"hasOverlay\":false,\"logicalPanelsEnabled\":true},{\"version\":\"2.0\",\"animName\":\"Hh\",\"animType\":\"plugin\",\"colorType\":\"HSB\",\"palette\":[{\"hue\":3,\"saturation\":81,\"brightness\":100,\"probability\":0.0},{\"hue\":135,\"saturation\":74,\"brightness\":78,\"probability\":0.0},{\"hue\":211,\"saturation\":100,\"brightness\":100,\"probability\":0.0}],\"pluginType\":\"color\",\"pluginUuid\":\"a2f3fcdc-dbe2-45cf-ac8b-2a9e5144ac24\",\"rhythmFeatureSource\":1,\"pluginOptions\":[{\"name\":\"delayTime\",\"value\":8},{\"name\":\"loop\",\"value\":true},{\"name\":\"transTime\",\"value\":8}],\"hasOverlay\":false,\"logicalPanelsEnabled\":true},{\"version\":\"2.0\",\"animName\":\"Hip Hop\",\"animType\":\"plugin\",\"colorType\":\"HSB\",\"palette\":[{\"hue\":307,\"saturation\":100,\"brightness\":100,\"probability\":0.0},{\"hue\":291,\"saturation\":100,\"brightness\":100,\"probability\":0.0},{\"hue\":270,\"saturation\":100,\"brightness\":100,\"probability\":0.0},{\"hue\":248,\"saturation\":100,\"brightness\":100,\"probability\":0.0},{\"hue\":206,\"saturation\":100,\"brightness\":100,\"probability\":0.0}],\"pluginType\":\"rhythm\",\"pluginUuid\":\"5cec763a-6f32-45cf-a691-b81e176b6b4a\",\"rhythmFeatureSource\":1,\"hasOverlay\":false,\"logicalPanelsEnabled\":true},{\"version\":\"2.0\",\"animName\":\"Hot Sauce\",\"animType\":\"plugin\",\"colorType\":\"HSB\",\"palette\":[{\"hue\":0,\"saturation\":100,\"brightness\":89,\"probability\":0.0},{\"hue\":27,\"saturation\":100,\"brightness\":100,\"probability\":0.0}],\"pluginType\":\"rhythm\",\"pluginUuid\":\"60333927-cc36-4a5a-a682-9bd114de8bff\",\"rhythmFeatureSource\":1,\"hasOverlay\":false,\"logicalPanelsEnabled\":true},{\"version\":\"2.0\",\"animName\":\"Jungle\",\"animType\":\"plugin\",\"colorType\":\"HSB\",\"palette\":[{\"hue\":70,\"saturation\":25,\"brightness\":100,\"probability\":0.0},{\"hue\":104,\"saturation\":36,\"brightness\":69,\"probability\":0.0},{\"hue\":82,\"saturation\":66,\"brightness\":100,\"probability\":0.0},{\"hue\":90,\"saturation\":100,\"brightness\":33,\"probability\":0.0}],\"pluginType\":\"color\",\"pluginUuid\":\"ba632d3e-9c2b-4413-a965-510c839b3f71\",\"rhythmFeatureSource\":1,\"pluginOptions\":[{\"name\":\"delayTime\",\"value\":0},{\"name\":\"transTime\",\"value\":15}],\"hasOverlay\":false,\"logicalPanelsEnabled\":true},{\"version\":\"2.0\",\"animName\":\"Kk\",\"animType\":\"static\",\"animData\":\"2 44637 1 0 0 0 0 20 30927 1 254 0 0 0 20\",\"palette\":[{\"hue\":0,\"saturation\":0,\"brightness\":0,\"probability\":0.0},{\"hue\":0,\"saturation\":100,\"brightness\":100,\"probability\":0.0}],\"colorType\":\"HSB\",\"logicalPanelsEnabled\":true},{\"version\":\"2.0\",\"animName\":\"Lightscape\",\"animType\":\"plugin\",\"colorType\":\"HSB\",\"palette\":[{\"hue\":158,\"saturation\":100,\"brightness\":100,\"probability\":0.0},{\"hue\":206,\"saturation\":100,\"brightness\":100,\"probability\":0.0},{\"hue\":273,\"saturation\":100,\"brightness\":100,\"probability\":0.0}],\"pluginType\":\"color\",\"pluginUuid\":\"027842e4-e1d6-4a4c-a731-be74a1ebd4cf\",\"rhythmFeatureSource\":1,\"pluginOptions\":[{\"name\":\"delayTime\",\"value\":0},{\"name\":\"linDirection\",\"value\":\"up\"},{\"name\":\"loop\",\"value\":true},{\"name\":\"transTime\",\"value\":24}],\"hasOverlay\":false,\"logicalPanelsEnabled\":true},{\"version\":\"2.0\",\"animName\":\"Morning Sky\",\"animType\":\"plugin\",\"colorType\":\"HSB\",\"palette\":[{\"hue\":193,\"saturation\":27,\"brightness\":94,\"probability\":0.0},{\"hue\":192,\"saturation\":9,\"brightness\":98,\"probability\":0.0},{\"hue\":0,\"saturation\":0,\"brightness\":100,\"probability\":0.0}],\"pluginType\":\"color\",\"pluginUuid\":\"713518c1-d560-47db-8991-de780af71d1e\",\"rhythmFeatureSource\":1,\"pluginOptions\":[{\"name\":\"delayTime\",\"value\":0},{\"name\":\"loop\",\"value\":true},{\"name\":\"transTime\",\"value\":43}],\"hasOverlay\":false,\"logicalPanelsEnabled\":true},{\"version\":\"2.0\",\"animName\":\"Northern Lights\",\"animType\":\"plugin\",\"colorType\":\"HSB\",\"palette\":[{\"hue\":227,\"saturation\":100,\"brightness\":99,\"probability\":0.0},{\"hue\":182,\"saturation\":100,\"brightness\":100,\"probability\":0.0},{\"hue\":125,\"saturation\":100,\"brightness\":93,\"probability\":0.0},{\"hue\":62,\"saturation\":100,\"brightness\":100,\"probability\":0.0},{\"hue\":31,\"saturation\":100,\"brightness\":100,\"probability\":0.0},{\"hue\":2,\"saturation\":100,\"brightness\":100,\"probability\":0.0},{\"hue\":307,\"saturation\":100,\"brightness\":100,\"probability\":0.0}],\"pluginType\":\"color\",\"pluginUuid\":\"6970681a-20b5-4c5e-8813-bdaebc4ee4fa\",\"rhythmFeatureSource\":1,\"pluginOptions\":[{\"name\":\"linDirection\",\"value\":\"right\"},{\"name\":\"loop\",\"value\":true},{\"name\":\"nColorsPerFrame\",\"value\":2},{\"name\":\"transTime\",\"value\":20}],\"hasOverlay\":false,\"logicalPanelsEnabled\":true},{\"version\":\"2.0\",\"animName\":\"Pop Rocks\",\"animType\":\"plugin\",\"colorType\":\"HSB\",\"palette\":[{\"hue\":0,\"saturation\":0,\"brightness\":92,\"probability\":0.0},{\"hue\":186,\"saturation\":90,\"brightness\":94,\"probability\":0.0},{\"hue\":48,\"saturation\":77,\"brightness\":98,\"probability\":0.0},{\"hue\":180,\"saturation\":20,\"brightness\":94,\"probability\":0.0},{\"hue\":240,\"saturation\":100,\"brightness\":60,\"probability\":0.0}],\"pluginType\":\"rhythm\",\"pluginUuid\":\"bc6fe7e0-36d4-4f95-aa21-52a386daa9dc\",\"rhythmFeatureSource\":1,\"hasOverlay\":false,\"logicalPanelsEnabled\":true},{\"version\":\"2.0\",\"animName\":\"Prism\",\"animType\":\"plugin\",\"colorType\":\"HSB\",\"palette\":[{\"hue\":111,\"saturation\":96,\"brightness\":100,\"probability\":0.0},{\"hue\":58,\"saturation\":100,\"brightness\":98,\"probability\":0.0},{\"hue\":36,\"saturation\":96,\"brightness\":98,\"probability\":0.0},{\"hue\":295,\"saturation\":100,\"brightness\":98,\"probability\":0.0},{\"hue\":1,\"saturation\":96,\"brightness\":98,\"probability\":0.0},{\"hue\":222,\"saturation\":87,\"brightness\":98,\"probability\":0.0}],\"pluginType\":\"rhythm\",\"pluginUuid\":\"fa0ce428-ad3a-40a9-84e4-1c9316644852\",\"rhythmFeatureSource\":1,\"hasOverlay\":false,\"logicalPanelsEnabled\":true},{\"version\":\"2.0\",\"animName\":\"Starlight\",\"animType\":\"plugin\",\"colorType\":\"HSB\",\"palette\":[{\"hue\":224,\"saturation\":74,\"brightness\":56,\"probability\":0.0},{\"hue\":214,\"saturation\":53,\"brightness\":67,\"probability\":0.0},{\"hue\":57,\"saturation\":28,\"brightness\":81,\"probability\":0.0},{\"hue\":47,\"saturation\":84,\"brightness\":83,\"probability\":0.0}],\"pl
[2026-07-17 17:42:25.170] uginType\":\"color\",\"pluginUuid\":\"70b7c636-6bf8-491f-89c1-f4103508d642\",\"rhythmFeatureSource\":1,\"pluginOptions\":[{\"name\":\"delayTime\",\"value\":15},{\"name\":\"mainColorProb\",\"value\":79.99},{\"name\":\"transTime\",\"value\":24}],\"hasOverlay\":false,\"logicalPanelsEnabled\":true},{\"version\":\"2.0\",\"animName\":\"Sundown\",\"animType\":\"plugin\",\"colorType\":\"HSB\",\"palette\":[{\"hue\":352,\"saturation\":95,\"brightness\":100,\"probability\":0.0},{\"hue\":30,\"saturation\":100,\"brightness\":100,\"probability\":0.0},{\"hue\":43,\"saturation\":83,\"brightness\":100,\"probability\":0.0}],\"pluginType\":\"color\",\"pluginUuid\":\"6970681a-20b5-4c5e-8813-bdaebc4ee4fa\",\"rhythmFeatureSource\":1,\"pluginOptions\":[{\"name\":\"linDirection\",\"value\":\"down\"},{\"name\":\"loop\",\"value\":true},{\"name\":\"nColorsPerFrame\",\"value\":3},{\"name\":\"transTime\",\"value\":24}],\"hasOverlay\":false,\"logicalPanelsEnabled\":true},{\"version\":\"2.0\",\"animName\":\"Waterfall\",\"animType\":\"plugin\",\"colorType\":\"HSB\",\"palette\":[{\"hue\":0,\"saturation\":0,\"brightness\":100,\"probability\":0.0},{\"hue\":166,\"saturation\":36,\"brightness\":100,\"probability\":0.0},{\"hue\":220,\"saturation\":49,\"brightness\":100,\"probability\":0.0}],\"pluginType\":\"rhythm\",\"pluginUuid\":\"23e70ff4-458c-4852-826f-9315d89ee6ed\",\"rhythmFeatureSource\":1,\"hasOverlay\":false,\"logicalPanelsEnabled\":true},{\"version\":\"2.0\",\"animName\":\"Vibrant Sunrise\",\"animType\":\"plugin\",\"colorType\":\"HSB\",\"palette\":[{\"hue\":254,\"saturation\":100,\"brightness\":34,\"probability\":0.0},{\"hue\":261,\"saturation\":100,\"brightness\":28,\"probability\":0.0},{\"hue\":6,\"saturation\":100,\"brightness\":40,\"probability\":0.0},{\"hue\":6,\"saturation\":100,\"brightness\":68,\"probability\":0.0},{\"hue\":14,\"saturation\":100,\"brightness\":79,\"probability\":0.0},{\"hue\":25,\"saturation\":100,\"brightness\":93,\"probability\":0.0},{\"hue\":34,\"saturation\":100,\"brightness\":100,\"probability\":0.0},{\"hue\":52,\"saturation\":100,\"brightness\":100,\"probability\":0.0},{\"hue\":0,\"saturation\":0,\"brightness\":100,\"probability\":0.0}],\"pluginType\":\"color\",\"pluginUuid\":\"027842e4-e1d6-4a4c-a731-be74a1ebd4cf\",\"rhythmFeatureSource\":1,\"pluginOptions\":[{\"name\":\"delayTime\",\"value\":0},{\"name\":\"linDirection\",\"value\":\"right\"},{\"name\":\"loop\",\"value\":false},{\"name\":\"transTime\",\"value\":24}],\"hasOverlay\":false,\"logicalPanelsEnabled\":true}]}"}]}
[2026-07-17 17:42:25.170] [0;32mI (19911625) NL_LTPDU: BatchGet 880A64775B01: 6 eps, rsp=126 bytes[0m
[2026-07-17 17:42:25.170] 
[2026-07-17 17:42:25.494] [0;32mI (19912783) NL_LTPDU: BatchGet 6A76B95FD1DB: 6 eps, rsp=118 bytes[0m
[2026-07-17 17:42:25.494] 
[2026-07-17 17:42:25.898] [0;32mI (19913180) NL_LTPDU: BatchGet 3E0AE0494182: 6 eps, rsp=125 bytes[0m
[2026-07-17 17:42:25.898] 
[2026-07-17 17:42:29.195] [0;32mI (19916474) NL_LTPDU: BatchGet 880A64775B01: 6 eps, rsp=126 bytes[0m
[2026-07-17 17:42:29.195] 
[2026-07-17 17:42:30.325] free heap: 6301280, minimum free heap: 6042512, Internal 8bit free heap: 72324, 8bit free heap: 6301280The current date/time is: Fri Jul 17 09:42:28 2026
[2026-07-17 17:42:30.325] 
[2026-07-17 17:42:30.325] [0;32mI (19917619) NL_LTPDU: BatchGet 6A76B95FD1DB: 6 eps, rsp=118 bytes[0m
[2026-07-17 17:42:30.325] 
[2026-07-17 17:42:30.772] [0;32mI (19918059) NL_LTPDU: BatchGet 3E0AE0494182: 6 eps, rsp=125 bytes[0m
[2026-07-17 17:42:30.772] 
[2026-07-17 17:42:34.348] [0;32mI (19921636) NL_LTPDU: BatchGet 880A64775B01: 6 eps, rsp=126 bytes[0m
[2026-07-17 17:42:34.348] 
[2026-07-17 17:42:35.447] [0;32mI (19922734) NL_LTPDU: BatchGet 6A76B95FD1DB: 6 eps, rsp=118 bytes[0m
[2026-07-17 17:42:35.447] 
[2026-07-17 17:42:35.933] [0;32mI (19923224) NL_LTPDU: BatchGet 3E0AE0494182: 6 eps, rsp=125 bytes[0m
[2026-07-17 17:42:35.933] 
[2026-07-17 17:42:38.313] free heap: 6301308, minimum free heap: 6042512, Internal 8bit free heap: 72324, 8bit free heap: 6301308The current date/time is: Fri Jul 17 09:42:36 2026
[2026-07-17 17:42:38.313] 
[2026-07-17 17:42:38.313] 
[2026-07-17 17:42:39.473] [0;32mI (19926758) NL_LTPDU: BatchGet 880A64775B01: 6 eps, rsp=126 bytes[0m
[2026-07-17 17:42:39.473] 
[2026-07-17 17:42:40.598] [0;32mI (19927882) NL_LTPDU: BatchGet 6A76B95FD1DB: 6 eps, rsp=118 bytes[0m
[2026-07-17 17:42:40.598] 
[2026-07-17 17:42:41.000] [0;32mI (19928291) NL_LTPDU: BatchGet 3E0AE0494182: 6 eps, rsp=125 bytes[0m
[2026-07-17 17:42:41.000] 
[2026-07-17 17:42:44.271] [0;32mI (19931503) NL_LTPDU: BatchGet 880A64775B01: 6 eps, rsp=126 bytes[0m
[2026-07-17 17:42:44.271] [0;32mI (19931503) TASK_NL: [2] Status changed: on=0 br=100 ct=6500 hu=0 sa=0 eff="Vibrant Sunrise"[0m
[2026-07-17 17:42:44.271] pTopic:switchlink/B0E9FEC6718C/link_to_nanoleaf_property
[2026-07-17 17:42:44.271] pData:{"msgType":"status","deviceId":"880A64775B01","timestamp":1784281364,"endpoints":[{"endpoint":"lb/0/oo","value":false},{"endpoint":"lb/0/pb","value":100},{"endpoint":"lb/0/ct","value":6500},{"endpoint":"lb/0/hu","value":0},{"endpoint":"lb/0/sa","value":0},{"endpoint":"effect/select","value":"Vibrant Sunrise"}]}
[2026-07-17 17:42:44.271] 
[2026-07-17 17:42:45.493] [0;32mI (19932771) NL_LTPDU: BatchGet 6A76B95FD1DB: 6 eps, rsp=118 bytes[0m
[2026-07-17 17:42:45.493] 
[2026-07-17 17:42:45.601] Nanoleaf MQTT payload: {"msgType":"control","requestID":"dbc24742-1e4c-40a5-b0fb-1a4881deb262","deviceId":"880A64775B01","endpoint":"ci","method":"POST","value":"{\"touchKillSwitchOn\":true,\"command\":\"setTouchKillSwitch\"}"}
[2026-07-17 17:42:45.601] 
[2026-07-17 17:42:45.692] [0;32mI (19932971) NL_LTPDU: SendCmd POST → 880A64775B01 ep=ci[0m
[2026-07-17 17:42:45.692] 
[2026-07-17 17:42:45.846] Nanoleaf MQTT payload: {"msgType":"control","requestID":"e9741b67-b960-4795-95e8-042d49239e23","deviceId":"880A64775B01","endpoint":"ci","method":"POST","value":"{\"touchConfig\":{\"userSystemConfig\":{\"enabled\":false}},\"command\":\"configureTouch\"}"}
[2026-07-17 17:42:45.846] 
[2026-07-17 17:42:45.892] pTopic:switchlink/B0E9FEC6718C/link_to_nanoleaf_func_resp
[2026-07-17 17:42:45.892] pData:{"msgType":"respond","requestID":"dbc24742-1e4c-40a5-b0fb-1a4881deb262","deviceId":"880A64775B01","success":true,"errorCode":0,"errorMsg":""}
[2026-07-17 17:42:45.892] 
[2026-07-17 17:42:46.031] [0;32mI (19933314) NL_LTPDU: BatchGet 880A64775B01: 6 eps, rsp=126 bytes[0m
[2026-07-17 17:42:46.031] 
[2026-07-17 17:42:46.122] [0;32mI (19933414) NL_LTPDU: SendCmd POST → 880A64775B01 ep=ci[0m
[2026-07-17 17:42:46.122] 
[2026-07-17 17:42:46.215] [0;32mI (19933494) NL_LTPDU: BatchGet 3E0AE0494182: 6 eps, rsp=125 bytes[0m
[2026-07-17 17:42:46.215] 
[2026-07-17 17:42:46.323] pTopic:switchlink/B0E9FEC6718C/link_to_nanoleaf_func_resp
[2026-07-17 17:42:46.323] pData:{"msgType":"respond","requestID":"e9741b67-b960-4795-95e8-042d49239e23","deviceId":"880A64775B01","success":true,"errorCode":0,"errorMsg":""}
[2026-07-17 17:42:46.323] free heap: 6246548, minimum free heap: 6042512, Internal 8bit free heap: 72288, 8bit free heap: 6246548The current date/time is: Fri Jul 17 09:42:44 2026
[2026-07-17 17:42:46.323] 
[2026-07-17 17:42:46.323] 
[2026-07-17 17:42:46.431] [0;32mI (19933723) NL_LTPDU: BatchGet 880A64775B01: 6 eps, rsp=126 bytes[0m
[2026-07-17 17:42:46.431] 
[2026-07-17 17:42:47.948] uart: 19 AT+TEMPHUMI +238 67
[2026-07-17 17:42:47.948] 
[2026-07-17 17:42:47.948] 
[2026-07-17 17:42:47.948] temp_ep:65535,temp_data:2380 humi_ep:65535,humi_data:6700
[2026-07-17 17:42:47.948] 
[2026-07-17 17:42:47.948] 
[2026-07-17 17:42:50.592] [0;32mI (19937873) NL_LTPDU: BatchGet 6A76B95FD1DB: 6 eps, rsp=118 bytes[0m
[2026-07-17 17:42:50.592] 
[2026-07-17 17:42:51.318] [0;32mI (19938611) NL_LTPDU: BatchGet 3E0AE0494182: 6 eps, rsp=125 bytes[0m
[2026-07-17 17:42:51.318] 
[2026-07-17 17:42:51.596] [0;32mI (19938884) NL_LTPDU: BatchGet 880A64775B01: 6 eps, rsp=126 bytes[0m
[2026-07-17 17:42:51.596] 
[2026-07-17 17:42:53.114] Nanoleaf MQTT payload: {"msgType":"control","requestID":"603c2bc8-2ac2-48a2-9cca-fedccd8dcf2c","deviceId":"880A64775B01","endpoint":"ci","method":"POST","value":"{\"touchKillSwitchOn\":false,\"command\":\"setTouchKillSwitch\"}"}
[2026-07-17 17:42:53.114] 
[2026-07-17 17:42:53.193] [0;32mI (19940484) NL_LTPDU: SendCmd POST → 880A64775B01 ep=ci[0m
[2026-07-17 17:42:53.193] 
[2026-07-17 17:42:53.516] Nanoleaf MQTT payload: {"msgType":"control","requestID":"a8153cc5-61ca-46ff-9bcd-9ddc9c0b52b4","deviceId":"880A64775B01","endpoint":"ci","method":"POST","value":"{\"touchConfig\":{\"userSystemConfig\":{\"enabled\":true}},\"command\":\"configureTouch\"}"}
[2026-07-17 17:42:53.516] 
[2026-07-17 17:42:53.609] pTopic:switchlink/B0E9FEC6718C/link_to_nanoleaf_func_resp
[2026-07-17 17:42:53.609] pData:{"msgType":"respond","requestID":"603c2bc8-2ac2-48a2-9cca-fedccd8dcf2c","deviceId":"880A64775B01","success":true,"errorCode":0,"errorMsg":""}
[2026-07-17 17:42:53.609] [0;32mI (19940893) NL_LTPDU: BatchGet 880A64775B01: 6 eps, rsp=126 bytes[0m
[2026-07-17 17:42:53.609] 
[2026-07-17 17:42:53.701] [0;32mI (19940993) NL_LTPDU: SendCmd POST → 880A64775B01 ep=ci[0m
[2026-07-17 17:42:53.701] 
[2026-07-17 17:42:54.012] pTopic:switchlink/B0E9FEC6718C/link_to_nanoleaf_func_resp
[2026-07-17 17:42:54.012] pData:{"msgType":"respond","requestID":"a8153cc5-61ca-46ff-9bcd-9ddc9c0b52b4","deviceId":"880A64775B01","success":true,"errorCode":0,"errorMsg":""}
[2026-07-17 17:42:54.012] [0;32mI (19941304) NL_LTPDU: BatchGet 880A64775B01: 6 eps, rsp=126 bytes[0m
[2026-07-17 17:42:54.012] 
[2026-07-17 17:42:54.336] free heap: 6299780, minimum free heap: 6042512, Internal 8bit free heap: 72288, 8bit free heap: 6299780The current date/time is: Fri Jul 17 09:42:52 2026
[2026-07-17 17:42:54.336] 
[2026-07-17 17:42:54.336] 
[2026-07-17 17:42:55.776] [0;32mI (19943062) NL_LTPDU: BatchGet 6A76B95FD1DB: 6 eps, rsp=118 bytes[0m
[2026-07-17 17:42:55.776] 
[2026-07-17 17:42:56.439] [0;32mI (19943728) NL_LTPDU: BatchGet 3E0AE0494182: 6 eps, rsp=125 bytes[0m
[2026-07-17 17:42:56.439] 
[2026-07-17 17:42:59.288] [0;32mI (19946564) NL_LTPDU: BatchGet 880A64775B01: 6 eps, rsp=126 bytes[0m
[2026-07-17 17:42:59.288] [0;32mI (19946564) TASK_NL: [2] Status changed: on=1 br=100 ct=6500 hu=0 sa=0 eff="Vibrant Sunrise"[0m
[2026-07-17 17:42:59.288] 
[2026-07-17 17:42:59.458] pTopic:switchlink/B0E9FEC6718C/link_to_nanoleaf_property
[2026-07-17 17:42:59.458] pData:{"msgType":"status","deviceId":"880A64775B01","timestamp":1784281379,"endpoints":[{"endpoint":"lb/0/oo","value":true},{"endpoint":"lb/0/pb","value":100},{"endpoint":"lb/0/ct","value":6500},{"endpoint":"lb/0/hu","value":0},{"endpoint":"lb/0/sa","value":0},{"endpoint":"effect/select","value":"Vibrant Sunrise"}]}
[2026-07-17 17:42:59.458] 
[2026-07-17 17:43:00.633] [0;32mI (19947919) NL_LTPDU: BatchGet 6A76B95FD1DB: 6 eps, rsp=118 bytes[0m
[2026-07-17 17:43:00.633] 
[2026-07-17 17:43:01.081] Nanoleaf MQTT payload: {"msgType":"control","requestID":"629e6663-50db-402c-91ff-52e40d6df94b","deviceId":"880A64775B01","endpoint":"ci","method":"POST","value":"{\"version\":\"2.0\",\"command\":\"requestAll\"}"}
[2026-07-17 17:43:01.081] 
[2026-07-17 17:43:01.128] [0;32mI (19948419) NL_LTPDU: SendCmd POST → 880A64775B01 ep=ci[0m
[2026-07-17 17:43:01.128] 
[2026-07-17 17:43:02.242] [0;32mI (19948652) TASK_NL: [2] Cmd rsp(11072): {"animations":[{"version":"2.0","animName":"1","animType":"static","animData":"1 44637 1 52 198 89 0 20","palette":[{"hue":135,"saturation":74,"brightness":78,"probability":0.0}],"colorType":"HSB","logicalPanelsEnabled":true},{"version":"2.0","animName":"ABC","animType":"plugin","colorType":"HSB","palette":[{"hue":3,"saturation":81,"brightness":100,"probability":0.0},{"hue":135,"saturation":74,"brightness":78,"probability":0.0},{"hue":211,"saturation":100,"brightness":100,"probability":0.0}],"pluginType":"color","pluginUuid":"b3fd723a-aae8-4c99-bf2b-087159e0ef53","rhythmFeatureSource":1,"pluginOptions":[{"name":"delayTime","value":0},{"name":"loop","value":true},{"name":"transTime","value":90}],"hasOverlay":false,"logicalPanelsEnabled":true},{"version":"2.0","animName":"Blaze","animType":"plugin","colorType":"HSB","palette":[{"hue":36,"saturation":92,"brightness":92,"probability":0.0},{"hue":28,"saturation":93,"brightness":74,"probability":0.0},{"hue":29,"saturation":93,"brightness":52,"probability":0.0}],"pluginType":"color","pluginUuid":"ba632d3e-9c2b-4413-a965-510c839b3f71","rhythmFeatureSource":1,"pluginOptions":[{"name":"delayTime","value":0},{"name":"transTime","value":20}],"hasOverlay":false,"logicalPanelsEnabled":true},{"version":"2.0","animName":"Cocoa Beach","animType":"plugin","colorType":"HSB","palette":[{"hue":192,"saturation":22,"brightness":73,"probability":0.0},{"hue":191,"saturation":20,"brightness":87,"probability":0.0},{"hue":0,"saturation":0,"brightness":100,"probability":0.0},{"hue":30,"saturation":53,"brightness":90,"probability":0.0},{"hue":25,"saturation":60,"brightness":61,"probability":0.0},{"hue":20,"saturation":52,"brightness":35,"probability":0.0}],"pluginType":"color","pluginUuid":"70b7c636-6bf8-491f-89c1-f4103508d642","rhythmFeatureSource":1,"pluginOptions":[{"name":"delayTime","value":0},{"name":"mainColorProb","value":20.989999344348904},{"name":"transTime","value":24}],"hasOverlay":false,"logicalPanelsEnabled":true},{"version":"2.0","animName":"Cotton Candy","animType":"plugin","colorType":"HSB","palette":[{"hue":182,"saturation":17,"brightness":100,"probability":0.0},{"hue":187,"saturation":21,"brightness":89,"probability":0.0},{"hue":201,"saturation":64,"brightness":96,"probability":0.0},{"hue":18,"saturation":55,"brightness":95,"probability":0.0},{"hue":46,"saturation":33,"brightness":98,"probability":0.0}],"pluginType":"rhythm","pluginUuid":"30018343-7587-4152-8d97-1c349ccc3e68","rhythmFeatureSource":1,"pluginOptions":[{"name":"transTime","value":24}],"hasOverlay":false,"logicalPanelsEnabled":true},{"version":"2.0","animName":"Date Night","animType":"plugin","colorType":"HSB","palette":[{"hue":10,"saturation":40,"brightness":98,"probability":0.0},{"hue":13,"saturation":12,"brightness":100,"probability":0.0},{"hue":348,"saturation":79,"brightness":54,"probability":0.0},{"hue":10,"saturation":56,"brightness":74,"probability":0.0}],"pluginType":"color","pluginUuid":"ba632d3e-9c2b-4413-a965-510c839b3f71","rhythmFeatureSource":1,"pluginOptions":[{"name":"delayTime","value":0},{"name":"transTime","value":24}],"hasOverlay":false,"logicalPanelsEnabled":true},{"version":"2.0","animName":"Hh","animType":"plugin","colorType":"HSB","palette":[{"hue":3,"saturation":81,"brightness":100,"probability":0.0},{"hue":135,"saturation":74,"brightness":78,"probability":0.0},{"hue":211,"saturation":100,"brightness":100,"probability":0.0}],"pluginType":"color","pluginUuid":"a2f3fcdc-dbe2-45cf-ac8b-2a9e5144ac24","rhythmFeatureSource":1,"pluginOptions":[{"name":"delayTime","value":8},{"name":"loop","value":true},{"name":"transTime","value":8}],"hasOverlay":false,"logicalPanelsEnabled":true},{"version":"2.0","animName":"Hip Hop","animType":"plugin","colorType":"HSB","palette":[{"hue":307,"saturation":100,"brightness":100,"probability":0.0},{"hue":291,"saturation":100,"brightness":100,"probability":0.0},{"hue":270,"saturation":100,"brightness":100,"probability":0.0},{"hue":248,"saturation":100,"brightness":100,"probability":0.0},{"hue":206,"saturation":100,"brightness":100,"probability":0.0}],"pluginType":"rhythm","pluginUuid":"5cec763a-6f32-45cf-a691-b81e176b6b4a","rhythmFeatureSource":1,"hasOverlay":false,"logicalPanelsEnabled":true},{"version":"2.0","animName":"Hot Sauce","animType":"plugin","colorType":"HSB","palette":[{"hue":0,"saturation":100,"brightness":89,"probability":0.0},{"hue":27,"saturation":100,"brightness":100,"probability":0.0}],"pluginType":"rhythm","pluginUuid":"60333927-cc36-4a5a-a682-9bd114de8bff","rhythmFeatureSource":1,"hasOverlay":false,"logicalPanelsEnabled":true},{"version":"2.0","animName":"Jungle","animType":"plugin","colorType":"HSB","palette":[{"hue":70,"saturation":25,"brightness":100,"probability":0.0},{"hue":104,"saturation":36,"brightness":69,"probability":0.0},{"hue":82,"saturation":66,"brightness":100,"probability":0.0},{"hue":90,"saturation":100,"brightness":33,"probability":0.0}],"pluginType":"color","pluginUuid":"ba632d3e-9c2b-4413-a965-510c839b3f71","rhythmFeatureSource":1,"pluginOptions":[{"name":"delayTime","value":0},{"name":"transTime","value":15}],"hasOverlay":false,"logicalPanelsEnabled":true},{"version":"2.0","animName":"Kk","animType":"static","animData":"2 44637 1 0 0 0 0 20 30927 1 254 0 0 0 20","palette":[{"hue":0,"saturation":0,"brightness":0,"probability":0.0},{"hue":0,"saturation":100,"brightness":100,"probability":0.0}],"colorType":"HSB","logicalPanelsEnabled":true},{"version":"2.0","animName":"Lightscape","animType":"plugin","colorType":"HSB","palette":[{"hue":158,"saturation":100,"brightness":100,"probability":0.0},{"hue":206,"saturation":100,"brightness":100,"probability":0.0},{"hue":273,"saturation":100,"brightness":100,"probability":0.0}],"pluginType":"color","pluginUuid":"027842e4-e1d6-4a4c-a731-be74a1ebd4cf","rhythmFeatureSource":1,"pluginOptions":[{"name":"delayTime","value":0},{"name":"linDirection","value":"up"},{"name":"loop","value":true},{"name":"transTime","value":24}],"hasOverlay":false,"logicalPanelsEnabled":true},{"version":"2.0","animName":"Morning Sky","animType":"plugin","colorType":"HSB","palette":[{"hue":193,"saturation":27,"brightness":94,"probability":0.0},{"hue":192,"saturation":9,"brightness":98,"probability":0.0},{"hue":0,"saturation":0,"brightness":100,"probability":0.0}],"pluginType":"color","pluginUuid":"713518c1-d560-47db-8991-de780af71d1e","rhythmFeatureSource":1,"pluginOptions":[{"name":"delayTime","value":0},{"name":"loop","value":true},{"name":"transTime","value":43}],"hasOverlay":false,"logicalPanelsEnabled":true},{"version":"2.0","animName":"Northern Lights","animType":"plugin","colorType":"HSB","palette":[{"hue":227,"saturation":100,"brightness":99,"probability":0.0},{"hue":182,"saturation":100,"brightness":100,"probability":0.0},{"hue":125,"saturation":100,"brightness":93,"probability":0.0},{"hue":62,"saturation":100,"brightness":100,"probability":0.0},{"hue":31,"saturation":100,"brightness":100,"probability":0.0},{"hue":2,"saturation":100,"brightness":100,"probability":0.0},{"hue":307,"saturation":100,"brightness":100,"probability":0.0}],"pluginType":"color","pluginUuid":"6970681a-20b5-4c5e-8813-bdaebc4ee4fa","rhythmFeatureSource":1,"pluginOptions":[{"name":"linDirection","value":"right"},{"name":"loop","value":true},{"name":"nColorsPerFrame","value":2},{"name":"transTime","value":20}],"hasOverlay":false,"logicalPanelsEnabled":true},{"version":"2.0","animName":"Pop Rocks","animType":"plugin","colorType":"HSB","palette":[{"hue":0,"saturation":0,"brightness":92,"probability":0.0},{"hue":186,"saturation":90,"brightness":94,"probability":0.0},{"hue":48,"saturation":77,"brightness":98,"probability":0.0},{"hue":180,"saturation":20,"brightness":94,"probability":0.0},{"hue":240,"saturation":100,"brightness":60,"probability":0.0}],"pluginType":"rhythm","pluginUuid":"bc6fe7e0-36d4-4f95-aa21-52a386daa9dc","rhythmFeatureSource":1,"hasOverlay":false,"logicalPanelsEnabled":true},{"version":"2.0","animName":"Prism","animType":"plugin","colorType":"HSB","palette":[{"hue":111,"saturation":96,"brightness":100,"probability":0.0},{"hue":58,"saturation":100,"brightness":98,"probability":0.0},{"hue":36,"saturation":96,"brightness":98,"probability":0.0},{"hue":295,"saturation":100,"brightness":98,"probability":0.0},{"hue":1,"saturation":96,"brightness":98,"probability":0.0},{"hue":222,"saturation":87,"brightness":98,"probability":0.0}],"pluginType":"rhythm","pluginUuid":"fa0ce428-ad3a-40a9-84e4-1c9316644852","rhythmFeatureSource":1,"hasOverlay":false,"logicalPanelsEnabled":true},{"version":"2.0","animName":"Starlight","animType":"plugin","colorType":"HSB","palette":[{"hue":224,"saturation":74,"brightness":56,"probability":0.0},{"hue":214,"saturation":53,"brightness":67,"probability":0.0},{"hue":57,"saturation":28,"brightness":81,"probability":0.0},{"hue":47,"saturation":84,"brightness":83,"probability":0.0}],"pluginType":"color","pluginUuid":"70b7c636-6bf8-491f-89c1-f4103508d642","rhythmFeatureSource":1,"pluginOptions":[{"name":"delayTime","value":15},{"name":"mainColorProb","value":79.99},{"name":"transTime","value":24}],"hasOverlay":false,"logicalPanelsEnabled":true},{"version":"2.0","animName":"Sundown","animType":"plugin","colorType":"HSB","palette":[{"hue":352,"saturation":95,"brightness":100,"probability":0.0},{"hue":30,"saturation":100,"brightness":100,"probability":0.0},{"hue":43,"saturation":83,"brightness":100,"probability":0.0}],"pluginType":"color","pluginUuid":"6970681a-20b5-4c5e-8813-bdaebc4ee4fa","rhythmFeatureSource":1,"pluginOptions":[{"name":"linDirection","value":"down"},{"name":"loop","value":true},{"name":"nColorsPerFrame","value":3},{"name":"transTime","value":24}],"hasOverlay":false,"logicalPanelsEnabled":true},{"version":"2.0","animName":"Waterfall","animType":"plugin","colorType":"HSB","palette":[{"hue":0,"saturation":0,"brightness":100,"probability":0.0},{"hue":166,"saturation":36,"brightness":100,"probability":0.0},{"hue":220,"saturation":49,"brightness":100,"probability":0.0}],"pluginType":"rhythm","pluginUuid":"23e70ff4-458c-4852-826f-9315d89ee6ed","rhythmFeatureSource":1,"hasOverlay":false,"logicalPanelsEnabled":true},{"version":"2.0","animName":"Vibrant Sunrise","animType":"plugin","colorType":"HSB","palette":[{"hue":254,"saturation":100,"brightness
[2026-07-17 17:43:02.336] ":34,"probability":0.0},{"hue":261,"saturation":100,"brightness":28,"probability":0.0},{"hue":6,"saturation":100,"brightness":40,"probability":0.0},{"hue":6,"saturation":100,"brightness":68,"probability":0.0},{"hue":14,"saturation":100,"brightness":79,"probability":0.0},{"hue":25,"saturation":100,"brightness":93,"probability":0.0},{"hue":34,"saturation":100,"brightness":100,"probability":0.0},{"hue":52,"saturation":100,"brightness":100,"probability":0.0},{"hue":0,"saturation":0,"brightness":100,"probability":0.0}],"pluginType":"color","pluginUuid":"027842e4-e1d6-4a4c-a731-be74a1ebd4cf","rhythmFeatureSource":1,"pluginOptions":[{"name":"delayTime","value":0},{"name":"linDirection","value":"right"},{"name":"loop","value":false},{"name":"transTime","value":24}],"hasOverlay":false,"logicalPanelsEnabled":true}]}[0m
[2026-07-17 17:43:02.336] [0;32mI (19949609) NL_MQTT: PublishRespondData: len=12792, pushing to MQTT queue[0m
[2026-07-17 17:43:02.336] 
[2026-07-17 17:43:02.382] [0;32mI (19949668) NL_LTPDU: BatchGet 3E0AE0494182: 6 eps, rsp=125 bytes[0m
[2026-07-17 17:43:02.382] 
[2026-07-17 17:43:02.443] [0;32mI (19949723) NL_LTPDU: BatchGet 880A64775B01: 6 eps, rsp=126 bytes[0m
[2026-07-17 17:43:02.443] 
[2026-07-17 17:43:03.370] pTopic:switchlink/B0E9FEC6718C/link_to_nanoleaf_func_resp
[2026-07-17 17:43:03.370] pData:{"msgType":"respond","requestID":"629e6663-50db-402c-91ff-52e40d6df94b","deviceId":"880A64775B01","success":true,"errorCode":0,"errorMsg":"","endpoints":[{"endpoint":"ci","value":"{\"animations\":[{\"version\":\"2.0\",\"animName\":\"1\",\"animType\":\"static\",\"animData\":\"1 44637 1 52 198 89 0 20\",\"palette\":[{\"hue\":135,\"saturation\":74,\"brightness\":78,\"probability\":0.0}],\"colorType\":\"HSB\",\"logicalPanelsEnabled\":true},{\"version\":\"2.0\",\"animName\":\"ABC\",\"animType\":\"plugin\",\"colorType\":\"HSB\",\"palette\":[{\"hue\":3,\"saturation\":81,\"brightness\":100,\"probability\":0.0},{\"hue\":135,\"saturation\":74,\"brightness\":78,\"probability\":0.0},{\"hue\":211,\"saturation\":100,\"brightness\":100,\"probability\":0.0}],\"pluginType\":\"color\",\"pluginUuid\":\"b3fd723a-aae8-4c99-bf2b-087159e0ef53\",\"rhythmFeatureSource\":1,\"pluginOptions\":[{\"name\":\"delayTime\",\"value\":0},{\"name\":\"loop\",\"value\":true},{\"name\":\"transTime\",\"value\":90}],\"hasOverlay\":false,\"logicalPanelsEnabled\":true},{\"version\":\"2.0\",\"animName\":\"Blaze\",\"animType\":\"plugin\",\"colorType\":\"HSB\",\"palette\":[{\"hue\":36,\"saturation\":92,\"brightness\":92,\"probability\":0.0},{\"hue\":28,\"saturation\":93,\"brightness\":74,\"probability\":0.0},{\"hue\":29,\"saturation\":93,\"brightness\":52,\"probability\":0.0}],\"pluginType\":\"color\",\"pluginUuid\":\"ba632d3e-9c2b-4413-a965-510c839b3f71\",\"rhythmFeatureSource\":1,\"pluginOptions\":[{\"name\":\"delayTime\",\"value\":0},{\"name\":\"transTime\",\"value\":20}],\"hasOverlay\":false,\"logicalPanelsEnabled\":true},{\"version\":\"2.0\",\"animName\":\"Cocoa Beach\",\"animType\":\"plugin\",\"colorType\":\"HSB\",\"palette\":[{\"hue\":192,\"saturation\":22,\"brightness\":73,\"probability\":0.0},{\"hue\":191,\"saturation\":20,\"brightness\":87,\"probability\":0.0},{\"hue\":0,\"saturation\":0,\"brightness\":100,\"probability\":0.0},{\"hue\":30,\"saturation\":53,\"brightness\":90,\"probability\":0.0},{\"hue\":25,\"saturation\":60,\"brightness\":61,\"probability\":0.0},{\"hue\":20,\"saturation\":52,\"brightness\":35,\"probability\":0.0}],\"pluginType\":\"color\",\"pluginUuid\":\"70b7c636-6bf8-491f-89c1-f4103508d642\",\"rhythmFeatureSource\":1,\"pluginOptions\":[{\"name\":\"delayTime\",\"value\":0},{\"name\":\"mainColorProb\",\"value\":20.989999344348904},{\"name\":\"transTime\",\"value\":24}],\"hasOverlay\":false,\"logicalPanelsEnabled\":true},{\"version\":\"2.0\",\"animName\":\"Cotton Candy\",\"animType\":\"plugin\",\"colorType\":\"HSB\",\"palette\":[{\"hue\":182,\"saturation\":17,\"brightness\":100,\"probability\":0.0},{\"hue\":187,\"saturation\":21,\"brightness\":89,\"probability\":0.0},{\"hue\":201,\"saturation\":64,\"brightness\":96,\"probability\":0.0},{\"hue\":18,\"saturation\":55,\"brightness\":95,\"probability\":0.0},{\"hue\":46,\"saturation\":33,\"brightness\":98,\"probability\":0.0}],\"pluginType\":\"rhythm\",\"pluginUuid\":\"30018343-7587-4152-8d97-1c349ccc3e68\",\"rhythmFeatureSource\":1,\"pluginOptions\":[{\"name\":\"transTime\",\"value\":24}],\"hasOverlay\":false,\"logicalPanelsEnabled\":true},{\"version\":\"2.0\",\"animName\":\"Date Night\",\"animType\":\"plugin\",\"colorType\":\"HSB\",\"palette\":[{\"hue\":10,\"saturation\":40,\"brightness\":98,\"probability\":0.0},{\"hue\":13,\"saturation\":12,\"brightness\":100,\"probability\":0.0},{\"hue\":348,\"saturation\":79,\"brightness\":54,\"probability\":0.0},{\"hue\":10,\"saturation\":56,\"brightness\":74,\"probability\":0.0}],\"pluginType\":\"color\",\"pluginUuid\":\"ba632d3e-9c2b-4413-a965-510c839b3f71\",\"rhythmFeatureSource\":1,\"pluginOptions\":[{\"name\":\"delayTime\",\"value\":0},{\"name\":\"transTime\",\"value\":24}],\"hasOverlay\":false,\"logicalPanelsEnabled\":true},{\"version\":\"2.0\",\"animName\":\"Hh\",\"animType\":\"plugin\",\"colorType\":\"HSB\",\"palette\":[{\"hue\":3,\"saturation\":81,\"brightness\":100,\"probability\":0.0},{\"hue\":135,\"saturation\":74,\"brightness\":78,\"probability\":0.0},{\"hue\":211,\"saturation\":100,\"brightness\":100,\"probability\":0.0}],\"pluginType\":\"color\",\"pluginUuid\":\"a2f3fcdc-dbe2-45cf-ac8b-2a9e5144ac24\",\"rhythmFeatureSource\":1,\"pluginOptions\":[{\"name\":\"delayTime\",\"value\":8},{\"name\":\"loop\",\"value\":true},{\"name\":\"transTime\",\"value\":8}],\"hasOverlay\":false,\"logicalPanelsEnabled\":true},{\"version\":\"2.0\",\"animName\":\"Hip Hop\",\"animType\":\"plugin\",\"colorType\":\"HSB\",\"palette\":[{\"hue\":307,\"saturation\":100,\"brightness\":100,\"probability\":0.0},{\"hue\":291,\"saturation\":100,\"brightness\":100,\"probability\":0.0},{\"hue\":270,\"saturation\":100,\"brightness\":100,\"probability\":0.0},{\"hue\":248,\"saturation\":100,\"brightness\":100,\"probability\":0.0},{\"hue\":206,\"saturation\":100,\"brightness\":100,\"probability\":0.0}],\"pluginType\":\"rhythm\",\"pluginUuid\":\"5cec763a-6f32-45cf-a691-b81e176b6b4a\",\"rhythmFeatureSource\":1,\"hasOverlay\":false,\"logicalPanelsEnabled\":true},{\"version\":\"2.0\",\"animName\":\"Hot Sauce\",\"animType\":\"plugin\",\"colorType\":\"HSB\",\"palette\":[{\"hue\":0,\"saturation\":100,\"brightness\":89,\"probability\":0.0},{\"hue\":27,\"saturation\":100,\"brightness\":100,\"probability\":0.0}],\"pluginType\":\"rhythm\",\"pluginUuid\":\"60333927-cc36-4a5a-a682-9bd114de8bff\",\"rhythmFeatureSource\":1,\"hasOverlay\":false,\"logicalPanelsEnabled\":true},{\"version\":\"2.0\",\"animName\":\"Jungle\",\"animType\":\"plugin\",\"colorType\":\"HSB\",\"palette\":[{\"hue\":70,\"saturation\":25,\"brightness\":100,\"probability\":0.0},{\"hue\":104,\"saturation\":36,\"brightness\":69,\"probability\":0.0},{\"hue\":82,\"saturation\":66,\"brightness\":100,\"probability\":0.0},{\"hue\":90,\"saturation\":100,\"brightness\":33,\"probability\":0.0}],\"pluginType\":\"color\",\"pluginUuid\":\"ba632d3e-9c2b-4413-a965-510c839b3f71\",\"rhythmFeatureSource\":1,\"pluginOptions\":[{\"name\":\"delayTime\",\"value\":0},{\"name\":\"transTime\",\"value\":15}],\"hasOverlay\":false,\"logicalPanelsEnabled\":true},{\"version\":\"2.0\",\"animName\":\"Kk\",\"animType\":\"static\",\"animData\":\"2 44637 1 0 0 0 0 20 30927 1 254 0 0 0 20\",\"palette\":[{\"hue\":0,\"saturation\":0,\"brightness\":0,\"probability\":0.0},{\"hue\":0,\"saturation\":100,\"brightness\":100,\"probability\":0.0}],\"colorType\":\"HSB\",\"logicalPanelsEnabled\":true},{\"version\":\"2.0\",\"animName\":\"Lightscape\",\"animType\":\"plugin\",\"colorType\":\"HSB\",\"palette\":[{\"hue\":158,\"saturation\":100,\"brightness\":100,\"probability\":0.0},{\"hue\":206,\"saturation\":100,\"brightness\":100,\"probability\":0.0},{\"hue\":273,\"saturation\":100,\"brightness\":100,\"probability\":0.0}],\"pluginType\":\"color\",\"pluginUuid\":\"027842e4-e1d6-4a4c-a731-be74a1ebd4cf\",\"rhythmFeatureSource\":1,\"pluginOptions\":[{\"name\":\"delayTime\",\"value\":0},{\"name\":\"linDirection\",\"value\":\"up\"},{\"name\":\"loop\",\"value\":true},{\"name\":\"transTime\",\"value\":24}],\"hasOverlay\":false,\"logicalPanelsEnabled\":true},{\"version\":\"2.0\",\"animName\":\"Morning Sky\",\"animType\":\"plugin\",\"colorType\":\"HSB\",\"palette\":[{\"hue\":193,\"saturation\":27,\"brightness\":94,\"probability\":0.0},{\"hue\":192,\"saturation\":9,\"brightness\":98,\"probability\":0.0},{\"hue\":0,\"saturation\":0,\"brightness\":100,\"probability\":0.0}],\"pluginType\":\"color\",\"pluginUuid\":\"713518c1-d560-47db-8991-de780af71d1e\",\"rhythmFeatureSource\":1,\"pluginOptions\":[{\"name\":\"delayTime\",\"value\":0},{\"name\":\"loop\",\"value\":true},{\"name\":\"transTime\",\"value\":43}],\"hasOverlay\":false,\"logicalPanelsEnabled\":true},{\"version\":\"2.0\",\"animName\":\"Northern Lights\",\"animType\":\"plugin\",\"colorType\":\"HSB\",\"palette\":[{\"hue\":227,\"saturation\":100,\"brightness\":99,\"probability\":0.0},{\"hue\":182,\"saturation\":100,\"brightness\":100,\"probability\":0.0},{\"hue\":125,\"saturation\":100,\"brightness\":93,\"probability\":0.0},{\"hue\":62,\"saturation\":100,\"brightness\":100,\"probability\":0.0},{\"hue\":31,\"saturation\":100,\"brightness\":100,\"probability\":0.0},{\"hue\":2,\"saturation\":100,\"brightness\":100,\"probability\":0.0},{\"hue\":307,\"saturation\":100,\"brightness\":100,\"probability\":0.0}],\"pluginType\":\"color\",\"pluginUuid\":\"6970681a-20b5-4c5e-8813-bdaebc4ee4fa\",\"rhythmFeatureSource\":1,\"pluginOptions\":[{\"name\":\"linDirection\",\"value\":\"right\"},{\"name\":\"loop\",\"value\":true},{\"name\":\"nColorsPerFrame\",\"value\":2},{\"name\":\"transTime\",\"value\":20}],\"hasOverlay\":false,\"logicalPanelsEnabled\":true},{\"version\":\"2.0\",\"animName\":\"Pop Rocks\",\"animType\":\"plugin\",\"colorType\":\"HSB\",\"palette\":[{\"hue\":0,\"saturation\":0,\"brightness\":92,\"probability\":0.0},{\"hue\":186,\"saturation\":90,\"brightness\":94,\"probability\":0.0},{\"hue\":48,\"saturation\":77,\"brightness\":98,\"probability\":0.0},{\"hue\":180,\"saturation\":20,\"brightness\":94,\"probability\":0.0},{\"hue\":240,\"saturation\":100,\"brightness\":60,\"probability\":0.0}],\"pluginType\":\"rhythm\",\"pluginUuid\":\"bc6fe7e0-36d4-4f95-aa21-52a386daa9dc\",\"rhythmFeatureSource\":1,\"hasOverlay\":false,\"logicalPanelsEnabled\":true},{\"version\":\"2.0\",\"animName\":\"Prism\",\"animType\":\"plugin\",\"colorType\":\"HSB\",\"palette\":[{\"hue\":111,\"saturation\":96,\"brightness\":100,\"probability\":0.0},{\"hue\":58,\"saturation\":100,\"brightness\":98,\"probability\":0.0},{\"hue\":36,\"saturation\":96,\"brightness\":98,\"probability\":0.0},{\"hue\":295,\"saturation\":100,\"brightness\":98,\"probability\":0.0},{\"hue\":1,\"saturation\":96,\"brightness\":98,\"probability\":0.0},{\"hue\":222,\"saturation\":87,\"brightness\":98,\"probability\":0.0}],\"pluginType\":\"rhythm\",\"pluginUuid\":\"fa0ce428-ad3a-40a9-84e4-1c9316644852\",\"rhythmFeatureSource\":1,\"hasOverlay\":false,\"logicalPanelsEnabled\":true},{\"version\":\"2.0\",\"animName\":\"Starlight\",\"animType\":\"plugin\",\"colorType\":\"HSB\",\"palette\":[{\"hue\":224,\"saturation\":74,\"brightness\":56,\"probability\":0.0},{\"hue\":214,\"saturation\":53,\"brightness\":67,\"probability\":0.0},{\"hue\":57,\"saturation\":28,\"brightness\":81,\"probability\":0.0},{\"hue\":47,\"saturation\":84,\"brightness
[2026-07-17 17:43:03.603] \":83,\"probability\":0.0}],\"pluginType\":\"color\",\"pluginUuid\":\"70b7c636-6bf8-491f-89c1-f4103508d642\",\"rhythmFeatureSource\":1,\"pluginOptions\":[{\"name\":\"delayTime\",\"value\":15},{\"name\":\"mainColorProb\",\"value\":79.99},{\"name\":\"transTime\",\"value\":24}],\"hasOverlay\":false,\"logicalPanelsEnabled\":true},{\"version\":\"2.0\",\"animName\":\"Sundown\",\"animType\":\"plugin\",\"colorType\":\"HSB\",\"palette\":[{\"hue\":352,\"saturation\":95,\"brightness\":100,\"probability\":0.0},{\"hue\":30,\"saturation\":100,\"brightness\":100,\"probability\":0.0},{\"hue\":43,\"saturation\":83,\"brightness\":100,\"probability\":0.0}],\"pluginType\":\"color\",\"pluginUuid\":\"6970681a-20b5-4c5e-8813-bdaebc4ee4fa\",\"rhythmFeatureSource\":1,\"pluginOptions\":[{\"name\":\"linDirection\",\"value\":\"down\"},{\"name\":\"loop\",\"value\":true},{\"name\":\"nColorsPerFrame\",\"value\":3},{\"name\":\"transTime\",\"value\":24}],\"hasOverlay\":false,\"logicalPanelsEnabled\":true},{\"version\":\"2.0\",\"animName\":\"Waterfall\",\"animType\":\"plugin\",\"colorType\":\"HSB\",\"palette\":[{\"hue\":0,\"saturation\":0,\"brightness\":100,\"probability\":0.0},{\"hue\":166,\"saturation\":36,\"brightness\":100,\"probability\":0.0},{\"hue\":220,\"saturation\":49,\"brightness\":100,\"probability\":0.0}],\"pluginType\":\"rhythm\",\"pluginUuid\":\"23e70ff4-458c-4852-826f-9315d89ee6ed\",\"rhythmFeatureSource\":1,\"hasOverlay\":false,\"logicalPanelsEnabled\":true},{\"version\":\"2.0\",\"animName\":\"Vibrant Sunrise\",\"animType\":\"plugin\",\"colorType\":\"HSB\",\"palette\":[{\"hue\":254,\"saturation\":100,\"brightness\":34,\"probability\":0.0},{\"hue\":261,\"saturation\":100,\"brightness\":28,\"probability\":0.0},{\"hue\":6,\"saturation\":100,\"brightness\":40,\"probability\":0.0},{\"hue\":6,\"saturation\":100,\"brightness\":68,\"probability\":0.0},{\"hue\":14,\"saturation\":100,\"brightness\":79,\"probability\":0.0},{\"hue\":25,\"saturation\":100,\"brightness\":93,\"probability\":0.0},{\"hue\":34,\"saturation\":100,\"brightness\":100,\"probability\":0.0},{\"hue\":52,\"saturation\":100,\"brightness\":100,\"probability\":0.0},{\"hue\":0,\"saturation\":0,\"brightness\":100,\"probability\":0.0}],\"pluginType\":\"color\",\"pluginUuid\":\"027842e4-e1d6-4a4c-a731-be74a1ebd4cf\",\"rhythmFeatureSource\":1,\"pluginOptions\":[{\"name\":\"delayTime\",\"value\":0},{\"name\":\"linDirection\",\"value\":\"right\"},{\"name\":\"loop\",\"value\":false},{\"name\":\"transTime\",\"value\":24}],\"hasOverlay\":false,\"logicalPanelsEnabled\":true}]}"}]}
[2026-07-17 17:43:03.603] 
[2026-07-17 17:43:06.272] [0;32mI (19953564) NL_LTPDU: BatchGet 6A76B95FD1DB: 6 eps, rsp=118 bytes[0m
[2026-07-17 17:43:06.272] 
[2026-07-17 17:43:07.556] [0;32mI (19954813) NL_LTPDU: BatchGet 3E0AE0494182: 6 eps, rsp=125 bytes[0m
[2026-07-17 17:43:07.556] [0;32mI (19954841) NL_LTPDU: BatchGet 880A64775B01: 6 eps, rsp=126 bytes[0m
[2026-07-17 17:43:07.556] 
[2026-07-17 17:43:10.235] free heap: 6301280, minimum free heap: 6042512, Internal 8bit free heap: 72324, 8bit free heap: 6301280The current date/time is: Fri Jul 17 09:43:08 2026
[2026-07-17 17:43:10.235] 
[2026-07-17 17:43:10.235] 
[2026-07-17 17:43:10.929] [0;32mI (19958219) NL_LTPDU: BatchGet 6A76B95FD1DB: 6 eps, rsp=118 bytes[0m
[2026-07-17 17:43:10.929] 
[2026-07-17 17:43:12.617] [0;32mI (19959909) NL_LTPDU: BatchGet 3E0AE0494182: 6 eps, rsp=125 bytes[0m
[2026-07-17 17:43:12.617] 
[2026-07-17 17:43:12.663] [0;32mI (19959956) NL_LTPDU: BatchGet 880A64775B01: 6 eps, rsp=126 bytes[0m
[2026-07-17 17:43:12.663] 
[2026-07-17 17:43:14.105] Nanoleaf MQTT payload: {"msgType":"control","requestID":"a923edff-6c94-4910-8001-ebc257c70aa8","deviceId":"880A64775B01","endpoint":"lb/0/ct","method":"POST","value":6500}
[2026-07-17 17:43:14.105] 
[2026-07-17 17:43:14.166] [0;32mI (19961456) NL_LTPDU: SendCmd POST → 880A64775B01 ep=lb/0/ct[0m
[2026-07-17 17:43:14.166] 
[2026-07-17 17:43:14.694] pTopic:switchlink/B0E9FEC6718C/link_to_nanoleaf_func_resp
[2026-07-17 17:43:14.694] pData:{"msgType":"respond","requestID":"a923edff-6c94-4910-8001-ebc257c70aa8","deviceId":"880A64775B01","success":true,"errorCode":0,"errorMsg":""}
[2026-07-17 17:43:14.694] 
[2026-07-17 17:43:14.770] [0;32mI (19962055) NL_LTPDU: BatchGet 880A64775B01: 6 eps, rsp=118 bytes[0m
[2026-07-17 17:43:14.770] [0;32mI (19962056) TASK_NL: [2] Status changed: on=1 br=100 ct=6500 hu=48 sa=2 eff="*Solid*"[0m
[2026-07-17 17:43:14.770] 
[2026-07-17 17:43:14.909] pTopic:switchlink/B0E9FEC6718C/link_to_nanoleaf_property
[2026-07-17 17:43:14.909] pData:{"msgType":"status","deviceId":"880A64775B01","timestamp":1784281394,"endpoints":[{"endpoint":"lb/0/oo","value":true},{"endpoint":"lb/0/pb","value":100},{"endpoint":"lb/0/ct","value":6500},{"endpoint":"lb/0/hu","value":48},{"endpoint":"lb/0/sa","value":2},{"endpoint":"effect/select","value":"*Solid*"}]}
[2026-07-17 17:43:14.909] 
[2026-07-17 17:43:16.023] [0;32mI (19963314) NL_LTPDU: BatchGet 6A76B95FD1DB: 6 eps, rsp=118 bytes[0m
[2026-07-17 17:43:16.023] 
[2026-07-17 17:43:17.807] [0;32mI (19965060) NL_LTPDU: BatchGet 3E0AE0494182: 6 eps, rsp=125 bytes[0m
[2026-07-17 17:43:17.807] Nanoleaf MQTT payload: {"msgType":"control","requestID":"f1c03387-c2b0-4351-b0e5-93ada2b294cb","deviceId":"880A64775B01","endpoint":"lb/0/pb","method":"POST","value":34}
[2026-07-17 17:43:17.807] 
[2026-07-17 17:43:17.870] [0;32mI (19965160) NL_LTPDU: SendCmd POST → 880A64775B01 ep=lb/0/pb[0m
[2026-07-17 17:43:17.870] 
[2026-07-17 17:43:18.163] pTopic:switchlink/B0E9FEC6718C/link_to_nanoleaf_func_resp
[2026-07-17 17:43:18.163] pData:{"msgType":"respond","requestID":"f1c03387-c2b0-4351-b0e5-93ada2b294cb","deviceId":"880A64775B01","success":true,"errorCode":0,"errorMsg":""}
[2026-07-17 17:43:18.163] [0;32mI (19965438) NL_LTPDU: BatchGet 880A64775B01: 6 eps, rsp=118 bytes[0m
[2026-07-17 17:43:18.163] [0;32mI (19965442) TASK_NL: [2] Status changed: on=1 br=34 ct=6500 hu=48 sa=2 eff="*Solid*"[0m
[2026-07-17 17:43:18.163] 
[2026-07-17 17:43:18.240] free heap: 6299800, minimum free heap: 6042512, Internal 8bit free heap: 72288, 8bit free heap: 6299800The current date/time is: Fri Jul 17 09:43:16 2026
[2026-07-17 17:43:18.240] 
[2026-07-17 17:43:18.240] 
[2026-07-17 17:43:18.378] pTopic:switchlink/B0E9FEC6718C/link_to_nanoleaf_property
[2026-07-17 17:43:18.378] pData:{"msgType":"status","deviceId":"880A64775B01","timestamp":1784281398,"endpoints":[{"endpoint":"lb/0/oo","value":true},{"endpoint":"lb/0/pb","value":34},{"endpoint":"lb/0/ct","value":6500},{"endpoint":"lb/0/hu","value":48},{"endpoint":"lb/0/sa","value":2},{"endpoint":"effect/select","value":"*Solid*"}]}
[2026-07-17 17:43:18.378] 
[2026-07-17 17:43:20.869] [0;32mI (19968150) NL_LTPDU: BatchGet 6A76B95FD1DB: 6 eps, rsp=118 bytes[0m
[2026-07-17 17:43:20.869] 
[2026-07-17 17:43:22.617] [0;32mI (19969901) NL_LTPDU: BatchGet 3E0AE0494182: 6 eps, rsp=125 bytes[0m
[2026-07-17 17:43:22.617] 
[2026-07-17 17:43:23.018] [0;32mI (19970311) NL_LTPDU: BatchGet 880A64775B01: 6 eps, rsp=118 bytes[0m
[2026-07-17 17:43:23.018] 
[2026-07-17 17:43:26.034] [0;32mI (19973322) NL_LTPDU: BatchGet 6A76B95FD1DB: 6 eps, rsp=118 bytes[0m
[2026-07-17 17:43:26.034] 
[2026-07-17 17:43:26.250] free heap: 6301272, minimum free heap: 6042512, Internal 8bit free heap: 72288, 8bit free heap: 6301272The current date/time is: Fri Jul 17 09:43:24 2026
[2026-07-17 17:43:26.250] 
[2026-07-17 17:43:26.250] 
[2026-07-17 17:43:27.799] [0;32mI (19975088) NL_LTPDU: BatchGet 3E0AE0494182: 6 eps, rsp=125 bytes[0m
[2026-07-17 17:43:27.799] 
[2026-07-17 17:43:28.141] [0;32mI (19975423) NL_LTPDU: BatchGet 880A64775B01: 6 eps, rsp=118 bytes[0m
[2026-07-17 17:43:28.141] 
[2026-07-17 17:43:30.910] [0;32mI (19978190) NL_LTPDU: BatchGet 6A76B95FD1DB: 6 eps, rsp=118 bytes[0m
[2026-07-17 17:43:30.910] 
[2026-07-17 17:43:32.935] [0;32mI (19980222) NL_LTPDU: BatchGet 3E0AE0494182: 6 eps, rsp=125 bytes[0m
[2026-07-17 17:43:32.935] 
[2026-07-17 17:43:33.260] [0;32mI (19980546) NL_LTPDU: BatchGet 880A64775B01: 6 eps, rsp=118 bytes[0m
[2026-07-17 17:43:33.260] 
[2026-07-17 17:43:34.267] free heap: 6301308, minimum free heap: 6042512, Internal 8bit free heap: 72324, 8bit free heap: 6301308The current date/time is: Fri Jul 17 09:43:32 2026
[2026-07-17 17:43:34.267] 
[2026-07-17 17:43:34.267] 
[2026-07-17 17:43:36.047] [0;32mI (19983335) NL_LTPDU: BatchGet 6A76B95FD1DB: 6 eps, rsp=118 bytes[0m
[2026-07-17 17:43:36.047] 
[2026-07-17 17:43:38.041] [0;32mI (19985329) NL_LTPDU: BatchGet 3E0AE0494182: 6 eps, rsp=125 bytes[0m
[2026-07-17 17:43:38.041] 
[2026-07-17 17:43:38.179] [0;32mI (19985467) NL_LTPDU: BatchGet 880A64775B01: 6 eps, rsp=118 bytes[0m
[2026-07-17 17:43:38.179] 
[2026-07-17 17:43:40.943] [0;32mI (19988233) NL_LTPDU: BatchGet 6A76B95FD1DB: 6 eps, rsp=118 bytes[0m
[2026-07-17 17:43:40.943] 
[2026-07-17 17:43:42.265] free heap: 6301176, minimum free heap: 6042512, Internal 8bit free heap: 72192, 8bit free heap: 6301176The current date/time is: Fri Jul 17 09:43:40 2026
[2026-07-17 17:43:42.265] 
[2026-07-17 17:43:42.265] 
[2026-07-17 17:43:42.885] [0;32mI (19990179) NL_LTPDU: BatchGet 3E0AE0494182: 6 eps, rsp=125 bytes[0m
[2026-07-17 17:43:42.885] 
[2026-07-17 17:43:43.370] [0;32mI (19990659) NL_LTPDU: BatchGet 880A64775B01: 6 eps, rsp=118 bytes[0m
[2026-07-17 17:43:43.370] 
[2026-07-17 17:43:46.066] [0;32mI (19993353) NL_LTPDU: BatchGet 6A76B95FD1DB: 6 eps, rsp=118 bytes[0m
[2026-07-17 17:43:46.066] 
[2026-07-17 17:43:47.995] [0;32mI (19995289) NL_LTPDU: BatchGet 3E0AE0494182: 6 eps, rsp=125 bytes[0m
[2026-07-17 17:43:47.995] 
[2026-07-17 17:43:48.505] [0;32mI (19995795) NL_LTPDU: BatchGet 880A64775B01: 6 eps, rsp=118 bytes[0m
[2026-07-17 17:43:48.505] 
[2026-07-17 17:43:50.266] free heap: 6301280, minimum free heap: 6042512, Internal 8bit free heap: 72324, 8bit free heap: 6301280The current date/time is: Fri Jul 17 09:43:48 2026
[2026-07-17 17:43:50.266] 
[2026-07-17 17:43:50.266] 
[2026-07-17 17:43:51.614] [0;32mI (19998905) NL_LTPDU: BatchGet 6A76B95FD1DB: 6 eps, rsp=118 bytes[0m
[2026-07-17 17:43:51.614] 
[2026-07-17 17:43:53.143] [0;32mI (20000434) NL_LTPDU: BatchGet 3E0AE0494182: 6 eps, rsp=125 bytes[0m
[2026-07-17 17:43:53.143] 
[2026-07-17 17:43:53.531] [0;32mI (20000819) NL_LTPDU: BatchGet 880A64775B01: 6 eps, rsp=118 bytes[0m
[2026-07-17 17:43:53.531] 
[2026-07-17 17:43:56.376] [0;32mI (20003655) NL_LTPDU: BatchGet 6A76B95FD1DB: 6 eps, rsp=118 bytes[0m
[2026-07-17 17:43:56.376] 
[2026-07-17 17:43:58.277] free heap: 6246448, minimum free heap: 6042512, Internal 8bit free heap: 72288, 8bit free heap: 6246448The current date/time is: Fri Jul 17 09:43:56 2026
[2026-07-17 17:43:58.277] 
[2026-07-17 17:43:58.277] 
[2026-07-17 17:43:58.370] [0;32mI (20005660) NL_LTPDU: BatchGet 3E0AE0494182: 6 eps, rsp=125 bytes[0m
[2026-07-17 17:43:58.370] 
[2026-07-17 17:43:58.662] [0;32mI (20005955) NL_LTPDU: BatchGet 880A64775B01: 6 eps, rsp=118 bytes[0m
[2026-07-17 17:43:58.662] 
[2026-07-17 17:44:01.212] [0;32mI (20008505) NL_LTPDU: BatchGet 6A76B95FD1DB: 6 eps, rsp=118 bytes[0m
[2026-07-17 17:44:01.212] 
[2026-07-17 17:44:03.069] [0;32mI (20010359) NL_LTPDU: BatchGet 3E0AE0494182: 6 eps, rsp=125 bytes[0m
[2026-07-17 17:44:03.069] 
[2026-07-17 17:44:03.488] [0;32mI (20010772) NL_LTPDU: BatchGet 880A64775B01: 6 eps, rsp=118 bytes[0m
[2026-07-17 17:44:03.488] 
[2026-07-17 17:44:06.305] free heap: 6246448, minimum free heap: 6042512, Internal 8bit free heap: 72288, 8bit free heap: 6246448The current date/time is: Fri Jul 17 09:44:04 2026
[2026-07-17 17:44:06.305] 
[2026-07-17 17:44:06.305] 
[2026-07-17 17:44:06.475] [0;32mI (20013765) NL_LTPDU: BatchGet 6A76B95FD1DB: 6 eps, rsp=118 bytes[0m
[2026-07-17 17:44:06.475] 
[2026-07-17 17:44:08.396] [0;32mI (20015679) NL_LTPDU: BatchGet 3E0AE0494182: 6 eps, rsp=125 bytes[0m
[2026-07-17 17:44:08.396] 
[2026-07-17 17:44:09.018] [0;32mI (20016303) NL_LTPDU: BatchGet 880A64775B01: 6 eps, rsp=118 bytes[0m
[2026-07-17 17:44:09.018] 
[2026-07-17 17:44:11.818] [0;32mI (20019098) NL_LTPDU: BatchGet 6A76B95FD1DB: 6 eps, rsp=118 bytes[0m
[2026-07-17 17:44:11.818] 
[2026-07-17 17:44:13.426] [0;32mI (20020712) NL_LTPDU: BatchGet 3E0AE0494182: 6 eps, rsp=125 bytes[0m
[2026-07-17 17:44:13.426] 
[2026-07-17 17:44:14.307] free heap: 6246296, minimum free heap: 6042512, Internal 8bit free heap: 72156, 8bit free heap: 6246296The current date/time is: Fri Jul 17 09:44:12 2026
[2026-07-17 17:44:14.307] 
[2026-07-17 17:44:14.307] 
[2026-07-17 17:44:14.645] [0;32mI (20021937) NL_LTPDU: BatchGet 880A64775B01: 6 eps, rsp=118 bytes[0m
[2026-07-17 17:44:14.645] 
[2026-07-17 17:44:16.656] [0;32mI (20023934) NL_LTPDU: BatchGet 6A76B95FD1DB: 6 eps, rsp=118 bytes[0m
[2026-07-17 17:44:16.656] 
[2026-07-17 17:44:22.317] free heap: 6246448, minimum free heap: 6042512, Internal 8bit free heap: 72288, 8bit free heap: 6246448The current date/time is: Fri Jul 17 09:44:20 2026
[2026-07-17 17:44:22.317] 
[2026-07-17 17:44:22.317] 
[2026-07-17 17:44:23.155] [0;31mE (20030435) NL_LTPDU: recv failed: no data (errno=11, timeout=5000ms)[0m
[2026-07-17 17:44:23.155] [0;33mW (20030435) TASK_NL: [0] TCP fail → re-auth (CISS)[0m
[2026-07-17 17:44:23.155] 
[2026-07-17 17:44:24.950] Nanoleaf MQTT payload: {"msgType":"control","requestID":"93744b4a-beb9-4fb8-8f00-7b2243b890e0","deviceId":"880A64775B01","endpoint":"ci","method":"POST","value":"{\"command\":\"getTouchKillSwitch\"}"}
[2026-07-17 17:44:24.950] 
[2026-07-17 17:44:25.105] Nanoleaf MQTT payload: {"msgType":"control","requestID":"ae3aeec5-c52b-4f35-a95c-0a8ffe261519","deviceId":"880A64775B01","endpoint":"ci","method":"POST","value":"{\"command\":\"requestTouchConfig\"}"}
[2026-07-17 17:44:25.105] 
[2026-07-17 17:44:28.314] [0;31mE (20035595) NL_LTPDU: recv failed: no data (errno=11, timeout=5000ms)[0m
[2026-07-17 17:44:28.314] [0;33mW (20035595) TASK_NL: [1] TCP fail → re-auth (CISS)[0m
[2026-07-17 17:44:28.314] 
[2026-07-17 17:44:30.158] [0;32mI (20037450) ROUTE_HOOK: Received RIO[0m
[2026-07-17 17:44:30.158] [0;32mI (20037450) ROUTE_HOOK: prefix FDEA:C98F:38B2:1:: lifetime 1800[0m
[2026-07-17 17:44:30.158] 
[2026-07-17 17:44:30.311] free heap: 6242796, minimum free heap: 6042512, Internal 8bit free heap: 72280, 8bit free heap: 6242796The current date/time is: Fri Jul 17 09:44:28 2026
[2026-07-17 17:44:30.311] 
[2026-07-17 17:44:30.311] 
[2026-07-17 17:44:33.100] [0;32mI (20040392) NL_LTPDU: CISS: recovered session to 192.168.50.201 (counter=2405, ver=V3.0)[0m
[2026-07-17 17:44:33.100] 
[2026-07-17 17:44:33.317] [0;31mE (20040597) NL_LTPDU: recv failed: no data (errno=11, timeout=5000ms)[0m
[2026-07-17 17:44:33.317] [0;33mW (20040597) TASK_NL: [2] TCP fail → re-auth (CISS)[0m
[2026-07-17 17:44:33.317] 
[2026-07-17 17:44:33.503] pTopic:switchlink/B0E9FEC6718C/link_to_nanoleaf_func_resp
[2026-07-17 17:44:33.503] pData:{"msgType":"respond","requestID":"93744b4a-beb9-4fb8-8f00-7b2243b890e0","deviceId":"880A64775B01","success":false,"errorCode":2,"errorMsg":"device_not_connected"}
[2026-07-17 17:44:33.503] pTopic:switchlink/B0E9FEC6718C/link_to_nanoleaf_func_resp
[2026-07-17 17:44:33.503] pData:{"msgType":"respond","requestID":"ae3aeec5-c52b-4f35-a95c-0a8ffe261519","deviceId":"880A64775B01","success":false,"errorCode":2,"errorMsg":"device_not_connected"}
[2026-07-17 17:44:33.503] 
[2026-07-17 17:44:34.014] [0;33mW (20041298) TASK_NL: [0] CISS verify failed (err=8), fallback SRP[0m
[2026-07-17 17:44:34.014] [0;32mI (20041299) NL_LTPDU: SRP reconnect: device=Lines B5D2 clientId=1[0m
[2026-07-17 17:44:34.014] 
[2026-07-17 17:44:34.060] [0;32mI (20041337) NL_LTPDU:   pubA[0:4]=374EA1CE[0m
[2026-07-17 17:44:34.060] 
[2026-07-17 17:44:34.509] [0;32mI (20041803) NL_LTPDU: CISS: recovered session to 192.168.50.160 (counter=2490, ver=V3.0)[0m
[2026-07-17 17:44:34.509] 
[2026-07-17 17:44:35.036] [0;32mI (20042323) NL_LTPDU: TCP connected to 192.168.50.201:12566[0m
[2026-07-17 17:44:35.036] 
[2026-07-17 17:44:38.327] free heap: 6242700, minimum free heap: 6042512, Internal 8bit free heap: 72292, 8bit free heap: 6242700The current date/time is: Fri Jul 17 09:44:36 2026
[2026-07-17 17:44:38.327] 
[2026-07-17 17:44:38.327] 
[2026-07-17 17:44:39.516] [0;31mE (20046803) NL_LTPDU: recv failed: no data (errno=11, timeout=5000ms)[0m
[2026-07-17 17:44:39.516] [0;33mW (20046803) TASK_NL: [1] CISS TCP fail, skip SRP → yield[0m
[2026-07-17 17:44:39.516] [0;33mW (20046805) TASK_NL: [1] Auth failed (err=3, retry=1/3)[0m
[2026-07-17 17:44:39.516] 
[2026-07-17 17:44:40.041] [0;31mE (20047324) NL_LTPDU: recv failed: no data (errno=11, timeout=5000ms)[0m
[2026-07-17 17:44:40.041] [0;31mE (20047324) NL_LTPDU: SRP step1 HTTP connection failed[0m
[2026-07-17 17:44:40.041] [0;33mW (20047326) TASK_NL: [0] Auth failed (err=3, retry=1/3)[0m
[2026-07-17 17:44:40.041] 
[2026-07-17 17:44:43.621] [0;32mI (20050902) NL_LTPDU: CISS: recovered session to 192.168.50.160 (counter=2490, ver=V3.0)[0m
[2026-07-17 17:44:43.621] 
[2026-07-17 17:44:43.900] [0;32mI (20051190) NL_LTPDU: CISS: recovered session to 192.168.50.119 (counter=233, ver=V3.0)[0m
[2026-07-17 17:44:43.900] 
[2026-07-17 17:44:46.323] free heap: 6190248, minimum free heap: 6042512, Internal 8bit free heap: 72292, 8bit free heap: 6190248The current date/time is: Fri Jul 17 09:44:44 2026
[2026-07-17 17:44:46.323] 
[2026-07-17 17:44:46.323] 
[2026-07-17 17:44:48.666] [0;31mE (20055903) NL_LTPDU: recv failed: no data (errno=11, timeout=5000ms)[0m
[2026-07-17 17:44:48.666] [0;33mW (20055903) TASK_NL: [1] CISS TCP fail, skip SRP → yield[0m
[2026-07-17 17:44:48.666] [0;33mW (20055905) TASK_NL: [1] Auth failed (err=3, retry=2/3)[0m
[2026-07-17 17:44:48.666] [0;32mI (20055911) NL_LTPDU: SRP reconnect: device=Lines B5D2 clientId=1[0m
[2026-07-17 17:44:48.666] [0;32mI (20055954) NL_LTPDU:   pubA[0:4]=2CA6D37D[0m
[2026-07-17 17:44:48.666] 
[2026-07-17 17:44:48.913] [0;31mE (20056191) NL_LTPDU: recv failed: no data (errno=11, timeout=5000ms)[0m
[2026-07-17 17:44:48.913] [0;33mW (20056191) TASK_NL: [2] CISS TCP fail, skip SRP → yield[0m
[2026-07-17 17:44:48.913] [0;33mW (20056193) TASK_NL: [2] Auth failed (err=3, retry=1/3)[0m
[2026-07-17 17:44:48.913] 
[2026-07-17 17:44:51.360] [0;32mI (20058647) NL_LTPDU: CISS: recovered session to 192.168.50.119 (counter=233, ver=V3.0)[0m
[2026-07-17 17:44:51.360] 
[2026-07-17 17:44:51.406] [0;32mI (20058690) NL_LTPDU: TCP connected to 192.168.50.201:12566[0m
[2026-07-17 17:44:51.406] 
[2026-07-17 17:44:52.145] [0;33mW (20059435) TASK_NL: [2] CISS verify failed (err=9), fallback SRP[0m
[2026-07-17 17:44:52.145] [0;32mI (20059436) NL_LTPDU: SRP reconnect: device=Shapes 2201 clientId=1[0m
[2026-07-17 17:44:52.145] 
[2026-07-17 17:44:52.192] [0;32mI (20059473) NL_LTPDU:   pubA[0:4]=87AEC1F0[0m
[2026-07-17 17:44:52.192] 
[2026-07-17 17:44:54.144] [0;32mI (20061428) NL_LTPDU: TCP connected to 192.168.50.119:12566[0m
[2026-07-17 17:44:54.144] 
[2026-07-17 17:44:54.345] free heap: 6297940, minimum free heap: 6042512, Internal 8bit free heap: 72292, 8bit free heap: 6297940The current date/time is: Fri Jul 17 09:44:52 2026
[2026-07-17 17:44:54.345] 
[2026-07-17 17:44:54.345] 
[2026-07-17 17:44:55.195] [0;32mI (20062456) NL_LTPDU:   step1 rsp: salt len=4, salt[0:4]=2449C19C[0m
[2026-07-17 17:44:55.195] [0;32mI (20062456) NL_LTPDU:   step1 rsp: B[0:4]=4B7C68D9, B len=256[0m
[2026-07-17 17:44:55.195] [0;32mI (20062458) NL_LTPDU:   session_version: len=0 val=FFFF[0m
[2026-07-17 17:44:55.195] [0;32mI (20062465) NL_SRP:   k[0:8]=4CBA3FB2923E01FB[0m
[2026-07-17 17:44:55.195] [0;32mI (20062469) NL_SRP:   szA=256, szB=256[0m
[2026-07-17 17:44:55.195] [0;32mI (20062474) NL_SRP:   u[0:8]=6AD5A3940AA281E3[0m
[2026-07-17 17:44:55.195] [0;32mI (20062479) NL_SRP:   x[0:8]=58C7882AB1A85A5A[0m
[2026-07-17 17:44:55.195] 
[2026-07-17 17:44:55.287] [0;32mI (20062576) NL_SRP: SrpComputeSecret OK[0m
[2026-07-17 17:44:55.287] [0;32mI (20062576) NL_LTPDU:   SrpComputeSecret OK[0m
[2026-07-17 17:44:55.287] 
[2026-07-17 17:44:55.580] [0;33mW (20062849) NL_LTPDU: SRP auth done: iSock=55 (fd assigned)[0m
[2026-07-17 17:44:55.580] [0;32mI (20062849) NL_LTPDU:   using session ver: V3.0[0m
[2026-07-17 17:44:55.580] [0;32mI (20062849) NL_LTPDU: SRP token reconnect OK, ClientId=1[0m
[2026-07-17 17:44:55.580] [0;32mI (20062856) TASK_NL: [0] Auth OK → ACTIVE (192.168.50.201)[0m
[2026-07-17 17:44:55.580] 
[2026-07-17 17:44:55.937] [0;32mI (20063146) NL_LTPDU:   step1 rsp: salt len=4, salt[0:4]=80DDA314[0m
[2026-07-17 17:44:55.937] [0;32mI (20063146) NL_LTPDU: BatchGet 3E0AE0494182: 6 eps, rsp=125 bytes[0m
[2026-07-17 17:44:55.937] [0;32mI (20063146) NL_LTPDU:   step1 rsp: B[0:4]=6A599077, B len=256[0m
[2026-07-17 17:44:55.937] [0;32mI (20063149) TASK_NL: [0] Status changed: on=0 br=10 ct=2700 hu=0 sa=0 eff="Tuscany Sunset"[0m
[2026-07-17 17:44:55.937] [0;32mI (20063155) NL_LTPDU:   session_version: len=0 val=FFFF[0m
[2026-07-17 17:44:55.937] [0;32mI (20063170) NL_SRP:   k[0:8]=4CBA3FB2923E01FB[0m
[2026-07-17 17:44:55.937] [0;32mI (20063175) NL_SRP:   szA=256, szB=256[0m
[2026-07-17 17:44:55.937] [0;32mI (20063180) NL_SRP:   u[0:8]=31B04BA547272DCD[0m
[2026-07-17 17:44:55.937] [0;32mI (20063185) NL_SRP:   x[0:8]=7C4642BA4EB9EA89[0m
[2026-07-17 17:44:55.937] pTopic:switchlink/B0E9FEC6718C/link_to_nanoleaf_property
[2026-07-17 17:44:55.937] pData:{"msgType":"status","deviceId":"3E0AE0494182","timestamp":1784281495,"endpoints":[{"endpoint":"lb/0/oo","value":false},{"endpoint":"lb/0/pb","value":10},{"endpoint":"lb/0/ct","value":2700},{"endpoint":"lb/0/hu","value":0},{"endpoint":"lb/0/sa","value":0},{"endpoint":"effect/select","value":"Tuscany Sunset"}]}
[2026-07-17 17:44:55.937] 
[2026-07-17 17:44:55.998] [0;32mI (20063284) NL_SRP: SrpComputeSecret OK[0m
[2026-07-17 17:44:55.998] [0;32mI (20063284) NL_LTPDU:   SrpComputeSecret OK[0m
[2026-07-17 17:44:55.998] 
[2026-07-17 17:44:56.045] [0;33mW (20063325) NL_LTPDU: SRP auth done: iSock=56 (fd assigned)[0m
[2026-07-17 17:44:56.045] [0;32mI (20063325) NL_LTPDU:   using session ver: V3.0[0m
[2026-07-17 17:44:56.045] [0;32mI (20063326) NL_LTPDU: SRP token reconnect OK, ClientId=1[0m
[2026-07-17 17:44:56.045] [0;32mI (20063332) TASK_NL: [2] Auth OK → ACTIVE (192.168.50.119)[0m
[2026-07-17 17:44:56.045] 
[2026-07-17 17:44:56.353] [0;32mI (20063631) NL_LTPDU: BatchGet 880A64775B01: 6 eps, rsp=118 bytes[0m
[2026-07-17 17:44:56.353] [0;32mI (20063631) TASK_NL: [2] Status changed: on=0 br=34 ct=6500 hu=48 sa=2 eff="*Solid*"[0m
[2026-07-17 17:44:56.353] 
[2026-07-17 17:44:56.570] pTopic:switchlink/B0E9FEC6718C/link_to_nanoleaf_property
[2026-07-17 17:44:56.570] pData:{"msgType":"status","deviceId":"880A64775B01","timestamp":1784281496,"endpoints":[{"endpoint":"lb/0/oo","value":false},{"endpoint":"lb/0/pb","value":34},{"endpoint":"lb/0/ct","value":6500},{"endpoint":"lb/0/hu","value":48},{"endpoint":"lb/0/sa","value":2},{"endpoint":"effect/select","value":"*Solid*"}]}
[2026-07-17 17:44:56.570] 
[2026-07-17 17:44:58.148] Nanoleaf MQTT payload: {"msgType":"control","requestID":"89327539-9f7c-4b58-ba52-2ad39eecc536","deviceId":"880A64775B01","endpoint":"lb/0/oo","method":"POST","value":true}
[2026-07-17 17:44:58.148] [0;32mI (20065446) NL_LTPDU: SendCmd POST → 880A64775B01 ep=lb/0/oo[0m
[2026-07-17 17:44:58.148] 
[2026-07-17 17:44:58.380] pTopic:switchlink/B0E9FEC6718C/link_to_nanoleaf_func_resp
[2026-07-17 17:44:58.380] pData:{"msgType":"respond","requestID":"89327539-9f7c-4b58-ba52-2ad39eecc536","deviceId":"880A64775B01","success":true,"errorCode":0,"errorMsg":""}
[2026-07-17 17:44:58.380] 
[2026-07-17 17:44:58.457] [0;32mI (20065732) NL_LTPDU: BatchGet 880A64775B01: 6 eps, rsp=118 bytes[0m
[2026-07-17 17:44:58.457] [0;32mI (20065732) TASK_NL: [2] Status changed: on=1 br=34 ct=6500 hu=48 sa=2 eff="*Solid*"[0m
[2026-07-17 17:44:58.457] 
[2026-07-17 17:44:58.611] pTopic:switchlink/B0E9FEC6718C/link_to_nanoleaf_property
[2026-07-17 17:44:58.611] pData:{"msgType":"status","deviceId":"880A64775B01","timestamp":1784281498,"endpoints":[{"endpoint":"lb/0/oo","value":true},{"endpoint":"lb/0/pb","value":34},{"endpoint":"lb/0/ct","value":6500},{"endpoint":"lb/0/hu","value":48},{"endpoint":"lb/0/sa","value":2},{"endpoint":"effect/select","value":"*Solid*"}]}
[2026-07-17 17:44:58.611] 
[2026-07-17 17:44:59.694] [0;32mI (20066977) NL_LTPDU: CISS: recovered session to 192.168.50.160 (counter=2490, ver=V3.0)[0m
[2026-07-17 17:44:59.694] 
[2026-07-17 17:44:59.771] [0;33mW (20067055) TASK_NL: [1] CISS verify failed (err=9), fallback SRP[0m
[2026-07-17 17:44:59.771] [0;32mI (20067056) NL_LTPDU: SRP reconnect: device=4D FEB8 clientId=1[0m
[2026-07-17 17:44:59.771] 
[2026-07-17 17:44:59.818] [0;32mI (20067093) NL_LTPDU:   pubA[0:4]=93CF686E[0m
[2026-07-17 17:44:59.818] [0;32mI (20067106) NL_LTPDU: TCP connected to 192.168.50.160:12566[0m
[2026-07-17 17:44:59.818] 
[2026-07-17 17:45:00.314] [0;32mI (20067579) NL_LTPDU:   step1 rsp: salt len=4, salt[0:4]=A0E69851[0m
[2026-07-17 17:45:00.314] [0;32mI (20067579) NL_LTPDU:   step1 rsp: B[0:4]=820BC100, B len=256[0m
[2026-07-17 17:45:00.314] [0;32mI (20067581) NL_LTPDU:   session_version: len=0 val=FFFF[0m
[2026-07-17 17:45:00.314] [0;32mI (20067587) NL_SRP:   k[0:8]=4CBA3FB2923E01FB[0m
[2026-07-17 17:45:00.314] [0;32mI (20067592) NL_SRP:   szA=256, szB=256[0m
[2026-07-17 17:45:00.314] [0;32mI (20067597) NL_SRP:   u[0:8]=45844E62EB16A9FC[0m
[2026-07-17 17:45:00.314] [0;32mI (20067602) NL_SRP:   x[0:8]=358933B2C9BDB020[0m
[2026-07-17 17:45:00.314] 
[2026-07-17 17:45:00.408] [0;32mI (20067700) NL_SRP: SrpComputeSecret OK[0m
[2026-07-17 17:45:00.408] [0;32mI (20067700) NL_LTPDU:   SrpComputeSecret OK[0m
[2026-07-17 17:45:00.408] 
[2026-07-17 17:45:00.500] [0;31mE (20067779) NL_LTPDU: SRP step2: missing/invalid M2[0m
[2026-07-17 17:45:00.500] [0;33mW (20067780) TASK_NL: [1] Auth failed (err=5, retry=3/3)[0m
[2026-07-17 17:45:00.500] 
[2026-07-17 17:45:00.637] pTopic:switchlink/B0E9FEC6718C/link_to_nanoleaf_property
[2026-07-17 17:45:00.637] pData:{"msgType":"online","deviceId":"6A76B95FD1DB","timestamp":1784281500,"online":false,"reason":"auth_failed"}
[2026-07-17 17:45:00.637] 
[2026-07-17 17:45:01.100] [0;32mI (20068391) NL_LTPDU: BatchGet 3E0AE0494182: 6 eps, rsp=125 bytes[0m
[2026-07-17 17:45:01.100] 
[2026-07-17 17:45:01.348] Nanoleaf MQTT payload: {"msgType":"control","requestID":"7407ce61-c08e-40ef-a826-eddc1add0c58","deviceId":"880A64775B01","endpoint":"lb/0/oo","method":"POST","value":false}
[2026-07-17 17:45:01.348] 
[2026-07-17 17:45:01.409] [0;32mI (20068702) NL_LTPDU: SendCmd POST → 880A64775B01 ep=lb/0/oo[0m
[2026-07-17 17:45:01.409] 
[2026-07-17 17:45:01.858] pTopic:switchlink/B0E9FEC6718C/link_to_nanoleaf_func_resp
[2026-07-17 17:45:01.858] pData:{"msgType":"respond","requestID":"7407ce61-c08e-40ef-a826-eddc1add0c58","deviceId":"880A64775B01","success":true,"errorCode":0,"errorMsg":""}
[2026-07-17 17:45:01.858] 
[2026-07-17 17:45:02.076] [0;32mI (20069353) NL_LTPDU: BatchGet 880A64775B01: 6 eps, rsp=118 bytes[0m
[2026-07-17 17:45:02.076] [0;32mI (20069353) TASK_NL: [2] Status changed: on=0 br=34 ct=6500 hu=48 sa=2 eff="*Solid*"[0m
[2026-07-17 17:45:02.076] 
[2026-07-17 17:45:02.276] pTopic:switchlink/B0E9FEC6718C/link_to_nanoleaf_property
[2026-07-17 17:45:02.276] pData:{"msgType":"status","deviceId":"880A64775B01","timestamp":1784281502,"endpoints":[{"endpoint":"lb/0/oo","value":false},{"endpoint":"lb/0/pb","value":34},{"endpoint":"lb/0/ct","value":6500},{"endpoint":"lb/0/hu","value":48},{"endpoint":"lb/0/sa","value":2},{"endpoint":"effect/select","value":"*Solid*"}]}
[2026-07-17 17:45:02.276] 
[2026-07-17 17:45:02.369] free heap: 6299372, minimum free heap: 6042512, Internal 8bit free heap: 72424, 8bit free heap: 6299372The current date/time is: Fri Jul 17 09:45:00 2026
[2026-07-17 17:45:02.369] 
[2026-07-17 17:45:02.369] 
[2026-07-17 17:45:05.520] Nanoleaf MQTT payload: {"msgType":"control","requestID":"66b8cbb5-10c5-41f0-9443-a708d81d79ca","deviceId":"880A64775B01","endpoint":"ci","method":"POST","value":"{\"command\":\"requestTouchConfig\"}"}
[2026-07-17 17:45:05.520] Nanoleaf MQTT payload: {"msgType":"control","requestID":"ffda8bbd-0897-4101-8a54-0337cc04f318","deviceId":"880A64775B01","endpoint":"ci","method":"POST","value":"{\"command\":\"getTouchKillSwitch\"}"}
[2026-07-17 17:45:05.520] 
[2026-07-17 17:45:05.582] [0;32mI (20072868) NL_LTPDU: SendCmd POST → 880A64775B01 ep=ci[0m
[2026-07-17 17:45:05.582] 
[2026-07-17 17:45:05.968] [0;32mI (20073196) TASK_NL: [2] Cmd rsp(600): {"touchConfig":{"supportedFeatures":{"systemGestures":["dt","su","sd","sl","sr"],"systemActions":["pwr","bu","bd","ncs","nrs","nrdms","pcs","prs"]},"defaultSystemConfig":{"gestureActions":[{"gesture":"dt","action":null},{"gesture":"su","action":null},{"gesture":"sd","action":null},{"gesture":"sl","action":null},{"gesture":"sr","action":null}]},"userSystemConfig":{"enabled":true,"gestureActions":[{"gesture":"dt","action":null},{"gesture":"su","action":"pwr"},{"gesture":"sd","action":"pwr"},{"gesture":"sl","action":"pwr"},{"gesture":"sr","action":"pwr"}],"subscribers":[]},"userPanelConfigs":[]}}[0m
[2026-07-17 17:45:05.968] [0;32mI (20073242) NL_MQTT: PublishRespondData: len=900, pushing to MQTT queue[0m
[2026-07-17 17:45:05.968] [0;32mI (20073250) NL_LTPDU: SendCmd POST → 880A64775B01 ep=ci[0m
[2026-07-17 17:45:05.968] 
[2026-07-17 17:45:06.014] [0;32mI (20073299) TASK_NL: [2] Cmd rsp(27): {"touchKillSwitchOn":false}[0m
[2026-07-17 17:45:06.014] [0;32mI (20073299) NL_MQTT: PublishRespondData: len=213, pushing to MQTT queue[0m
[2026-07-17 17:45:06.014] 
[2026-07-17 17:45:06.215] pTopic:switchlink/B0E9FEC6718C/link_to_nanoleaf_func_resp
[2026-07-17 17:45:06.215] pData:{"msgType":"respond","requestID":"66b8cbb5-10c5-41f0-9443-a708d81d79ca","deviceId":"880A64775B01","success":true,"errorCode":0,"errorMsg":"","endpoints":[{"endpoint":"ci","value":"{\"touchConfig\":{\"supportedFeatures\":{\"systemGestures\":[\"dt\",\"su\",\"sd\",\"sl\",\"sr\"],\"systemActions\":[\"pwr\",\"bu\",\"bd\",\"ncs\",\"nrs\",\"nrdms\",\"pcs\",\"prs\"]},\"defaultSystemConfig\":{\"gestureActions\":[{\"gesture\":\"dt\",\"action\":null},{\"gesture\":\"su\",\"action\":null},{\"gesture\":\"sd\",\"action\":null},{\"gesture\":\"sl\",\"action\":null},{\"gesture\":\"sr\",\"action\":null}]},\"userSystemConfig\":{\"enabled\":true,\"gestureActions\":[{\"gesture\":\"dt\",\"action\":null},{\"gesture\":\"su\",\"action\":\"pwr\"},{\"gesture\":\"sd\",\"action\":\"pwr\"},{\"gesture\":\"sl\",\"action\":\"pwr\"},{\"gesture\":\"sr\",\"action\":\"pwr\"}],\"subscribers\":[]},\"userPanelConfigs\":[]}}"}]}
[2026-07-17 17:45:06.215] pTopic:switchlink/B0E9FEC6718C/link_to_nanoleaf_func_resp
[2026-07-17 17:45:06.215] pData:{"msgType":"respond","requestID":"ffda8bbd-0897-4101-8a54-0337cc04f318","deviceId":"880A64775B01","success":true,"errorCode":0,"errorMsg":"","endpoints":[{"endpoint":"ci","value":"{\"touchKillSwitchOn\":false}"}]}
[2026-07-17 17:45:06.215] 
[2026-07-17 17:45:06.261] [0;32mI (20073540) NL_LTPDU: BatchGet 3E0AE0494182: 6 eps, rsp=125 bytes[0m
[2026-07-17 17:45:06.261] 
[2026-07-17 17:45:06.324] [0;32mI (20073611) NL_LTPDU: BatchGet 880A64775B01: 6 eps, rsp=118 bytes[0m
[2026-07-17 17:45:06.324] 
[2026-07-17 17:45:10.377] free heap: 6300852, minimum free heap: 6042512, Internal 8bit free heap: 72460, 8bit free heap: 6300852The current date/time is: Fri Jul 17 09:45:08 2026
[2026-07-17 17:45:10.377] 
[2026-07-17 17:45:10.377] 
[2026-07-17 17:45:11.331] [0;32mI (20078613) NL_LTPDU: BatchGet 3E0AE0494182: 6 eps, rsp=125 bytes[0m
[2026-07-17 17:45:11.331] 
[2026-07-17 17:45:11.423] [0;32mI (20078705) NL_LTPDU: BatchGet 880A64775B01: 6 eps, rsp=118 bytes[0m
[2026-07-17 17:45:11.423] 
[2026-07-17 17:45:16.191] [0;32mI (20083471) NL_LTPDU: BatchGet 3E0AE0494182: 6 eps, rsp=125 bytes[0m
[2026-07-17 17:45:16.191] 
[2026-07-17 17:45:16.315] [0;32mI (20083596) NL_LTPDU: BatchGet 880A64775B01: 6 eps, rsp=118 bytes[0m
[2026-07-17 17:45:16.315] 
[2026-07-17 17:45:18.388] free heap: 6300840, minimum free heap: 6042512, Internal 8bit free heap: 72424, 8bit free heap: 6300840The current date/time is: Fri Jul 17 09:45:16 2026
[2026-07-17 17:45:18.388] 
[2026-07-17 17:45:18.388] 
[2026-07-17 17:45:21.433] [0;32mI (20088727) NL_LTPDU: BatchGet 3E0AE0494182: 6 eps, rsp=125 bytes[0m
[2026-07-17 17:45:21.433] 
[2026-07-17 17:45:21.840] [0;32mI (20089124) NL_LTPDU: BatchGet 880A64775B01: 6 eps, rsp=118 bytes[0m
[2026-07-17 17:45:21.840] 
[2026-07-17 17:45:26.383] [0;32mI (20093642) NL_LTPDU: BatchGet 3E0AE0494182: 6 eps, rsp=125 bytes[0m
[2026-07-17 17:45:26.383] free heap: 6246032, minimum free heap: 6042512, Internal 8bit free heap: 72424, 8bit free heap: 6246032The current date/time is: Fri Jul 17 09:45:24 2026
[2026-07-17 17:45:26.383] 
[2026-07-17 17:45:26.383] 
[2026-07-17 17:45:26.554] [0;32mI (20093833) NL_LTPDU: BatchGet 880A64775B01: 6 eps, rsp=118 bytes[0m
[2026-07-17 17:45:26.554] 
[2026-07-17 17:45:31.510] [0;32mI (20098795) NL_LTPDU: BatchGet 3E0AE0494182: 6 eps, rsp=125 bytes[0m
[2026-07-17 17:45:31.510] 
[2026-07-17 17:45:31.789] [0;32mI (20099069) NL_LTPDU: BatchGet 880A64775B01: 6 eps, rsp=118 bytes[0m
[2026-07-17 17:45:31.789] 
[2026-07-17 17:45:34.382] free heap: 6300732, minimum free heap: 6042512, Internal 8bit free heap: 72328, 8bit free heap: 6300732The current date/time is: Fri Jul 17 09:45:32 2026
[2026-07-17 17:45:34.382] 
[2026-07-17 17:45:34.382] 
[2026-07-17 17:45:37.058] [0;32mI (20104340) NL_LTPDU: BatchGet 3E0AE0494182: 6 eps, rsp=125 bytes[0m
[2026-07-17 17:45:37.058] 
[2026-07-17 17:45:37.321] [0;32mI (20104600) NL_LTPDU: BatchGet 880A64775B01: 6 eps, rsp=118 bytes[0m
[2026-07-17 17:45:37.321] [0;32mI (20104600) TASK_NL: [2] Status changed: on=1 br=34 ct=6500 hu=48 sa=2 eff="*Solid*"[0m
[2026-07-17 17:45:37.321] 
[2026-07-17 17:45:37.537] pTopic:switchlink/B0E9FEC6718C/link_to_nanoleaf_property
[2026-07-17 17:45:37.537] pData:{"msgType":"status","deviceId":"880A64775B01","timestamp":1784281537,"endpoints":[{"endpoint":"lb/0/oo","value":true},{"endpoint":"lb/0/pb","value":34},{"endpoint":"lb/0/ct","value":6500},{"endpoint":"lb/0/hu","value":48},{"endpoint":"lb/0/sa","value":2},{"endpoint":"effect/select","value":"*Solid*"}]}
[2026-07-17 17:45:37.537] 
[2026-07-17 17:45:41.859] [0;32mI (20109149) NL_LTPDU: BatchGet 3E0AE0494182: 6 eps, rsp=125 bytes[0m
[2026-07-17 17:45:41.859] 
[2026-07-17 17:45:42.387] free heap: 6245760, minimum free heap: 6042512, Internal 8bit free heap: 72156, 8bit free heap: 6245760The current date/time is: Fri Jul 17 09:45:40 2026
[2026-07-17 17:45:42.387] 
[2026-07-17 17:45:42.387] 
[2026-07-17 17:45:42.620] [0;32mI (20109910) NL_LTPDU: BatchGet 880A64775B01: 6 eps, rsp=118 bytes[0m
[2026-07-17 17:45:42.620] 
[2026-07-17 17:45:49.457] [0;32mI (20116748) NL_LTPDU: BatchGet 3E0AE0494182: 6 eps, rsp=125 bytes[0m
[2026-07-17 17:45:49.457] 
[2026-07-17 17:45:50.383] free heap: 6247464, minimum free heap: 6042512, Internal 8bit free heap: 72324, 8bit free heap: 6247464The current date/time is: Fri Jul 17 09:45:48 2026
[2026-07-17 17:45:50.383] 
[2026-07-17 17:45:50.383] 
[2026-07-17 17:45:50.584] [0;32mI (20117873) NL_LTPDU: BatchGet 880A64775B01: 6 eps, rsp=118 bytes[0m
[2026-07-17 17:45:50.584] [0;32mI (20117873) TASK_NL: [2] Status changed: on=0 br=34 ct=6500 hu=48 sa=2 eff="*Solid*"[0m
[2026-07-17 17:45:50.584] 
[2026-07-17 17:45:50.677] pTopic:switchlink/B0E9FEC6718C/link_to_nanoleaf_property
[2026-07-17 17:45:50.677] pData:{"msgType":"status","deviceId":"880A64775B01","timestamp":1784281550,"endpoints":[{"endpoint":"lb/0/oo","value":false},{"endpoint":"lb/0/pb","value":34},{"endpoint":"lb/0/ct","value":6500},{"endpoint":"lb/0/hu","value":48},{"endpoint":"lb/0/sa","value":2},{"endpoint":"effect/select","value":"*Solid*"}]}
[2026-07-17 17:45:50.677] 
[2026-07-17 17:45:56.513] [0;31mE (20123798) NL_LTPDU: recv failed: no data (errno=11, timeout=5000ms)[0m
[2026-07-17 17:45:56.513] [0;33mW (20123798) TASK_NL: [0] TCP fail → re-auth (CISS)[0m
[2026-07-17 17:45:56.513] 
[2026-07-17 17:45:57.255] [0;32mI (20124545) NL_LTPDU: BatchGet 880A64775B01: 6 eps, rsp=118 bytes[0m
[2026-07-17 17:45:57.255] [0;32mI (20124545) TASK_NL: [2] Status changed: on=1 br=34 ct=6500 hu=48 sa=2 eff="*Solid*"[0m
[2026-07-17 17:45:57.255] 
[2026-07-17 17:45:57.348] pTopic:switchlink/B0E9FEC6718C/link_to_nanoleaf_property
[2026-07-17 17:45:57.348] pData:{"msgType":"status","deviceId":"880A64775B01","timestamp":1784281557,"endpoints":[{"endpoint":"lb/0/oo","value":true},{"endpoint":"lb/0/pb","value":34},{"endpoint":"lb/0/ct","value":6500},{"endpoint":"lb/0/hu","value":48},{"endpoint":"lb/0/sa","value":2},{"endpoint":"effect/select","value":"*Solid*"}]}
[2026-07-17 17:45:57.348] 
[2026-07-17 17:45:58.397] free heap: 6240916, minimum free heap: 6042512, Internal 8bit free heap: 72268, 8bit free heap: 6240916The current date/time is: Fri Jul 17 09:45:56 2026
[2026-07-17 17:45:58.397] 
[2026-07-17 17:45:58.397] 
[2026-07-17 17:45:59.156] [0;32mI (20126437) NL_LTPDU: CISS: recovered session to 192.168.50.201 (counter=11, ver=V3.0)[0m
[2026-07-17 17:45:59.156] 
[2026-07-17 17:45:59.296] [0;32mI (20126583) NL_LTPDU: BatchGet 880A64775B01: 6 eps, rsp=118 bytes[0m
[2026-07-17 17:45:59.296] [0;32mI (20126584) TASK_NL: [2] Status changed: on=0 br=34 ct=6500 hu=48 sa=2 eff="*Solid*"[0m
[2026-07-17 17:45:59.296] 
[2026-07-17 17:45:59.389] pTopic:switchlink/B0E9FEC6718C/link_to_nanoleaf_property
[2026-07-17 17:45:59.389] pData:{"msgType":"status","deviceId":"880A64775B01","timestamp":1784281559,"endpoints":[{"endpoint":"lb/0/oo","value":false},{"endpoint":"lb/0/pb","value":34},{"endpoint":"lb/0/ct","value":6500},{"endpoint":"lb/0/hu","value":48},{"endpoint":"lb/0/sa","value":2},{"endpoint":"effect/select","value":"*Solid*"}]}
[2026-07-17 17:45:59.389] 
[2026-07-17 17:46:04.157] [0;31mE (20131438) NL_LTPDU: recv failed: no data (errno=11, timeout=5000ms)[0m
[2026-07-17 17:46:04.157] [0;33mW (20131438) TASK_NL: [0] CISS TCP fail, skip SRP → yield[0m
[2026-07-17 17:46:04.157] [0;33mW (20131440) TASK_NL: [0] Auth failed (err=3, retry=1/3)[0m
[2026-07-17 17:46:04.157] 
[2026-07-17 17:46:06.412] free heap: 6241464, minimum free heap: 6042512, Internal 8bit free heap: 72400, 8bit free heap: 6241464The current date/time is: Fri Jul 17 09:46:04 2026
[2026-07-17 17:46:06.412] 
[2026-07-17 17:46:06.412] 
[2026-07-17 17:46:07.419] [0;31mE (20134699) NL_LTPDU: recv failed: no data (errno=11, timeout=5000ms)[0m
[2026-07-17 17:46:07.419] [0;33mW (20134699) TASK_NL: [2] TCP fail → re-auth (CISS)[0m
[2026-07-17 17:46:07.419] 
[2026-07-17 17:46:08.224] [0;32mI (20135518) NL_LTPDU: CISS: recovered session to 192.168.50.119 (counter=18, ver=V3.0)[0m
[2026-07-17 17:46:08.224] 
[2026-07-17 17:46:08.517] [0;32mI (20135805) NL_LTPDU: CISS: recovered session to 192.168.50.201 (counter=11, ver=V3.0)[0m
[2026-07-17 17:46:08.517] 
[2026-07-17 17:46:09.983] [0;33mW (20137265) TASK_NL: [2] CISS verify failed (err=8), fallback SRP[0m
[2026-07-17 17:46:09.983] [0;32mI (20137266) NL_LTPDU: SRP reconnect: device=Shapes 2201 clientId=1[0m
[2026-07-17 17:46:09.983] 
[2026-07-17 17:46:10.004] [0;32mI (20137304) NL_LTPDU:   pubA[0:4]=17FD752E[0m
[2026-07-17 17:46:10.004] 
[2026-07-17 17:46:10.262] [0;33mW (20137551) TASK_NL: [0] CISS verify failed (err=9), fallback SRP[0m
[2026-07-17 17:46:10.262] [0;32mI (20137552) NL_LTPDU: SRP reconnect: device=Lines B5D2 clientId=1[0m
[2026-07-17 17:46:10.262] 
[2026-07-17 17:46:10.309] [0;32mI (20137589) NL_LTPDU:   pubA[0:4]=93F7E8C8[0m
[2026-07-17 17:46:10.309] 
[2026-07-17 17:46:11.955] [0;32mI (20139237) NL_LTPDU: TCP connected to 192.168.50.119:12566[0m
[2026-07-17 17:46:11.955] 
[2026-07-17 17:46:12.127] [0;32mI (20139417) NL_LTPDU: TCP connected to 192.168.50.201:12566[0m
[2026-07-17 17:46:12.127] 
[2026-07-17 17:46:14.408] free heap: 6292560, minimum free heap: 6042512, Internal 8bit free heap: 72268, 8bit free heap: 6292560The current date/time is: Fri Jul 17 09:46:12 2026
[2026-07-17 17:46:14.408] 
[2026-07-17 17:46:14.408] 
[2026-07-17 17:46:15.057] [0;32mI (20142317) NL_LTPDU:   step1 rsp: salt len=4, salt[0:4]=092CDB7B[0m
[2026-07-17 17:46:15.057] [0;32mI (20142317) NL_LTPDU:   step1 rsp: B[0:4]=2D39813F, B len=256[0m
[2026-07-17 17:46:15.057] [0;32mI (20142319) NL_LTPDU:   session_version: len=0 val=FFFF[0m
[2026-07-17 17:46:15.057] [0;32mI (20142326) NL_SRP:   k[0:8]=4CBA3FB2923E01FB[0m
[2026-07-17 17:46:15.057] [0;32mI (20142331) NL_SRP:   szA=256, szB=256[0m
[2026-07-17 17:46:15.057] [0;32mI (20142335) NL_SRP:   u[0:8]=AEE97E2D235D1956[0m
[2026-07-17 17:46:15.057] [0;32mI (20142340) NL_SRP:   x[0:8]=02B8EABDB56B29B1[0m
[2026-07-17 17:46:15.057] 
[2026-07-17 17:46:15.149] [0;32mI (20142438) NL_SRP: SrpComputeSecret OK[0m
[2026-07-17 17:46:15.149] [0;32mI (20142438) NL_LTPDU:   SrpComputeSecret OK[0m
[2026-07-17 17:46:15.149] 
[2026-07-17 17:46:16.226] [0;32mI (20143486) NL_LTPDU:   step1 rsp: salt len=4, salt[0:4]=383C5EE7[0m
[2026-07-17 17:46:16.226] [0;32mI (20143487) NL_LTPDU:   step1 rsp: B[0:4]=20ACDBFB, B len=256[0m
[2026-07-17 17:46:16.226] [0;32mI (20143489) NL_LTPDU:   session_version: len=0 val=FFFF[0m
[2026-07-17 17:46:16.226] [0;32mI (20143495) NL_SRP:   k[0:8]=4CBA3FB2923E01FB[0m
[2026-07-17 17:46:16.226] [0;32mI (20143500) NL_SRP:   szA=256, szB=256[0m
[2026-07-17 17:46:16.226] [0;32mI (20143504) NL_SRP:   u[0:8]=94D098FCFAA3AF1C[0m
[2026-07-17 17:46:16.226] [0;32mI (20143510) NL_SRP:   x[0:8]=8403AC6743A555ED[0m
[2026-07-17 17:46:16.226] 
[2026-07-17 17:46:16.319] [0;32mI (20143608) NL_SRP: SrpComputeSecret OK[0m
[2026-07-17 17:46:16.319] [0;32mI (20143608) NL_LTPDU:   SrpComputeSecret OK[0m
[2026-07-17 17:46:16.319] 
[2026-07-17 17:46:16.489] [0;33mW (20143765) NL_LTPDU: SRP auth done: iSock=56 (fd assigned)[0m
[2026-07-17 17:46:16.489] [0;32mI (20143766) NL_LTPDU:   using session ver: V3.0[0m
[2026-07-17 17:46:16.489] [0;32mI (20143766) NL_LTPDU: SRP token reconnect OK, ClientId=1[0m
[2026-07-17 17:46:16.489] [0;32mI (20143772) TASK_NL: [0] Auth OK → ACTIVE (192.168.50.201)[0m
[2026-07-17 17:46:16.489] 
[2026-07-17 17:46:18.081] [0;33mW (20145357) NL_LTPDU: SRP auth done: iSock=55 (fd assigned)[0m
[2026-07-17 17:46:18.081] [0;32mI (20145358) NL_LTPDU:   using session ver: V3.0[0m
[2026-07-17 17:46:18.081] [0;32mI (20145358) NL_LTPDU: SRP token reconnect OK, ClientId=1[0m
[2026-07-17 17:46:18.081] [0;32mI (20145364) TASK_NL: [2] Auth OK → ACTIVE (192.168.50.119)[0m
[2026-07-17 17:46:18.081] 
[2026-07-17 17:46:18.392] [0;32mI (20145622) NL_LTPDU: BatchGet 3E0AE0494182: 6 eps, rsp=125 bytes[0m
[2026-07-17 17:46:18.392] [0;32mI (20145622) TASK_NL: [0] Status changed: on=0 br=10 ct=2700 hu=0 sa=0 eff="Tuscany Sunset"[0m
[2026-07-17 17:46:18.392] pTopic:switchlink/B0E9FEC6718C/link_to_nanoleaf_property
[2026-07-17 17:46:18.392] pData:{"msgType":"status","deviceId":"3E0AE0494182","timestamp":1784281578,"endpoints":[{"endpoint":"lb/0/oo","value":false},{"endpoint":"lb/0/pb","value":10},{"endpoint":"lb/0/ct","value":2700},{"endpoint":"lb/0/hu","value":0},{"endpoint":"lb/0/sa","value":0},{"endpoint":"effect/select","value":"Tuscany Sunset"}]}
[2026-07-17 17:46:18.392] 
[2026-07-17 17:46:18.469] [0;32mI (20145756) NL_LTPDU: BatchGet 880A64775B01: 6 eps, rsp=118 bytes[0m
[2026-07-17 17:46:18.469] [0;32mI (20145756) TASK_NL: [2] Status changed: on=1 br=34 ct=6500 hu=48 sa=2 eff="*Solid*"[0m
[2026-07-17 17:46:18.469] 
[2026-07-17 17:46:18.622] pTopic:switchlink/B0E9FEC6718C/link_to_nanoleaf_property
[2026-07-17 17:46:18.622] pData:{"msgType":"status","deviceId":"880A64775B01","timestamp":1784281578,"endpoints":[{"endpoint":"lb/0/oo","value":true},{"endpoint":"lb/0/pb","value":34},{"endpoint":"lb/0/ct","value":6500},{"endpoint":"lb/0/hu","value":48},{"endpoint":"lb/0/sa","value":2},{"endpoint":"effect/select","value":"*Solid*"}]}
[2026-07-17 17:46:18.622] 
[2026-07-17 17:46:21.887] [0;32mI (20149176) NL_LTPDU: BatchGet 3E0AE0494182: 6 eps, rsp=125 bytes[0m
[2026-07-17 17:46:21.887] 
[2026-07-17 17:46:22.351] [0;32mI (20149635) NL_LTPDU: BatchGet 880A64775B01: 6 eps, rsp=118 bytes[0m
[2026-07-17 17:46:22.351] [0;32mI (20149636) TASK_NL: [2] Status changed: on=0 br=34 ct=6500 hu=48 sa=2 eff="*Solid*"[0m
[2026-07-17 17:46:22.351] 
[2026-07-17 17:46:22.413] free heap: 6300248, minimum free heap: 6042512, Internal 8bit free heap: 72268, 8bit free heap: 6300248The current date/time is: Fri Jul 17 09:46:20 2026
[2026-07-17 17:46:22.413] 
[2026-07-17 17:46:22.413] 
[2026-07-17 17:46:22.475] pTopic:switchlink/B0E9FEC6718C/link_to_nanoleaf_property
[2026-07-17 17:46:22.475] pData:{"msgType":"status","deviceId":"880A64775B01","timestamp":1784281582,"endpoints":[{"endpoint":"lb/0/oo","value":false},{"endpoint":"lb/0/pb","value":34},{"endpoint":"lb/0/ct","value":6500},{"endpoint":"lb/0/hu","value":48},{"endpoint":"lb/0/sa","value":2},{"endpoint":"effect/select","value":"*Solid*"}]}
[2026-07-17 17:46:22.475] 
[2026-07-17 17:46:27.014] [0;32mI (20154300) NL_LTPDU: BatchGet 3E0AE0494182: 6 eps, rsp=125 bytes[0m
[2026-07-17 17:46:27.014] 
[2026-07-17 17:46:27.185] [0;32mI (20154469) NL_LTPDU: BatchGet 880A64775B01: 6 eps, rsp=118 bytes[0m
[2026-07-17 17:46:27.185] 
[2026-07-17 17:46:29.869] [0;32mI (20157158) ROUTE_HOOK: Received RIO[0m
[2026-07-17 17:46:29.869] [0;32mI (20157158) ROUTE_HOOK: prefix FDEA:C98F:38B2:1:: lifetime 1800[0m
[2026-07-17 17:46:29.869] 
[2026-07-17 17:46:30.410] free heap: 6300276, minimum free heap: 6042512, Internal 8bit free heap: 72312, 8bit free heap: 6300276The current date/time is: Fri Jul 17 09:46:28 2026
[2026-07-17 17:46:30.410] 
[2026-07-17 17:46:30.410] 
[2026-07-17 17:46:32.140] [0;32mI (20159425) NL_LTPDU: BatchGet 3E0AE0494182: 6 eps, rsp=125 bytes[0m
[2026-07-17 17:46:32.140] 
[2026-07-17 17:46:32.603] [0;32mI (20159893) NL_LTPDU: BatchGet 880A64775B01: 6 eps, rsp=118 bytes[0m
[2026-07-17 17:46:32.603] 
[2026-07-17 17:46:36.770] [0;32mI (20164054) NL_LTPDU: BatchGet 3E0AE0494182: 6 eps, rsp=125 bytes[0m
[2026-07-17 17:46:36.770] [0;32mI (20164063) NL_LTPDU: BatchGet 880A64775B01: 6 eps, rsp=118 bytes[0m
[2026-07-17 17:46:36.770] 
[2026-07-17 17:46:37.956] uart: 11 AT+MOTION 1
[2026-07-17 17:46:37.956] 
[2026-07-17 17:46:37.956] 
[2026-07-17 17:46:37.956] btn on press
[2026-07-17 17:46:37.956] uart: 130 AT+BCDS ff04000206a59f9fb 0010B940B0E9FEC6718C48ca43a5b6dc0F0134200a08974346000000000000ff0d0000000000000000000000000000000000ff01
[2026-07-17 17:46:37.956] 
[2026-07-17 17:46:37.956] 
[2026-07-17 17:46:37.956] 
[2026-07-17 17:46:38.019] pTopic:$aws/rules/bi_wifi_data_report/switchlink/B0E9FEC6718C/link_to_shadow
[2026-07-17 17:46:38.019] pData:BCD ff04000206a59f9fb 0010B940B0E9FEC6718C48ca43a5b6dc0F0134200a08974346000000000000ff0d0000000000000000000000000000000000ff01
[2026-07-17 17:46:38.019] 
[2026-07-17 17:46:38.435] free heap: 6300160, minimum free heap: 6042512, Internal 8bit free heap: 72180, 8bit free heap: 6300160The current date/time is: Fri Jul 17 09:46:36 2026
[2026-07-17 17:46:38.435] 
[2026-07-17 17:46:38.435] 
[2026-07-17 17:46:41.892] [0;32mI (20169166) NL_LTPDU: BatchGet 3E0AE0494182: 6 eps, rsp=125 bytes[0m
[2026-07-17 17:46:41.892] [0;32mI (20169183) NL_LTPDU: BatchGet 880A64775B01: 6 eps, rsp=118 bytes[0m
[2026-07-17 17:46:41.892] 
[2026-07-17 17:46:46.461] free heap: 6300380, minimum free heap: 6042512, Internal 8bit free heap: 72184, 8bit free heap: 6300380The current date/time is: Fri Jul 17 09:46:44 2026
[2026-07-17 17:46:46.461] 
[2026-07-17 17:46:46.461] 
[2026-07-17 17:46:47.048] [0;32mI (20174330) NL_LTPDU: BatchGet 3E0AE0494182: 6 eps, rsp=125 bytes[0m
[2026-07-17 17:46:47.048] [0;32mI (20174338) NL_LTPDU: BatchGet 880A64775B01: 6 eps, rsp=118 bytes[0m
[2026-07-17 17:46:47.048] 
[2026-07-17 17:46:50.699] uart: 9 AT+STATUS
[2026-07-17 17:46:50.699] 
[2026-07-17 17:46:50.699] 
[2026-07-17 17:46:50.699] wifi status is 5 1 2
[2026-07-17 17:46:50.699] 
[2026-07-17 17:46:50.699] wifi ipv4 info:
[2026-07-17 17:46:50.699] 
[2026-07-17 17:46:50.699] 192.168.50.200.
[2026-07-17 17:46:50.699] 
[2026-07-17 17:46:50.699] 255.255.255.0.
[2026-07-17 17:46:50.699] 
[2026-07-17 17:46:50.699] 192.168.50.1.
[2026-07-17 17:46:50.699] 
[2026-07-17 17:46:50.699] 
[2026-07-17 17:46:50.807] uart: 10 AT+GET_UTC
[2026-07-17 17:46:50.807] 
[2026-07-17 17:46:50.807] 
[2026-07-17 17:46:50.807] utc 3, 6a
[2026-07-17 17:46:50.807] 
[2026-07-17 17:46:50.807] utc 2, 59
[2026-07-17 17:46:50.807] 
[2026-07-17 17:46:50.807] utc 1, fa
[2026-07-17 17:46:50.807] 
[2026-07-17 17:46:50.807] utc 0, 08
[2026-07-17 17:46:50.807] 
[2026-07-17 17:46:50.807] UTC : 6a59fa08
[2026-07-17 17:46:50.807] 
[2026-07-17 17:46:50.807] 
[2026-07-17 17:46:51.906] [0;32mI (20179193) NL_LTPDU: BatchGet 3E0AE0494182: 6 eps, rsp=125 bytes[0m
[2026-07-17 17:46:51.906] [0;32mI (20179201) NL_LTPDU: BatchGet 880A64775B01: 6 eps, rsp=118 bytes[0m
[2026-07-17 17:46:51.906] 
[2026-07-17 17:46:54.240] [0;32mI (20181520) ROUTE_HOOK: Received RIO[0m
[2026-07-17 17:46:54.240] [0;32mI (20181521) ROUTE_HOOK: prefix FDEA:C98F:38B2:1:: lifetime 1800[0m
[2026-07-17 17:46:54.240] 
[2026-07-17 17:46:54.470] free heap: 6300724, minimum free heap: 6042512, Internal 8bit free heap: 72316, 8bit free heap: 6300724The current date/time is: Fri Jul 17 09:46:52 2026
[2026-07-17 17:46:54.470] 
[2026-07-17 17:46:54.470] 
[2026-07-17 17:46:57.044] [0;32mI (20184320) NL_LTPDU: BatchGet 3E0AE0494182: 6 eps, rsp=125 bytes[0m
[2026-07-17 17:46:57.044] [0;32mI (20184333) NL_LTPDU: BatchGet 880A64775B01: 6 eps, rsp=118 bytes[0m
[2026-07-17 17:46:57.044] 
[2026-07-17 17:46:57.923] [0;32mI (20185206) ROUTE_HOOK: Received RIO[0m
[2026-07-17 17:46:57.923] [0;32mI (20185207) ROUTE_HOOK: prefix FDEA:C98F:38B2:1:: lifetime 1800[0m
[2026-07-17 17:46:57.923] 
[2026-07-17 17:47:02.251] [0;32mI (20189533) NL_LTPDU: BatchGet 3E0AE0494182: 6 eps, rsp=125 bytes[0m
[2026-07-17 17:47:02.251] [0;32mI (20189546) NL_LTPDU: BatchGet 880A64775B01: 6 eps, rsp=118 bytes[0m
[2026-07-17 17:47:02.251] 
[2026-07-17 17:47:02.481] free heap: 6301148, minimum free heap: 6042512, Internal 8bit free heap: 72316, 8bit free heap: 6301148The current date/time is: Fri Jul 17 09:47:00 2026
[2026-07-17 17:47:02.481] 
[2026-07-17 17:47:02.481] 
[2026-07-17 17:47:06.998] [0;32mI (20194275) NL_LTPDU: BatchGet 3E0AE0494182: 6 eps, rsp=125 bytes[0m
[2026-07-17 17:47:06.998] [0;32mI (20194284) NL_LTPDU: BatchGet 880A64775B01: 6 eps, rsp=118 bytes[0m
[2026-07-17 17:47:06.998] 
[2026-07-17 17:47:10.476] free heap: 6301124, minimum free heap: 6042512, Internal 8bit free heap: 72316, 8bit free heap: 6301124The current date/time is: Fri Jul 17 09:47:08 2026
[2026-07-17 17:47:10.476] 
[2026-07-17 17:47:10.476] 
[2026-07-17 17:47:12.133] [0;32mI (20199397) NL_LTPDU: BatchGet 3E0AE0494182: 6 eps, rsp=125 bytes[0m
[2026-07-17 17:47:12.133] [0;32mI (20199422) NL_LTPDU: BatchGet 880A64775B01: 6 eps, rsp=118 bytes[0m
[2026-07-17 17:47:12.133] 
[2026-07-17 17:47:13.850] uart: 11 AT+MOTION 0
[2026-07-17 17:47:13.850] 
[2026-07-17 17:47:13.850] 
[2026-07-17 17:47:13.850] btn on press
[2026-07-17 17:47:13.850] uart: 130 AT+BCDS ff04000206a59fa1f 0010B940B0E9FEC6718C48ca43a5b6dc0F0135000a08974346000000000000ff0d0200000000000000000000000000000000ff01
[2026-07-17 17:47:13.850] 
[2026-07-17 17:47:13.850] 
[2026-07-17 17:47:13.850] 
[2026-07-17 17:47:13.973] pTopic:$aws/rules/bi_wifi_data_report/switchlink/B0E9FEC6718C/link_to_shadow
[2026-07-17 17:47:13.973] pData:BCD ff04000206a59fa1f 0010B940B0E9FEC6718C48ca43a5b6dc0F0135000a08974346000000000000ff0d0200000000000000000000000000000000ff01
[2026-07-17 17:47:13.973] 
[2026-07-17 17:47:17.329] [0;32mI (20204611) NL_LTPDU: BatchGet 3E0AE0494182: 6 eps, rsp=125 bytes[0m
[2026-07-17 17:47:17.329] 
[2026-07-17 17:47:17.374] uart: 11 AT+MOTION 1
[2026-07-17 17:47:17.374] 
[2026-07-17 17:47:17.374] 
[2026-07-17 17:47:17.374] btn on press
[2026-07-17 17:47:17.374] uart: 130 AT+BCDS ff04000206a59fa22 0010B940B0E9FEC6718C48ca43a5b6dc0F0136200a08974346000000000000ff0cfb00000000000000000000000000000000ff01
[2026-07-17 17:47:17.374] 
[2026-07-17 17:47:17.374] 
[2026-07-17 17:47:17.374] 
[2026-07-17 17:47:17.421] pTopic:$aws/rules/bi_wifi_data_report/switchlink/B0E9FEC6718C/link_to_shadow
[2026-07-17 17:47:17.421] pData:BCD ff04000206a59fa22 0010B940B0E9FEC6718C48ca43a5b6dc0F0136200a08974346000000000000ff0cfb00000000000000000000000000000000ff01
[2026-07-17 17:47:17.421] 
[2026-07-17 17:47:17.653] [0;32mI (20204933) NL_LTPDU: BatchGet 880A64775B01: 6 eps, rsp=118 bytes[0m
[2026-07-17 17:47:17.653] 
[2026-07-17 17:47:18.485] free heap: 6301148, minimum free heap: 6042512, Internal 8bit free heap: 72316, 8bit free heap: 6301148The current date/time is: Fri Jul 17 09:47:16 2026
[2026-07-17 17:47:18.485] 
[2026-07-17 17:47:18.485] 
[2026-07-17 17:47:22.850] [0;32mI (20210132) NL_LTPDU: BatchGet 3E0AE0494182: 6 eps, rsp=125 bytes[0m
[2026-07-17 17:47:22.850] 
[2026-07-17 17:47:26.482] free heap: 6246152, minimum free heap: 6042512, Internal 8bit free heap: 72140, 8bit free heap: 6246152The current date/time is: Fri Jul 17 09:47:24 2026
[2026-07-17 17:47:26.482] 
[2026-07-17 17:47:26.482] 
[2026-07-17 17:47:27.840] [0;31mE (20215133) NL_LTPDU: recv failed: no data (errno=11, timeout=5000ms)[0m
[2026-07-17 17:47:27.840] [0;33mW (20215133) TASK_NL: [2] TCP fail → re-auth (CISS)[0m
[2026-07-17 17:47:27.840] 
[2026-07-17 17:47:28.242] [0;32mI (20215530) NL_LTPDU: CISS: recovered session to 192.168.50.119 (counter=13, ver=V3.0)[0m
[2026-07-17 17:47:28.242] 
[2026-07-17 17:47:28.303] [0;32mI (20215597) NL_LTPDU: BatchGet 3E0AE0494182: 6 eps, rsp=125 bytes[0m
[2026-07-17 17:47:28.303] 
[2026-07-17 17:47:28.751] [0;33mW (20216043) TASK_NL: [2] CISS verify failed (err=8), fallback SRP[0m
[2026-07-17 17:47:28.751] [0;32mI (20216044) NL_LTPDU: SRP reconnect: device=Shapes 2201 clientId=1[0m
[2026-07-17 17:47:28.751] 
[2026-07-17 17:47:28.798] [0;32mI (20216082) NL_LTPDU:   pubA[0:4]=2E818114[0m
[2026-07-17 17:47:28.798] [0;32mI (20216088) NL_LTPDU: TCP connected to 192.168.50.119:12566[0m
[2026-07-17 17:47:28.798] 
[2026-07-17 17:47:29.307] [0;32mI (20216561) NL_LTPDU:   step1 rsp: salt len=4, salt[0:4]=5E876DC7[0m
[2026-07-17 17:47:29.307] [0;32mI (20216562) NL_LTPDU:   step1 rsp: B[0:4]=A4CDCB61, B len=256[0m
[2026-07-17 17:47:29.307] [0;32mI (20216564) NL_LTPDU:   session_version: len=0 val=FFFF[0m
[2026-07-17 17:47:29.307] [0;32mI (20216570) NL_SRP:   k[0:8]=4CBA3FB2923E01FB[0m
[2026-07-17 17:47:29.307] [0;32mI (20216575) NL_SRP:   szA=256, szB=256[0m
[2026-07-17 17:47:29.307] [0;32mI (20216579) NL_SRP:   u[0:8]=C99E7376019AC1AB[0m
[2026-07-17 17:47:29.307] [0;32mI (20216585) NL_SRP:   x[0:8]=2B61E9793EFF483D[0m
[2026-07-17 17:47:29.307] 
[2026-07-17 17:47:29.401] [0;32mI (20216682) NL_SRP: SrpComputeSecret OK[0m
[2026-07-17 17:47:29.401] [0;32mI (20216682) NL_LTPDU:   SrpComputeSecret OK[0m
[2026-07-17 17:47:29.401] 
[2026-07-17 17:47:29.910] [0;33mW (20217187) NL_LTPDU: SRP auth done: iSock=55 (fd assigned)[0m
[2026-07-17 17:47:29.910] [0;32mI (20217187) NL_LTPDU:   using session ver: V3.0[0m
[2026-07-17 17:47:29.910] [0;32mI (20217187) NL_LTPDU: SRP token reconnect OK, ClientId=1[0m
[2026-07-17 17:47:29.910] [0;32mI (20217193) TASK_NL: [2] Auth OK → ACTIVE (192.168.50.119)[0m
[2026-07-17 17:47:29.910] 
[2026-07-17 17:47:29.988] [0;32mI (20217273) NL_LTPDU: BatchGet 880A64775B01: 6 eps, rsp=118 bytes[0m
[2026-07-17 17:47:29.988] [0;32mI (20217273) TASK_NL: [2] Status changed: on=0 br=34 ct=6500 hu=48 sa=2 eff="*Solid*"[0m
[2026-07-17 17:47:29.988] 
[2026-07-17 17:47:30.159] pTopic:switchlink/B0E9FEC6718C/link_to_nanoleaf_property
[2026-07-17 17:47:30.159] pData:{"msgType":"status","deviceId":"880A64775B01","timestamp":1784281650,"endpoints":[{"endpoint":"lb/0/oo","value":false},{"endpoint":"lb/0/pb","value":34},{"endpoint":"lb/0/ct","value":6500},{"endpoint":"lb/0/hu","value":48},{"endpoint":"lb/0/sa","value":2},{"endpoint":"effect/select","value":"*Solid*"}]}
[2026-07-17 17:47:30.159] 
[2026-07-17 17:47:33.023] [0;32mI (20220312) NL_LTPDU: BatchGet 3E0AE0494182: 6 eps, rsp=125 bytes[0m
[2026-07-17 17:47:33.023] 
[2026-07-17 17:47:34.523] free heap: 6300932, minimum free heap: 6042512, Internal 8bit free heap: 72316, 8bit free heap: 6300932The current date/time is: Fri Jul 17 09:47:32 2026
[2026-07-17 17:47:34.523] 
[2026-07-17 17:47:34.523] 
[2026-07-17 17:47:35.742] [0;32mI (20223034) NL_LTPDU: BatchGet 880A64775B01: 6 eps, rsp=118 bytes[0m
[2026-07-17 17:47:35.742] 
[2026-07-17 17:47:38.692] [0;32mI (20225984) NL_LTPDU: BatchGet 3E0AE0494182: 6 eps, rsp=125 bytes[0m
[2026-07-17 17:47:38.692] 
[2026-07-17 17:47:40.317] [0;32mI (20227600) NL_LTPDU: BatchGet 880A64775B01: 6 eps, rsp=118 bytes[0m
[2026-07-17 17:47:40.317] 
[2026-07-17 17:47:42.528] free heap: 6300932, minimum free heap: 6042512, Internal 8bit free heap: 72316, 8bit free heap: 6300932The current date/time is: Fri Jul 17 09:47:40 2026
[2026-07-17 17:47:42.528] 
[2026-07-17 17:47:42.528] 
[2026-07-17 17:47:46.270] [0;32mI (20233557) NL_LTPDU: BatchGet 3E0AE0494182: 6 eps, rsp=125 bytes[0m
[2026-07-17 17:47:46.270] 
[2026-07-17 17:47:47.094] [0;32mI (20234373) NL_LTPDU: BatchGet 880A64775B01: 6 eps, rsp=118 bytes[0m
[2026-07-17 17:47:47.094] 
[2026-07-17 17:47:48.678] [0;32mI (20235964) NL_LTPDU: BatchGet 3E0AE0494182: 6 eps, rsp=125 bytes[0m
[2026-07-17 17:47:48.678] 
[2026-07-17 17:47:50.535] free heap: 6300908, minimum free heap: 6042512, Internal 8bit free heap: 72316, 8bit free heap: 6300908The current date/time is: Fri Jul 17 09:47:48 2026
[2026-07-17 17:47:50.535] 
[2026-07-17 17:47:50.535] 
[2026-07-17 17:47:51.836] [0;32mI (20239118) NL_LTPDU: BatchGet 880A64775B01: 6 eps, rsp=118 bytes[0m
[2026-07-17 17:47:51.836] 
[2026-07-17 17:47:53.570] [0;32mI (20240852) NL_LTPDU: BatchGet 3E0AE0494182: 6 eps, rsp=125 bytes[0m
[2026-07-17 17:47:53.570] 
[2026-07-17 17:47:56.671] [0;32mI (20243963) NL_LTPDU: BatchGet 880A64775B01: 6 eps, rsp=118 bytes[0m
[2026-07-17 17:47:56.671] 
[2026-07-17 17:47:58.475] [0;32mI (20245762) NL_LTPDU: BatchGet 3E0AE0494182: 6 eps, rsp=125 bytes[0m
[2026-07-17 17:47:58.475] 
[2026-07-17 17:47:58.537] free heap: 6300756, minimum free heap: 6042512, Internal 8bit free heap: 72140, 8bit free heap: 6300756The current date/time is: Fri Jul 17 09:47:56 2026
[2026-07-17 17:47:58.537] 
[2026-07-17 17:47:58.537] 
[2026-07-17 17:48:01.515] [0;32mI (20248805) NL_LTPDU: BatchGet 880A64775B01: 6 eps, rsp=118 bytes[0m
[2026-07-17 17:48:01.515] 
[2026-07-17 17:48:03.275] [0;32mI (20250558) NL_LTPDU: BatchGet 3E0AE0494182: 6 eps, rsp=125 bytes[0m
[2026-07-17 17:48:03.275] 
[2026-07-17 17:48:06.537] free heap: 6300896, minimum free heap: 6042512, Internal 8bit free heap: 72280, 8bit free heap: 6300896The current date/time is: Fri Jul 17 09:48:04 2026
[2026-07-17 17:48:06.537] 
[2026-07-17 17:48:06.537] 
[2026-07-17 17:48:06.629] [0;32mI (20253910) NL_LTPDU: BatchGet 880A64775B01: 6 eps, rsp=118 bytes[0m
[2026-07-17 17:48:06.629] 
[2026-07-17 17:48:08.418] [0;32mI (20255706) NL_LTPDU: BatchGet 3E0AE0494182: 6 eps, rsp=125 bytes[0m
[2026-07-17 17:48:08.418] 
[2026-07-17 17:48:11.763] [0;32mI (20259045) NL_LTPDU: BatchGet 880A64775B01: 6 eps, rsp=118 bytes[0m
[2026-07-17 17:48:11.763] 
[2026-07-17 17:48:13.620] [0;32mI (20260909) NL_LTPDU: BatchGet 3E0AE0494182: 6 eps, rsp=125 bytes[0m
[2026-07-17 17:48:13.620] 
[2026-07-17 17:48:14.549] free heap: 6301220, minimum free heap: 6042512, Internal 8bit free heap: 72176, 8bit free heap: 6301220The current date/time is: Fri Jul 17 09:48:12 2026
[2026-07-17 17:48:14.549] 
[2026-07-17 17:48:14.549] 
[2026-07-17 17:48:16.962] [0;32mI (20264252) NL_LTPDU: BatchGet 880A64775B01: 6 eps, rsp=118 bytes[0m
[2026-07-17 17:48:16.962] 
[2026-07-17 17:48:18.740] [0;32mI (20266035) NL_LTPDU: BatchGet 3E0AE0494182: 6 eps, rsp=125 bytes[0m
[2026-07-17 17:48:18.740] 
[2026-07-17 17:48:20.842] uart: 11 AT+MOTION 0
[2026-07-17 17:48:20.842] 
[2026-07-17 17:48:20.842] 
[2026-07-17 17:48:20.842] btn on press
[2026-07-17 17:48:20.842] uart: 130 AT+BCDS ff04000206a59fa62 0010B940B0E9FEC6718C48ca43a5b6dc0F0137000a08974346000000000000ff0cfb00000000000000000000000000000000ff01
[2026-07-17 17:48:20.842] 
[2026-07-17 17:48:20.842] 
[2026-07-17 17:48:20.842] 
[2026-07-17 17:48:21.058] pTopic:$aws/rules/bi_wifi_data_report/switchlink/B0E9FEC6718C/link_to_shadow
[2026-07-17 17:48:21.058] pData:BCD ff04000206a59fa62 0010B940B0E9FEC6718C48ca43a5b6dc0F0137000a08974346000000000000ff0cfb00000000000000000000000000000000ff01
[2026-07-17 17:48:21.058] 
[2026-07-17 17:48:21.663] [0;32mI (20268947) NL_LTPDU: BatchGet 880A64775B01: 6 eps, rsp=118 bytes[0m
[2026-07-17 17:48:21.663] 
[2026-07-17 17:48:22.546] free heap: 6301228, minimum free heap: 6042512, Internal 8bit free heap: 72184, 8bit free heap: 6301228The current date/time is: Fri Jul 17 09:48:20 2026
[2026-07-17 17:48:22.546] 
[2026-07-17 17:48:22.546] 
[2026-07-17 17:48:23.380] [0;32mI (20270667) NL_LTPDU: BatchGet 3E0AE0494182: 6 eps, rsp=125 bytes[0m
[2026-07-17 17:48:23.380] 
[2026-07-17 17:48:24.091] uart: 11 AT+MOTION 1
[2026-07-17 17:48:24.091] 
[2026-07-17 17:48:24.091] 
[2026-07-17 17:48:24.091] btn on press
[2026-07-17 17:48:24.091] uart: 130 AT+BCDS ff04000206a59fa65 0010B940B0E9FEC6718C48ca43a5b6dc0F0138200a08974346000000000000ff0d0000000000000000000000000000000000ff01
[2026-07-17 17:48:24.091] 
[2026-07-17 17:48:24.091] 
[2026-07-17 17:48:24.091] pTopic:$aws/rules/bi_wifi_data_report/switchlink/B0E9FEC6718C/link_to_shadow
[2026-07-17 17:48:24.091] pData:BCD ff04000206a59fa65 0010B940B0E9FEC6718C48ca43a5b6dc0F0138200a08974346000000000000ff0d0000000000000000000000000000000000ff01
[2026-07-17 17:48:24.091] 
[2026-07-17 17:48:26.795] [0;32mI (20274090) NL_LTPDU: BatchGet 880A64775B01: 6 eps, rsp=118 bytes[0m
[2026-07-17 17:48:26.795] 
[2026-07-17 17:48:28.556] [0;32mI (20275846) NL_LTPDU: BatchGet 3E0AE0494182: 6 eps, rsp=125 bytes[0m
[2026-07-17 17:48:28.556] 
[2026-07-17 17:48:30.548] free heap: 6301340, minimum free heap: 6042512, Internal 8bit free heap: 72316, 8bit free heap: 6301340The current date/time is: Fri Jul 17 09:48:28 2026
[2026-07-17 17:48:30.548] 
[2026-07-17 17:48:30.548] 
[2026-07-17 17:48:31.969] [0;32mI (20279260) NL_LTPDU: BatchGet 880A64775B01: 6 eps, rsp=118 bytes[0m
[2026-07-17 17:48:31.969] 
[2026-07-17 17:48:33.719] [0;32mI (20281007) NL_LTPDU: BatchGet 3E0AE0494182: 6 eps, rsp=125 bytes[0m
[2026-07-17 17:48:33.719] 
[2026-07-17 17:48:37.043] [0;32mI (20284336) NL_LTPDU: BatchGet 880A64775B01: 6 eps, rsp=118 bytes[0m
[2026-07-17 17:48:37.043] 
[2026-07-17 17:48:38.556] free heap: 6301360, minimum free heap: 6042512, Internal 8bit free heap: 72316, 8bit free heap: 6301360The current date/time is: Fri Jul 17 09:48:36 2026
[2026-07-17 17:48:38.556] 
[2026-07-17 17:48:38.556] 
[2026-07-17 17:48:40.038] [0;32mI (20287330) NL_LTPDU: BatchGet 3E0AE0494182: 6 eps, rsp=125 bytes[0m
[2026-07-17 17:48:40.038] 
[2026-07-17 17:48:41.911] [0;32mI (20289198) NL_LTPDU: BatchGet 880A64775B01: 6 eps, rsp=118 bytes[0m
[2026-07-17 17:48:41.911] 
[2026-07-17 17:48:43.741] [0;32mI (20291034) NL_LTPDU: BatchGet 3E0AE0494182: 6 eps, rsp=125 bytes[0m
[2026-07-17 17:48:43.741] 
[2026-07-17 17:48:46.555] free heap: 6301324, minimum free heap: 6042512, Internal 8bit free heap: 72280, 8bit free heap: 6301324The current date/time is: Fri Jul 17 09:48:44 2026
[2026-07-17 17:48:46.555] 
[2026-07-17 17:48:46.555] 
[2026-07-17 17:48:47.016] [0;32mI (20294312) NL_LTPDU: BatchGet 880A64775B01: 6 eps, rsp=118 bytes[0m
[2026-07-17 17:48:47.016] 
[2026-07-17 17:48:48.859] [0;32mI (20296150) NL_LTPDU: BatchGet 3E0AE0494182: 6 eps, rsp=125 bytes[0m
[2026-07-17 17:48:48.859] 
[2026-07-17 17:48:52.151] [0;32mI (20299432) NL_LTPDU: BatchGet 880A64775B01: 6 eps, rsp=118 bytes[0m
[2026-07-17 17:48:52.151] 
[2026-07-17 17:48:54.098] [0;32mI (20301390) NL_LTPDU: BatchGet 3E0AE0494182: 6 eps, rsp=125 bytes[0m
[2026-07-17 17:48:54.098] 
[2026-07-17 17:48:54.563] free heap: 6301184, minimum free heap: 6042512, Internal 8bit free heap: 72140, 8bit free heap: 6301184The current date/time is: Fri Jul 17 09:48:52 2026
[2026-07-17 17:48:54.563] 
[2026-07-17 17:48:54.563] 
[2026-07-17 17:49:01.909] [0;31mE (20309191) NL_LTPDU: recv failed: no data (errno=11, timeout=5000ms)[0m
[2026-07-17 17:49:01.909] [0;33mW (20309191) TASK_NL: [2] TCP fail → re-auth (CISS)[0m
[2026-07-17 17:49:01.909] 
[2026-07-17 17:49:02.559] free heap: 6244348, minimum free heap: 6042512, Internal 8bit free heap: 72140, 8bit free heap: 6244348The current date/time is: Fri Jul 17 09:49:00 2026
[2026-07-17 17:49:02.559] 
[2026-07-17 17:49:02.559] 
[2026-07-17 17:49:02.885] [0;32mI (20310166) NL_LTPDU: CISS: recovered session to 192.168.50.119 (counter=17, ver=V3.0)[0m
[2026-07-17 17:49:02.885] 
[2026-07-17 17:49:03.086] [0;32mI (20310370) NL_LTPDU: BatchGet 3E0AE0494182: 6 eps, rsp=125 bytes[0m
[2026-07-17 17:49:03.086] 
[2026-07-17 17:49:03.955] [0;33mW (20311239) TASK_NL: [2] CISS verify failed (err=9), fallback SRP[0m
[2026-07-17 17:49:03.955] [0;32mI (20311240) NL_LTPDU: SRP reconnect: device=Shapes 2201 clientId=1[0m
[2026-07-17 17:49:03.955] 
[2026-07-17 17:49:03.977] [0;32mI (20311278) NL_LTPDU:   pubA[0:4]=985D0BD7[0m
[2026-07-17 17:49:03.977] 
[2026-07-17 17:49:04.298] [0;32mI (20311587) ROUTE_HOOK: Ignore invalid ICMP packet[0m
[2026-07-17 17:49:04.298] 
[2026-07-17 17:49:05.316] [0;32mI (20312597) ROUTE_HOOK: Received RIO[0m
[2026-07-17 17:49:05.316] [0;32mI (20312597) ROUTE_HOOK: prefix FDEA:C98F:38B2:1:: lifetime 1800[0m
[2026-07-17 17:49:05.316] 
[2026-07-17 17:49:06.897] uart: 11 AT+MOTION 0
[2026-07-17 17:49:06.897] 
[2026-07-17 17:49:06.897] 
[2026-07-17 17:49:06.897] btn on press
[2026-07-17 17:49:06.897] uart: 130 AT+BCDS ff04000206a59fa90 0010B940B0E9FEC6718C48ca43a5b6dc0F0139000a08974346000000000000ff0cfd00000000000000000000000000000000ff01
[2026-07-17 17:49:06.897] 
[2026-07-17 17:49:06.897] 
[2026-07-17 17:49:06.897] [0;32mI (20314155) NL_LTPDU: TCP connected to 192.168.50.119:12566[0m
[2026-07-17 17:49:06.897] pTopic:$aws/rules/bi_wifi_data_report/switchlink/B0E9FEC6718C/link_to_shadow
[2026-07-17 17:49:06.897] pData:BCD ff04000206a59fa90 0010B940B0E9FEC6718C48ca43a5b6dc0F0139000a08974346000000000000ff0cfd00000000000000000000000000000000ff01
[2026-07-17 17:49:06.897] 
[2026-07-17 17:49:09.180] [0;32mI (20316470) NL_LTPDU: BatchGet 3E0AE0494182: 6 eps, rsp=125 bytes[0m
[2026-07-17 17:49:09.180] 
[2026-07-17 17:49:09.549] [0;32mI (20316809) NL_LTPDU:   step1 rsp: salt len=4, salt[0:4]=23D1776D[0m
[2026-07-17 17:49:09.549] [0;32mI (20316809) NL_LTPDU:   step1 rsp: B[0:4]=57AB9C19, B len=256[0m
[2026-07-17 17:49:09.549] [0;32mI (20316811) NL_LTPDU:   session_version: len=0 val=FFFF[0m
[2026-07-17 17:49:09.549] [0;32mI (20316818) NL_SRP:   k[0:8]=4CBA3FB2923E01FB[0m
[2026-07-17 17:49:09.549] [0;32mI (20316823) NL_SRP:   szA=256, szB=256[0m
[2026-07-17 17:49:09.549] [0;32mI (20316827) NL_SRP:   u[0:8]=DE799239705327F8[0m
[2026-07-17 17:49:09.549] [0;32mI (20316832) NL_SRP:   x[0:8]=D6F6521673E883E5[0m
[2026-07-17 17:49:09.549] 
[2026-07-17 17:49:09.641] [0;32mI (20316932) NL_SRP: SrpComputeSecret OK[0m
[2026-07-17 17:49:09.641] [0;32mI (20316932) NL_LTPDU:   SrpComputeSecret OK[0m
[2026-07-17 17:49:09.641] 
[2026-07-17 17:49:10.566] free heap: 6298592, minimum free heap: 6042512, Internal 8bit free heap: 72140, 8bit free heap: 6298592The current date/time is: Fri Jul 17 09:49:08 2026
[2026-07-17 17:49:10.566] 
[2026-07-17 17:49:10.566] 
[2026-07-17 17:49:10.706] [0;33mW (20317976) NL_LTPDU: SRP auth done: iSock=55 (fd assigned)[0m
[2026-07-17 17:49:10.706] [0;32mI (20317977) NL_LTPDU:   using session ver: V3.0[0m
[2026-07-17 17:49:10.706] [0;32mI (20317977) NL_LTPDU: SRP token reconnect OK, ClientId=1[0m
[2026-07-17 17:49:10.706] [0;32mI (20317983) TASK_NL: [2] Auth OK → ACTIVE (192.168.50.119)[0m
[2026-07-17 17:49:10.706] 
[2026-07-17 17:49:11.107] [0;32mI (20318392) NL_LTPDU: BatchGet 880A64775B01: 6 eps, rsp=118 bytes[0m
[2026-07-17 17:49:11.107] [0;32mI (20318392) TASK_NL: [2] Status changed: on=1 br=34 ct=6500 hu=48 sa=2 eff="*Solid*"[0m
[2026-07-17 17:49:11.107] 
[2026-07-17 17:49:11.168] pTopic:switchlink/B0E9FEC6718C/link_to_nanoleaf_property
[2026-07-17 17:49:11.168] pData:{"msgType":"status","deviceId":"880A64775B01","timestamp":1784281751,"endpoints":[{"endpoint":"lb/0/oo","value":true},{"endpoint":"lb/0/pb","value":34},{"endpoint":"lb/0/ct","value":6500},{"endpoint":"lb/0/hu","value":48},{"endpoint":"lb/0/sa","value":2},{"endpoint":"effect/select","value":"*Solid*"}]}
[2026-07-17 17:49:11.168] 
[2026-07-17 17:49:12.389] [0;32mI (20319677) NL_LTPDU: BatchGet 3E0AE0494182: 6 eps, rsp=125 bytes[0m
[2026-07-17 17:49:12.389] 
[2026-07-17 17:49:18.577] free heap: 6247888, minimum free heap: 6042512, Internal 8bit free heap: 72316, 8bit free heap: 6247888The current date/time is: Fri Jul 17 09:49:16 2026
[2026-07-17 17:49:18.577] 
[2026-07-17 17:49:18.577] 
[2026-07-17 17:49:18.624] [0;32mI (20325918) NL_LTPDU: BatchGet 880A64775B01: 6 eps, rsp=118 bytes[0m
[2026-07-17 17:49:18.624] 
[2026-07-17 17:49:19.055] [0;32mI (20326348) NL_LTPDU: BatchGet 3E0AE0494182: 6 eps, rsp=125 bytes[0m
[2026-07-17 17:49:19.055] 
[2026-07-17 17:49:20.955] [0;32mI (20328241) NL_LTPDU: BatchGet 880A64775B01: 6 eps, rsp=118 bytes[0m
[2026-07-17 17:49:20.955] [0;32mI (20328241) TASK_NL: [2] Status changed: on=0 br=34 ct=6500 hu=48 sa=2 eff="*Solid*"[0m
[2026-07-17 17:49:20.955] 
[2026-07-17 17:49:21.079] pTopic:switchlink/B0E9FEC6718C/link_to_nanoleaf_property
[2026-07-17 17:49:21.079] pData:{"msgType":"status","deviceId":"880A64775B01","timestamp":1784281761,"endpoints":[{"endpoint":"lb/0/oo","value":false},{"endpoint":"lb/0/pb","value":34},{"endpoint":"lb/0/ct","value":6500},{"endpoint":"lb/0/hu","value":48},{"endpoint":"lb/0/sa","value":2},{"endpoint":"effect/select","value":"*Solid*"}]}
[2026-07-17 17:49:21.079] 
[2026-07-17 17:49:23.893] [0;32mI (20331174) NL_LTPDU: BatchGet 3E0AE0494182: 6 eps, rsp=125 bytes[0m
[2026-07-17 17:49:23.893] 
[2026-07-17 17:49:26.100] [0;32mI (20333387) NL_LTPDU: BatchGet 880A64775B01: 6 eps, rsp=118 bytes[0m
[2026-07-17 17:49:26.100] 
[2026-07-17 17:49:26.578] free heap: 6301104, minimum free heap: 6042512, Internal 8bit free heap: 72272, 8bit free heap: 6301104The current date/time is: Fri Jul 17 09:49:24 2026
[2026-07-17 17:49:26.578] 
[2026-07-17 17:49:26.578] 
[2026-07-17 17:49:29.038] [0;32mI (20336321) NL_LTPDU: BatchGet 3E0AE0494182: 6 eps, rsp=125 bytes[0m
[2026-07-17 17:49:29.038] 
[2026-07-17 17:49:29.162] [0;32mI (20336451) ROUTE_HOOK: Received RIO[0m
[2026-07-17 17:49:29.162] [0;32mI (20336452) ROUTE_HOOK: prefix FDEA:C98F:38B2:1:: lifetime 1800[0m
[2026-07-17 17:49:29.162] 
[2026-07-17 17:49:30.995] [0;32mI (20338227) NL_LTPDU: BatchGet 880A64775B01: 6 eps, rsp=118 bytes[0m
[2026-07-17 17:49:30.995] [0;32mI (20338228) TASK_NL: [2] Status changed: on=1 br=34 ct=6500 hu=48 sa=2 eff="*Solid*"[0m
[2026-07-17 17:49:30.995] pTopic:switchlink/B0E9FEC6718C/link_to_nanoleaf_property
[2026-07-17 17:49:30.995] pData:{"msgType":"status","deviceId":"880A64775B01","timestamp":1784281770,"endpoints":[{"endpoint":"lb/0/oo","value":true},{"endpoint":"lb/0/pb","value":34},{"endpoint":"lb/0/ct","value":6500},{"endpoint":"lb/0/hu","value":48},{"endpoint":"lb/0/sa","value":2},{"endpoint":"effect/select","value":"*Solid*"}]}
[2026-07-17 17:49:30.995] 
[2026-07-17 17:49:34.175] [0;32mI (20341470) NL_LTPDU: BatchGet 3E0AE0494182: 6 eps, rsp=125 bytes[0m
[2026-07-17 17:49:34.175] 
[2026-07-17 17:49:34.575] free heap: 6301296, minimum free heap: 6042512, Internal 8bit free heap: 72280, 8bit free heap: 6301296The current date/time is: Fri Jul 17 09:49:32 2026
[2026-07-17 17:49:34.575] 
[2026-07-17 17:49:34.575] 
[2026-07-17 17:49:36.059] [0;32mI (20343345) NL_LTPDU: BatchGet 880A64775B01: 6 eps, rsp=118 bytes[0m
[2026-07-17 17:49:36.059] 
[2026-07-17 17:49:39.028] [0;32mI (20346312) NL_LTPDU: BatchGet 3E0AE0494182: 6 eps, rsp=125 bytes[0m
[2026-07-17 17:49:39.028] 
[2026-07-17 17:49:41.255] [0;32mI (20348535) NL_LTPDU: BatchGet 880A64775B01: 6 eps, rsp=118 bytes[0m
[2026-07-17 17:49:41.255] [0;32mI (20348536) TASK_NL: [2] Status changed: on=0 br=34 ct=6500 hu=48 sa=2 eff="*Solid*"[0m
[2026-07-17 17:49:41.255] 
[2026-07-17 17:49:41.318] pTopic:switchlink/B0E9FEC6718C/link_to_nanoleaf_property
[2026-07-17 17:49:41.318] pData:{"msgType":"status","deviceId":"880A64775B01","timestamp":1784281781,"endpoints":[{"endpoint":"lb/0/oo","value":false},{"endpoint":"lb/0/pb","value":34},{"endpoint":"lb/0/ct","value":6500},{"endpoint":"lb/0/hu","value":48},{"endpoint":"lb/0/sa","value":2},{"endpoint":"effect/select","value":"*Solid*"}]}
[2026-07-17 17:49:41.318] 
[2026-07-17 17:49:42.584] free heap: 6301360, minimum free heap: 6042512, Internal 8bit free heap: 72316, 8bit free heap: 6301360The current date/time is: Fri Jul 17 09:49:40 2026
[2026-07-17 17:49:42.584] 
[2026-07-17 17:49:42.584] 
[2026-07-17 17:49:44.221] [0;32mI (20351512) NL_LTPDU: BatchGet 3E0AE0494182: 6 eps, rsp=125 bytes[0m
[2026-07-17 17:49:44.221] 
[2026-07-17 17:49:46.081] [0;32mI (20353369) NL_LTPDU: BatchGet 880A64775B01: 6 eps, rsp=118 bytes[0m
[2026-07-17 17:49:46.081] 
[2026-07-17 17:49:49.330] [0;32mI (20356625) NL_LTPDU: BatchGet 3E0AE0494182: 6 eps, rsp=125 bytes[0m
[2026-07-17 17:49:49.330] 
[2026-07-17 17:49:50.586] free heap: 6301324, minimum free heap: 6042512, Internal 8bit free heap: 72280, 8bit free heap: 6301324The current date/time is: Fri Jul 17 09:49:48 2026
[2026-07-17 17:49:50.586] 
[2026-07-17 17:49:50.586] 
[2026-07-17 17:49:51.157] [0;32mI (20358442) NL_LTPDU: BatchGet 880A64775B01: 6 eps, rsp=118 bytes[0m
[2026-07-17 17:49:51.157] 
[2026-07-17 17:49:54.462] [0;32mI (20361745) NL_LTPDU: BatchGet 3E0AE0494182: 6 eps, rsp=125 bytes[0m
[2026-07-17 17:49:54.462] 
[2026-07-17 17:49:56.070] [0;32mI (20363359) NL_LTPDU: BatchGet 880A64775B01: 6 eps, rsp=118 bytes[0m
[2026-07-17 17:49:56.070] 
[2026-07-17 17:49:57.367] Nanoleaf MQTT payload: {"msgType":"control","requestID":"3eb23641-3f3c-4a44-9a6e-09676799f9ce","deviceId":"880A64775B01","endpoint":"ci","method":"POST","value":"{\"command\":\"getTouchKillSwitch\"}"}
[2026-07-17 17:49:57.367] Nanoleaf MQTT payload: {"msgType":"control","requestID":"92dde6b7-a72c-4709-aeaf-0725e8a8e71c","deviceId":"880A64775B01","endpoint":"ci","method":"POST","value":"{\"command\":\"requestTouchConfig\"}"}
[2026-07-17 17:49:57.367] [0;32mI (20364660) NL_LTPDU: SendCmd POST → 880A64775B01 ep=ci[0m
[2026-07-17 17:49:57.367] 
[2026-07-17 17:49:57.539] [0;32mI (20364815) TASK_NL: [2] Cmd rsp(27): {"touchKillSwitchOn":false}[0m
[2026-07-17 17:49:57.539] [0;32mI (20364816) NL_MQTT: PublishRespondData: len=213, pushing to MQTT queue[0m
[2026-07-17 17:49:57.539] [0;32mI (20364819) NL_LTPDU: SendCmd POST → 880A64775B01 ep=ci[0m
[2026-07-17 17:49:57.539] 
[2026-07-17 17:49:57.756] pTopic:switchlink/B0E9FEC6718C/link_to_nanoleaf_func_resp
[2026-07-17 17:49:57.756] pData:{"msgType":"respond","requestID":"3eb23641-3f3c-4a44-9a6e-09676799f9ce","deviceId":"880A64775B01","success":true,"errorCode":0,"errorMsg":"","endpoints":[{"endpoint":"ci","value":"{\"touchKillSwitchOn\":false}"}]}
[2026-07-17 17:49:57.756] [0;32mI (20364997) TASK_NL: [2] Cmd rsp(600): {"touchConfig":{"supportedFeatures":{"systemGestures":["dt","su","sd","sl","sr"],"systemActions":["pwr","bu","bd","ncs","nrs","nrdms","pcs","prs"]},"defaultSystemConfig":{"gestureActions":[{"gesture":"dt","action":null},{"gesture":"su","action":null},{"gesture":"sd","action":null},{"gesture":"sl","action":null},{"gesture":"sr","action":null}]},"userSystemConfig":{"enabled":true,"gestureActions":[{"gesture":"dt","action":null},{"gesture":"su","action":"pwr"},{"gesture":"sd","action":"pwr"},{"gesture":"sl","action":"pwr"},{"gesture":"sr","action":"pwr"}],"subscribers":[]},"userPanelConfigs":[]}}[0m
[2026-07-17 17:49:57.756] [0;32mI (20365043) NL_MQTT: PublishRespondData: len=900, pushing to MQTT queue[0m
[2026-07-17 17:49:57.756] 
[2026-07-17 17:49:57.972] pTopic:switchlink/B0E9FEC6718C/link_to_nanoleaf_func_resp
[2026-07-17 17:49:57.972] pData:{"msgType":"respond","requestID":"92dde6b7-a72c-4709-aeaf-0725e8a8e71c","deviceId":"880A64775B01","success":true,"errorCode":0,"errorMsg":"","endpoints":[{"endpoint":"ci","value":"{\"touchConfig\":{\"supportedFeatures\":{\"systemGestures\":[\"dt\",\"su\",\"sd\",\"sl\",\"sr\"],\"systemActions\":[\"pwr\",\"bu\",\"bd\",\"ncs\",\"nrs\",\"nrdms\",\"pcs\",\"prs\"]},\"defaultSystemConfig\":{\"gestureActions\":[{\"gesture\":\"dt\",\"action\":null},{\"gesture\":\"su\",\"action\":null},{\"gesture\":\"sd\",\"action\":null},{\"gesture\":\"sl\",\"action\":null},{\"gesture\":\"sr\",\"action\":null}]},\"userSystemConfig\":{\"enabled\":true,\"gestureActions\":[{\"gesture\":\"dt\",\"action\":null},{\"gesture\":\"su\",\"action\":\"pwr\"},{\"gesture\":\"sd\",\"action\":\"pwr\"},{\"gesture\":\"sl\",\"action\":\"pwr\"},{\"gesture\":\"sr\",\"action\":\"pwr\"}],\"subscribers\":[]},\"userPanelConfigs\":[]}}"}]}
[2026-07-17 17:49:57.972] [0;32mI (20365225) NL_LTPDU: BatchGet 880A64775B01: 6 eps, rsp=118 bytes[0m
[2026-07-17 17:49:57.972] 
[2026-07-17 17:49:58.582] free heap: 6301228, minimum free heap: 6042512, Internal 8bit free heap: 72184, 8bit free heap: 6301228The current date/time is: Fri Jul 17 09:49:56 2026
[2026-07-17 17:49:58.582] 
[2026-07-17 17:49:58.582] 
[2026-07-17 17:49:59.204] [0;32mI (20366496) NL_LTPDU: BatchGet 3E0AE0494182: 6 eps, rsp=125 bytes[0m
[2026-07-17 17:49:59.204] 
[2026-07-17 17:50:03.063] [0;32mI (20370345) NL_LTPDU: BatchGet 880A64775B01: 6 eps, rsp=118 bytes[0m
[2026-07-17 17:50:03.063] 
[2026-07-17 17:50:04.425] [0;32mI (20371707) NL_LTPDU: BatchGet 3E0AE0494182: 6 eps, rsp=125 bytes[0m
[2026-07-17 17:50:04.425] 
[2026-07-17 17:50:05.184] Nanoleaf MQTT payload: {"msgType":"control","requestID":"4036f316-1f58-42ab-bfb6-abd8ab0e21c7","deviceId":"880A64775B01","endpoint":"ci","method":"POST","value":"{\"touchConfig\":{\"userSystemConfig\":{\"enabled\":true,\"gestureActions\":[{\"gesture\":\"su\",\"action\":\"pwr\"},{\"gesture\":\"sd\",\"action\":\"bu\"},{\"gesture\":\"sl\",\"action\":\"pwr\"},{\"gesture\":\"sr\",\"action\":\"pwr\"}]}},\"command\":\"configureTouch\"}"}
[2026-07-17 17:50:05.184] 
[2026-07-17 17:50:05.205] [0;32mI (20372507) NL_LTPDU: SendCmd POST → 880A64775B01 ep=ci[0m
[2026-07-17 17:50:05.205] 
[2026-07-17 17:50:05.447] pTopic:switchlink/B0E9FEC6718C/link_to_nanoleaf_func_resp
[2026-07-17 17:50:05.447] pData:{"msgType":"respond","requestID":"4036f316-1f58-42ab-bfb6-abd8ab0e21c7","deviceId":"880A64775B01","success":true,"errorCode":0,"errorMsg":""}
[2026-07-17 17:50:05.447] 
[2026-07-17 17:50:05.617] [0;32mI (20372910) NL_LTPDU: BatchGet 880A64775B01: 6 eps, rsp=118 bytes[0m
[2026-07-17 17:50:05.617] 
[2026-07-17 17:50:06.612] free heap: 6301444, minimum free heap: 6042512, Internal 8bit free heap: 72384, 8bit free heap: 6301444The current date/time is: Fri Jul 17 09:50:04 2026
[2026-07-17 17:50:06.612] 
[2026-07-17 17:50:06.612] 
[2026-07-17 17:50:09.517] [0;32mI (20376802) NL_LTPDU: BatchGet 3E0AE0494182: 6 eps, rsp=125 bytes[0m
[2026-07-17 17:50:09.517] 
[2026-07-17 17:50:10.458] [0;32mI (20377753) NL_LTPDU: BatchGet 880A64775B01: 6 eps, rsp=118 bytes[0m
[2026-07-17 17:50:10.458] 
[2026-07-17 17:50:12.299] Nanoleaf MQTT payload: {"msgType":"control","requestID":"1177863c-0b45-44af-9c08-d1bd94653c67","deviceId":"880A64775B01","endpoint":"ci","method":"POST","value":"{\"touchConfig\":{\"userSystemConfig\":{\"enabled\":true,\"gestureActions\":[{\"gesture\":\"su\",\"action\":\"pwr\"},{\"gesture\":\"sd\",\"action\":\"bu\"},{\"gesture\":\"sl\",\"action\":\"bd\"},{\"gesture\":\"sr\",\"action\":\"pwr\"}]}},\"command\":\"configureTouch\"}"}
[2026-07-17 17:50:12.299] 
[2026-07-17 17:50:12.362] [0;32mI (20379653) NL_LTPDU: SendCmd POST → 880A64775B01 ep=ci[0m
[2026-07-17 17:50:12.362] 
[2026-07-17 17:50:12.518] pTopic:switchlink/B0E9FEC6718C/link_to_nanoleaf_func_resp
[2026-07-17 17:50:12.518] pData:{"msgType":"respond","requestID":"1177863c-0b45-44af-9c08-d1bd94653c67","deviceId":"880A64775B01","success":true,"errorCode":0,"errorMsg":""}
[2026-07-17 17:50:12.518] 
[2026-07-17 17:50:12.782] [0;32mI (20380074) NL_LTPDU: BatchGet 880A64775B01: 6 eps, rsp=118 bytes[0m
[2026-07-17 17:50:12.782] 
[2026-07-17 17:50:14.345] [0;32mI (20381640) NL_LTPDU: BatchGet 3E0AE0494182: 6 eps, rsp=125 bytes[0m
[2026-07-17 17:50:14.345] 
[2026-07-17 17:50:14.607] free heap: 6301420, minimum free heap: 6042512, Internal 8bit free heap: 72384, 8bit free heap: 6301420The current date/time is: Fri Jul 17 09:50:12 2026
[2026-07-17 17:50:14.607] 
[2026-07-17 17:50:14.607] 
[2026-07-17 17:50:17.597] [0;32mI (20384887) NL_LTPDU: BatchGet 880A64775B01: 6 eps, rsp=118 bytes[0m
[2026-07-17 17:50:17.597] 
[2026-07-17 17:50:19.484] [0;32mI (20386772) NL_LTPDU: BatchGet 3E0AE0494182: 6 eps, rsp=125 bytes[0m
[2026-07-17 17:50:19.484] 
[2026-07-17 17:50:21.938] Nanoleaf MQTT payload: {"msgType":"control","requestID":"35824854-40dc-459d-871a-82bf6de93cc9","deviceId":"880A64775B01","endpoint":"ci","method":"POST","value":"{\"touchConfig\":{\"userSystemConfig\":{\"enabled\":true,\"gestureActions\":[{\"gesture\":\"su\",\"action\":\"pwr\"},{\"gesture\":\"sd\",\"action\":\"bu\"},{\"gesture\":\"sl\",\"action\":\"bd\"},{\"gesture\":\"sr\",\"action\":\"nrdms\"}]}},\"command\":\"configureTouch\"}"}
[2026-07-17 17:50:21.938] 
[2026-07-17 17:50:21.985] [0;32mI (20389273) NL_LTPDU: SendCmd POST → 880A64775B01 ep=ci[0m
[2026-07-17 17:50:21.985] 
[2026-07-17 17:50:22.216] pTopic:switchlink/B0E9FEC6718C/link_to_nanoleaf_func_resp
[2026-07-17 17:50:22.216] pData:{"msgType":"respond","requestID":"35824854-40dc-459d-871a-82bf6de93cc9","deviceId":"880A64775B01","success":true,"errorCode":0,"errorMsg":""}
[2026-07-17 17:50:22.216] 
[2026-07-17 17:50:22.433] [0;32mI (20389720) NL_LTPDU: BatchGet 880A64775B01: 6 eps, rsp=118 bytes[0m
[2026-07-17 17:50:22.433] 
[2026-07-17 17:50:22.618] free heap: 6301400, minimum free heap: 6042512, Internal 8bit free heap: 72340, 8bit free heap: 6301400The current date/time is: Fri Jul 17 09:50:20 2026
[2026-07-17 17:50:22.618] 
[2026-07-17 17:50:22.618] 
[2026-07-17 17:50:24.669] [0;32mI (20391956) NL_LTPDU: BatchGet 3E0AE0494182: 6 eps, rsp=125 bytes[0m
[2026-07-17 17:50:24.669] 
[2026-07-17 17:50:26.289] uart: 11 AT+MOTION 1
[2026-07-17 17:50:26.289] 
[2026-07-17 17:50:26.289] 
[2026-07-17 17:50:26.289] btn on press
[2026-07-17 17:50:26.289] uart: 130 AT+BCDS ff04000206a59fadf 0010B940B0E9FEC6718C48ca43a5b6dc0F013a200a08974346000000000000ff0d0000000000000000000000000000000000ff01
[2026-07-17 17:50:26.289] 
[2026-07-17 17:50:26.289] 
[2026-07-17 17:50:26.289] 
[2026-07-17 17:50:26.475] pTopic:$aws/rules/bi_wifi_data_report/switchlink/B0E9FEC6718C/link_to_shadow
[2026-07-17 17:50:26.475] pData:BCD ff04000206a59fadf 0010B940B0E9FEC6718C48ca43a5b6dc0F013a200a08974346000000000000ff0d0000000000000000000000000000000000ff01
[2026-07-17 17:50:26.475] 
[2026-07-17 17:50:27.278] [0;32mI (20394566) NL_LTPDU: BatchGet 880A64775B01: 6 eps, rsp=118 bytes[0m
[2026-07-17 17:50:27.278] [0;32mI (20394566) TASK_NL: [2] Status changed: on=1 br=54 ct=6500 hu=48 sa=2 eff="*Solid*"[0m
[2026-07-17 17:50:27.278] 
[2026-07-17 17:50:27.492] pTopic:switchlink/B0E9FEC6718C/link_to_nanoleaf_property
[2026-07-17 17:50:27.492] pData:{"msgType":"status","deviceId":"880A64775B01","timestamp":1784281827,"endpoints":[{"endpoint":"lb/0/oo","value":true},{"endpoint":"lb/0/pb","value":54},{"endpoint":"lb/0/ct","value":6500},{"endpoint":"lb/0/hu","value":48},{"endpoint":"lb/0/sa","value":2},{"endpoint":"effect/select","value":"*Solid*"}]}
[2026-07-17 17:50:27.492] 
[2026-07-17 17:50:29.458] [0;32mI (20396749) NL_LTPDU: BatchGet 3E0AE0494182: 6 eps, rsp=125 bytes[0m
[2026-07-17 17:50:29.458] 
[2026-07-17 17:50:30.623] free heap: 6301420, minimum free heap: 6042512, Internal 8bit free heap: 72384, 8bit free heap: 6301420The current date/time is: Fri Jul 17 09:50:28 2026
[2026-07-17 17:50:30.623] 
[2026-07-17 17:50:30.623] 
[2026-07-17 17:50:32.396] [0;32mI (20399680) NL_LTPDU: BatchGet 880A64775B01: 6 eps, rsp=118 bytes[0m
[2026-07-17 17:50:32.396] [0;32mI (20399681) TASK_NL: [2] Status changed: on=0 br=94 ct=6500 hu=48 sa=2 eff="*Solid*"[0m
[2026-07-17 17:50:32.396] 
[2026-07-17 17:50:32.565] pTopic:switchlink/B0E9FEC6718C/link_to_nanoleaf_property
[2026-07-17 17:50:32.565] pData:{"msgType":"status","deviceId":"880A64775B01","timestamp":1784281832,"endpoints":[{"endpoint":"lb/0/oo","value":false},{"endpoint":"lb/0/pb","value":94},{"endpoint":"lb/0/ct","value":6500},{"endpoint":"lb/0/hu","value":48},{"endpoint":"lb/0/sa","value":2},{"endpoint":"effect/select","value":"*Solid*"}]}
[2026-07-17 17:50:32.565] 
[2026-07-17 17:50:34.606] [0;32mI (20401892) NL_LTPDU: BatchGet 3E0AE0494182: 6 eps, rsp=125 bytes[0m
[2026-07-17 17:50:34.606] 
[2026-07-17 17:50:37.507] [0;32mI (20404800) NL_LTPDU: BatchGet 880A64775B01: 6 eps, rsp=118 bytes[0m
[2026-07-17 17:50:37.507] 
[2026-07-17 17:50:38.620] free heap: 6301440, minimum free heap: 6042512, Internal 8bit free heap: 72384, 8bit free heap: 6301440The current date/time is: Fri Jul 17 09:50:36 2026
[2026-07-17 17:50:38.620] 
[2026-07-17 17:50:38.620] 
[2026-07-17 17:50:39.700] [0;32mI (20406987) NL_LTPDU: BatchGet 3E0AE0494182: 6 eps, rsp=125 bytes[0m
[2026-07-17 17:50:39.700] 
[2026-07-17 17:50:39.933] Nanoleaf MQTT payload: {"msgType":"control","requestID":"9881fc97-c89a-4200-b8eb-159e803d4eb6","deviceId":"880A64775B01","endpoint":"layout/go","method":"GET","value":""}
[2026-07-17 17:50:39.933] 
[2026-07-17 17:50:39.996] [0;32mI (20407287) NL_LTPDU: SendCmd POST → 880A64775B01 ep=layout/go[0m
[2026-07-17 17:50:39.996] 
[2026-07-17 17:50:40.257] [0;32mI (20407516) TASK_NL: [2] Cmd rsp(2): [0m
[2026-07-17 17:50:40.257] [0;32mI (20407516) NL_MQTT: PublishRespondData: len=192, pushing to MQTT queue[0m
[2026-07-17 17:50:40.257] pTopic:switchlink/B0E9FEC6718C/link_to_nanoleaf_func_resp
[2026-07-17 17:50:40.257] pData:{"msgType":"respond","requestID":"9881fc97-c89a-4200-b8eb-159e803d4eb6","deviceId":"880A64775B01","success":true,"errorCode":0,"errorMsg":"","endpoints":[{"endpoint":"layout/go","value":"0"}]}
[2026-07-17 17:50:40.257] 
[2026-07-17 17:50:40.443] [0;32mI (20407730) NL_LTPDU: BatchGet 880A64775B01: 6 eps, rsp=118 bytes[0m
[2026-07-17 17:50:40.443] 
[2026-07-17 17:50:41.974] Nanoleaf MQTT payload: {"msgType":"control","requestID":"7f250597-1170-4f2b-ac8d-6be13277af03","deviceId":"880A64775B01","endpoint":"layout/pd","method":"GET","value":""}
[2026-07-17 17:50:41.974] 
[2026-07-17 17:50:42.037] [0;32mI (20409330) NL_LTPDU: SendCmd POST → 880A64775B01 ep=layout/pd[0m
[2026-07-17 17:50:42.037] 
[2026-07-17 17:50:42.300] [0;32mI (20409579) TASK_NL: [2] Cmd rsp(121): {"layoutData":"AQACAAQCAAIAQwMANK5dAAAAagAAAHQAAAegpwAAAGoAAAAAAAAHAAAAAAAAAAAAVAB4DQAAAAAApQAAAFIA8Aw=","version":"2.0"}[0m
[2026-07-17 17:50:42.300] [0;32mI (20409583) NL_MQTT: PublishRespondData: len=320, pushing to MQTT queue[0m
[2026-07-17 17:50:42.300] 
[2026-07-17 17:50:42.501] pTopic:switchlink/B0E9FEC6718C/link_to_nanoleaf_func_resp
[2026-07-17 17:50:42.501] pData:{"msgType":"respond","requestID":"7f250597-1170-4f2b-ac8d-6be13277af03","deviceId":"880A64775B01","success":true,"errorCode":0,"errorMsg":"","endpoints":[{"endpoint":"layout/pd","value":"{\"layoutData\":\"AQACAAQCAAIAQwMANK5dAAAAagAAAHQAAAegpwAAAGoAAAAAAAAHAAAAAAAAAAAAVAB4DQAAAAAApQAAAFIA8Aw=\",\"version\":\"2.0\"}"}]}
[2026-07-17 17:50:42.501] [0;32mI (20409770) NL_LTPDU: BatchGet 880A64775B01: 6 eps, rsp=118 bytes[0m
[2026-07-17 17:50:42.501] 
[2026-07-17 17:50:44.556] [0;32mI (20411846) NL_LTPDU: BatchGet 3E0AE0494182: 6 eps, rsp=125 bytes[0m
[2026-07-17 17:50:44.556] 
[2026-07-17 17:50:46.584] Nanoleaf MQTT payload: {"msgType":"control","requestID":"c5cdc517-73be-4863-9246-273a4e3795c8","deviceId":"880A64775B01","endpoint":"layout/go","method":"GET","value":""}
[2026-07-17 17:50:46.584] 
[2026-07-17 17:50:46.646] free heap: 6301396, minimum free heap: 6042512, Internal 8bit free heap: 72340, 8bit free heap: 6301396The current date/time is: Fri Jul 17 09:50:44 2026
[2026-07-17 17:50:46.646] 
[2026-07-17 17:50:46.646] [0;32mI (20413946) NL_LTPDU: SendCmd POST → 880A64775B01 ep=layout/go[0m
[2026-07-17 17:50:46.646] 
[2026-07-17 17:50:46.739] [0;32mI (20414000) TASK_NL: [2] Cmd rsp(2): [0m
[2026-07-17 17:50:46.739] [0;32mI (20414000) NL_MQTT: PublishRespondData: len=192, pushing to MQTT queue[0m
[2026-07-17 17:50:46.739] pTopic:switchlink/B0E9FEC6718C/link_to_nanoleaf_func_resp
[2026-07-17 17:50:46.739] pData:{"msgType":"respond","requestID":"c5cdc517-73be-4863-9246-273a4e3795c8","deviceId":"880A64775B01","success":true,"errorCode":0,"errorMsg":"","endpoints":[{"endpoint":"layout/go","value":"0"}]}
[2026-07-17 17:50:46.739] 
[2026-07-17 17:50:46.988] [0;32mI (20414275) NL_LTPDU: BatchGet 880A64775B01: 6 eps, rsp=118 bytes[0m
[2026-07-17 17:50:46.988] 
[2026-07-17 17:50:48.735] Nanoleaf MQTT payload: {"msgType":"control","requestID":"88236c6f-121b-47f2-9fcf-ca51f21b5388","deviceId":"880A64775B01","endpoint":"layout/pd","method":"GET","value":""}
[2026-07-17 17:50:48.735] 
[2026-07-17 17:50:48.811] [0;32mI (20416076) NL_LTPDU: SendCmd POST → 880A64775B01 ep=layout/pd[0m
[2026-07-17 17:50:48.811] [0;32mI (20416090) TASK_NL: [2] Cmd rsp(121): {"layoutData":"AQACAAQCAAIAQwMANK5dAAAAagAAAHQAAAegpwAAAGoAAAAAAAAHAAAAAAAAAAAAVAB4DQAAAAAApQAAAFIA8Aw=","version":"2.0"}[0m
[2026-07-17 17:50:48.811] [0;32mI (20416094) NL_MQTT: PublishRespondData: len=320, pushing to MQTT queue[0m
[2026-07-17 17:50:48.811] 
[2026-07-17 17:50:48.997] pTopic:switchlink/B0E9FEC6718C/link_to_nanoleaf_func_resp
[2026-07-17 17:50:48.997] pData:{"msgType":"respond","requestID":"88236c6f-121b-47f2-9fcf-ca51f21b5388","deviceId":"880A64775B01","success":true,"errorCode":0,"errorMsg":"","endpoints":[{"endpoint":"layout/pd","value":"{\"layoutData\":\"AQACAAQCAAIAQwMANK5dAAAAagAAAHQAAAegpwAAAGoAAAAAAAAHAAAAAAAAAAAAVAB4DQAAAAAApQAAAFIA8Aw=\",\"version\":\"2.0\"}"}]}
[2026-07-17 17:50:48.997] [0;32mI (20416288) NL_LTPDU: BatchGet 880A64775B01: 6 eps, rsp=118 bytes[0m
[2026-07-17 17:50:48.997] 
[2026-07-17 17:50:49.709] [0;32mI (20416992) NL_LTPDU: BatchGet 3E0AE0494182: 6 eps, rsp=125 bytes[0m
[2026-07-17 17:50:49.709] 
[2026-07-17 17:50:53.913] [0;32mI (20421200) NL_LTPDU: BatchGet 880A64775B01: 6 eps, rsp=118 bytes[0m
[2026-07-17 17:50:53.913] 
[2026-07-17 17:50:54.658] free heap: 6301420, minimum free heap: 6042512, Internal 8bit free heap: 72384, 8bit free heap: 6301420The current date/time is: Fri Jul 17 09:50:52 2026
[2026-07-17 17:50:54.658] 
[2026-07-17 17:50:54.658] 
[2026-07-17 17:50:54.812] [0;32mI (20422103) NL_LTPDU: BatchGet 3E0AE0494182: 6 eps, rsp=125 bytes[0m
[2026-07-17 17:50:54.812] 
[2026-07-17 17:50:59.069] [0;32mI (20426357) NL_LTPDU: BatchGet 880A64775B01: 6 eps, rsp=118 bytes[0m
[2026-07-17 17:50:59.069] 
[2026-07-17 17:50:59.858] uart: 11 AT+MOTION 0
[2026-07-17 17:50:59.858] 
[2026-07-17 17:50:59.858] 
[2026-07-17 17:50:59.858] btn on press
[2026-07-17 17:50:59.858] uart: 130 AT+BCDS ff04000206a59fb01 0010B940B0E9FEC6718C48ca43a5b6dc0F013b000a08974346000000000000ff0cff00000000000000000000000000000000ff01
[2026-07-17 17:50:59.858] 
[2026-07-17 17:50:59.858] 
[2026-07-17 17:50:59.858] 
[2026-07-17 17:50:59.904] pTopic:$aws/rules/bi_wifi_data_report/switchlink/B0E9FEC6718C/link_to_shadow
[2026-07-17 17:50:59.904] pData:BCD ff04000206a59fb01 0010B940B0E9FEC6718C48ca43a5b6dc0F013b000a08974346000000000000ff0cff00000000000000000000000000000000ff01
[2026-07-17 17:50:59.904] 
[2026-07-17 17:50:59.950] [0;32mI (20427237) NL_LTPDU: BatchGet 3E0AE0494182: 6 eps, rsp=125 bytes[0m
[2026-07-17 17:50:59.950] 
[2026-07-17 17:51:02.653] free heap: 6301440, minimum free heap: 6042512, Internal 8bit free heap: 72384, 8bit free heap: 6301440The current date/time is: Fri Jul 17 09:51:00 2026
[2026-07-17 17:51:02.653] 
[2026-07-17 17:51:02.653] 
[2026-07-17 17:51:04.194] [0;32mI (20431478) NL_LTPDU: BatchGet 880A64775B01: 6 eps, rsp=118 bytes[0m
[2026-07-17 17:51:04.194] 
[2026-07-17 17:51:04.858] [0;32mI (20432148) NL_LTPDU: BatchGet 3E0AE0494182: 6 eps, rsp=125 bytes[0m
[2026-07-17 17:51:04.858] 
[2026-07-17 17:51:08.972] [0;32mI (20436261) NL_LTPDU: BatchGet 880A64775B01: 6 eps, rsp=118 bytes[0m
[2026-07-17 17:51:08.972] 
[2026-07-17 17:51:09.933] [0;32mI (20437223) NL_LTPDU: BatchGet 3E0AE0494182: 6 eps, rsp=125 bytes[0m
[2026-07-17 17:51:09.933] 
[2026-07-17 17:51:10.042] [0;32mI (20437324) TASK_NL: [1] RetryWait done, trigger scan for reconnect[0m
[2026-07-17 17:51:10.042] [0;32mI (20437324) TASK_NL: ExecuteScan: trigger=retry_recover[0m
[2026-07-17 17:51:10.042] 
[2026-07-17 17:51:10.661] free heap: 6299276, minimum free heap: 6042512, Internal 8bit free heap: 72288, 8bit free heap: 6299276The current date/time is: Fri Jul 17 09:51:08 2026
[2026-07-17 17:51:10.661] 
[2026-07-17 17:51:10.661] 
[2026-07-17 17:51:13.172] [0;32mI (20440422) TASK_NL: Scan[0]: name=4D FEB8 ip=192.168.50.160 id=6A:76:B9:5F:D1:DB model=NL69 fw=12.3.6[0m
[2026-07-17 17:51:13.172] [0;32mI (20440423) TASK_NL: Scan[1]: name=Lines B5D2 ip=192.168.50.201 id=3E:0A:E0:49:41:82 model=NL59 fw=12.2.3[0m
[2026-07-17 17:51:13.172] [0;32mI (20440432) TASK_NL: Scan[2]: name=Shapes 2201 ip=192.168.50.119 id=88:0A:64:77:5B:01 model=NL42 fw=12.1.1[0m
[2026-07-17 17:51:13.172] [0;32mI (20440442) TASK_NL: Scan[3]: name=Elements 88E6 ip=192.168.50.16 id=46:05:52:25:FA:A6 model=NL52 fw=12.2.3[0m
[2026-07-17 17:51:13.172] [0;32mI (20440453) TASK_NL: Scan matched [1] 6A76B95FD1DB at 192.168.50.160 (name=4D FEB8)[0m
[2026-07-17 17:51:13.172] [0;32mI (20440462) TASK_NL: ExecuteScan: found 4 devices, publishing[0m
[2026-07-17 17:51:13.172] 
[2026-07-17 17:51:13.297] pTopic:switchlink/B0E9FEC6718C/link_to_nanoleaf_maint
[2026-07-17 17:51:13.297] pData:{"msgType":"nanoleaf_scan","trigger":"retry_recover","timestamp":1784281873,"managed":{"total":3,"devices":[{"deviceId":"3E0AE0494182","clientId":1,"state":"active","online":1},{"deviceId":"6A76B95FD1DB","clientId":1,"state":"auth","online":0},{"deviceId":"880A64775B01","clientId":1,"state":"active","online":1}]},"devices":[{"deviceId":"6A:76:B9:5F:D1:DB","ip":"192.168.50.160","port":12566,"model":"NL69","firmware":"12.3.6"},{"deviceId":"3E:0A:E0:49:41:82","ip":"192.168.50.201","port":12566,"model":"NL59","firmware":"12.2.3"},{"deviceId":"88:0A:64:77:5B:01","ip":"192.168.50.119","port":12566,"model":"NL42","firmware":"12.1.1"},{"deviceId":"46:05:52:25:FA:A6","ip":"192.168.50.16","port":12566,"model":"NL52","firmware":"12.2.3"}]}
[2026-07-17 17:51:13.297] [0;32mI (20440568) NL_LTPDU: SRP reconnect: device=4D FEB8 clientId=1[0m
[2026-07-17 17:51:13.297] 
[2026-07-17 17:51:13.327] [0;32mI (20440619) NL_LTPDU:   pubA[0:4]=2875DA94[0m
[2026-07-17 17:51:13.327] 
[2026-07-17 17:51:13.560] [0;32mI (20440844) NL_LTPDU: TCP connected to 192.168.50.160:12566[0m
[2026-07-17 17:51:13.560] 
[2026-07-17 17:51:14.007] [0;32mI (20441272) NL_LTPDU:   step1 rsp: salt len=4, salt[0:4]=C3740C4A[0m
[2026-07-17 17:51:14.007] [0;32mI (20441272) NL_LTPDU:   step1 rsp: B[0:4]=4EADF520, B len=256[0m
[2026-07-17 17:51:14.007] [0;32mI (20441274) NL_LTPDU:   session_version: len=0 val=FFFF[0m
[2026-07-17 17:51:14.007] [0;32mI (20441280) NL_SRP:   k[0:8]=4CBA3FB2923E01FB[0m
[2026-07-17 17:51:14.007] [0;32mI (20441285) NL_SRP:   szA=256, szB=256[0m
[2026-07-17 17:51:14.007] [0;32mI (20441290) NL_SRP:   u[0:8]=A8D32DF852601532[0m
[2026-07-17 17:51:14.007] [0;32mI (20441295) NL_SRP:   x[0:8]=4A9046E90A19555B[0m
[2026-07-17 17:51:14.007] 
[2026-07-17 17:51:14.100] [0;32mI (20441386) NL_LTPDU: BatchGet 880A64775B01: 6 eps, rsp=118 bytes[0m
[2026-07-17 17:51:14.100] [0;32mI (20441394) NL_SRP: SrpComputeSecret OK[0m
[2026-07-17 17:51:14.100] [0;32mI (20441394) NL_LTPDU:   SrpComputeSecret OK[0m
[2026-07-17 17:51:14.100] 
[2026-07-17 17:51:14.145] [0;31mE (20441429) NL_LTPDU: SRP step2: missing/invalid M2[0m
[2026-07-17 17:51:14.145] [0;33mW (20441429) TASK_NL: [1] Auth failed (err=5, retry=1/3)[0m
[2026-07-17 17:51:14.145] 
[2026-07-17 17:51:14.192] [0;32mI (20441486) NL_LTPDU: SRP reconnect: device=4D FEB8 clientId=1[0m
[2026-07-17 17:51:14.192] 
[2026-07-17 17:51:14.238] [0;32mI (20441522) NL_LTPDU:   pubA[0:4]=2EB872EE[0m
[2026-07-17 17:51:14.238] [0;32mI (20441533) NL_LTPDU: TCP connected to 192.168.50.160:12566[0m
[2026-07-17 17:51:14.238] 
[2026-07-17 17:51:14.764] [0;32mI (20442025) NL_LTPDU:   step1 rsp: salt len=4, salt[0:4]=0115AD89[0m
[2026-07-17 17:51:14.764] [0;32mI (20442025) NL_LTPDU:   step1 rsp: B[0:4]=267D1551, B len=256[0m
[2026-07-17 17:51:14.764] [0;32mI (20442027) NL_LTPDU:   session_version: len=0 val=FFFF[0m
[2026-07-17 17:51:14.764] [0;32mI (20442033) NL_SRP:   k[0:8]=4CBA3FB2923E01FB[0m
[2026-07-17 17:51:14.764] [0;32mI (20442038) NL_SRP:   szA=256, szB=256[0m
[2026-07-17 17:51:14.764] [0;32mI (20442043) NL_SRP:   u[0:8]=88ECC0D6F7BEF57B[0m
[2026-07-17 17:51:14.764] [0;32mI (20442048) NL_SRP:   x[0:8]=99450FB17C4B0288[0m
[2026-07-17 17:51:14.764] 
[2026-07-17 17:51:14.887] [0;32mI (20442146) NL_SRP: SrpComputeSecret OK[0m
[2026-07-17 17:51:14.887] [0;32mI (20442146) NL_LTPDU:   SrpComputeSecret OK[0m
[2026-07-17 17:51:14.887] [0;31mE (20442169) NL_LTPDU: SRP step2: missing/invalid M2[0m
[2026-07-17 17:51:14.887] [0;33mW (20442170) TASK_NL: [1] Auth failed (err=5, retry=2/3)[0m
[2026-07-17 17:51:14.887] 
[2026-07-17 17:51:15.148] [0;32mI (20442440) NL_LTPDU: BatchGet 3E0AE0494182: 6 eps, rsp=125 bytes[0m
[2026-07-17 17:51:15.148] 
[2026-07-17 17:51:17.612] Nanoleaf MQTT payload: {"msgType":"control","requestID":"7a3437bf-69dd-430c-9bf0-9351710bd046","deviceId":"880A64775B01","endpoint":"layout/go","method":"POST","value":"108"}
[2026-07-17 17:51:17.612] 
[2026-07-17 17:51:17.658] [0;32mI (20444940) NL_LTPDU: SendCmd POST → 880A64775B01 ep=layout/go[0m
[2026-07-17 17:51:17.658] 
[2026-07-17 17:51:17.952] pTopic:switchlink/B0E9FEC6718C/link_to_nanoleaf_func_resp
[2026-07-17 17:51:17.952] pData:{"msgType":"respond","requestID":"7a3437bf-69dd-430c-9bf0-9351710bd046","deviceId":"880A64775B01","success":true,"errorCode":0,"errorMsg":""}
[2026-07-17 17:51:17.952] [0;32mI (20445252) NL_LTPDU: BatchGet 880A64775B01: 6 eps, rsp=118 bytes[0m
[2026-07-17 17:51:17.952] 
[2026-07-17 17:51:18.680] free heap: 6300776, minimum free heap: 6042512, Internal 8bit free heap: 72384, 8bit free heap: 6300776The current date/time is: Fri Jul 17 09:51:16 2026
[2026-07-17 17:51:18.680] 
[2026-07-17 17:51:18.680] 
[2026-07-17 17:51:20.280] [0;32mI (20447566) NL_LTPDU: BatchGet 3E0AE0494182: 6 eps, rsp=125 bytes[0m
[2026-07-17 17:51:20.280] 
[2026-07-17 17:51:23.142] [0;32mI (20450430) NL_LTPDU: BatchGet 880A64775B01: 6 eps, rsp=118 bytes[0m
[2026-07-17 17:51:23.142] 
[2026-07-17 17:51:25.085] [0;32mI (20452378) NL_LTPDU: BatchGet 3E0AE0494182: 6 eps, rsp=125 bytes[0m
[2026-07-17 17:51:25.085] 
[2026-07-17 17:51:26.228] [0;32mI (20453479) NL_LTPDU: SRP reconnect: device=4D FEB8 clientId=1[0m
[2026-07-17 17:51:26.228] [0;32mI (20453515) NL_LTPDU:   pubA[0:4]=6240BF8F[0m
[2026-07-17 17:51:26.228] [0;32mI (20453525) NL_LTPDU: TCP connected to 192.168.50.160:12566[0m
[2026-07-17 17:51:26.228] 
[2026-07-17 17:51:26.677] free heap: 6299428, minimum free heap: 6042512, Internal 8bit free heap: 72128, 8bit free heap: 6299428The current date/time is: Fri Jul 17 09:51:24 2026
[2026-07-17 17:51:26.677] 
[2026-07-17 17:51:26.677] 
[2026-07-17 17:51:26.785] [0;32mI (20454046) NL_LTPDU:   step1 rsp: salt len=4, salt[0:4]=552C8869[0m
[2026-07-17 17:51:26.785] [0;32mI (20454046) NL_LTPDU:   step1 rsp: B[0:4]=803DC682, B len=256[0m
[2026-07-17 17:51:26.785] [0;32mI (20454048) NL_LTPDU:   session_version: len=0 val=FFFF[0m
[2026-07-17 17:51:26.785] [0;32mI (20454054) NL_SRP:   k[0:8]=4CBA3FB2923E01FB[0m
[2026-07-17 17:51:26.785] [0;32mI (20454059) NL_SRP:   szA=256, szB=256[0m
[2026-07-17 17:51:26.785] [0;32mI (20454064) NL_SRP:   u[0:8]=31263BEADDBF8B13[0m
[2026-07-17 17:51:26.785] [0;32mI (20454069) NL_SRP:   x[0:8]=A15AB9192C880858[0m
[2026-07-17 17:51:26.785] 
[2026-07-17 17:51:26.892] [0;32mI (20454166) NL_SRP: SrpComputeSecret OK[0m
[2026-07-17 17:51:26.892] [0;32mI (20454166) NL_LTPDU:   SrpComputeSecret OK[0m
[2026-07-17 17:51:26.892] [0;31mE (20454186) NL_LTPDU: SRP step2: missing/invalid M2[0m
[2026-07-17 17:51:26.892] [0;33mW (20454187) TASK_NL: [1] Auth failed (err=5, retry=3/3)[0m
[2026-07-17 17:51:26.892] 
[2026-07-17 17:51:27.032] pTopic:switchlink/B0E9FEC6718C/link_to_nanoleaf_property
[2026-07-17 17:51:27.032] pData:{"msgType":"online","deviceId":"6A76B95FD1DB","timestamp":1784281886,"online":false,"reason":"auth_failed"}
[2026-07-17 17:51:27.032] 
[2026-07-17 17:51:27.897] [0;32mI (20455189) NL_LTPDU: BatchGet 880A64775B01: 6 eps, rsp=118 bytes[0m
[2026-07-17 17:51:27.897] 
[2026-07-17 17:51:30.221] [0;32mI (20457515) NL_LTPDU: BatchGet 3E0AE0494182: 6 eps, rsp=125 bytes[0m
[2026-07-17 17:51:30.221] 
[2026-07-17 17:51:31.783] Nanoleaf MQTT payload: {"msgType":"control","requestID":"9344eb3e-5b80-42bc-909a-04347765f2ac","deviceId":"880A64775B01","endpoint":"layout/go","method":"POST","value":"64"}
[2026-07-17 17:51:31.783] 
[2026-07-17 17:51:31.828] [0;32mI (20459115) NL_LTPDU: SendCmd POST → 880A64775B01 ep=layout/go[0m
[2026-07-17 17:51:31.828] 
[2026-07-17 17:51:32.121] pTopic:switchlink/B0E9FEC6718C/link_to_nanoleaf_func_resp
[2026-07-17 17:51:32.121] pData:{"msgType":"respond","requestID":"9344eb3e-5b80-42bc-909a-04347765f2ac","deviceId":"880A64775B01","success":true,"errorCode":0,"errorMsg":""}
[2026-07-17 17:51:32.121] [0;32mI (20459412) NL_LTPDU: BatchGet 880A64775B01: 6 eps, rsp=118 bytes[0m
[2026-07-17 17:51:32.121] 
[2026-07-17 17:51:34.700] free heap: 6300568, minimum free heap: 6042512, Internal 8bit free heap: 72380, 8bit free heap: 6300568The current date/time is: Fri Jul 17 09:51:32 2026
[2026-07-17 17:51:34.700] 
[2026-07-17 17:51:34.700] 
[2026-07-17 17:51:35.352] [0;32mI (20462640) NL_LTPDU: BatchGet 3E0AE0494182: 6 eps, rsp=125 bytes[0m
[2026-07-17 17:51:35.352] 
[2026-07-17 17:51:37.163] [0;32mI (20464452) NL_LTPDU: BatchGet 880A64775B01: 6 eps, rsp=118 bytes[0m
[2026-07-17 17:51:37.163] 
[2026-07-17 17:51:41.179] [0;32mI (20468472) NL_LTPDU: BatchGet 3E0AE0494182: 6 eps, rsp=125 bytes[0m
[2026-07-17 17:51:41.179] 
[2026-07-17 17:51:42.482] uart: 79 AT+TEST shadow BCD|010211038|6a59fb2b|35b0e9fe527e830101496405983f0035026d00|16
[2026-07-17 17:51:42.482] 
[2026-07-17 17:51:42.482] 
[2026-07-17 17:51:42.482] 
[2026-07-17 17:51:42.606] pTopic:$aws/rules/bi_ble_data_report_arch2/switchlink/B0E9FEC6718C/link_to_status
[2026-07-17 17:51:42.606] pData:{"protocolVersion":1,"count":1,"messages":[{"id":"2f3dec03-22ab-4db8-adb0-7df1521b5785","eventType":"Wo.Device.DataReport","data":{"deviceID":"b0e9fe527e83","createTime":1784281899,"contentVersion":2,"contentType":"hex","content":"35b0e9fe527e830101496405983f0035026d00","seq":22}}]}
[2026-07-17 17:51:42.606] 
[2026-07-17 17:51:42.668] [0;32mI (20469958) NL_LTPDU: BatchGet 880A64775B01: 6 eps, rsp=118 bytes[0m
[2026-07-17 17:51:42.668] 
[2026-07-17 17:51:42.700] free heap: 6299060, minimum free heap: 6042512, Internal 8bit free heap: 72340, 8bit free heap: 6299060The current date/time is: Fri Jul 17 09:51:40 2026
[2026-07-17 17:51:42.700] 
[2026-07-17 17:51:42.700] 
[2026-07-17 17:51:46.871] [0;32mI (20474165) NL_LTPDU: BatchGet 3E0AE0494182: 6 eps, rsp=125 bytes[0m
[2026-07-17 17:51:46.871] 
[2026-07-17 17:51:49.123] [0;32mI (20476405) NL_LTPDU: BatchGet 880A64775B01: 6 eps, rsp=118 bytes[0m
[2026-07-17 17:51:49.123] 
[2026-07-17 17:51:50.716] free heap: 6244228, minimum free heap: 6042512, Internal 8bit free heap: 72344, 8bit free heap: 6244228The current date/time is: Fri Jul 17 09:51:48 2026
[2026-07-17 17:51:50.716] 
[2026-07-17 17:51:50.716] 
[2026-07-17 17:51:55.333] [0;31mE (20482626) NL_LTPDU: recv failed: no data (errno=11, timeout=5000ms)[0m
[2026-07-17 17:51:55.333] [0;33mW (20482626) TASK_NL: [0] TCP fail → re-auth (CISS)[0m
[2026-07-17 17:51:55.333] 
[2026-07-17 17:51:55.410] [0;32mI (20482704) NL_LTPDU: CISS: recovered session to 192.168.50.201 (counter=65, ver=V3.0)[0m
[2026-07-17 17:51:55.410] 
[2026-07-17 17:51:55.580] [0;33mW (20482841) TASK_NL: [0] CISS verify failed (err=8), fallback SRP[0m
[2026-07-17 17:51:55.580] [0;32mI (20482842) NL_LTPDU: SRP reconnect: device=Lines B5D2 clientId=1[0m
[2026-07-17 17:51:55.580] [0;32mI (20482871) NL_LTPDU: BatchGet 880A64775B01: 6 eps, rsp=118 bytes[0m
[2026-07-17 17:51:55.580] [0;32mI (20482879) NL_LTPDU:   pubA[0:4]=40B5AE3A[0m
[2026-07-17 17:51:55.580] 
[2026-07-17 17:51:55.626] [0;32mI (20482908) NL_LTPDU: TCP connected to 192.168.50.201:12566[0m
[2026-07-17 17:51:55.626] 
[2026-07-17 17:51:58.719] [0;32mI (20485954) NL_LTPDU:   step1 rsp: salt len=4, salt[0:4]=C74FFF5F[0m
[2026-07-17 17:51:58.719] [0;32mI (20485954) NL_LTPDU:   step1 rsp: B[0:4]=86BB9909, B len=256[0m
[2026-07-17 17:51:58.719] [0;32mI (20485957) NL_LTPDU:   session_version: len=0 val=FFFF[0m
[2026-07-17 17:51:58.719] [0;32mI (20485963) NL_SRP:   k[0:8]=4CBA3FB2923E01FB[0m
[2026-07-17 17:51:58.719] [0;32mI (20485968) NL_SRP:   szA=256, szB=256[0m
[2026-07-17 17:51:58.719] [0;32mI (20485972) NL_SRP:   u[0:8]=6A7868140DAED52C[0m
[2026-07-17 17:51:58.719] [0;32mI (20485977) NL_SRP:   x[0:8]=5CE9B1DE38262A3F[0m
[2026-07-17 17:51:58.719] free heap: 6293884, minimum free heap: 6042512, Internal 8bit free heap: 72340, 8bit free heap: 6293884The current date/time is: Fri Jul 17 09:51:56 2026
[2026-07-17 17:51:58.719] 
[2026-07-17 17:51:58.719] 
[2026-07-17 17:51:58.811] [0;32mI (20486077) NL_SRP: SrpComputeSecret OK[0m
[2026-07-17 17:51:58.811] [0;32mI (20486077) NL_LTPDU:   SrpComputeSecret OK[0m
[2026-07-17 17:51:58.811] [0;33mW (20486095) NL_LTPDU: SRP auth done: iSock=56 (fd assigned)[0m
[2026-07-17 17:51:58.811] [0;32mI (20486096) NL_LTPDU:   using session ver: V3.0[0m
[2026-07-17 17:51:58.811] [0;32mI (20486096) NL_LTPDU: SRP token reconnect OK, ClientId=1[0m
[2026-07-17 17:51:58.811] [0;32mI (20486102) TASK_NL: [0] Auth OK → ACTIVE (192.168.50.201)[0m
[2026-07-17 17:51:58.811] 
[2026-07-17 17:51:59.010] [0;32mI (20486292) NL_LTPDU: BatchGet 3E0AE0494182: 6 eps, rsp=125 bytes[0m
[2026-07-17 17:51:59.010] [0;32mI (20486293) TASK_NL: [0] Status changed: on=0 br=10 ct=2700 hu=0 sa=0 eff="Tuscany Sunset"[0m
[2026-07-17 17:51:59.010] 
[2026-07-17 17:51:59.181] pTopic:switchlink/B0E9FEC6718C/link_to_nanoleaf_property
[2026-07-17 17:51:59.181] pData:{"msgType":"status","deviceId":"3E0AE0494182","timestamp":1784281919,"endpoints":[{"endpoint":"lb/0/oo","value":false},{"endpoint":"lb/0/pb","value":10},{"endpoint":"lb/0/ct","value":2700},{"endpoint":"lb/0/hu","value":0},{"endpoint":"lb/0/sa","value":0},{"endpoint":"effect/select","value":"Tuscany Sunset"}]}
[2026-07-17 17:51:59.181] 
[2026-07-17 17:52:00.929] [0;32mI (20488208) NL_LTPDU: BatchGet 880A64775B01: 6 eps, rsp=118 bytes[0m
[2026-07-17 17:52:00.929] 
[2026-07-17 17:52:04.189] [0;32mI (20491484) NL_LTPDU: BatchGet 3E0AE0494182: 6 eps, rsp=125 bytes[0m
[2026-07-17 17:52:04.189] 
[2026-07-17 17:52:05.858] [0;32mI (20493136) NL_LTPDU: BatchGet 880A64775B01: 6 eps, rsp=120 bytes[0m
[2026-07-17 17:52:05.858] [0;32mI (20493136) TASK_NL: [2] Status changed: on=1 br=74 ct=6500 hu=0 sa=0 eff="*Shuffle*"[0m
[2026-07-17 17:52:05.858] 
[2026-07-17 17:52:06.076] uart: 11 AT+MOTION 1
[2026-07-17 17:52:06.076] 
[2026-07-17 17:52:06.076] 
[2026-07-17 17:52:06.076] btn on press
[2026-07-17 17:52:06.076] uart: 130 AT+BCDS ff04000206a59fb43 0010B940B0E9FEC6718C48ca43a5b6dc0F013c200a08974346000000000000ff0d0100000000000000000000000000000000ff01
[2026-07-17 17:52:06.076] 
[2026-07-17 17:52:06.076] 
[2026-07-17 17:52:06.076] pTopic:switchlink/B0E9FEC6718C/link_to_nanoleaf_property
[2026-07-17 17:52:06.076] pData:{"msgType":"status","deviceId":"880A64775B01","timestamp":1784281925,"endpoints":[{"endpoint":"lb/0/oo","value":true},{"endpoint":"lb/0/pb","value":74},{"endpoint":"lb/0/ct","value":6500},{"endpoint":"lb/0/hu","value":0},{"endpoint":"lb/0/sa","value":0},{"endpoint":"effect/select","value":"*Shuffle*"}]}
[2026-07-17 17:52:06.076] pTopic:$aws/rules/bi_wifi_data_report/switchlink/B0E9FEC6718C/link_to_shadow
[2026-07-17 17:52:06.076] pData:BCD ff04000206a59fb43 0010B940B0E9FEC6718C48ca43a5b6dc0F013c200a08974346000000000000ff0d0100000000000000000000000000000000ff01
[2026-07-17 17:52:06.076] 
[2026-07-17 17:52:06.710] free heap: 6300372, minimum free heap: 6042512, Internal 8bit free heap: 72384, 8bit free heap: 6300372The current date/time is: Fri Jul 17 09:52:04 2026
[2026-07-17 17:52:06.710] 
[2026-07-17 17:52:06.710] 
[2026-07-17 17:52:08.965] [0;32mI (20496259) NL_LTPDU: BatchGet 3E0AE0494182: 6 eps, rsp=125 bytes[0m
[2026-07-17 17:52:08.965] 
[2026-07-17 17:52:10.694] [0;32mI (20497985) NL_LTPDU: BatchGet 880A64775B01: 6 eps, rsp=120 bytes[0m
[2026-07-17 17:52:10.694] [0;32mI (20497986) TASK_NL: [2] Status changed: on=0 br=74 ct=6500 hu=0 sa=0 eff="*Shuffle*"[0m
[2026-07-17 17:52:10.694] 
[2026-07-17 17:52:10.741] pTopic:switchlink/B0E9FEC6718C/link_to_nanoleaf_property
[2026-07-17 17:52:10.741] pData:{"msgType":"status","deviceId":"880A64775B01","timestamp":1784281930,"endpoints":[{"endpoint":"lb/0/oo","value":false},{"endpoint":"lb/0/pb","value":74},{"endpoint":"lb/0/ct","value":6500},{"endpoint":"lb/0/hu","value":0},{"endpoint":"lb/0/sa","value":0},{"endpoint":"effect/select","value":"*Shuffle*"}]}
[2026-07-17 17:52:10.741] 
[2026-07-17 17:52:14.080] [0;32mI (20501374) NL_LTPDU: BatchGet 3E0AE0494182: 6 eps, rsp=125 bytes[0m
[2026-07-17 17:52:14.080] 
[2026-07-17 17:52:14.710] free heap: 6300240, minimum free heap: 6042512, Internal 8bit free heap: 72252, 8bit free heap: 6300240The current date/time is: Fri Jul 17 09:52:12 2026
[2026-07-17 17:52:14.710] 
[2026-07-17 17:52:14.710] 
[2026-07-17 17:52:15.881] [0;32mI (20503169) NL_LTPDU: BatchGet 880A64775B01: 6 eps, rsp=120 bytes[0m
[2026-07-17 17:52:15.881] 
[2026-07-17 17:52:19.255] [0;32mI (20506539) NL_LTPDU: BatchGet 3E0AE0494182: 6 eps, rsp=125 bytes[0m
[2026-07-17 17:52:19.255] 
[2026-07-17 17:52:20.997] [0;32mI (20508286) NL_LTPDU: BatchGet 880A64775B01: 6 eps, rsp=120 bytes[0m
[2026-07-17 17:52:20.997] 
[2026-07-17 17:52:22.750] free heap: 6300240, minimum free heap: 6042512, Internal 8bit free heap: 72252, 8bit free heap: 6300240The current date/time is: Fri Jul 17 09:52:20 2026
[2026-07-17 17:52:22.750] 
[2026-07-17 17:52:22.750] 
[2026-07-17 17:52:23.647] [0;32mI (20510940) ROUTE_HOOK: Received RIO[0m
[2026-07-17 17:52:23.647] [0;32mI (20510940) ROUTE_HOOK: prefix FDEA:C98F:38B2:1:: lifetime 1800[0m
[2026-07-17 17:52:23.647] 
[2026-07-17 17:52:24.424] [0;32mI (20511713) NL_LTPDU: BatchGet 3E0AE0494182: 6 eps, rsp=125 bytes[0m
[2026-07-17 17:52:24.424] 
[2026-07-17 17:52:25.293] Nanoleaf MQTT payload: {"msgType":"control","requestID":"729f551f-24af-4a0b-a78e-6136e03280a2","deviceId":"880A64775B01","endpoint":"layout/go","method":"POST","value":"108"}
[2026-07-17 17:52:25.293] 
[2026-07-17 17:52:25.339] [0;32mI (20512624) NL_LTPDU: SendCmd POST → 880A64775B01 ep=layout/go[0m
[2026-07-17 17:52:25.339] 
[2026-07-17 17:52:25.709] pTopic:switchlink/B0E9FEC6718C/link_to_nanoleaf_func_resp
[2026-07-17 17:52:25.709] pData:{"msgType":"respond","requestID":"729f551f-24af-4a0b-a78e-6136e03280a2","deviceId":"880A64775B01","success":true,"errorCode":0,"errorMsg":""}
[2026-07-17 17:52:25.709] [0;32mI (20512989) NL_LTPDU: BatchGet 880A64775B01: 6 eps, rsp=120 bytes[0m
[2026-07-17 17:52:25.709] 
[2026-07-17 17:52:29.221] [0;32mI (20516516) NL_LTPDU: BatchGet 3E0AE0494182: 6 eps, rsp=125 bytes[0m
[2026-07-17 17:52:29.221] 
[2026-07-17 17:52:30.549] [0;32mI (20517837) NL_LTPDU: BatchGet 880A64775B01: 6 eps, rsp=120 bytes[0m
[2026-07-17 17:52:30.549] 
[2026-07-17 17:52:30.749] free heap: 6300372, minimum free heap: 6042512, Internal 8bit free heap: 72384, 8bit free heap: 6300372The current date/time is: Fri Jul 17 09:52:28 2026
[2026-07-17 17:52:30.749] 
[2026-07-17 17:52:30.749] 
[2026-07-17 17:52:34.446] [0;32mI (20521736) NL_LTPDU: BatchGet 3E0AE0494182: 6 eps, rsp=125 bytes[0m
[2026-07-17 17:52:34.446] 
[2026-07-17 17:52:34.723] Nanoleaf MQTT payload: {"msgType":"control","requestID":"bd3f35a0-eaeb-404b-a083-4622dfb4bbfa","deviceId":"880A64775B01","endpoint":"layout/go","method":"POST","value":"78"}
[2026-07-17 17:52:34.723] 
[2026-07-17 17:52:34.753] [0;32mI (20522048) NL_LTPDU: SendCmd POST → 880A64775B01 ep=layout/go[0m
[2026-07-17 17:52:34.753] 
[2026-07-17 17:52:34.999] pTopic:switchlink/B0E9FEC6718C/link_to_nanoleaf_func_resp
[2026-07-17 17:52:34.999] pData:{"msgType":"respond","requestID":"bd3f35a0-eaeb-404b-a083-4622dfb4bbfa","deviceId":"880A64775B01","success":true,"errorCode":0,"errorMsg":""}
[2026-07-17 17:52:34.999] 
[2026-07-17 17:52:35.233] [0;32mI (20522528) NL_LTPDU: BatchGet 880A64775B01: 6 eps, rsp=120 bytes[0m
[2026-07-17 17:52:35.233] 
[2026-07-17 17:52:38.753] free heap: 6300376, minimum free heap: 6042512, Internal 8bit free heap: 72384, 8bit free heap: 6300376The current date/time is: Fri Jul 17 09:52:36 2026
[2026-07-17 17:52:38.753] 
[2026-07-17 17:52:38.753] 
[2026-07-17 17:52:39.655] [0;32mI (20526945) NL_LTPDU: BatchGet 3E0AE0494182: 6 eps, rsp=125 bytes[0m
[2026-07-17 17:52:39.655] 
[2026-07-17 17:52:41.124] [0;32mI (20528414) NL_LTPDU: BatchGet 880A64775B01: 6 eps, rsp=120 bytes[0m
[2026-07-17 17:52:41.124] 
[2026-07-17 17:52:43.478] Nanoleaf MQTT payload: {"msgType":"control","requestID":"049a63d7-26ae-417c-ae73-34e46d339cd4","deviceId":"880A64775B01","endpoint":"ci","method":"POST","value":"{\"command\":\"requestTouchConfig\"}"}
[2026-07-17 17:52:43.478] 
[2026-07-17 17:52:43.617] [0;32mI (20530825) NL_LTPDU: SendCmd POST → 880A64775B01 ep=ci[0m
[2026-07-17 17:52:43.617] [0;32mI (20530860) TASK_NL: [2] Cmd rsp(600): {"touchConfig":{"supportedFeatures":{"systemGestures":["dt","su","sd","sl","sr"],"systemActions":["pwr","bu","bd","ncs","nrs","nrdms","pcs","prs"]},"defaultSystemConfig":{"gestureActions":[{"gesture":"dt","action":null},{"gesture":"su","action":null},{"gesture":"sd","action":null},{"gesture":"sl","action":null},{"gesture":"sr","action":null}]},"userSystemConfig":{"enabled":true,"gestureActions":[{"gesture":"dt","action":null},{"gesture":"su","action":"pwr"},{"gesture":"sd","action":"bu"},{"gesture":"sl","action":"bd"},{"gesture":"sr","action":"nrdms"}],"subscribers":[]},"userPanelConfigs":[]}}[0m
[2026-07-17 17:52:43.617] [0;32mI (20530906) NL_MQTT: PublishRespondData: len=900, pushing to MQTT queue[0m
[2026-07-17 17:52:43.617] 
[2026-07-17 17:52:43.740] pTopic:switchlink/B0E9FEC6718C/link_to_nanoleaf_func_resp
[2026-07-17 17:52:43.740] pData:{"msgType":"respond","requestID":"049a63d7-26ae-417c-ae73-34e46d339cd4","deviceId":"880A64775B01","success":true,"errorCode":0,"errorMsg":"","endpoints":[{"endpoint":"ci","value":"{\"touchConfig\":{\"supportedFeatures\":{\"systemGestures\":[\"dt\",\"su\",\"sd\",\"sl\",\"sr\"],\"systemActions\":[\"pwr\",\"bu\",\"bd\",\"ncs\",\"nrs\",\"nrdms\",\"pcs\",\"prs\"]},\"defaultSystemConfig\":{\"gestureActions\":[{\"gesture\":\"dt\",\"action\":null},{\"gesture\":\"su\",\"action\":null},{\"gesture\":\"sd\",\"action\":null},{\"gesture\":\"sl\",\"action\":null},{\"gesture\":\"sr\",\"action\":null}]},\"userSystemConfig\":{\"enabled\":true,\"gestureActions\":[{\"gesture\":\"dt\",\"action\":null},{\"gesture\":\"su\",\"action\":\"pwr\"},{\"gesture\":\"sd\",\"action\":\"bu\"},{\"gesture\":\"sl\",\"action\":\"bd\"},{\"gesture\":\"sr\",\"action\":\"nrdms\"}],\"subscribers\":[]},\"userPanelConfigs\":[]}}"}]}
[2026-07-17 17:52:43.740] 
[2026-07-17 17:52:43.786] Nanoleaf MQTT payload: {"msgType":"control","requestID":"0be18232-9c8d-4c24-ad6b-d7d115baa415","deviceId":"880A64775B01","endpoint":"ci","method":"POST","value":"{\"command\":\"getTouchKillSwitch\"}"}
[2026-07-17 17:52:43.786] 
[2026-07-17 17:52:43.847] [0;32mI (20531142) NL_LTPDU: BatchGet 880A64775B01: 6 eps, rsp=120 bytes[0m
[2026-07-17 17:52:43.847] 
[2026-07-17 17:52:43.955] [0;32mI (20531242) NL_LTPDU: SendCmd POST → 880A64775B01 ep=ci[0m
[2026-07-17 17:52:43.955] 
[2026-07-17 17:52:45.850] uart: 11 AT+MOTION 0
[2026-07-17 17:52:45.850] 
[2026-07-17 17:52:45.850] 
[2026-07-17 17:52:45.850] btn on press
[2026-07-17 17:52:45.850] uart: 130 AT+BCDS ff04000206a59fb6b 0010B940B0E9FEC6718C48ca43a5b6dc0F013d000a08974346000000000000ff0cfd00000000000000000000000000000000ff01
[2026-07-17 17:52:45.850] 
[2026-07-17 17:52:45.850] 
[2026-07-17 17:52:45.850] 
[2026-07-17 17:52:45.974] pTopic:$aws/rules/bi_wifi_data_report/switchlink/B0E9FEC6718C/link_to_shadow
[2026-07-17 17:52:45.974] pData:BCD ff04000206a59fb6b 0010B940B0E9FEC6718C48ca43a5b6dc0F013d000a08974346000000000000ff0cfd00000000000000000000000000000000ff01
[2026-07-17 17:52:45.974] 
[2026-07-17 17:52:46.020] [0;32mI (20533298) TASK_NL: [2] Cmd rsp(27): {"touchKillSwitchOn":false}[0m
[2026-07-17 17:52:46.020] [0;32mI (20533298) NL_MQTT: PublishRespondData: len=213, pushing to MQTT queue[0m
[2026-07-17 17:52:46.020] 
[2026-07-17 17:52:46.190] pTopic:switchlink/B0E9FEC6718C/link_to_nanoleaf_func_resp
[2026-07-17 17:52:46.190] pData:{"msgType":"respond","requestID":"0be18232-9c8d-4c24-ad6b-d7d115baa415","deviceId":"880A64775B01","success":true,"errorCode":0,"errorMsg":"","endpoints":[{"endpoint":"ci","value":"{\"touchKillSwitchOn\":false}"}]}
[2026-07-17 17:52:46.190] 
[2026-07-17 17:52:46.514] [0;32mI (20533804) NL_LTPDU: BatchGet 3E0AE0494182: 6 eps, rsp=125 bytes[0m
[2026-07-17 17:52:46.514] 
[2026-07-17 17:52:46.760] free heap: 6244012, minimum free heap: 6040876, Internal 8bit free heap: 72208, 8bit free heap: 6244012The current date/time is: Fri Jul 17 09:52:44 2026
[2026-07-17 17:52:46.760] 
[2026-07-17 17:52:46.760] 
[2026-07-17 17:52:47.521] [0;32mI (20534807) NL_LTPDU: BatchGet 880A64775B01: 6 eps, rsp=120 bytes[0m
[2026-07-17 17:52:47.521] 
[2026-07-17 17:52:51.198] [0;32mI (20538487) NL_LTPDU: BatchGet 3E0AE0494182: 6 eps, rsp=125 bytes[0m
[2026-07-17 17:52:51.198] 
[2026-07-17 17:52:51.321] [0;32mI (20538613) NL_LTPDU: BatchGet 880A64775B01: 6 eps, rsp=120 bytes[0m
[2026-07-17 17:52:51.321] 
[2026-07-17 17:52:54.758] free heap: 6300348, minimum free heap: 6040876, Internal 8bit free heap: 72380, 8bit free heap: 6300348The current date/time is: Fri Jul 17 09:52:52 2026
[2026-07-17 17:52:54.758] 
[2026-07-17 17:52:54.758] 
[2026-07-17 17:52:56.071] [0;32mI (20543348) NL_LTPDU: BatchGet 3E0AE0494182: 6 eps, rsp=125 bytes[0m
[2026-07-17 17:52:56.071] [0;32mI (20543373) NL_LTPDU: BatchGet 880A64775B01: 6 eps, rsp=120 bytes[0m
[2026-07-17 17:52:56.071] 
[2026-07-17 17:53:01.246] [0;32mI (20548523) NL_LTPDU: BatchGet 3E0AE0494182: 6 eps, rsp=125 bytes[0m
[2026-07-17 17:53:01.246] [0;32mI (20548544) NL_LTPDU: BatchGet 880A64775B01: 6 eps, rsp=120 bytes[0m
[2026-07-17 17:53:01.246] 
[2026-07-17 17:53:02.757] free heap: 6300336, minimum free heap: 6040876, Internal 8bit free heap: 72344, 8bit free heap: 6300336The current date/time is: Fri Jul 17 09:53:00 2026
[2026-07-17 17:53:02.757] 
[2026-07-17 17:53:02.757] 
[2026-07-17 17:53:06.345] [0;32mI (20553642) NL_LTPDU: BatchGet 3E0AE0494182: 6 eps, rsp=125 bytes[0m
[2026-07-17 17:53:06.345] 
[2026-07-17 17:53:06.391] [0;32mI (20553682) NL_LTPDU: BatchGet 880A64775B01: 6 eps, rsp=120 bytes[0m
[2026-07-17 17:53:06.391] 
[2026-07-17 17:53:09.109] uart: 11 AT+MOTION 1
[2026-07-17 17:53:09.109] 
[2026-07-17 17:53:09.109] 
[2026-07-17 17:53:09.109] btn on press
[2026-07-17 17:53:09.109] uart: 130 AT+BCDS ff04000206a59fb82 0010B940B0E9FEC6718C48ca43a5b6dc0F013e200a08974346000000000000ff0d0300000000000000000000000000000000ff01
[2026-07-17 17:53:09.109] 
[2026-07-17 17:53:09.109] 
[2026-07-17 17:53:09.109] 
[2026-07-17 17:53:09.217] pTopic:$aws/rules/bi_wifi_data_report/switchlink/B0E9FEC6718C/link_to_shadow
[2026-07-17 17:53:09.217] pData:BCD ff04000206a59fb82 0010B940B0E9FEC6718C48ca43a5b6dc0F013e200a08974346000000000000ff0d0300000000000000000000000000000000ff01
[2026-07-17 17:53:09.217] 
[2026-07-17 17:53:10.760] free heap: 6300244, minimum free heap: 6040876, Internal 8bit free heap: 72252, 8bit free heap: 6300244The current date/time is: Fri Jul 17 09:53:08 2026
[2026-07-17 17:53:10.760] 
[2026-07-17 17:53:10.760] 
[2026-07-17 17:53:11.467] [0;32mI (20558763) NL_LTPDU: BatchGet 3E0AE0494182: 6 eps, rsp=125 bytes[0m
[2026-07-17 17:53:11.467] 
[2026-07-17 17:53:11.513] [0;32mI (20558801) NL_LTPDU: BatchGet 880A64775B01: 6 eps, rsp=120 bytes[0m
[2026-07-17 17:53:11.513] 
[2026-07-17 17:53:16.529] [0;32mI (20563825) NL_LTPDU: BatchGet 3E0AE0494182: 6 eps, rsp=125 bytes[0m
[2026-07-17 17:53:16.529] 
[2026-07-17 17:53:16.637] [0;32mI (20563921) NL_LTPDU: BatchGet 880A64775B01: 6 eps, rsp=120 bytes[0m
[2026-07-17 17:53:16.637] 
[2026-07-17 17:53:18.760] free heap: 6300800, minimum free heap: 6040876, Internal 8bit free heap: 72384, 8bit free heap: 6300800The current date/time is: Fri Jul 17 09:53:16 2026
[2026-07-17 17:53:18.760] 
[2026-07-17 17:53:18.760] 
[2026-07-17 17:53:21.387] [0;32mI (20568657) NL_LTPDU: BatchGet 3E0AE0494182: 6 eps, rsp=125 bytes[0m
[2026-07-17 17:53:21.387] [0;32mI (20568676) NL_LTPDU: BatchGet 880A64775B01: 6 eps, rsp=120 bytes[0m
[2026-07-17 17:53:21.387] 
[2026-07-17 17:53:23.970] Nanoleaf MQTT payload: {"msgType":"control","requestID":"3bab1ea9-6365-40c0-925b-36329f905114","deviceId":"880A64775B01","endpoint":"layout/go","method":"GET","value":""}
[2026-07-17 17:53:23.970] 
[2026-07-17 17:53:24.001] [0;32mI (20571298) NL_LTPDU: SendCmd POST → 880A64775B01 ep=layout/go[0m
[2026-07-17 17:53:24.001] 
[2026-07-17 17:53:24.048] [0;32mI (20571334) TASK_NL: [2] Cmd rsp(2): [0m
[2026-07-17 17:53:24.048] [0;32mI (20571335) NL_MQTT: PublishRespondData: len=193, pushing to MQTT queue[0m
[2026-07-17 17:53:24.048] 
[2026-07-17 17:53:24.171] pTopic:switchlink/B0E9FEC6718C/link_to_nanoleaf_func_resp
[2026-07-17 17:53:24.171] pData:{"msgType":"respond","requestID":"3bab1ea9-6365-40c0-925b-36329f905114","deviceId":"880A64775B01","success":true,"errorCode":0,"errorMsg":"","endpoints":[{"endpoint":"layout/go","value":"78"}]}
[2026-07-17 17:53:24.171] 
[2026-07-17 17:53:24.249] [0;32mI (20571538) NL_LTPDU: BatchGet 880A64775B01: 6 eps, rsp=120 bytes[0m
[2026-07-17 17:53:24.249] 
[2026-07-17 17:53:25.501] Nanoleaf MQTT payload: {"msgType":"control","requestID":"be29d39e-271e-480e-92ed-a3ba14cc0103","deviceId":"880A64775B01","endpoint":"layout/pd","method":"GET","value":""}
[2026-07-17 17:53:25.501] 
[2026-07-17 17:53:25.547] [0;32mI (20572838) NL_LTPDU: SendCmd POST → 880A64775B01 ep=layout/pd[0m
[2026-07-17 17:53:25.547] 
[2026-07-17 17:53:25.718] [0;32mI (20572996) TASK_NL: [2] Cmd rsp(121): {"layoutData":"AQACAAQCAAIAQwMANK5dAAAAagAAAHQAAAegpwAAAGoAAAAAAAAHAAAAAAAAAAAAVAB4DQAAAAAApQAAAFIA8Aw=","version":"2.0"}[0m
[2026-07-17 17:53:25.718] [0;32mI (20573000) NL_MQTT: PublishRespondData: len=320, pushing to MQTT queue[0m
[2026-07-17 17:53:25.718] 
[2026-07-17 17:53:25.810] pTopic:switchlink/B0E9FEC6718C/link_to_nanoleaf_func_resp
[2026-07-17 17:53:25.810] pData:{"msgType":"respond","requestID":"be29d39e-271e-480e-92ed-a3ba14cc0103","deviceId":"880A64775B01","success":true,"errorCode":0,"errorMsg":"","endpoints":[{"endpoint":"layout/pd","value":"{\"layoutData\":\"AQACAAQCAAIAQwMANK5dAAAAagAAAHQAAAegpwAAAGoAAAAAAAAHAAAAAAAAAAAAVAB4DQAAAAAApQAAAFIA8Aw=\",\"version\":\"2.0\"}"}]}
[2026-07-17 17:53:25.810] 
[2026-07-17 17:53:25.871] [0;32mI (20573161) NL_LTPDU: BatchGet 880A64775B01: 6 eps, rsp=120 bytes[0m
[2026-07-17 17:53:25.871] 
[2026-07-17 17:53:26.553] [0;32mI (20573843) NL_LTPDU: BatchGet 3E0AE0494182: 6 eps, rsp=125 bytes[0m
[2026-07-17 17:53:26.553] 
[2026-07-17 17:53:26.769] free heap: 6300792, minimum free heap: 6040876, Internal 8bit free heap: 72376, 8bit free heap: 6300792The current date/time is: Fri Jul 17 09:53:24 2026
[2026-07-17 17:53:26.769] 
[2026-07-17 17:53:26.769] 
[2026-07-17 17:53:30.782] [0;32mI (20578078) NL_LTPDU: BatchGet 880A64775B01: 6 eps, rsp=120 bytes[0m
[2026-07-17 17:53:30.782] 
[2026-07-17 17:53:31.648] [0;32mI (20578942) NL_LTPDU: BatchGet 3E0AE0494182: 6 eps, rsp=125 bytes[0m
[2026-07-17 17:53:31.648] 
[2026-07-17 17:53:34.781] free heap: 6300988, minimum free heap: 6040876, Internal 8bit free heap: 72384, 8bit free heap: 6300988The current date/time is: Fri Jul 17 09:53:32 2026
[2026-07-17 17:53:34.781] 
[2026-07-17 17:53:34.781] 
[2026-07-17 17:53:35.908] [0;32mI (20583200) NL_LTPDU: BatchGet 880A64775B01: 6 eps, rsp=120 bytes[0m
[2026-07-17 17:53:35.908] 
[2026-07-17 17:53:36.047] Nanoleaf MQTT payload: {"msgType":"control","requestID":"d49c5b07-6126-4096-8452-58724b9f737b","deviceId":"880A64775B01","endpoint":"layout/go","method":"POST","value":"86"}
[2026-07-17 17:53:36.047] 
[2026-07-17 17:53:36.110] [0;32mI (20583401) NL_LTPDU: SendCmd POST → 880A64775B01 ep=layout/go[0m
[2026-07-17 17:53:36.110] 
[2026-07-17 17:53:36.323] pTopic:switchlink/B0E9FEC6718C/link_to_nanoleaf_func_resp
[2026-07-17 17:53:36.323] pData:{"msgType":"respond","requestID":"d49c5b07-6126-4096-8452-58724b9f737b","deviceId":"880A64775B01","success":true,"errorCode":0,"errorMsg":""}
[2026-07-17 17:53:36.323] 
[2026-07-17 17:53:36.462] [0;32mI (20583748) NL_LTPDU: BatchGet 880A64775B01: 6 eps, rsp=120 bytes[0m
[2026-07-17 17:53:36.462] 
[2026-07-17 17:53:36.769] [0;32mI (20584066) NL_LTPDU: BatchGet 3E0AE0494182: 6 eps, rsp=125 bytes[0m
[2026-07-17 17:53:36.769] 
[2026-07-17 17:53:41.242] [0;32mI (20588530) NL_LTPDU: BatchGet 880A64775B01: 6 eps, rsp=120 bytes[0m
[2026-07-17 17:53:41.242] [0;32mI (20588530) TASK_NL: [2] Status changed: on=1 br=54 ct=6500 hu=0 sa=0 eff="*Shuffle*"[0m
[2026-07-17 17:53:41.242] 
[2026-07-17 17:53:41.381] pTopic:switchlink/B0E9FEC6718C/link_to_nanoleaf_property
[2026-07-17 17:53:41.381] pData:{"msgType":"status","deviceId":"880A64775B01","timestamp":1784282021,"endpoints":[{"endpoint":"lb/0/oo","value":true},{"endpoint":"lb/0/pb","value":54},{"endpoint":"lb/0/ct","value":6500},{"endpoint":"lb/0/hu","value":0},{"endpoint":"lb/0/sa","value":0},{"endpoint":"effect/select","value":"*Shuffle*"}]}
[2026-07-17 17:53:41.381] 
[2026-07-17 17:53:41.846] [0;32mI (20589134) NL_LTPDU: BatchGet 3E0AE0494182: 6 eps, rsp=125 bytes[0m
[2026-07-17 17:53:41.846] 
[2026-07-17 17:53:42.776] free heap: 6301012, minimum free heap: 6040876, Internal 8bit free heap: 72384, 8bit free heap: 6301012The current date/time is: Fri Jul 17 09:53:40 2026
[2026-07-17 17:53:42.776] 
[2026-07-17 17:53:42.776] 
[2026-07-17 17:53:46.383] [0;32mI (20593680) NL_LTPDU: BatchGet 880A64775B01: 6 eps, rsp=120 bytes[0m
[2026-07-17 17:53:46.383] 
[2026-07-17 17:53:46.614] Nanoleaf MQTT payload: {"msgType":"control","requestID":"62670af5-0ebf-4ad8-87a7-6d9ae6950a2b","deviceId":"880A64775B01","endpoint":"layout/go","method":"GET","value":""}
[2026-07-17 17:53:46.614] 
[2026-07-17 17:53:46.691] [0;32mI (20593980) NL_LTPDU: SendCmd POST → 880A64775B01 ep=layout/go[0m
[2026-07-17 17:53:46.691] 
[2026-07-17 17:53:46.737] [0;32mI (20594023) TASK_NL: [2] Cmd rsp(2): [0m
[2026-07-17 17:53:46.737] [0;32mI (20594023) NL_MQTT: PublishRespondData: len=193, pushing to MQTT queue[0m
[2026-07-17 17:53:46.737] 
[2026-07-17 17:53:46.846] pTopic:switchlink/B0E9FEC6718C/link_to_nanoleaf_func_resp
[2026-07-17 17:53:46.846] pData:{"msgType":"respond","requestID":"62670af5-0ebf-4ad8-87a7-6d9ae6950a2b","deviceId":"880A64775B01","success":true,"errorCode":0,"errorMsg":"","endpoints":[{"endpoint":"layout/go","value":"86"}]}
[2026-07-17 17:53:46.846] 
[2026-07-17 17:53:47.821] [0;32mI (20595114) NL_LTPDU: BatchGet 3E0AE0494182: 6 eps, rsp=125 bytes[0m
[2026-07-17 17:53:47.821] 
[2026-07-17 17:53:47.866] [0;32mI (20595155) NL_LTPDU: BatchGet 880A64775B01: 6 eps, rsp=120 bytes[0m
[2026-07-17 17:53:47.866] 
[2026-07-17 17:53:48.749] Nanoleaf MQTT payload: {"msgType":"control","requestID":"0fa4315b-b6cd-428f-8333-c4863ef8d3a9","deviceId":"880A64775B01","endpoint":"layout/pd","method":"GET","value":""}
[2026-07-17 17:53:48.749] 
[2026-07-17 17:53:48.796] [0;32mI (20596076) NL_LTPDU: SendCmd POST → 880A64775B01 ep=layout/pd[0m
[2026-07-17 17:53:48.796] 
[2026-07-17 17:53:48.965] [0;32mI (20596251) TASK_NL: [2] Cmd rsp(121): {"layoutData":"AQACAAQCAAIAQwMANK5dAAAAagAAAHQAAAegpwAAAGoAAAAAAAAHAAAAAAAAAAAAVAB4DQAAAAAApQAAAFIA8Aw=","version":"2.0"}[0m
[2026-07-17 17:53:48.965] [0;32mI (20596255) NL_MQTT: PublishRespondData: len=320, pushing to MQTT queue[0m
[2026-07-17 17:53:48.965] 
[2026-07-17 17:53:49.103] pTopic:switchlink/B0E9FEC6718C/link_to_nanoleaf_func_resp
[2026-07-17 17:53:49.103] pData:{"msgType":"respond","requestID":"0fa4315b-b6cd-428f-8333-c4863ef8d3a9","deviceId":"880A64775B01","success":true,"errorCode":0,"errorMsg":"","endpoints":[{"endpoint":"layout/pd","value":"{\"layoutData\":\"AQACAAQCAAIAQwMANK5dAAAAagAAAHQAAAegpwAAAGoAAAAAAAAHAAAAAAAAAAAAVAB4DQAAAAAApQAAAFIA8Aw=\",\"version\":\"2.0\"}"}]}
[2026-07-17 17:53:49.103] [0;32mI (20596391) NL_LTPDU: BatchGet 880A64775B01: 6 eps, rsp=120 bytes[0m
[2026-07-17 17:53:49.103] 
[2026-07-17 17:53:50.203] Nanoleaf MQTT payload: {"msgType":"control","requestID":"6118480b-94c9-4850-bac8-b800af5ea515","deviceId":"880A64775B01","endpoint":"ci","method":"POST","value":"{\"command\":\"getTouchKillSwitch\"}"}
[2026-07-17 17:53:50.203] [0;32mI (20597491) NL_LTPDU: SendCmd POST → 880A64775B01 ep=ci[0m
[2026-07-17 17:53:50.203] 
[2026-07-17 17:53:50.249] [0;32mI (20597531) TASK_NL: [2] Cmd rsp(27): {"touchKillSwitchOn":false}[0m
[2026-07-17 17:53:50.249] [0;32mI (20597531) NL_MQTT: PublishRespondData: len=213, pushing to MQTT queue[0m
[2026-07-17 17:53:50.249] 
[2026-07-17 17:53:50.342] pTopic:switchlink/B0E9FEC6718C/link_to_nanoleaf_func_resp
[2026-07-17 17:53:50.342] pData:{"msgType":"respond","requestID":"6118480b-94c9-4850-bac8-b800af5ea515","deviceId":"880A64775B01","success":true,"errorCode":0,"errorMsg":"","endpoints":[{"endpoint":"ci","value":"{\"touchKillSwitchOn\":false}"}]}
[2026-07-17 17:53:50.342] Nanoleaf MQTT payload: {"msgType":"control","requestID":"00bf1c5a-586c-464e-bbc8-673be562b4b5","deviceId":"880A64775B01","endpoint":"ci","method":"POST","value":"{\"command\":\"requestTouchConfig\"}"}
[2026-07-17 17:53:50.342] 
[2026-07-17 17:53:50.528] [0;32mI (20597812) NL_LTPDU: BatchGet 880A64775B01: 6 eps, rsp=120 bytes[0m
[2026-07-17 17:53:50.528] 
[2026-07-17 17:53:50.620] [0;32mI (20597912) NL_LTPDU: SendCmd POST → 880A64775B01 ep=ci[0m
[2026-07-17 17:53:50.620] 
[2026-07-17 17:53:50.728] [0;32mI (20597961) TASK_NL: [2] Cmd rsp(600): {"touchConfig":{"supportedFeatures":{"systemGestures":["dt","su","sd","sl","sr"],"systemActions":["pwr","bu","bd","ncs","nrs","nrdms","pcs","prs"]},"defaultSystemConfig":{"gestureActions":[{"gesture":"dt","action":null},{"gesture":"su","action":null},{"gesture":"sd","action":null},{"gesture":"sl","action":null},{"gesture":"sr","action":null}]},"userSystemConfig":{"enabled":true,"gestureActions":[{"gesture":"dt","action":null},{"gesture":"su","action":"pwr"},{"gesture":"sd","action":"bu"},{"gesture":"sl","action":"bd"},{"gesture":"sr","action":"nrdms"}],"subscribers":[]},"userPanelConfigs":[]}}[0m
[2026-07-17 17:53:50.728] [0;32mI (20598007) NL_MQTT: PublishRespondData: len=900, pushing to MQTT queue[0m
[2026-07-17 17:53:50.728] 
[2026-07-17 17:53:50.819] free heap: 6246172, minimum free heap: 6040876, Internal 8bit free heap: 72384, 8bit free heap: 6246172The current date/time is: Fri Jul 17 09:53:48 2026
[2026-07-17 17:53:50.819] 
[2026-07-17 17:53:50.819] 
[2026-07-17 17:53:50.990] [0;32mI (20598197) NL_LTPDU: BatchGet 880A64775B01: 6 eps, rsp=120 bytes[0m
[2026-07-17 17:53:50.990] pTopic:switchlink/B0E9FEC6718C/link_to_nanoleaf_func_resp
[2026-07-17 17:53:50.990] pData:{"msgType":"respond","requestID":"00bf1c5a-586c-464e-bbc8-673be562b4b5","deviceId":"880A64775B01","success":true,"errorCode":0,"errorMsg":"","endpoints":[{"endpoint":"ci","value":"{\"touchConfig\":{\"supportedFeatures\":{\"systemGestures\":[\"dt\",\"su\",\"sd\",\"sl\",\"sr\"],\"systemActions\":[\"pwr\",\"bu\",\"bd\",\"ncs\",\"nrs\",\"nrdms\",\"pcs\",\"prs\"]},\"defaultSystemConfig\":{\"gestureActions\":[{\"gesture\":\"dt\",\"action\":null},{\"gesture\":\"su\",\"action\":null},{\"gesture\":\"sd\",\"action\":null},{\"gesture\":\"sl\",\"action\":null},{\"gesture\":\"sr\",\"action\":null}]},\"userSystemConfig\":{\"enabled\":true,\"gestureActions\":[{\"gesture\":\"dt\",\"action\":null},{\"gesture\":\"su\",\"action\":\"pwr\"},{\"gesture\":\"sd\",\"action\":\"bu\"},{\"gesture\":\"sl\",\"action\":\"bd\"},{\"gesture\":\"sr\",\"action\":\"nrdms\"}],\"subscribers\":[]},\"userPanelConfigs\":[]}}"}]}
[2026-07-17 17:53:50.990] 
[2026-07-17 17:53:52.163] [0;32mI (20599449) NL_LTPDU: BatchGet 3E0AE0494182: 6 eps, rsp=125 bytes[0m
[2026-07-17 17:53:52.163] 
[2026-07-17 17:53:52.841] uart: 11 AT+MOTION 0
[2026-07-17 17:53:52.841] 
[2026-07-17 17:53:52.841] 
[2026-07-17 17:53:52.841] btn on press
[2026-07-17 17:53:52.841] uart: 130 AT+BCDS ff04000206a59fbae 0010B940B0E9FEC6718C48ca43a5b6dc0F013f000a08974346000000000000ff0cfe00000000000000000000000000000000ff01
[2026-07-17 17:53:52.841] 
[2026-07-17 17:53:52.841] 
[2026-07-17 17:53:52.841] 
[2026-07-17 17:53:53.028] pTopic:$aws/rules/bi_wifi_data_report/switchlink/B0E9FEC6718C/link_to_shadow
[2026-07-17 17:53:53.028] pData:BCD ff04000206a59fbae 0010B940B0E9FEC6718C48ca43a5b6dc0F013f000a08974346000000000000ff0cfe00000000000000000000000000000000ff01
[2026-07-17 17:53:53.028] 
[2026-07-17 17:53:55.747] [0;32mI (20603037) NL_LTPDU: BatchGet 880A64775B01: 6 eps, rsp=120 bytes[0m
[2026-07-17 17:53:55.747] [0;32mI (20603037) TASK_NL: [2] Status changed: on=1 br=34 ct=6500 hu=0 sa=0 eff="*Shuffle*"[0m
[2026-07-17 17:53:55.747] 
[2026-07-17 17:53:55.870] pTopic:switchlink/B0E9FEC6718C/link_to_nanoleaf_property
[2026-07-17 17:53:55.870] pData:{"msgType":"status","deviceId":"880A64775B01","timestamp":1784282035,"endpoints":[{"endpoint":"lb/0/oo","value":true},{"endpoint":"lb/0/pb","value":34},{"endpoint":"lb/0/ct","value":6500},{"endpoint":"lb/0/hu","value":0},{"endpoint":"lb/0/sa","value":0},{"endpoint":"effect/select","value":"*Shuffle*"}]}
[2026-07-17 17:53:55.870] 
[2026-07-17 17:53:56.891] [0;32mI (20604179) NL_LTPDU: BatchGet 3E0AE0494182: 6 eps, rsp=125 bytes[0m
[2026-07-17 17:53:56.891] 
[2026-07-17 17:53:58.822] free heap: 6301224, minimum free heap: 6040876, Internal 8bit free heap: 72384, 8bit free heap: 6301224The current date/time is: Fri Jul 17 09:53:56 2026
[2026-07-17 17:53:58.822] 
[2026-07-17 17:53:58.822] 
[2026-07-17 17:54:00.937] [0;32mI (20608222) NL_LTPDU: BatchGet 880A64775B01: 6 eps, rsp=120 bytes[0m
[2026-07-17 17:54:00.937] 
[2026-07-17 17:54:02.013] [0;32mI (20609306) NL_LTPDU: BatchGet 3E0AE0494182: 6 eps, rsp=125 bytes[0m
[2026-07-17 17:54:02.013] 
[2026-07-17 17:54:06.111] [0;32mI (20613402) NL_LTPDU: BatchGet 880A64775B01: 6 eps, rsp=120 bytes[0m
[2026-07-17 17:54:06.111] 
[2026-07-17 17:54:06.839] free heap: 6301224, minimum free heap: 6040876, Internal 8bit free heap: 72384, 8bit free heap: 6301224The current date/time is: Fri Jul 17 09:54:04 2026
[2026-07-17 17:54:06.839] 
[2026-07-17 17:54:06.839] 
[2026-07-17 17:54:07.117] [0;32mI (20614411) NL_LTPDU: BatchGet 3E0AE0494182: 6 eps, rsp=125 bytes[0m
[2026-07-17 17:54:07.117] 
[2026-07-17 17:54:10.999] [0;32mI (20618294) NL_LTPDU: BatchGet 880A64775B01: 6 eps, rsp=120 bytes[0m
[2026-07-17 17:54:10.999] 
[2026-07-17 17:54:12.299] [0;32mI (20619585) NL_LTPDU: BatchGet 3E0AE0494182: 6 eps, rsp=125 bytes[0m
[2026-07-17 17:54:12.299] 
[2026-07-17 17:54:14.836] free heap: 6301224, minimum free heap: 6040876, Internal 8bit free heap: 72384, 8bit free heap: 6301224The current date/time is: Fri Jul 17 09:54:12 2026
[2026-07-17 17:54:14.836] 
[2026-07-17 17:54:14.836] 
[2026-07-17 17:54:16.193] [0;32mI (20623487) NL_LTPDU: BatchGet 880A64775B01: 6 eps, rsp=120 bytes[0m
[2026-07-17 17:54:16.193] [0;32mI (20623487) TASK_NL: [2] Status changed: on=1 br=14 ct=6500 hu=0 sa=0 eff="*Shuffle*"[0m
[2026-07-17 17:54:16.193] 
[2026-07-17 17:54:16.286] pTopic:switchlink/B0E9FEC6718C/link_to_nanoleaf_property
[2026-07-17 17:54:16.286] pData:{"msgType":"status","deviceId":"880A64775B01","timestamp":1784282056,"endpoints":[{"endpoint":"lb/0/oo","value":true},{"endpoint":"lb/0/pb","value":14},{"endpoint":"lb/0/ct","value":6500},{"endpoint":"lb/0/hu","value":0},{"endpoint":"lb/0/sa","value":0},{"endpoint":"effect/select","value":"*Shuffle*"}]}
[2026-07-17 17:54:16.286] 
[2026-07-17 17:54:17.418] [0;32mI (20624707) NL_LTPDU: BatchGet 3E0AE0494182: 6 eps, rsp=125 bytes[0m
[2026-07-17 17:54:17.418] 
[2026-07-17 17:54:19.370] Nanoleaf MQTT payload: {"msgType":"control","requestID":"836c7058-d0da-42e8-8906-49343c66ae9d","deviceId":"880A64775B01","endpoint":"layout/go","method":"GET","value":""}
[2026-07-17 17:54:19.370] 
[2026-07-17 17:54:19.432] [0;32mI (20626728) NL_LTPDU: SendCmd POST → 880A64775B01 ep=layout/go[0m
[2026-07-17 17:54:19.432] 
[2026-07-17 17:54:19.619] [0;32mI (20626902) TASK_NL: [2] Cmd rsp(2): [0m
[2026-07-17 17:54:19.619] [0;32mI (20626902) NL_MQTT: PublishRespondData: len=193, pushing to MQTT queue[0m
[2026-07-17 17:54:19.619] 
[2026-07-17 17:54:19.727] pTopic:switchlink/B0E9FEC6718C/link_to_nanoleaf_func_resp
[2026-07-17 17:54:19.727] pData:{"msgType":"respond","requestID":"836c7058-d0da-42e8-8906-49343c66ae9d","deviceId":"880A64775B01","success":true,"errorCode":0,"errorMsg":"","endpoints":[{"endpoint":"layout/go","value":"86"}]}
[2026-07-17 17:54:19.727] 
[2026-07-17 17:54:19.804] [0;32mI (20627095) NL_LTPDU: BatchGet 880A64775B01: 6 eps, rsp=120 bytes[0m
[2026-07-17 17:54:19.804] 
[2026-07-17 17:54:21.302] Nanoleaf MQTT payload: {"msgType":"control","requestID":"7c901a5a-ab3d-401a-8970-69588a7739e4","deviceId":"880A64775B01","endpoint":"layout/pd","method":"GET","value":""}
[2026-07-17 17:54:21.302] [0;32mI (20628595) NL_LTPDU: SendCmd POST → 880A64775B01 ep=layout/pd[0m
[2026-07-17 17:54:21.302] 
[2026-07-17 17:54:21.379] [0;32mI (20628656) TASK_NL: [2] Cmd rsp(121): {"layoutData":"AQACAAQCAAIAQwMANK5dAAAAagAAAHQAAAegpwAAAGoAAAAAAAAHAAAAAAAAAAAAVAB4DQAAAAAApQAAAFIA8Aw=","version":"2.0"}[0m
[2026-07-17 17:54:21.379] [0;32mI (20628660) NL_MQTT: PublishRespondData: len=320, pushing to MQTT queue[0m
[2026-07-17 17:54:21.379] 
[2026-07-17 17:54:21.564] pTopic:switchlink/B0E9FEC6718C/link_to_nanoleaf_func_resp
[2026-07-17 17:54:21.564] pData:{"msgType":"respond","requestID":"7c901a5a-ab3d-401a-8970-69588a7739e4","deviceId":"880A64775B01","success":true,"errorCode":0,"errorMsg":"","endpoints":[{"endpoint":"layout/pd","value":"{\"layoutData\":\"AQACAAQCAAIAQwMANK5dAAAAagAAAHQAAAegpwAAAGoAAAAAAAAHAAAAAAAAAAAAVAB4DQAAAAAApQAAAFIA8Aw=\",\"version\":\"2.0\"}"}]}
[2026-07-17 17:54:21.564] [0;32mI (20628862) NL_LTPDU: BatchGet 880A64775B01: 6 eps, rsp=120 bytes[0m
[2026-07-17 17:54:21.564] 
[2026-07-17 17:54:22.291] [0;32mI (20629579) NL_LTPDU: BatchGet 3E0AE0494182: 6 eps, rsp=125 bytes[0m
[2026-07-17 17:54:22.291] 
[2026-07-17 17:54:22.847] free heap: 6301224, minimum free heap: 6040876, Internal 8bit free heap: 72384, 8bit free heap: 6301224The current date/time is: Fri Jul 17 09:54:20 2026
[2026-07-17 17:54:22.847] 
[2026-07-17 17:54:22.847] 
[2026-07-17 17:54:26.465] [0;32mI (20633754) NL_LTPDU: BatchGet 880A64775B01: 6 eps, rsp=120 bytes[0m
[2026-07-17 17:54:26.465] 
[2026-07-17 17:54:27.493] [0;32mI (20634778) NL_LTPDU: BatchGet 3E0AE0494182: 6 eps, rsp=125 bytes[0m
[2026-07-17 17:54:27.493] 
[2026-07-17 17:54:27.585] Nanoleaf MQTT payload: {"msgType":"control","requestID":"5230b7d0-4f66-4f08-b2f0-2f31bda0aa0c","deviceId":"880A64775B01","endpoint":"layout/go","method":"POST","value":"0"}
[2026-07-17 17:54:27.585] [0;32mI (20634878) NL_LTPDU: SendCmd POST → 880A64775B01 ep=layout/go[0m
[2026-07-17 17:54:27.585] 
[2026-07-17 17:54:28.022] pTopic:switchlink/B0E9FEC6718C/link_to_nanoleaf_func_resp
[2026-07-17 17:54:28.022] pData:{"msgType":"respond","requestID":"5230b7d0-4f66-4f08-b2f0-2f31bda0aa0c","deviceId":"880A64775B01","success":true,"errorCode":0,"errorMsg":""}
[2026-07-17 17:54:28.022] 
[2026-07-17 17:54:28.348] [0;32mI (20635639) NL_LTPDU: BatchGet 880A64775B01: 6 eps, rsp=120 bytes[0m
[2026-07-17 17:54:28.348] 
[2026-07-17 17:54:30.017] [0;32mI (20637302) ROUTE_HOOK: Received RIO[0m
[2026-07-17 17:54:30.017] [0;32mI (20637302) ROUTE_HOOK: prefix FDEA:C98F:38B2:1:: lifetime 1800[0m
[2026-07-17 17:54:30.017] 
[2026-07-17 17:54:30.852] free heap: 6301092, minimum free heap: 6040876, Internal 8bit free heap: 72252, 8bit free heap: 6301092The current date/time is: Fri Jul 17 09:54:28 2026
[2026-07-17 17:54:30.852] 
[2026-07-17 17:54:30.852] 
[2026-07-17 17:54:32.598] [0;32mI (20639893) NL_LTPDU: BatchGet 3E0AE0494182: 6 eps, rsp=125 bytes[0m
[2026-07-17 17:54:32.598] 
[2026-07-17 17:54:33.095] [0;32mI (20640385) NL_LTPDU: BatchGet 880A64775B01: 6 eps, rsp=120 bytes[0m
[2026-07-17 17:54:33.095] 
[2026-07-17 17:54:36.664] uart: 11 AT+MOTION 1
[2026-07-17 17:54:36.664] 
[2026-07-17 17:54:36.664] 
[2026-07-17 17:54:36.664] btn on press
[2026-07-17 17:54:36.664] uart: 130 AT+BCDS ff04000206a59fbd9 0010B940B0E9FEC6718C48ca43a5b6dc0F0140200a08974346000000000000ff0d0000000000000000000000000000000000ff01
[2026-07-17 17:54:36.664] 
[2026-07-17 17:54:36.664] 
[2026-07-17 17:54:36.664] 
[2026-07-17 17:54:36.726] pTopic:$aws/rules/bi_wifi_data_report/switchlink/B0E9FEC6718C/link_to_shadow
[2026-07-17 17:54:36.726] pData:BCD ff04000206a59fbd9 0010B940B0E9FEC6718C48ca43a5b6dc0F0140200a08974346000000000000ff0d0000000000000000000000000000000000ff01
[2026-07-17 17:54:36.726] 
[2026-07-17 17:54:37.470] [0;32mI (20644754) NL_LTPDU: BatchGet 3E0AE0494182: 6 eps, rsp=125 bytes[0m
[2026-07-17 17:54:37.470] 
[2026-07-17 17:54:38.352] [0;32mI (20645636) NL_LTPDU: BatchGet 880A64775B01: 6 eps, rsp=120 bytes[0m
[2026-07-17 17:54:38.352] 
[2026-07-17 17:54:38.848] free heap: 6301092, minimum free heap: 6040876, Internal 8bit free heap: 72252, 8bit free heap: 6301092The current date/time is: Fri Jul 17 09:54:36 2026
[2026-07-17 17:54:38.848] 
[2026-07-17 17:54:38.848] 
[2026-07-17 17:54:42.588] [0;32mI (20649880) NL_LTPDU: BatchGet 3E0AE0494182: 6 eps, rsp=125 bytes[0m
[2026-07-17 17:54:42.588] 
[2026-07-17 17:54:43.102] [0;32mI (20650395) NL_LTPDU: BatchGet 880A64775B01: 6 eps, rsp=120 bytes[0m
[2026-07-17 17:54:43.102] 
[2026-07-17 17:54:46.851] free heap: 6301224, minimum free heap: 6040876, Internal 8bit free heap: 72384, 8bit free heap: 6301224The current date/time is: Fri Jul 17 09:54:44 2026
[2026-07-17 17:54:46.851] 
[2026-07-17 17:54:46.851] 
[2026-07-17 17:54:47.746] [0;32mI (20655044) NL_LTPDU: BatchGet 3E0AE0494182: 6 eps, rsp=125 bytes[0m
[2026-07-17 17:54:47.746] 
[2026-07-17 17:54:48.285] [0;32mI (20655567) NL_LTPDU: BatchGet 880A64775B01: 6 eps, rsp=120 bytes[0m
[2026-07-17 17:54:48.285] 
[2026-07-17 17:54:52.901] [0;32mI (20660195) NL_LTPDU: BatchGet 3E0AE0494182: 6 eps, rsp=125 bytes[0m
[2026-07-17 17:54:52.901] 
[2026-07-17 17:54:53.368] [0;32mI (20660658) NL_LTPDU: BatchGet 880A64775B01: 6 eps, rsp=120 bytes[0m
[2026-07-17 17:54:53.368] [0;32mI (20660659) TASK_NL: [2] Status changed: on=0 br=14 ct=6500 hu=0 sa=0 eff="*Shuffle*"[0m
[2026-07-17 17:54:53.368] 
[2026-07-17 17:54:53.507] pTopic:switchlink/B0E9FEC6718C/link_to_nanoleaf_property
[2026-07-17 17:54:53.507] pData:{"msgType":"status","deviceId":"880A64775B01","timestamp":1784282093,"endpoints":[{"endpoint":"lb/0/oo","value":false},{"endpoint":"lb/0/pb","value":14},{"endpoint":"lb/0/ct","value":6500},{"endpoint":"lb/0/hu","value":0},{"endpoint":"lb/0/sa","value":0},{"endpoint":"effect/select","value":"*Shuffle*"}]}
[2026-07-17 17:54:53.507] 
[2026-07-17 17:54:54.852] free heap: 6301200, minimum free heap: 6040876, Internal 8bit free heap: 72384, 8bit free heap: 6301200The current date/time is: Fri Jul 17 09:54:52 2026
[2026-07-17 17:54:54.852] 
[2026-07-17 17:54:54.852] 
[2026-07-17 17:54:57.727] [0;32mI (20665012) NL_LTPDU: BatchGet 3E0AE0494182: 6 eps, rsp=125 bytes[0m
[2026-07-17 17:54:57.727] 
[2026-07-17 17:54:58.254] [0;32mI (20665540) NL_LTPDU: BatchGet 880A64775B01: 6 eps, rsp=120 bytes[0m
[2026-07-17 17:54:58.254] 
[2026-07-17 17:55:02.829] [0;32mI (20670122) NL_LTPDU: BatchGet 3E0AE0494182: 6 eps, rsp=125 bytes[0m
[2026-07-17 17:55:02.829] 
[2026-07-17 17:55:02.875] free heap: 6301180, minimum free heap: 6040876, Internal 8bit free heap: 72340, 8bit free heap: 6301180The current date/time is: Fri Jul 17 09:55:00 2026
[2026-07-17 17:55:02.875] 
[2026-07-17 17:55:02.875] 
[2026-07-17 17:55:03.386] [0;32mI (20670682) NL_LTPDU: BatchGet 880A64775B01: 6 eps, rsp=120 bytes[0m
[2026-07-17 17:55:03.386] 
[2026-07-17 17:55:08.057] [0;32mI (20675347) NL_LTPDU: BatchGet 3E0AE0494182: 6 eps, rsp=125 bytes[0m
[2026-07-17 17:55:08.057] 
[2026-07-17 17:55:08.305] [0;32mI (20675601) NL_LTPDU: BatchGet 880A64775B01: 6 eps, rsp=120 bytes[0m
[2026-07-17 17:55:08.305] 
[2026-07-17 17:55:10.896] free heap: 6301156, minimum free heap: 6040876, Internal 8bit free heap: 72340, 8bit free heap: 6301156The current date/time is: Fri Jul 17 09:55:08 2026
[2026-07-17 17:55:10.896] 
[2026-07-17 17:55:10.896] Nanoleaf MQTT payload: {"msgType":"control","requestID":"31034e84-11b0-4534-b1f9-b8b77380dd24","deviceId":"880A64775B01","endpoint":"ci","method":"POST","value":"{\"command\":\"requestTouchConfig\"}"}
[2026-07-17 17:55:10.896] 
[2026-07-17 17:55:10.941] [0;32mI (20678222) NL_LTPDU: SendCmd POST → 880A64775B01 ep=ci[0m
[2026-07-17 17:55:10.941] 
[2026-07-17 17:55:11.032] [0;32mI (20678276) TASK_NL: [2] Cmd rsp(600): {"touchConfig":{"supportedFeatures":{"systemGestures":["dt","su","sd","sl","sr"],"systemActions":["pwr","bu","bd","ncs","nrs","nrdms","pcs","prs"]},"defaultSystemConfig":{"gestureActions":[{"gesture":"dt","action":null},{"gesture":"su","action":null},{"gesture":"sd","action":null},{"gesture":"sl","action":null},{"gesture":"sr","action":null}]},"userSystemConfig":{"enabled":true,"gestureActions":[{"gesture":"dt","action":null},{"gesture":"su","action":"pwr"},{"gesture":"sd","action":"bu"},{"gesture":"sl","action":"bd"},{"gesture":"sr","action":"nrdms"}],"subscribers":[]},"userPanelConfigs":[]}}[0m
[2026-07-17 17:55:11.032] [0;32mI (20678321) NL_MQTT: PublishRespondData: len=900, pushing to MQTT queue[0m
[2026-07-17 17:55:11.032] 
[2026-07-17 17:55:11.172] pTopic:switchlink/B0E9FEC6718C/link_to_nanoleaf_func_resp
[2026-07-17 17:55:11.172] pData:{"msgType":"respond","requestID":"31034e84-11b0-4534-b1f9-b8b77380dd24","deviceId":"880A64775B01","success":true,"errorCode":0,"errorMsg":"","endpoints":[{"endpoint":"ci","value":"{\"touchConfig\":{\"supportedFeatures\":{\"systemGestures\":[\"dt\",\"su\",\"sd\",\"sl\",\"sr\"],\"systemActions\":[\"pwr\",\"bu\",\"bd\",\"ncs\",\"nrs\",\"nrdms\",\"pcs\",\"prs\"]},\"defaultSystemConfig\":{\"gestureActions\":[{\"gesture\":\"dt\",\"action\":null},{\"gesture\":\"su\",\"action\":null},{\"gesture\":\"sd\",\"action\":null},{\"gesture\":\"sl\",\"action\":null},{\"gesture\":\"sr\",\"action\":null}]},\"userSystemConfig\":{\"enabled\":true,\"gestureActions\":[{\"gesture\":\"dt\",\"action\":null},{\"gesture\":\"su\",\"action\":\"pwr\"},{\"gesture\":\"sd\",\"action\":\"bu\"},{\"gesture\":\"sl\",\"action\":\"bd\"},{\"gesture\":\"sr\",\"action\":\"nrdms\"}],\"subscribers\":[]},\"userPanelConfigs\":[]}}"}]}
[2026-07-17 17:55:11.172] Nanoleaf MQTT payload: {"msgType":"control","requestID":"11a4b8cd-b66f-492d-8321-83a8509ddacc","deviceId":"880A64775B01","endpoint":"ci","method":"POST","value":"{\"command\":\"getTouchKillSwitch\"}"}
[2026-07-17 17:55:11.172] [0;32mI (20678445) NL_LTPDU: BatchGet 880A64775B01: 6 eps, rsp=120 bytes[0m
[2026-07-17 17:55:11.172] 
[2026-07-17 17:55:11.264] [0;32mI (20678562) NL_LTPDU: SendCmd POST → 880A64775B01 ep=ci[0m
[2026-07-17 17:55:11.264] 
[2026-07-17 17:55:11.418] [0;32mI (20678701) TASK_NL: [2] Cmd rsp(27): {"touchKillSwitchOn":false}[0m
[2026-07-17 17:55:11.418] [0;32mI (20678702) NL_MQTT: PublishRespondData: len=213, pushing to MQTT queue[0m
[2026-07-17 17:55:11.418] 
[2026-07-17 17:55:11.557] pTopic:switchlink/B0E9FEC6718C/link_to_nanoleaf_func_resp
[2026-07-17 17:55:11.557] pData:{"msgType":"respond","requestID":"11a4b8cd-b66f-492d-8321-83a8509ddacc","deviceId":"880A64775B01","success":true,"errorCode":0,"errorMsg":"","endpoints":[{"endpoint":"ci","value":"{\"touchKillSwitchOn\":false}"}]}
[2026-07-17 17:55:11.557] 
[2026-07-17 17:55:11.618] [0;32mI (20678902) NL_LTPDU: BatchGet 880A64775B01: 6 eps, rsp=120 bytes[0m
[2026-07-17 17:55:11.618] 
[2026-07-17 17:55:13.082] [0;32mI (20680374) NL_LTPDU: BatchGet 3E0AE0494182: 6 eps, rsp=125 bytes[0m
[2026-07-17 17:55:13.082] 
[2026-07-17 17:55:16.705] [0;32mI (20683996) NL_LTPDU: BatchGet 880A64775B01: 6 eps, rsp=120 bytes[0m
[2026-07-17 17:55:16.705] [0;32mI (20683996) TASK_NL: [2] Status changed: on=1 br=14 ct=6500 hu=0 sa=0 eff="*Shuffle*"[0m
[2026-07-17 17:55:16.705] 
[2026-07-17 17:55:16.828] pTopic:switchlink/B0E9FEC6718C/link_to_nanoleaf_property
[2026-07-17 17:55:16.828] pData:{"msgType":"status","deviceId":"880A64775B01","timestamp":1784282116,"endpoints":[{"endpoint":"lb/0/oo","value":true},{"endpoint":"lb/0/pb","value":14},{"endpoint":"lb/0/ct","value":6500},{"endpoint":"lb/0/hu","value":0},{"endpoint":"lb/0/sa","value":0},{"endpoint":"effect/select","value":"*Shuffle*"}]}
[2026-07-17 17:55:16.828] 
[2026-07-17 17:55:17.849] uart: 11 AT+MOTION 0
[2026-07-17 17:55:17.849] 
[2026-07-17 17:55:17.849] 
[2026-07-17 17:55:17.849] btn on press
[2026-07-17 17:55:17.849] uart: 130 AT+BCDS ff04000206a59fc03 0010B940B0E9FEC6718C48ca43a5b6dc0F0141000a08974346000000000000ff0d0100000000000000000000000000000000ff01
[2026-07-17 17:55:17.849] 
[2026-07-17 17:55:17.849] 
[2026-07-17 17:55:17.849] 
[2026-07-17 17:55:18.049] pTopic:$aws/rules/bi_wifi_data_report/switchlink/B0E9FEC6718C/link_to_shadow
[2026-07-17 17:55:18.049] pData:BCD ff04000206a59fc03 0010B940B0E9FEC6718C48ca43a5b6dc0F0141000a08974346000000000000ff0d0100000000000000000000000000000000ff01
[2026-07-17 17:55:18.049] 
[2026-07-17 17:55:18.249] [0;32mI (20685534) NL_LTPDU: BatchGet 3E0AE0494182: 6 eps, rsp=125 bytes[0m
[2026-07-17 17:55:18.249] 
[2026-07-17 17:55:18.868] free heap: 6301092, minimum free heap: 6040876, Internal 8bit free heap: 72252, 8bit free heap: 6301092The current date/time is: Fri Jul 17 09:55:16 2026
[2026-07-17 17:55:18.868] 
[2026-07-17 17:55:18.868] 
[2026-07-17 17:55:21.573] [0;32mI (20688863) NL_LTPDU: BatchGet 880A64775B01: 6 eps, rsp=120 bytes[0m
[2026-07-17 17:55:21.573] 
[2026-07-17 17:55:23.356] [0;32mI (20690654) NL_LTPDU: BatchGet 3E0AE0494182: 6 eps, rsp=125 bytes[0m
[2026-07-17 17:55:23.356] 
[2026-07-17 17:55:26.695] [0;32mI (20693981) NL_LTPDU: BatchGet 880A64775B01: 6 eps, rsp=120 bytes[0m
[2026-07-17 17:55:26.695] [0;32mI (20693981) TASK_NL: [2] Status changed: on=1 br=34 ct=6500 hu=0 sa=0 eff="*Shuffle*"[0m
[2026-07-17 17:55:26.695] 
[2026-07-17 17:55:26.758] pTopic:switchlink/B0E9FEC6718C/link_to_nanoleaf_property
[2026-07-17 17:55:26.758] pData:{"msgType":"status","deviceId":"880A64775B01","timestamp":1784282126,"endpoints":[{"endpoint":"lb/0/oo","value":true},{"endpoint":"lb/0/pb","value":34},{"endpoint":"lb/0/ct","value":6500},{"endpoint":"lb/0/hu","value":0},{"endpoint":"lb/0/sa","value":0},{"endpoint":"effect/select","value":"*Shuffle*"}]}
[2026-07-17 17:55:26.758] 
[2026-07-17 17:55:26.927] free heap: 6299620, minimum free heap: 6040876, Internal 8bit free heap: 72248, 8bit free heap: 6299620The current date/time is: Fri Jul 17 09:55:24 2026
[2026-07-17 17:55:26.927] 
[2026-07-17 17:55:26.927] 
[2026-07-17 17:55:28.104] [0;32mI (20695396) NL_LTPDU: BatchGet 3E0AE0494182: 6 eps, rsp=125 bytes[0m
[2026-07-17 17:55:28.104] 
[2026-07-17 17:55:31.929] [0;32mI (20699218) NL_LTPDU: BatchGet 880A64775B01: 6 eps, rsp=120 bytes[0m
[2026-07-17 17:55:31.929] 
[2026-07-17 17:55:33.213] [0;32mI (20700511) NL_LTPDU: BatchGet 3E0AE0494182: 6 eps, rsp=125 bytes[0m
[2026-07-17 17:55:33.213] 
[2026-07-17 17:55:34.943] free heap: 6301224, minimum free heap: 6040876, Internal 8bit free heap: 72384, 8bit free heap: 6301224The current date/time is: Fri Jul 17 09:55:32 2026
[2026-07-17 17:55:34.943] 
[2026-07-17 17:55:34.943] 
[2026-07-17 17:55:37.102] [0;32mI (20704382) NL_LTPDU: BatchGet 880A64775B01: 6 eps, rsp=120 bytes[0m
[2026-07-17 17:55:37.102] [0;32mI (20704382) TASK_NL: [2] Status changed: on=0 br=34 ct=6500 hu=0 sa=0 eff="*Shuffle*"[0m
[2026-07-17 17:55:37.102] 
[2026-07-17 17:55:37.274] pTopic:switchlink/B0E9FEC6718C/link_to_nanoleaf_property
[2026-07-17 17:55:37.274] pData:{"msgType":"status","deviceId":"880A64775B01","timestamp":1784282137,"endpoints":[{"endpoint":"lb/0/oo","value":false},{"endpoint":"lb/0/pb","value":34},{"endpoint":"lb/0/ct","value":6500},{"endpoint":"lb/0/hu","value":0},{"endpoint":"lb/0/sa","value":0},{"endpoint":"effect/select","value":"*Shuffle*"}]}
[2026-07-17 17:55:37.274] 
[2026-07-17 17:55:38.416] [0;32mI (20705714) NL_LTPDU: BatchGet 3E0AE0494182: 6 eps, rsp=125 bytes[0m
[2026-07-17 17:55:38.416] 
[2026-07-17 17:55:41.779] [0;32mI (20709066) NL_LTPDU: BatchGet 880A64775B01: 6 eps, rsp=120 bytes[0m
[2026-07-17 17:55:41.779] 
[2026-07-17 17:55:42.939] free heap: 6301224, minimum free heap: 6040876, Internal 8bit free heap: 72384, 8bit free heap: 6301224The current date/time is: Fri Jul 17 09:55:40 2026
[2026-07-17 17:55:42.939] 
[2026-07-17 17:55:42.939] 
[2026-07-17 17:55:43.543] [0;32mI (20710837) NL_LTPDU: BatchGet 3E0AE0494182: 6 eps, rsp=125 bytes[0m
[2026-07-17 17:55:43.543] 
[2026-07-17 17:55:46.884] [0;32mI (20714173) NL_LTPDU: BatchGet 880A64775B01: 6 eps, rsp=120 bytes[0m
[2026-07-17 17:55:46.884] [0;32mI (20714174) TASK_NL: [2] Status changed: on=1 br=34 ct=6500 hu=0 sa=0 eff="*Shuffle*"[0m
[2026-07-17 17:55:46.884] 
[2026-07-17 17:55:46.990] pTopic:switchlink/B0E9FEC6718C/link_to_nanoleaf_property
[2026-07-17 17:55:46.990] pData:{"msgType":"status","deviceId":"880A64775B01","timestamp":1784282146,"endpoints":[{"endpoint":"lb/0/oo","value":true},{"endpoint":"lb/0/pb","value":34},{"endpoint":"lb/0/ct","value":6500},{"endpoint":"lb/0/hu","value":0},{"endpoint":"lb/0/sa","value":0},{"endpoint":"effect/select","value":"*Shuffle*"}]}
[2026-07-17 17:55:46.990] 
[2026-07-17 17:55:49.452] [0;32mI (20716739) NL_LTPDU: BatchGet 3E0AE0494182: 6 eps, rsp=125 bytes[0m
[2026-07-17 17:55:49.452] 
[2026-07-17 17:55:50.942] free heap: 6301156, minimum free heap: 6040876, Internal 8bit free heap: 72340, 8bit free heap: 6301156The current date/time is: Fri Jul 17 09:55:48 2026
[2026-07-17 17:55:50.942] 
[2026-07-17 17:55:50.942] 
[2026-07-17 17:55:54.777] [0;32mI (20722069) NL_LTPDU: BatchGet 880A64775B01: 6 eps, rsp=120 bytes[0m
[2026-07-17 17:55:54.777] 
[2026-07-17 17:55:57.552] [0;32mI (20724805) NL_LTPDU: BatchGet 3E0AE0494182: 6 eps, rsp=125 bytes[0m
[2026-07-17 17:55:57.552] Nanoleaf MQTT payload: {"msgType":"control","requestID":"a3e016f0-ac7f-4c8a-9d76-301c5e3e7e9c","deviceId":"880A64775B01","endpoint":"lb/0/ct","method":"POST","value":6500}
[2026-07-17 17:55:57.552] 
[2026-07-17 17:55:57.630] [0;32mI (20724917) NL_LTPDU: SendCmd POST → 880A64775B01 ep=lb/0/ct[0m
[2026-07-17 17:55:57.630] 
[2026-07-17 17:55:58.714] pTopic:switchlink/B0E9FEC6718C/link_to_nanoleaf_func_resp
[2026-07-17 17:55:58.714] pData:{"msgType":"respond","requestID":"a3e016f0-ac7f-4c8a-9d76-301c5e3e7e9c","deviceId":"880A64775B01","success":true,"errorCode":0,"errorMsg":""}
[2026-07-17 17:55:58.714] 
[2026-07-17 17:55:58.761] [0;32mI (20726043) NL_LTPDU: BatchGet 880A64775B01: 6 eps, rsp=118 bytes[0m
[2026-07-17 17:55:58.761] [0;32mI (20726043) TASK_NL: [2] Status changed: on=1 br=34 ct=6500 hu=48 sa=2 eff="*Solid*"[0m
[2026-07-17 17:55:58.761] 
[2026-07-17 17:55:58.946] pTopic:switchlink/B0E9FEC6718C/link_to_nanoleaf_property
[2026-07-17 17:55:58.946] pData:{"msgType":"status","deviceId":"880A64775B01","timestamp":1784282158,"endpoints":[{"endpoint":"lb/0/oo","value":true},{"endpoint":"lb/0/pb","value":34},{"endpoint":"lb/0/ct","value":6500},{"endpoint":"lb/0/hu","value":48},{"endpoint":"lb/0/sa","value":2},{"endpoint":"effect/select","value":"*Solid*"}]}
[2026-07-17 17:55:58.946] free heap: 6298292, minimum free heap: 6040876, Internal 8bit free heap: 72384, 8bit free heap: 6298292The current date/time is: Fri Jul 17 09:55:56 2026
[2026-07-17 17:55:58.946] 
[2026-07-17 17:55:58.946] 
[2026-07-17 17:56:00.156] [0;32mI (20727447) NL_LTPDU: BatchGet 3E0AE0494182: 6 eps, rsp=125 bytes[0m
[2026-07-17 17:56:00.156] 
[2026-07-17 17:56:03.861] [0;32mI (20731152) NL_LTPDU: BatchGet 880A64775B01: 6 eps, rsp=118 bytes[0m
[2026-07-17 17:56:03.861] [0;32mI (20731152) TASK_NL: [2] Status changed: on=0 br=34 ct=6500 hu=48 sa=2 eff="*Solid*"[0m
[2026-07-17 17:56:03.861] 
[2026-07-17 17:56:04.002] pTopic:switchlink/B0E9FEC6718C/link_to_nanoleaf_property
[2026-07-17 17:56:04.002] pData:{"msgType":"status","deviceId":"880A64775B01","timestamp":1784282163,"endpoints":[{"endpoint":"lb/0/oo","value":false},{"endpoint":"lb/0/pb","value":34},{"endpoint":"lb/0/ct","value":6500},{"endpoint":"lb/0/hu","value":48},{"endpoint":"lb/0/sa","value":2},{"endpoint":"effect/select","value":"*Solid*"}]}
[2026-07-17 17:56:04.002] 
[2026-07-17 17:56:05.239] [0;32mI (20732534) NL_LTPDU: BatchGet 3E0AE0494182: 6 eps, rsp=125 bytes[0m
[2026-07-17 17:56:05.239] 
[2026-07-17 17:56:06.957] free heap: 6301092, minimum free heap: 6040876, Internal 8bit free heap: 72252, 8bit free heap: 6301092The current date/time is: Fri Jul 17 09:56:04 2026
[2026-07-17 17:56:06.957] 
[2026-07-17 17:56:06.957] 
[2026-07-17 17:56:08.780] [0;32mI (20736073) NL_LTPDU: BatchGet 880A64775B01: 6 eps, rsp=118 bytes[0m
[2026-07-17 17:56:08.780] 
[2026-07-17 17:56:10.039] [0;32mI (20737328) NL_LTPDU: BatchGet 3E0AE0494182: 6 eps, rsp=125 bytes[0m
[2026-07-17 17:56:10.039] 
[2026-07-17 17:56:13.984] [0;32mI (20741269) NL_LTPDU: BatchGet 880A64775B01: 6 eps, rsp=118 bytes[0m
[2026-07-17 17:56:13.984] 
[2026-07-17 17:56:14.386] Nanoleaf MQTT payload: {"msgType":"control","requestID":"40541235-6a1b-4b49-be67-51f6d50b4b59","deviceId":"880A64775B01","endpoint":"ci","method":"POST","value":"{\"command\":\"getTouchKillSwitch\"}"}
[2026-07-17 17:56:14.386] [0;32mI (20741670) NL_LTPDU: SendCmd POST → 880A64775B01 ep=ci[0m
[2026-07-17 17:56:14.386] 
[2026-07-17 17:56:14.526] [0;32mI (20741788) TASK_NL: [2] Cmd rsp(27): {"touchKillSwitchOn":false}[0m
[2026-07-17 17:56:14.526] [0;32mI (20741789) NL_MQTT: PublishRespondData: len=213, pushing to MQTT queue[0m
[2026-07-17 17:56:14.526] pTopic:switchlink/B0E9FEC6718C/link_to_nanoleaf_func_resp
[2026-07-17 17:56:14.526] pData:{"msgType":"respond","requestID":"40541235-6a1b-4b49-be67-51f6d50b4b59","deviceId":"880A64775B01","success":true,"errorCode":0,"errorMsg":"","endpoints":[{"endpoint":"ci","value":"{\"touchKillSwitchOn\":false}"}]}
[2026-07-17 17:56:14.526] 
[2026-07-17 17:56:14.572] Nanoleaf MQTT payload: {"msgType":"control","requestID":"831f028c-024f-4da9-a3f1-bce6647206bb","deviceId":"880A64775B01","endpoint":"ci","method":"POST","value":"{\"command\":\"requestTouchConfig\"}"}
[2026-07-17 17:56:14.572] 
[2026-07-17 17:56:14.818] [0;32mI (20742111) NL_LTPDU: BatchGet 880A64775B01: 6 eps, rsp=118 bytes[0m
[2026-07-17 17:56:14.818] 
[2026-07-17 17:56:15.004] [0;32mI (20742211) NL_LTPDU: SendCmd POST → 880A64775B01 ep=ci[0m
[2026-07-17 17:56:15.004] [0;32mI (20742233) TASK_NL: [2] Cmd rsp(600): {"touchConfig":{"supportedFeatures":{"systemGestures":["dt","su","sd","sl","sr"],"systemActions":["pwr","bu","bd","ncs","nrs","nrdms","pcs","prs"]},"defaultSystemConfig":{"gestureActions":[{"gesture":"dt","action":null},{"gesture":"su","action":null},{"gesture":"sd","action":null},{"gesture":"sl","action":null},{"gesture":"sr","action":null}]},"userSystemConfig":{"enabled":true,"gestureActions":[{"gesture":"dt","action":null},{"gesture":"su","action":"pwr"},{"gesture":"sd","action":"bu"},{"gesture":"sl","action":"bd"},{"gesture":"sr","action":"nrdms"}],"subscribers":[]},"userPanelConfigs":[]}}[0m
[2026-07-17 17:56:15.004] [0;32mI (20742279) NL_MQTT: PublishRespondData: len=900, pushing to MQTT queue[0m
[2026-07-17 17:56:15.004] free heap: 6246232, minimum free heap: 6040876, Internal 8bit free heap: 72212, 8bit free heap: 6246232The current date/time is: Fri Jul 17 09:56:12 2026
[2026-07-17 17:56:15.004] 
[2026-07-17 17:56:15.004] 
[2026-07-17 17:56:15.204] pTopic:switchlink/B0E9FEC6718C/link_to_nanoleaf_func_resp
[2026-07-17 17:56:15.204] pData:{"msgType":"respond","requestID":"831f028c-024f-4da9-a3f1-bce6647206bb","deviceId":"880A64775B01","success":true,"errorCode":0,"errorMsg":"","endpoints":[{"endpoint":"ci","value":"{\"touchConfig\":{\"supportedFeatures\":{\"systemGestures\":[\"dt\",\"su\",\"sd\",\"sl\",\"sr\"],\"systemActions\":[\"pwr\",\"bu\",\"bd\",\"ncs\",\"nrs\",\"nrdms\",\"pcs\",\"prs\"]},\"defaultSystemConfig\":{\"gestureActions\":[{\"gesture\":\"dt\",\"action\":null},{\"gesture\":\"su\",\"action\":null},{\"gesture\":\"sd\",\"action\":null},{\"gesture\":\"sl\",\"action\":null},{\"gesture\":\"sr\",\"action\":null}]},\"userSystemConfig\":{\"enabled\":true,\"gestureActions\":[{\"gesture\":\"dt\",\"action\":null},{\"gesture\":\"su\",\"action\":\"pwr\"},{\"gesture\":\"sd\",\"action\":\"bu\"},{\"gesture\":\"sl\",\"action\":\"bd\"},{\"gesture\":\"sr\",\"action\":\"nrdms\"}],\"subscribers\":[]},\"userPanelConfigs\":[]}}"}]}
[2026-07-17 17:56:15.204] [0;32mI (20742476) NL_LTPDU: BatchGet 3E0AE0494182: 6 eps, rsp=125 bytes[0m
[2026-07-17 17:56:15.204] 
[2026-07-17 17:56:15.251] [0;32mI (20742546) NL_LTPDU: BatchGet 880A64775B01: 6 eps, rsp=118 bytes[0m
[2026-07-17 17:56:15.251] 
[2026-07-17 17:56:20.309] [0;32mI (20747594) NL_LTPDU: BatchGet 3E0AE0494182: 6 eps, rsp=125 bytes[0m
[2026-07-17 17:56:20.309] 
[2026-07-17 17:56:20.401] [0;32mI (20747687) NL_LTPDU: BatchGet 880A64775B01: 6 eps, rsp=118 bytes[0m
[2026-07-17 17:56:20.401] 
[2026-07-17 17:56:23.027] free heap: 6301224, minimum free heap: 6040876, Internal 8bit free heap: 72384, 8bit free heap: 6301224The current date/time is: Fri Jul 17 09:56:20 2026
[2026-07-17 17:56:23.027] 
[2026-07-17 17:56:23.027] 
[2026-07-17 17:56:25.190] [0;32mI (20752443) NL_LTPDU: BatchGet 3E0AE0494182: 6 eps, rsp=125 bytes[0m
[2026-07-17 17:56:25.190] [0;32mI (20752480) NL_LTPDU: BatchGet 880A64775B01: 6 eps, rsp=118 bytes[0m
[2026-07-17 17:56:25.190] [0;32mI (20752480) TASK_NL: [2] Status changed: on=1 br=34 ct=6500 hu=48 sa=2 eff="*Solid*"[0m
[2026-07-17 17:56:25.190] 
[2026-07-17 17:56:25.312] pTopic:switchlink/B0E9FEC6718C/link_to_nanoleaf_property
[2026-07-17 17:56:25.312] pData:{"msgType":"status","deviceId":"880A64775B01","timestamp":1784282185,"endpoints":[{"endpoint":"lb/0/oo","value":true},{"endpoint":"lb/0/pb","value":34},{"endpoint":"lb/0/ct","value":6500},{"endpoint":"lb/0/hu","value":48},{"endpoint":"lb/0/sa","value":2},{"endpoint":"effect/select","value":"*Solid*"}]}
[2026-07-17 17:56:25.312] 
[2026-07-17 17:56:30.397] [0;32mI (20757667) NL_LTPDU: BatchGet 3E0AE0494182: 6 eps, rsp=125 bytes[0m
[2026-07-17 17:56:30.397] [0;32mI (20757699) NL_LTPDU: BatchGet 880A64775B01: 6 eps, rsp=118 bytes[0m
[2026-07-17 17:56:30.397] 
[2026-07-17 17:56:31.017] free heap: 6301200, minimum free heap: 6040876, Internal 8bit free heap: 72384, 8bit free heap: 6301200The current date/time is: Fri Jul 17 09:56:28 2026
[2026-07-17 17:56:31.017] 
[2026-07-17 17:56:31.017] 
[2026-07-17 17:56:35.565] [0;32mI (20762823) NL_LTPDU: BatchGet 3E0AE0494182: 6 eps, rsp=125 bytes[0m
[2026-07-17 17:56:35.565] [0;32mI (20762848) NL_LTPDU: BatchGet 880A64775B01: 6 eps, rsp=118 bytes[0m
[2026-07-17 17:56:35.565] [0;32mI (20762849) TASK_NL: [2] Status changed: on=0 br=34 ct=6500 hu=48 sa=2 eff="*Solid*"[0m
[2026-07-17 17:56:35.565] 
[2026-07-17 17:56:35.644] pTopic:switchlink/B0E9FEC6718C/link_to_nanoleaf_property
[2026-07-17 17:56:35.644] pData:{"msgType":"status","deviceId":"880A64775B01","timestamp":1784282195,"endpoints":[{"endpoint":"lb/0/oo","value":false},{"endpoint":"lb/0/pb","value":34},{"endpoint":"lb/0/ct","value":6500},{"endpoint":"lb/0/hu","value":48},{"endpoint":"lb/0/sa","value":2},{"endpoint":"effect/select","value":"*Solid*"}]}
[2026-07-17 17:56:35.644] 
[2026-07-17 17:56:39.017] free heap: 6301224, minimum free heap: 6040876, Internal 8bit free heap: 72384, 8bit free heap: 6301224The current date/time is: Fri Jul 17 09:56:36 2026
[2026-07-17 17:56:39.017] 
[2026-07-17 17:56:39.017] 
[2026-07-17 17:56:40.322] [0;32mI (20767615) NL_LTPDU: BatchGet 3E0AE0494182: 6 eps, rsp=125 bytes[0m
[2026-07-17 17:56:40.322] [0;32mI (20767626) NL_LTPDU: BatchGet 880A64775B01: 6 eps, rsp=118 bytes[0m
[2026-07-17 17:56:40.322] 
[2026-07-17 17:56:45.858] [0;32mI (20773133) NL_LTPDU: BatchGet 3E0AE0494182: 6 eps, rsp=125 bytes[0m
[2026-07-17 17:56:45.858] [0;32mI (20773161) NL_LTPDU: BatchGet 880A64775B01: 6 eps, rsp=118 bytes[0m
[2026-07-17 17:56:45.858] 
[2026-07-17 17:56:47.033] free heap: 6301224, minimum free heap: 6040876, Internal 8bit free heap: 72384, 8bit free heap: 6301224The current date/time is: Fri Jul 17 09:56:44 2026
[2026-07-17 17:56:47.033] 
[2026-07-17 17:56:47.033] 
[2026-07-17 17:56:50.734] [0;32mI (20778028) NL_LTPDU: BatchGet 3E0AE0494182: 6 eps, rsp=125 bytes[0m
[2026-07-17 17:56:50.734] 
[2026-07-17 17:56:51.028] [0;32mI (20778315) NL_LTPDU: BatchGet 880A64775B01: 6 eps, rsp=118 bytes[0m
[2026-07-17 17:56:51.028] [0;32mI (20778315) TASK_NL: [2] Status changed: on=1 br=34 ct=6500 hu=48 sa=2 eff="*Solid*"[0m
[2026-07-17 17:56:51.028] 
[2026-07-17 17:56:51.200] pTopic:switchlink/B0E9FEC6718C/link_to_nanoleaf_property
[2026-07-17 17:56:51.200] pData:{"msgType":"status","deviceId":"880A64775B01","timestamp":1784282211,"endpoints":[{"endpoint":"lb/0/oo","value":true},{"endpoint":"lb/0/pb","value":34},{"endpoint":"lb/0/ct","value":6500},{"endpoint":"lb/0/hu","value":48},{"endpoint":"lb/0/sa","value":2},{"endpoint":"effect/select","value":"*Solid*"}]}
[2026-07-17 17:56:51.200] 
[2026-07-17 17:56:55.039] free heap: 6301224, minimum free heap: 6040876, Internal 8bit free heap: 72384, 8bit free heap: 6301224The current date/time is: Fri Jul 17 09:56:52 2026
[2026-07-17 17:56:55.039] 
[2026-07-17 17:56:55.039] 
[2026-07-17 17:56:55.737] [0;32mI (20783018) NL_LTPDU: BatchGet 3E0AE0494182: 6 eps, rsp=125 bytes[0m
[2026-07-17 17:56:55.737] [0;32mI (20783039) NL_LTPDU: BatchGet 880A64775B01: 6 eps, rsp=118 bytes[0m
[2026-07-17 17:56:55.737] 
[2026-07-17 17:57:00.570] [0;32mI (20787860) NL_LTPDU: BatchGet 3E0AE0494182: 6 eps, rsp=125 bytes[0m
[2026-07-17 17:57:00.570] 
[2026-07-17 17:57:00.955] [0;32mI (20788249) NL_LTPDU: BatchGet 880A64775B01: 6 eps, rsp=118 bytes[0m
[2026-07-17 17:57:00.955] 
[2026-07-17 17:57:02.006] uart: 9 AT+STATUS
[2026-07-17 17:57:02.006] 
[2026-07-17 17:57:02.006] 
[2026-07-17 17:57:02.006] wifi status is 5 1 2
[2026-07-17 17:57:02.006] 
[2026-07-17 17:57:02.006] wifi ipv4 info:
[2026-07-17 17:57:02.006] 
[2026-07-17 17:57:02.006] 192.168.50.200.
[2026-07-17 17:57:02.006] 
[2026-07-17 17:57:02.006] 255.255.255.0.
[2026-07-17 17:57:02.006] 
[2026-07-17 17:57:02.006] 192.168.50.1.
[2026-07-17 17:57:02.006] 
[2026-07-17 17:57:02.006] 
[2026-07-17 17:57:02.115] uart: 10 AT+GET_UTC
[2026-07-17 17:57:02.115] 
[2026-07-17 17:57:02.115] 
[2026-07-17 17:57:02.115] utc 3, 6a
[2026-07-17 17:57:02.115] 
[2026-07-17 17:57:02.115] utc 2, 59
[2026-07-17 17:57:02.115] 
[2026-07-17 17:57:02.115] utc 1, fc
[2026-07-17 17:57:02.115] 
[2026-07-17 17:57:02.115] utc 0, 6b
[2026-07-17 17:57:02.115] 
[2026-07-17 17:57:02.115] UTC : 6a59fc6b
[2026-07-17 17:57:02.115] 
[2026-07-17 17:57:02.115] 
[2026-07-17 17:57:03.027] free heap: 6301224, minimum free heap: 6040876, Internal 8bit free heap: 72384, 8bit free heap: 6301224The current date/time is: Fri Jul 17 09:57:00 2026
[2026-07-17 17:57:03.027] 
[2026-07-17 17:57:03.027] 
[2026-07-17 17:57:05.685] [0;32mI (20792961) NL_LTPDU: BatchGet 3E0AE0494182: 6 eps, rsp=125 bytes[0m
[2026-07-17 17:57:05.685] [0;32mI (20792984) NL_LTPDU: BatchGet 880A64775B01: 6 eps, rsp=118 bytes[0m
[2026-07-17 17:57:05.685] 
[2026-07-17 17:57:10.886] [0;32mI (20798174) NL_LTPDU: BatchGet 3E0AE0494182: 6 eps, rsp=125 bytes[0m
[2026-07-17 17:57:10.886] 
[2026-07-17 17:57:10.948] [0;32mI (20798234) NL_LTPDU: BatchGet 880A64775B01: 6 eps, rsp=118 bytes[0m
[2026-07-17 17:57:10.948] 
[2026-07-17 17:57:11.041] free heap: 6301156, minimum free heap: 6040876, Internal 8bit free heap: 72340, 8bit free heap: 6301156The current date/time is: Fri Jul 17 09:57:08 2026
[2026-07-17 17:57:11.041] 
[2026-07-17 17:57:11.041] 
[2026-07-17 17:57:15.062] [0;32mI (20802356) TASK_NL: [1] RetryWait done, trigger scan for reconnect[0m
[2026-07-17 17:57:15.062] [0;32mI (20802356) TASK_NL: ExecuteScan: trigger=retry_recover[0m
[2026-07-17 17:57:15.062] 
[2026-07-17 17:57:16.609] [0;32mI (20803906) ROUTE_HOOK: Received RIO[0m
[2026-07-17 17:57:16.609] [0;32mI (20803906) ROUTE_HOOK: prefix FDEA:C98F:38B2:1:: lifetime 1800[0m
[2026-07-17 17:57:16.609] 
[2026-07-17 17:57:18.182] [0;32mI (20805422) TASK_NL: Scan[0]: name=4D FEB8 ip=192.168.50.160 id=6A:76:B9:5F:D1:DB model=NL69 fw=12.3.6[0m
[2026-07-17 17:57:18.182] [0;32mI (20805423) TASK_NL: Scan[1]: name=Elements 88E6 ip=192.168.50.16 id=46:05:52:25:FA:A6 model=NL52 fw=12.2.3[0m
[2026-07-17 17:57:18.182] [0;32mI (20805432) TASK_NL: Scan[2]: name=Lines B5D2 ip=192.168.50.201 id=3E:0A:E0:49:41:82 model=NL59 fw=12.2.3[0m
[2026-07-17 17:57:18.182] [0;32mI (20805442) TASK_NL: Scan[3]: name=Shapes 2201 ip=192.168.50.119 id=88:0A:64:77:5B:01 model=NL42 fw=12.1.1[0m
[2026-07-17 17:57:18.182] [0;32mI (20805453) TASK_NL: Scan matched [1] 6A76B95FD1DB at 192.168.50.160 (name=4D FEB8)[0m
[2026-07-17 17:57:18.182] [0;32mI (20805462) TASK_NL: ExecuteScan: found 4 devices, publishing[0m
[2026-07-17 17:57:18.182] 
[2026-07-17 17:57:18.321] pTopic:switchlink/B0E9FEC6718C/link_to_nanoleaf_maint
[2026-07-17 17:57:18.321] pData:{"msgType":"nanoleaf_scan","trigger":"retry_recover","timestamp":1784282238,"managed":{"total":3,"devices":[{"deviceId":"3E0AE0494182","clientId":1,"state":"active","online":1},{"deviceId":"6A76B95FD1DB","clientId":1,"state":"auth","online":0},{"deviceId":"880A64775B01","clientId":1,"state":"active","online":1}]},"devices":[{"deviceId":"6A:76:B9:5F:D1:DB","ip":"192.168.50.160","port":12566,"model":"NL69","firmware":"12.3.6"},{"deviceId":"46:05:52:25:FA:A6","ip":"192.168.50.16","port":12566,"model":"NL52","firmware":"12.2.3"},{"deviceId":"3E:0A:E0:49:41:82","ip":"192.168.50.201","port":12566,"model":"NL59","firmware":"12.2.3"},{"deviceId":"88:0A:64:77:5B:01","ip":"192.168.50.119","port":12566,"model":"NL42","firmware":"12.1.1"}]}
[2026-07-17 17:57:18.321] 
[2026-07-17 17:57:18.367] [0;32mI (20805661) NL_LTPDU: BatchGet 3E0AE0494182: 6 eps, rsp=125 bytes[0m
[2026-07-17 17:57:18.367] 
[2026-07-17 17:57:18.568] [0;32mI (20805855) NL_LTPDU: BatchGet 880A64775B01: 6 eps, rsp=118 bytes[0m
[2026-07-17 17:57:18.568] [0;32mI (20805855) TASK_NL: [2] Status changed: on=0 br=34 ct=6500 hu=48 sa=2 eff="*Solid*"[0m
[2026-07-17 17:57:18.568] [0;32mI (20805859) NL_LTPDU: SRP reconnect: device=4D FEB8 clientId=1[0m
[2026-07-17 17:57:18.568] 
[2026-07-17 17:57:18.615] [0;32mI (20805902) NL_LTPDU:   pubA[0:4]=6D54E63D[0m
[2026-07-17 17:57:18.615] 
[2026-07-17 17:57:18.677] [0;32mI (20805969) NL_LTPDU: TCP connected to 192.168.50.160:12566[0m
[2026-07-17 17:57:18.677] 
[2026-07-17 17:57:18.738] pTopic:switchlink/B0E9FEC6718C/link_to_nanoleaf_property
[2026-07-17 17:57:18.738] pData:{"msgType":"status","deviceId":"880A64775B01","timestamp":1784282238,"endpoints":[{"endpoint":"lb/0/oo","value":false},{"endpoint":"lb/0/pb","value":34},{"endpoint":"lb/0/ct","value":6500},{"endpoint":"lb/0/hu","value":48},{"endpoint":"lb/0/sa","value":2},{"endpoint":"effect/select","value":"*Solid*"}]}
[2026-07-17 17:57:18.738] 
[2026-07-17 17:57:19.108] [0;32mI (20806366) NL_LTPDU:   step1 rsp: salt len=4, salt[0:4]=A37B187D[0m
[2026-07-17 17:57:19.108] [0;32mI (20806367) NL_LTPDU:   step1 rsp: B[0:4]=2A5A5B5F, B len=256[0m
[2026-07-17 17:57:19.108] [0;32mI (20806369) NL_LTPDU:   session_version: len=0 val=FFFF[0m
[2026-07-17 17:57:19.108] [0;32mI (20806375) NL_SRP:   k[0:8]=4CBA3FB2923E01FB[0m
[2026-07-17 17:57:19.108] [0;32mI (20806380) NL_SRP:   szA=256, szB=256[0m
[2026-07-17 17:57:19.108] free heap: 6298308, minimum free heap: 6040876, Internal 8bit free heap: 72216, 8bit free heap: 6298308[0;32mI (20806385) NL_SRP:   u[0:8]=9016F9F62B2B0270[0m
[2026-07-17 17:57:19.108] The current date/time is: Fri Jul 17 09:57:16 2026
[2026-07-17 17:57:19.108] 
[2026-07-17 17:57:19.108] [0;32mI (20806399) NL_SRP:   x[0:8]=FB42AEB85A069125[0m
[2026-07-17 17:57:19.108] 
[2026-07-17 17:57:19.216] [0;32mI (20806502) NL_SRP: SrpComputeSecret OK[0m
[2026-07-17 17:57:19.216] [0;32mI (20806502) NL_LTPDU:   SrpComputeSecret OK[0m
[2026-07-17 17:57:19.216] 
[2026-07-17 17:57:19.247] [0;31mE (20806545) NL_LTPDU: SRP step2: missing/invalid M2[0m
[2026-07-17 17:57:19.247] [0;33mW (20806546) TASK_NL: [1] Auth failed (err=5, retry=1/3)[0m
[2026-07-17 17:57:19.247] 
[2026-07-17 17:57:19.292] [0;32mI (20806582) NL_LTPDU: SRP reconnect: device=4D FEB8 clientId=1[0m
[2026-07-17 17:57:19.292] 
[2026-07-17 17:57:19.354] [0;32mI (20806618) NL_LTPDU:   pubA[0:4]=6ED91322[0m
[2026-07-17 17:57:19.354] [0;32mI (20806646) NL_LTPDU: TCP connected to 192.168.50.160:12566[0m
[2026-07-17 17:57:19.354] 
[2026-07-17 17:57:19.821] [0;32mI (20807081) NL_LTPDU:   step1 rsp: salt len=4, salt[0:4]=D62482B2[0m
[2026-07-17 17:57:19.821] [0;32mI (20807082) NL_LTPDU:   step1 rsp: B[0:4]=2F8C665B, B len=256[0m
[2026-07-17 17:57:19.821] [0;32mI (20807084) NL_LTPDU:   session_version: len=0 val=FFFF[0m
[2026-07-17 17:57:19.821] [0;32mI (20807090) NL_SRP:   k[0:8]=4CBA3FB2923E01FB[0m
[2026-07-17 17:57:19.821] [0;32mI (20807095) NL_SRP:   szA=256, szB=256[0m
[2026-07-17 17:57:19.821] [0;32mI (20807100) NL_SRP:   u[0:8]=86CA44D076E5E1FA[0m
[2026-07-17 17:57:19.821] [0;32mI (20807105) NL_SRP:   x[0:8]=DD74968EC50FE5B4[0m
[2026-07-17 17:57:19.821] 
[2026-07-17 17:57:19.913] [0;32mI (20807202) NL_SRP: SrpComputeSecret OK[0m
[2026-07-17 17:57:19.913] [0;32mI (20807202) NL_LTPDU:   SrpComputeSecret OK[0m
[2026-07-17 17:57:19.913] 
[2026-07-17 17:57:19.960] [0;31mE (20807244) NL_LTPDU: SRP step2: missing/invalid M2[0m
[2026-07-17 17:57:19.960] [0;33mW (20807245) TASK_NL: [1] Auth failed (err=5, retry=2/3)[0m
[2026-07-17 17:57:19.960] 
[2026-07-17 17:57:23.612] [0;32mI (20810901) NL_LTPDU: BatchGet 3E0AE0494182: 6 eps, rsp=125 bytes[0m
[2026-07-17 17:57:23.612] 
[2026-07-17 17:57:23.814] [0;32mI (20811105) NL_LTPDU: BatchGet 880A64775B01: 6 eps, rsp=118 bytes[0m
[2026-07-17 17:57:23.814] [0;32mI (20811106) TASK_NL: [2] Status changed: on=1 br=34 ct=6500 hu=48 sa=2 eff="*Solid*"[0m
[2026-07-17 17:57:23.814] 
[2026-07-17 17:57:24.014] pTopic:switchlink/B0E9FEC6718C/link_to_nanoleaf_property
[2026-07-17 17:57:24.014] pData:{"msgType":"status","deviceId":"880A64775B01","timestamp":1784282243,"endpoints":[{"endpoint":"lb/0/oo","value":true},{"endpoint":"lb/0/pb","value":34},{"endpoint":"lb/0/ct","value":6500},{"endpoint":"lb/0/hu","value":48},{"endpoint":"lb/0/sa","value":2},{"endpoint":"effect/select","value":"*Solid*"}]}
[2026-07-17 17:57:24.014] 
[2026-07-17 17:57:27.141] free heap: 6300796, minimum free heap: 6040876, Internal 8bit free heap: 72380, 8bit free heap: 6300796The current date/time is: Fri Jul 17 09:57:24 2026
[2026-07-17 17:57:27.141] 
[2026-07-17 17:57:27.141] 
[2026-07-17 17:57:28.351] [0;32mI (20815643) NL_LTPDU: BatchGet 3E0AE0494182: 6 eps, rsp=125 bytes[0m
[2026-07-17 17:57:28.351] 
[2026-07-17 17:57:28.413] [0;32mI (20815700) NL_LTPDU: BatchGet 880A64775B01: 6 eps, rsp=118 bytes[0m
[2026-07-17 17:57:28.413] [0;32mI (20815701) TASK_NL: [2] Status changed: on=0 br=34 ct=6500 hu=48 sa=2 eff="*Solid*"[0m
[2026-07-17 17:57:28.413] 
[2026-07-17 17:57:28.474] pTopic:switchlink/B0E9FEC6718C/link_to_nanoleaf_property
[2026-07-17 17:57:28.474] pData:{"msgType":"status","deviceId":"880A64775B01","timestamp":1784282248,"endpoints":[{"endpoint":"lb/0/oo","value":false},{"endpoint":"lb/0/pb","value":34},{"endpoint":"lb/0/ct","value":6500},{"endpoint":"lb/0/hu","value":48},{"endpoint":"lb/0/sa","value":2},{"endpoint":"effect/select","value":"*Solid*"}]}
[2026-07-17 17:57:28.474] 
[2026-07-17 17:57:30.774] [0;32mI (20818026) NL_LTPDU: SRP reconnect: device=4D FEB8 clientId=1[0m
[2026-07-17 17:57:30.774] [0;32mI (20818062) NL_LTPDU:   pubA[0:4]=155BFEE4[0m
[2026-07-17 17:57:30.774] [0;32mI (20818077) NL_LTPDU: TCP connected to 192.168.50.160:12566[0m
[2026-07-17 17:57:30.774] 
[2026-07-17 17:57:31.192] [0;32mI (20818458) NL_LTPDU:   step1 rsp: salt len=4, salt[0:4]=065F8B1D[0m
[2026-07-17 17:57:31.192] [0;32mI (20818458) NL_LTPDU:   step1 rsp: B[0:4]=0CBE04F2, B len=256[0m
[2026-07-17 17:57:31.192] [0;32mI (20818461) NL_LTPDU:   session_version: len=0 val=FFFF[0m
[2026-07-17 17:57:31.192] [0;32mI (20818467) NL_SRP:   k[0:8]=4CBA3FB2923E01FB[0m
[2026-07-17 17:57:31.192] [0;32mI (20818472) NL_SRP:   szA=256, szB=256[0m
[2026-07-17 17:57:31.192] [0;32mI (20818476) NL_SRP:   u[0:8]=E9623FE1C39CA2CC[0m
[2026-07-17 17:57:31.192] [0;32mI (20818481) NL_SRP:   x[0:8]=EA2AC8AC3D769EE6[0m
[2026-07-17 17:57:31.192] 
[2026-07-17 17:57:31.286] [0;32mI (20818580) NL_SRP: SrpComputeSecret OK[0m
[2026-07-17 17:57:31.286] [0;32mI (20818580) NL_LTPDU:   SrpComputeSecret OK[0m
[2026-07-17 17:57:31.286] 
[2026-07-17 17:57:31.349] [0;31mE (20818633) NL_LTPDU: SRP step2: missing/invalid M2[0m
[2026-07-17 17:57:31.349] [0;33mW (20818634) TASK_NL: [1] Auth failed (err=5, retry=3/3)[0m
[2026-07-17 17:57:31.349] 
[2026-07-17 17:57:31.518] pTopic:switchlink/B0E9FEC6718C/link_to_nanoleaf_property
[2026-07-17 17:57:31.518] pData:{"msgType":"online","deviceId":"6A76B95FD1DB","timestamp":1784282251,"online":false,"reason":"auth_failed"}
[2026-07-17 17:57:31.518] 
[2026-07-17 17:57:32.444] Nanoleaf MQTT payload: {"msgType":"control","requestID":"09575410-d949-435b-a989-bd1535976e37","deviceId":"880A64775B01","endpoint":"ci","method":"POST","value":"{\"touchConfig\":{\"userSystemConfig\":{\"enabled\":true,\"gestureActions\":[{\"gesture\":\"su\",\"action\":\"pwr\"},{\"gesture\":\"sd\",\"action\":\"bu\"},{\"gesture\":\"sl\",\"action\":\"bd\"},{\"gesture\":\"sr\",\"action\":\"ncs\"}]}},\"command\":\"configureTouch\"}"}
[2026-07-17 17:57:32.444] 
[2026-07-17 17:57:32.537] [0;32mI (20819826) NL_LTPDU: SendCmd POST → 880A64775B01 ep=ci[0m
[2026-07-17 17:57:32.537] 
[2026-07-17 17:57:32.938] pTopic:switchlink/B0E9FEC6718C/link_to_nanoleaf_func_resp
[2026-07-17 17:57:32.938] pData:{"msgType":"respond","requestID":"09575410-d949-435b-a989-bd1535976e37","deviceId":"880A64775B01","success":true,"errorCode":0,"errorMsg":""}
[2026-07-17 17:57:32.938] [0;32mI (20820228) NL_LTPDU: BatchGet 880A64775B01: 6 eps, rsp=118 bytes[0m
[2026-07-17 17:57:32.938] 
[2026-07-17 17:57:33.513] [0;32mI (20820804) NL_LTPDU: BatchGet 3E0AE0494182: 6 eps, rsp=125 bytes[0m
[2026-07-17 17:57:33.513] 
[2026-07-17 17:57:35.155] free heap: 6300388, minimum free heap: 6040876, Internal 8bit free heap: 72208, 8bit free heap: 6300388The current date/time is: Fri Jul 17 09:57:32 2026
[2026-07-17 17:57:35.155] 
[2026-07-17 17:57:35.155] 
[2026-07-17 17:57:38.138] [0;32mI (20825422) NL_LTPDU: BatchGet 880A64775B01: 6 eps, rsp=118 bytes[0m
[2026-07-17 17:57:38.138] 
[2026-07-17 17:57:38.678] [0;32mI (20825972) NL_LTPDU: BatchGet 3E0AE0494182: 6 eps, rsp=125 bytes[0m
[2026-07-17 17:57:38.678] 
[2026-07-17 17:57:42.912] [0;32mI (20830205) NL_LTPDU: BatchGet 880A64775B01: 6 eps, rsp=118 bytes[0m
[2026-07-17 17:57:42.912] [0;32mI (20830205) TASK_NL: [2] Status changed: on=1 br=34 ct=6500 hu=48 sa=2 eff="*Solid*"[0m
[2026-07-17 17:57:42.912] 
[2026-07-17 17:57:43.050] pTopic:switchlink/B0E9FEC6718C/link_to_nanoleaf_property
[2026-07-17 17:57:43.050] pData:{"msgType":"status","deviceId":"880A64775B01","timestamp":1784282262,"endpoints":[{"endpoint":"lb/0/oo","value":true},{"endpoint":"lb/0/pb","value":34},{"endpoint":"lb/0/ct","value":6500},{"endpoint":"lb/0/hu","value":48},{"endpoint":"lb/0/sa","value":2},{"endpoint":"effect/select","value":"*Solid*"}]}
[2026-07-17 17:57:43.050] 
[2026-07-17 17:57:43.144] free heap: 6299120, minimum free heap: 6040876, Internal 8bit free heap: 72384, 8bit free heap: 6299120The current date/time is: Fri Jul 17 09:57:40 2026
[2026-07-17 17:57:43.144] 
[2026-07-17 17:57:43.144] 
[2026-07-17 17:57:43.745] [0;32mI (20831041) NL_LTPDU: BatchGet 3E0AE0494182: 6 eps, rsp=125 bytes[0m
[2026-07-17 17:57:43.745] 
[2026-07-17 17:57:48.033] [0;32mI (20835322) NL_LTPDU: BatchGet 880A64775B01: 6 eps, rsp=118 bytes[0m
[2026-07-17 17:57:48.033] 
[2026-07-17 17:57:48.589] [0;32mI (20835888) NL_LTPDU: BatchGet 3E0AE0494182: 6 eps, rsp=125 bytes[0m
[2026-07-17 17:57:48.589] 
[2026-07-17 17:57:51.151] free heap: 6300564, minimum free heap: 6040876, Internal 8bit free heap: 72384, 8bit free heap: 6300564The current date/time is: Fri Jul 17 09:57:48 2026
[2026-07-17 17:57:51.151] 
[2026-07-17 17:57:51.151] 
[2026-07-17 17:57:53.184] [0;32mI (20840474) NL_LTPDU: BatchGet 880A64775B01: 6 eps, rsp=118 bytes[0m
[2026-07-17 17:57:53.184] 
[2026-07-17 17:57:53.710] [0;32mI (20841009) NL_LTPDU: BatchGet 3E0AE0494182: 6 eps, rsp=125 bytes[0m
[2026-07-17 17:57:53.710] 
[2026-07-17 17:57:54.379] uart: 11 AT+MOTION 1
[2026-07-17 17:57:54.379] 
[2026-07-17 17:57:54.379] 
[2026-07-17 17:57:54.379] btn on press
[2026-07-17 17:57:54.379] uart: 130 AT+BCDS ff04000206a59fc9f 0010B940B0E9FEC6718C48ca43a5b6dc0F0142200a08974346000000000000ff0d0200000000000000000000000000000000ff01
[2026-07-17 17:57:54.379] 
[2026-07-17 17:57:54.379] 
[2026-07-17 17:57:54.379] 
[2026-07-17 17:57:54.566] pTopic:$aws/rules/bi_wifi_data_report/switchlink/B0E9FEC6718C/link_to_shadow
[2026-07-17 17:57:54.566] pData:BCD ff04000206a59fc9f 0010B940B0E9FEC6718C48ca43a5b6dc0F0142200a08974346000000000000ff0d0200000000000000000000000000000000ff01
[2026-07-17 17:57:54.566] 
[2026-07-17 17:57:58.096] [0;32mI (20845389) NL_LTPDU: BatchGet 880A64775B01: 6 eps, rsp=118 bytes[0m
[2026-07-17 17:57:58.096] 
[2026-07-17 17:57:58.944] [0;32mI (20846231) NL_LTPDU: BatchGet 3E0AE0494182: 6 eps, rsp=125 bytes[0m
[2026-07-17 17:57:58.944] 
[2026-07-17 17:57:59.159] free heap: 6300588, minimum free heap: 6040876, Internal 8bit free heap: 72384, 8bit free heap: 6300588The current date/time is: Fri Jul 17 09:57:56 2026
[2026-07-17 17:57:59.159] 
[2026-07-17 17:57:59.159] 
[2026-07-17 17:58:03.220] [0;32mI (20850510) NL_LTPDU: BatchGet 880A64775B01: 6 eps, rsp=118 bytes[0m
[2026-07-17 17:58:03.220] 
[2026-07-17 17:58:03.761] [0;32mI (20851055) NL_LTPDU: BatchGet 3E0AE0494182: 6 eps, rsp=125 bytes[0m
[2026-07-17 17:58:03.761] 
[2026-07-17 17:58:07.164] free heap: 6300588, minimum free heap: 6040876, Internal 8bit free heap: 72384, 8bit free heap: 6300588The current date/time is: Fri Jul 17 09:58:04 2026
[2026-07-17 17:58:07.164] 
[2026-07-17 17:58:07.164] 
[2026-07-17 17:58:08.231] [0;32mI (20855527) NL_LTPDU: BatchGet 880A64775B01: 6 eps, rsp=118 bytes[0m
[2026-07-17 17:58:08.231] 
[2026-07-17 17:58:08.773] [0;32mI (20856059) NL_LTPDU: BatchGet 3E0AE0494182: 6 eps, rsp=125 bytes[0m
[2026-07-17 17:58:08.773] 
[2026-07-17 17:58:13.187] [0;32mI (20860471) NL_LTPDU: BatchGet 880A64775B01: 6 eps, rsp=118 bytes[0m
[2026-07-17 17:58:13.187] [0;32mI (20860472) TASK_NL: [2] Status changed: on=0 br=34 ct=6500 hu=48 sa=2 eff="*Solid*"[0m
[2026-07-17 17:58:13.187] 
[2026-07-17 17:58:13.373] pTopic:switchlink/B0E9FEC6718C/link_to_nanoleaf_property
[2026-07-17 17:58:13.373] pData:{"msgType":"status","deviceId":"880A64775B01","timestamp":1784282293,"endpoints":[{"endpoint":"lb/0/oo","value":false},{"endpoint":"lb/0/pb","value":34},{"endpoint":"lb/0/ct","value":6500},{"endpoint":"lb/0/hu","value":48},{"endpoint":"lb/0/sa","value":2},{"endpoint":"effect/select","value":"*Solid*"}]}
[2026-07-17 17:58:13.373] 
[2026-07-17 17:58:13.975] [0;32mI (20861261) NL_LTPDU: BatchGet 3E0AE0494182: 6 eps, rsp=125 bytes[0m
[2026-07-17 17:58:13.975] 
[2026-07-17 17:58:15.163] free heap: 6300564, minimum free heap: 6040876, Internal 8bit free heap: 72384, 8bit free heap: 6300564The current date/time is: Fri Jul 17 09:58:12 2026
[2026-07-17 17:58:15.163] 
[2026-07-17 17:58:15.163] 
[2026-07-17 17:58:18.269] [0;32mI (20865560) NL_LTPDU: BatchGet 880A64775B01: 6 eps, rsp=118 bytes[0m
[2026-07-17 17:58:18.269] 
[2026-07-17 17:58:19.077] [0;32mI (20866373) NL_LTPDU: BatchGet 3E0AE0494182: 6 eps, rsp=125 bytes[0m
[2026-07-17 17:58:19.077] 
[2026-07-17 17:58:23.007] [0;32mI (20870301) NL_LTPDU: BatchGet 880A64775B01: 6 eps, rsp=118 bytes[0m
[2026-07-17 17:58:23.007] 
[2026-07-17 17:58:23.161] free heap: 6300416, minimum free heap: 6040876, Internal 8bit free heap: 72212, 8bit free heap: 6300416The current date/time is: Fri Jul 17 09:58:20 2026
[2026-07-17 17:58:23.161] 
[2026-07-17 17:58:23.161] 
[2026-07-17 17:58:23.854] [0;32mI (20871140) NL_LTPDU: BatchGet 3E0AE0494182: 6 eps, rsp=125 bytes[0m
[2026-07-17 17:58:23.854] 
[2026-07-17 17:58:28.257] [0;32mI (20875554) NL_LTPDU: BatchGet 880A64775B01: 6 eps, rsp=118 bytes[0m
[2026-07-17 17:58:28.257] 
[2026-07-17 17:58:28.981] [0;32mI (20876275) NL_LTPDU: BatchGet 3E0AE0494182: 6 eps, rsp=125 bytes[0m
[2026-07-17 17:58:28.981] 
[2026-07-17 17:58:31.167] free heap: 6300456, minimum free heap: 6040876, Internal 8bit free heap: 72252, 8bit free heap: 6300456The current date/time is: Fri Jul 17 09:58:28 2026
[2026-07-17 17:58:31.167] 
[2026-07-17 17:58:31.167] 
[2026-07-17 17:58:33.197] [0;32mI (20880448) NL_LTPDU: BatchGet 880A64775B01: 6 eps, rsp=118 bytes[0m
[2026-07-17 17:58:33.197] [0;32mI (20880449) TASK_NL: [2] Status changed: on=1 br=14 ct=6500 hu=48 sa=2 eff="*Solid*"[0m
[2026-07-17 17:58:33.197] pTopic:switchlink/B0E9FEC6718C/link_to_nanoleaf_property
[2026-07-17 17:58:33.197] pData:{"msgType":"status","deviceId":"880A64775B01","timestamp":1784282313,"endpoints":[{"endpoint":"lb/0/oo","value":true},{"endpoint":"lb/0/pb","value":14},{"endpoint":"lb/0/ct","value":6500},{"endpoint":"lb/0/hu","value":48},{"endpoint":"lb/0/sa","value":2},{"endpoint":"effect/select","value":"*Solid*"}]}
[2026-07-17 17:58:33.197] 
[2026-07-17 17:58:34.092] [0;32mI (20881391) NL_LTPDU: BatchGet 3E0AE0494182: 6 eps, rsp=125 bytes[0m
[2026-07-17 17:58:34.092] 
[2026-07-17 17:58:38.279] [0;32mI (20885568) NL_LTPDU: BatchGet 880A64775B01: 6 eps, rsp=118 bytes[0m
[2026-07-17 17:58:38.279] 
[2026-07-17 17:58:38.991] [0;32mI (20886279) NL_LTPDU: BatchGet 3E0AE0494182: 6 eps, rsp=125 bytes[0m
[2026-07-17 17:58:38.991] 
[2026-07-17 17:58:39.177] free heap: 6300588, minimum free heap: 6040876, Internal 8bit free heap: 72384, 8bit free heap: 6300588The current date/time is: Fri Jul 17 09:58:36 2026
[2026-07-17 17:58:39.177] 
[2026-07-17 17:58:39.177] 
[2026-07-17 17:58:43.392] [0;32mI (20890687) NL_LTPDU: BatchGet 880A64775B01: 6 eps, rsp=118 bytes[0m
[2026-07-17 17:58:43.392] 
[2026-07-17 17:58:44.166] uart: 11 AT+MOTION 0
[2026-07-17 17:58:44.166] 
[2026-07-17 17:58:44.166] 
[2026-07-17 17:58:44.166] btn on press
[2026-07-17 17:58:44.166] uart: 130 AT+BCDS ff04000206a59fcd1 0010B940B0E9FEC6718C48ca43a5b6dc0F0143000a08974346000000000000ff0cff00000000000000000000000000000000ff01
[2026-07-17 17:58:44.166] 
[2026-07-17 17:58:44.166] 
[2026-07-17 17:58:44.166] [0;32mI (20891456) NL_LTPDU: BatchGet 3E0AE0494182: 6 eps, rsp=125 bytes[0m
[2026-07-17 17:58:44.166] 
[2026-07-17 17:58:44.306] pTopic:$aws/rules/bi_wifi_data_report/switchlink/B0E9FEC6718C/link_to_shadow
[2026-07-17 17:58:44.306] pData:BCD ff04000206a59fcd1 0010B940B0E9FEC6718C48ca43a5b6dc0F0143000a08974346000000000000ff0cff00000000000000000000000000000000ff01
[2026-07-17 17:58:44.306] 
[2026-07-17 17:58:46.757] uart: 11 AT+MOTION 1
[2026-07-17 17:58:46.757] 
[2026-07-17 17:58:46.757] 
[2026-07-17 17:58:46.757] btn on press
[2026-07-17 17:58:46.757] uart: 130 AT+BCDS ff04000206a59fcd3 0010B940B0E9FEC6718C48ca43a5b6dc0F0144200a08974346000000000000ff0cfd00000000000000000000000000000000ff01
[2026-07-17 17:58:46.757] 
[2026-07-17 17:58:46.757] 
[2026-07-17 17:58:46.757] 
[2026-07-17 17:58:46.941] pTopic:$aws/rules/bi_wifi_data_report/switchlink/B0E9FEC6718C/link_to_shadow
[2026-07-17 17:58:46.941] pData:BCD ff04000206a59fcd3 0010B940B0E9FEC6718C48ca43a5b6dc0F0144200a08974346000000000000ff0cfd00000000000000000000000000000000ff01
[2026-07-17 17:58:46.941] 
[2026-07-17 17:58:47.188] free heap: 6299120, minimum free heap: 6040876, Internal 8bit free heap: 72384, 8bit free heap: 6299120The current date/time is: Fri Jul 17 09:58:44 2026
[2026-07-17 17:58:47.188] 
[2026-07-17 17:58:47.188] 
[2026-07-17 17:58:48.597] [0;32mI (20895892) NL_LTPDU: BatchGet 880A64775B01: 6 eps, rsp=118 bytes[0m
[2026-07-17 17:58:48.597] [0;32mI (20895893) TASK_NL: [2] Status changed: on=0 br=14 ct=6500 hu=48 sa=2 eff="*Solid*"[0m
[2026-07-17 17:58:48.597] 
[2026-07-17 17:58:48.768] pTopic:switchlink/B0E9FEC6718C/link_to_nanoleaf_property
[2026-07-17 17:58:48.768] pData:{"msgType":"status","deviceId":"880A64775B01","timestamp":1784282328,"endpoints":[{"endpoint":"lb/0/oo","value":false},{"endpoint":"lb/0/pb","value":14},{"endpoint":"lb/0/ct","value":6500},{"endpoint":"lb/0/hu","value":48},{"endpoint":"lb/0/sa","value":2},{"endpoint":"effect/select","value":"*Solid*"}]}
[2026-07-17 17:58:48.768] 
[2026-07-17 17:58:49.235] [0;32mI (20896528) NL_LTPDU: BatchGet 3E0AE0494182: 6 eps, rsp=125 bytes[0m
[2026-07-17 17:58:49.235] 
[2026-07-17 17:58:53.698] [0;32mI (20900992) NL_LTPDU: BatchGet 880A64775B01: 6 eps, rsp=118 bytes[0m
[2026-07-17 17:58:53.698] 
[2026-07-17 17:58:54.438] [0;32mI (20901736) NL_LTPDU: BatchGet 3E0AE0494182: 6 eps, rsp=125 bytes[0m
[2026-07-17 17:58:54.438] 
[2026-07-17 17:58:55.185] free heap: 6300588, minimum free heap: 6040876, Internal 8bit free heap: 72384, 8bit free heap: 6300588The current date/time is: Fri Jul 17 09:58:52 2026
[2026-07-17 17:58:55.185] 
[2026-07-17 17:58:55.185] 
[2026-07-17 17:58:59.149] [0;32mI (20906438) NL_LTPDU: BatchGet 880A64775B01: 6 eps, rsp=118 bytes[0m
[2026-07-17 17:58:59.149] 
[2026-07-17 17:58:59.582] [0;32mI (20906871) NL_LTPDU: BatchGet 3E0AE0494182: 6 eps, rsp=125 bytes[0m
[2026-07-17 17:58:59.582] 
[2026-07-17 17:59:03.201] free heap: 6300588, minimum free heap: 6040876, Internal 8bit free heap: 72384, 8bit free heap: 6300588The current date/time is: Fri Jul 17 09:59:00 2026
[2026-07-17 17:59:03.201] 
[2026-07-17 17:59:03.201] 
[2026-07-17 17:59:03.696] [0;32mI (20910987) NL_LTPDU: BatchGet 880A64775B01: 6 eps, rsp=118 bytes[0m
[2026-07-17 17:59:03.696] 
[2026-07-17 17:59:04.639] [0;32mI (20911936) NL_LTPDU: BatchGet 3E0AE0494182: 6 eps, rsp=125 bytes[0m
[2026-07-17 17:59:04.639] 
[2026-07-17 17:59:08.854] [0;32mI (20916148) NL_LTPDU: BatchGet 880A64775B01: 6 eps, rsp=118 bytes[0m
[2026-07-17 17:59:08.854] 
[2026-07-17 17:59:09.565] [0;32mI (20916855) NL_LTPDU: BatchGet 3E0AE0494182: 6 eps, rsp=125 bytes[0m
[2026-07-17 17:59:09.565] 
[2026-07-17 17:59:11.204] free heap: 6300564, minimum free heap: 6040876, Internal 8bit free heap: 72384, 8bit free heap: 6300564The current date/time is: Fri Jul 17 09:59:08 2026
[2026-07-17 17:59:11.204] 
[2026-07-17 17:59:11.204] 
[2026-07-17 17:59:13.667] [0;32mI (20920960) NL_LTPDU: BatchGet 880A64775B01: 6 eps, rsp=118 bytes[0m
[2026-07-17 17:59:13.667] 
[2026-07-17 17:59:14.530] [0;32mI (20921816) NL_LTPDU: BatchGet 3E0AE0494182: 6 eps, rsp=125 bytes[0m
[2026-07-17 17:59:14.530] 
[2026-07-17 17:59:18.776] [0;32mI (20926069) NL_LTPDU: BatchGet 880A64775B01: 6 eps, rsp=118 bytes[0m
[2026-07-17 17:59:18.776] 
[2026-07-17 17:59:19.208] free heap: 6300456, minimum free heap: 6040876, Internal 8bit free heap: 72252, 8bit free heap: 6300456The current date/time is: Fri Jul 17 09:59:16 2026
[2026-07-17 17:59:19.208] 
[2026-07-17 17:59:19.208] 
[2026-07-17 17:59:19.440] [0;32mI (20926737) NL_LTPDU: BatchGet 3E0AE0494182: 6 eps, rsp=125 bytes[0m
[2026-07-17 17:59:19.440] 
[2026-07-17 17:59:23.932] [0;32mI (20931222) NL_LTPDU: BatchGet 880A64775B01: 6 eps, rsp=118 bytes[0m
[2026-07-17 17:59:23.932] 
[2026-07-17 17:59:24.563] [0;32mI (20931856) NL_LTPDU: BatchGet 3E0AE0494182: 6 eps, rsp=125 bytes[0m
[2026-07-17 17:59:24.563] 
[2026-07-17 17:59:27.200] free heap: 6301012, minimum free heap: 6040876, Internal 8bit free heap: 72384, 8bit free heap: 6301012The current date/time is: Fri Jul 17 09:59:24 2026
[2026-07-17 17:59:27.200] 
[2026-07-17 17:59:27.200] 
[2026-07-17 17:59:28.798] [0;32mI (20936084) NL_LTPDU: BatchGet 880A64775B01: 6 eps, rsp=118 bytes[0m
[2026-07-17 17:59:28.798] 
[2026-07-17 17:59:29.805] [0;32mI (20937098) NL_LTPDU: BatchGet 3E0AE0494182: 6 eps, rsp=125 bytes[0m
[2026-07-17 17:59:29.805] 
[2026-07-17 17:59:33.945] [0;32mI (20941234) NL_LTPDU: BatchGet 880A64775B01: 6 eps, rsp=118 bytes[0m
[2026-07-17 17:59:33.945] 
[2026-07-17 17:59:34.580] [0;32mI (20941872) NL_LTPDU: BatchGet 3E0AE0494182: 6 eps, rsp=125 bytes[0m
[2026-07-17 17:59:34.580] 
[2026-07-17 17:59:35.217] free heap: 6301224, minimum free heap: 6040876, Internal 8bit free heap: 72384, 8bit free heap: 6301224The current date/time is: Fri Jul 17 09:59:32 2026
[2026-07-17 17:59:35.217] 
[2026-07-17 17:59:35.217] 
[2026-07-17 17:59:38.150] uart: 11 AT+MOTION 0
[2026-07-17 17:59:38.150] 
[2026-07-17 17:59:38.150] 
[2026-07-17 17:59:38.150] btn on press
[2026-07-17 17:59:38.150] uart: 130 AT+BCDS ff04000206a59fd07 0010B940B0E9FEC6718C48ca43a5b6dc0F0145000a08974346000000000000ff0d0100000000000000000000000000000000ff01
[2026-07-17 17:59:38.150] 
[2026-07-17 17:59:38.150] 
[2026-07-17 17:59:38.150] 
[2026-07-17 17:59:38.258] pTopic:$aws/rules/bi_wifi_data_report/switchlink/B0E9FEC6718C/link_to_shadow
[2026-07-17 17:59:38.258] pData:BCD ff04000206a59fd07 0010B940B0E9FEC6718C48ca43a5b6dc0F0145000a08974346000000000000ff0d0100000000000000000000000000000000ff01
[2026-07-17 17:59:38.258] 
[2026-07-17 17:59:38.813] [0;32mI (20946102) NL_LTPDU: BatchGet 880A64775B01: 6 eps, rsp=118 bytes[0m
[2026-07-17 17:59:38.813] [0;32mI (20946103) TASK_NL: [2] Status changed: on=1 br=34 ct=6500 hu=48 sa=2 eff="*Solid*"[0m
[2026-07-17 17:59:38.813] 
[2026-07-17 17:59:38.889] pTopic:switchlink/B0E9FEC6718C/link_to_nanoleaf_property
[2026-07-17 17:59:38.889] pData:{"msgType":"status","deviceId":"880A64775B01","timestamp":1784282378,"endpoints":[{"endpoint":"lb/0/oo","value":true},{"endpoint":"lb/0/pb","value":34},{"endpoint":"lb/0/ct","value":6500},{"endpoint":"lb/0/hu","value":48},{"endpoint":"lb/0/sa","value":2},{"endpoint":"effect/select","value":"*Solid*"}]}
[2026-07-17 17:59:38.889] 
[2026-07-17 17:59:39.768] [0;32mI (20947061) NL_LTPDU: BatchGet 3E0AE0494182: 6 eps, rsp=125 bytes[0m
[2026-07-17 17:59:39.768] 
[2026-07-17 17:59:43.219] free heap: 6301224, minimum free heap: 6040876, Internal 8bit free heap: 72384, 8bit free heap: 6301224The current date/time is: Fri Jul 17 09:59:40 2026
[2026-07-17 17:59:43.219] 
[2026-07-17 17:59:43.219] 
[2026-07-17 17:59:43.919] [0;32mI (20951216) NL_LTPDU: BatchGet 880A64775B01: 6 eps, rsp=118 bytes[0m
[2026-07-17 17:59:43.919] 
[2026-07-17 17:59:44.895] [0;32mI (20952185) NL_LTPDU: BatchGet 3E0AE0494182: 6 eps, rsp=125 bytes[0m
[2026-07-17 17:59:44.895] 
[2026-07-17 17:59:49.048] [0;32mI (20956337) NL_LTPDU: BatchGet 880A64775B01: 6 eps, rsp=118 bytes[0m
[2026-07-17 17:59:49.048] 
[2026-07-17 17:59:49.654] [0;32mI (20956944) NL_LTPDU: BatchGet 3E0AE0494182: 6 eps, rsp=125 bytes[0m
[2026-07-17 17:59:49.654] 
[2026-07-17 17:59:51.217] free heap: 6301068, minimum free heap: 6040876, Internal 8bit free heap: 72252, 8bit free heap: 6301068The current date/time is: Fri Jul 17 09:59:48 2026
[2026-07-17 17:59:51.217] 
[2026-07-17 17:59:51.217] 
[2026-07-17 17:59:54.204] [0;32mI (20961500) NL_LTPDU: BatchGet 880A64775B01: 6 eps, rsp=118 bytes[0m
[2026-07-17 17:59:54.204] 
[2026-07-17 17:59:54.761] [0;32mI (20962058) NL_LTPDU: BatchGet 3E0AE0494182: 6 eps, rsp=125 bytes[0m
[2026-07-17 17:59:54.761] 
[2026-07-17 17:59:59.006] [0;32mI (20966290) NL_LTPDU: BatchGet 880A64775B01: 6 eps, rsp=118 bytes[0m
[2026-07-17 17:59:59.006] 
[2026-07-17 17:59:59.223] free heap: 6301180, minimum free heap: 6040876, Internal 8bit free heap: 72340, 8bit free heap: 6301180The current date/time is: Fri Jul 17 09:59:56 2026
[2026-07-17 17:59:59.223] 
[2026-07-17 17:59:59.223] 
[2026-07-17 17:59:59.964] [0;32mI (20967264) NL_LTPDU: BatchGet 3E0AE0494182: 6 eps, rsp=125 bytes[0m
[2026-07-17 17:59:59.964] 
[2026-07-17 18:00:04.114] [0;32mI (20971408) NL_LTPDU: BatchGet 880A64775B01: 6 eps, rsp=118 bytes[0m
[2026-07-17 18:00:04.114] 
[2026-07-17 18:00:05.071] [0;32mI (20972356) NL_LTPDU: BatchGet 3E0AE0494182: 6 eps, rsp=125 bytes[0m
[2026-07-17 18:00:05.071] 
[2026-07-17 18:00:07.231] free heap: 6301224, minimum free heap: 6040876, Internal 8bit free heap: 72384, 8bit free heap: 6301224The current date/time is: Fri Jul 17 10:00:04 2026
[2026-07-17 18:00:07.231] 
[2026-07-17 18:00:07.231] 
[2026-07-17 18:00:09.271] [0;32mI (20976562) NL_LTPDU: BatchGet 880A64775B01: 6 eps, rsp=118 bytes[0m
[2026-07-17 18:00:09.271] 
[2026-07-17 18:00:09.909] [0;32mI (20977196) NL_LTPDU: BatchGet 3E0AE0494182: 6 eps, rsp=125 bytes[0m
[2026-07-17 18:00:09.909] 
[2026-07-17 18:00:14.400] [0;32mI (20981697) NL_LTPDU: BatchGet 880A64775B01: 6 eps, rsp=118 bytes[0m
[2026-07-17 18:00:14.400] 
[2026-07-17 18:00:15.002] [0;32mI (20982290) NL_LTPDU: BatchGet 3E0AE0494182: 6 eps, rsp=125 bytes[0m
[2026-07-17 18:00:15.002] 
[2026-07-17 18:00:15.235] free heap: 6301224, minimum free heap: 6040876, Internal 8bit free heap: 72384, 8bit free heap: 6301224The current date/time is: Fri Jul 17 10:00:12 2026
[2026-07-17 18:00:15.235] 
[2026-07-17 18:00:15.235] 
[2026-07-17 18:00:19.639] [0;32mI (20986939) NL_LTPDU: BatchGet 880A64775B01: 6 eps, rsp=118 bytes[0m
[2026-07-17 18:00:19.639] 
[2026-07-17 18:00:21.880] [0;32mI (20989165) NL_LTPDU: BatchGet 3E0AE0494182: 6 eps, rsp=125 bytes[0m
[2026-07-17 18:00:21.880] 
[2026-07-17 18:00:23.244] free heap: 6301224, minimum free heap: 6040876, Internal 8bit free heap: 72384, 8bit free heap: 6301224The current date/time is: Fri Jul 17 10:00:20 2026
[2026-07-17 18:00:23.244] 
[2026-07-17 18:00:23.244] 
[2026-07-17 18:00:24.873] [0;32mI (20992168) NL_LTPDU: BatchGet 880A64775B01: 6 eps, rsp=118 bytes[0m
[2026-07-17 18:00:24.873] 
[2026-07-17 18:00:26.186] [0;32mI (20993482) NL_LTPDU: BatchGet 3E0AE0494182: 6 eps, rsp=125 bytes[0m
[2026-07-17 18:00:26.186] 
[2026-07-17 18:00:29.329] [0;32mI (20996623) NL_LTPDU: BatchGet 880A64775B01: 6 eps, rsp=118 bytes[0m
[2026-07-17 18:00:29.329] 
[2026-07-17 18:00:29.684] Nanoleaf MQTT payload: {"msgType":"control","requestID":"baed4294-248b-458f-a7d7-afc59e4dc10b","deviceId":"880A64775B01","endpoint":"ci","method":"POST","value":"{\"command\":\"requestTouchConfig\"}"}
[2026-07-17 18:00:29.684] 
[2026-07-17 18:00:29.731] [0;32mI (20997023) NL_LTPDU: SendCmd POST → 880A64775B01 ep=ci[0m
[2026-07-17 18:00:29.731] 
[2026-07-17 18:00:29.808] Nanoleaf MQTT payload: {"msgType":"control","requestID":"a8f3367b-2eec-4db7-8471-a16b968bff4f","deviceId":"880A64775B01","endpoint":"ci","method":"POST","value":"{\"command\":\"getTouchKillSwitch\"}"}
[2026-07-17 18:00:29.808] 
[2026-07-17 18:00:30.118] [0;32mI (20997344) TASK_NL: [2] Cmd rsp(598): {"touchConfig":{"supportedFeatures":{"systemGestures":["dt","su","sd","sl","sr"],"systemActions":["pwr","bu","bd","ncs","nrs","nrdms","pcs","prs"]},"defaultSystemConfig":{"gestureActions":[{"gesture":"dt","action":null},{"gesture":"su","action":null},{"gesture":"sd","action":null},{"gesture":"sl","action":null},{"gesture":"sr","action":null}]},"userSystemConfig":{"enabled":true,"gestureActions":[{"gesture":"dt","action":null},{"gesture":"su","action":"pwr"},{"gesture":"sd","action":"bu"},{"gesture":"sl","action":"bd"},{"gesture":"sr","action":"ncs"}],"subscribers":[]},"userPanelConfigs":[]}}[0m
[2026-07-17 18:00:30.118] [0;32mI (20997390) NL_MQTT: PublishRespondData: len=898, pushing to MQTT queue[0m
[2026-07-17 18:00:30.118] [0;32mI (20997398) NL_LTPDU: SendCmd POST → 880A64775B01 ep=ci[0m
[2026-07-17 18:00:30.118] 
[2026-07-17 18:00:30.226] pTopic:switchlink/B0E9FEC6718C/link_to_nanoleaf_func_resp
[2026-07-17 18:00:30.226] pData:{"msgType":"respond","requestID":"baed4294-248b-458f-a7d7-afc59e4dc10b","deviceId":"880A64775B01","success":true,"errorCode":0,"errorMsg":"","endpoints":[{"endpoint":"ci","value":"{\"touchConfig\":{\"supportedFeatures\":{\"systemGestures\":[\"dt\",\"su\",\"sd\",\"sl\",\"sr\"],\"systemActions\":[\"pwr\",\"bu\",\"bd\",\"ncs\",\"nrs\",\"nrdms\",\"pcs\",\"prs\"]},\"defaultSystemConfig\":{\"gestureActions\":[{\"gesture\":\"dt\",\"action\":null},{\"gesture\":\"su\",\"action\":null},{\"gesture\":\"sd\",\"action\":null},{\"gesture\":\"sl\",\"action\":null},{\"gesture\":\"sr\",\"action\":null}]},\"userSystemConfig\":{\"enabled\":true,\"gestureActions\":[{\"gesture\":\"dt\",\"action\":null},{\"gesture\":\"su\",\"action\":\"pwr\"},{\"gesture\":\"sd\",\"action\":\"bu\"},{\"gesture\":\"sl\",\"action\":\"bd\"},{\"gesture\":\"sr\",\"action\":\"ncs\"}],\"subscribers\":[]},\"userPanelConfigs\":[]}}"}]}
[2026-07-17 18:00:30.226] 
[2026-07-17 18:00:30.569] [0;32mI (20997865) TASK_NL: [2] Cmd rsp(27): {"touchKillSwitchOn":false}[0m
[2026-07-17 18:00:30.569] [0;32mI (20997865) NL_MQTT: PublishRespondData: len=213, pushing to MQTT queue[0m
[2026-07-17 18:00:30.569] 
[2026-07-17 18:00:30.646] pTopic:switchlink/B0E9FEC6718C/link_to_nanoleaf_func_resp
[2026-07-17 18:00:30.646] pData:{"msgType":"respond","requestID":"a8f3367b-2eec-4db7-8471-a16b968bff4f","deviceId":"880A64775B01","success":true,"errorCode":0,"errorMsg":"","endpoints":[{"endpoint":"ci","value":"{\"touchKillSwitchOn\":false}"}]}
[2026-07-17 18:00:30.646] 
[2026-07-17 18:00:30.801] [0;32mI (20998098) NL_LTPDU: BatchGet 3E0AE0494182: 6 eps, rsp=125 bytes[0m
[2026-07-17 18:00:30.801] 
[2026-07-17 18:00:30.909] [0;32mI (20998201) NL_LTPDU: BatchGet 880A64775B01: 6 eps, rsp=118 bytes[0m
[2026-07-17 18:00:30.909] 
[2026-07-17 18:00:31.233] free heap: 6301160, minimum free heap: 6040876, Internal 8bit free heap: 72344, 8bit free heap: 6301160The current date/time is: Fri Jul 17 10:00:28 2026
[2026-07-17 18:00:31.233] 
[2026-07-17 18:00:31.233] 
[2026-07-17 18:00:35.358] uart: 11 AT+MOTION 1
[2026-07-17 18:00:35.358] 
[2026-07-17 18:00:35.358] 
[2026-07-17 18:00:35.358] btn on press
[2026-07-17 18:00:35.358] uart: 130 AT+BCDS ff04000206a59fd40 0010B940B0E9FEC6718C48ca43a5b6dc0F0146200a08974346000000000000ff0d0100000000000000000000000000000000ff01
[2026-07-17 18:00:35.358] 
[2026-07-17 18:00:35.358] 
[2026-07-17 18:00:35.358] 
[2026-07-17 18:00:35.499] pTopic:$aws/rules/bi_wifi_data_report/switchlink/B0E9FEC6718C/link_to_shadow
[2026-07-17 18:00:35.499] pData:BCD ff04000206a59fd40 0010B940B0E9FEC6718C48ca43a5b6dc0F0146200a08974346000000000000ff0d0100000000000000000000000000000000ff01
[2026-07-17 18:00:35.499] 
[2026-07-17 18:00:39.026] Nanoleaf MQTT payload: {"msgType":"control","requestID":"e7136505-861d-4bd8-adae-53ef1777db80","deviceId":"880A64775B01","endpoint":"layout/go","method":"GET","value":""}
[2026-07-17 18:00:39.026] 
[2026-07-17 18:00:39.243] free heap: 6247964, minimum free heap: 6040876, Internal 8bit free heap: 72384, 8bit free heap: 6247964The current date/time is: Fri Jul 17 10:00:36 2026
[2026-07-17 18:00:39.243] 
[2026-07-17 18:00:39.243] 
[2026-07-17 18:00:40.637] [0;31mE (21007923) NL_LTPDU: recv failed: no data (errno=11, timeout=5000ms)[0m
[2026-07-17 18:00:40.637] [0;33mW (21007923) TASK_NL: [0] TCP fail → re-auth (CISS)[0m
[2026-07-17 18:00:40.637] 
[2026-07-17 18:00:41.564] [0;32mI (21008860) NL_LTPDU: BatchGet 880A64775B01: 6 eps, rsp=118 bytes[0m
[2026-07-17 18:00:41.564] 
[2026-07-17 18:00:41.672] [0;32mI (21008972) NL_LTPDU: SendCmd POST → 880A64775B01 ep=layout/go[0m
[2026-07-17 18:00:41.672] 
[2026-07-17 18:00:42.518] [0;32mI (21009814) NL_LTPDU: CISS: recovered session to 192.168.50.201 (counter=101, ver=V3.0)[0m
[2026-07-17 18:00:42.518] 
[2026-07-17 18:00:44.442] [0;33mW (21011734) TASK_NL: [0] CISS verify failed (err=9), fallback SRP[0m
[2026-07-17 18:00:44.442] [0;32mI (21011735) NL_LTPDU: SRP reconnect: device=Lines B5D2 clientId=1[0m
[2026-07-17 18:00:44.442] 
[2026-07-17 18:00:44.488] [0;32mI (21011772) NL_LTPDU:   pubA[0:4]=70DB5D98[0m
[2026-07-17 18:00:44.488] 
[2026-07-17 18:00:45.015] [0;32mI (21012301) NL_LTPDU: TCP connected to 192.168.50.201:12566[0m
[2026-07-17 18:00:45.015] 
[2026-07-17 18:00:45.323] [0;32mI (21012609) TASK_NL: [2] Cmd rsp(2): [0m
[2026-07-17 18:00:45.323] [0;32mI (21012609) NL_MQTT: PublishRespondData: len=192, pushing to MQTT queue[0m
[2026-07-17 18:00:45.323] 
[2026-07-17 18:00:45.401] pTopic:switchlink/B0E9FEC6718C/link_to_nanoleaf_func_resp
[2026-07-17 18:00:45.401] pData:{"msgType":"respond","requestID":"e7136505-861d-4bd8-adae-53ef1777db80","deviceId":"880A64775B01","success":true,"errorCode":0,"errorMsg":"","endpoints":[{"endpoint":"layout/go","value":"0"}]}
[2026-07-17 18:00:45.401] 
[2026-07-17 18:00:45.555] [0;32mI (21012844) NL_LTPDU: BatchGet 880A64775B01: 6 eps, rsp=118 bytes[0m
[2026-07-17 18:00:45.555] 
[2026-07-17 18:00:45.693] [0;32mI (21012964) NL_LTPDU:   step1 rsp: salt len=4, salt[0:4]=D91231D4[0m
[2026-07-17 18:00:45.693] [0;32mI (21012964) NL_LTPDU:   step1 rsp: B[0:4]=081DAE10, B len=256[0m
[2026-07-17 18:00:45.693] [0;32mI (21012966) NL_LTPDU:   session_version: len=0 val=FFFF[0m
[2026-07-17 18:00:45.693] [0;32mI (21012972) NL_SRP:   k[0:8]=4CBA3FB2923E01FB[0m
[2026-07-17 18:00:45.693] [0;32mI (21012977) NL_SRP:   szA=256, szB=256[0m
[2026-07-17 18:00:45.693] [0;32mI (21012982) NL_SRP:   u[0:8]=5BA016088C0630B1[0m
[2026-07-17 18:00:45.693] [0;32mI (21012987) NL_SRP:   x[0:8]=2C88FA1792C7A047[0m
[2026-07-17 18:00:45.693] 
[2026-07-17 18:00:45.786] [0;32mI (21013085) NL_SRP: SrpComputeSecret OK[0m
[2026-07-17 18:00:45.786] [0;32mI (21013085) NL_LTPDU:   SrpComputeSecret OK[0m
[2026-07-17 18:00:45.786] 
[2026-07-17 18:00:46.750] [0;33mW (21014028) NL_LTPDU: SRP auth done: iSock=56 (fd assigned)[0m
[2026-07-17 18:00:46.750] [0;32mI (21014029) NL_LTPDU:   using session ver: V3.0[0m
[2026-07-17 18:00:46.750] [0;32mI (21014029) NL_LTPDU: SRP token reconnect OK, ClientId=1[0m
[2026-07-17 18:00:46.750] [0;32mI (21014035) TASK_NL: [0] Auth OK → ACTIVE (192.168.50.201)[0m
[2026-07-17 18:00:46.750] 
[2026-07-17 18:00:46.796] Nanoleaf MQTT payload: {"msgType":"control","requestID":"22fcc054-cc70-4f9a-b713-f76214d43425","deviceId":"880A64775B01","endpoint":"layout/pd","method":"GET","value":""}
[2026-07-17 18:00:46.796] 
[2026-07-17 18:00:47.077] [0;32mI (21014364) NL_LTPDU: BatchGet 3E0AE0494182: 6 eps, rsp=125 bytes[0m
[2026-07-17 18:00:47.077] [0;32mI (21014365) TASK_NL: [0] Status changed: on=0 br=10 ct=2700 hu=0 sa=0 eff="Tuscany Sunset"[0m
[2026-07-17 18:00:47.077] 
[2026-07-17 18:00:47.186] [0;32mI (21014480) NL_LTPDU: SendCmd POST → 880A64775B01 ep=layout/pd[0m
[2026-07-17 18:00:47.186] 
[2026-07-17 18:00:47.263] pTopic:switchlink/B0E9FEC6718C/link_to_nanoleaf_property
[2026-07-17 18:00:47.263] pData:{"msgType":"status","deviceId":"3E0AE0494182","timestamp":1784282447,"endpoints":[{"endpoint":"lb/0/oo","value":false},{"endpoint":"lb/0/pb","value":10},{"endpoint":"lb/0/ct","value":2700},{"endpoint":"lb/0/hu","value":0},{"endpoint":"lb/0/sa","value":0},{"endpoint":"effect/select","value":"Tuscany Sunset"}]}
[2026-07-17 18:00:47.263] free heap: 6146256, minimum free heap: 6033104, Internal 8bit free heap: 72212, 8bit free heap: 6146256The current date/time is: Fri Jul 17 10:00:44 2026
[2026-07-17 18:00:47.263] 
[2026-07-17 18:00:47.263] 
[2026-07-17 18:00:48.300] [0;32mI (21015578) TASK_NL: [2] Cmd rsp(121): {"layoutData":"AQACAAQCAAIAQwMANK5dAAAAagAAAHQAAAegpwAAAGoAAAAAAAAHAAAAAAAAAAAAVAB4DQAAAAAApQAAAFIA8Aw=","version":"2.0"}[0m
[2026-07-17 18:00:48.300] [0;32mI (21015583) NL_MQTT: PublishRespondData: len=320, pushing to MQTT queue[0m
[2026-07-17 18:00:48.300] 
[2026-07-17 18:00:48.470] pTopic:switchlink/B0E9FEC6718C/link_to_nanoleaf_func_resp
[2026-07-17 18:00:48.470] pData:{"msgType":"respond","requestID":"22fcc054-cc70-4f9a-b713-f76214d43425","deviceId":"880A64775B01","success":true,"errorCode":0,"errorMsg":"","endpoints":[{"endpoint":"layout/pd","value":"{\"layoutData\":\"AQACAAQCAAIAQwMANK5dAAAAagAAAHQAAAegpwAAAGoAAAAAAAAHAAAAAAAAAAAAVAB4DQAAAAAApQAAAFIA8Aw=\",\"version\":\"2.0\"}"}]}
[2026-07-17 18:00:48.470] 
[2026-07-17 18:00:48.531] [0;32mI (21015818) NL_LTPDU: BatchGet 880A64775B01: 6 eps, rsp=118 bytes[0m
[2026-07-17 18:00:48.531] 
[2026-07-17 18:00:52.429] [0;32mI (21019717) NL_LTPDU: BatchGet 3E0AE0494182: 6 eps, rsp=125 bytes[0m
[2026-07-17 18:00:52.429] 
[2026-07-17 18:00:53.826] [0;32mI (21021125) NL_LTPDU: BatchGet 880A64775B01: 6 eps, rsp=118 bytes[0m
[2026-07-17 18:00:53.826] 
[2026-07-17 18:00:55.263] free heap: 6301016, minimum free heap: 6033104, Internal 8bit free heap: 72384, 8bit free heap: 6301016The current date/time is: Fri Jul 17 10:00:52 2026
[2026-07-17 18:00:55.263] 
[2026-07-17 18:00:55.263] 
[2026-07-17 18:00:56.908] [0;32mI (21024206) NL_LTPDU: BatchGet 3E0AE0494182: 6 eps, rsp=125 bytes[0m
[2026-07-17 18:00:56.908] 
[2026-07-17 18:00:58.436] [0;32mI (21025735) NL_LTPDU: BatchGet 880A64775B01: 6 eps, rsp=118 bytes[0m
[2026-07-17 18:00:58.436] 
[2026-07-17 18:01:02.161] [0;32mI (21029447) NL_LTPDU: BatchGet 3E0AE0494182: 6 eps, rsp=125 bytes[0m
[2026-07-17 18:01:02.161] 
[2026-07-17 18:01:03.280] free heap: 6301012, minimum free heap: 6033104, Internal 8bit free heap: 72380, 8bit free heap: 6301012The current date/time is: Fri Jul 17 10:01:00 2026
[2026-07-17 18:01:03.280] 
[2026-07-17 18:01:03.280] 
[2026-07-17 18:01:03.651] [0;32mI (21030937) NL_LTPDU: BatchGet 880A64775B01: 6 eps, rsp=118 bytes[0m
[2026-07-17 18:01:03.651] 
[2026-07-17 18:01:07.245] [0;32mI (21034544) NL_LTPDU: BatchGet 3E0AE0494182: 6 eps, rsp=125 bytes[0m
[2026-07-17 18:01:07.245] 
[2026-07-17 18:01:08.748] [0;32mI (21036044) NL_LTPDU: BatchGet 880A64775B01: 6 eps, rsp=118 bytes[0m
[2026-07-17 18:01:08.748] 
[2026-07-17 18:01:11.286] free heap: 6301012, minimum free heap: 6033104, Internal 8bit free heap: 72380, 8bit free heap: 6301012The current date/time is: Fri Jul 17 10:01:08 2026
[2026-07-17 18:01:11.286] 
[2026-07-17 18:01:11.286] 
[2026-07-17 18:01:12.008] [0;32mI (21039300) NL_LTPDU: BatchGet 3E0AE0494182: 6 eps, rsp=125 bytes[0m
[2026-07-17 18:01:12.008] 
[2026-07-17 18:01:13.878] [0;32mI (21041164) NL_LTPDU: BatchGet 880A64775B01: 6 eps, rsp=118 bytes[0m
[2026-07-17 18:01:13.878] 
[2026-07-17 18:01:17.148] [0;32mI (21044441) NL_LTPDU: BatchGet 3E0AE0494182: 6 eps, rsp=125 bytes[0m
[2026-07-17 18:01:17.148] 
[2026-07-17 18:01:18.692] [0;32mI (21045981) NL_LTPDU: BatchGet 880A64775B01: 6 eps, rsp=118 bytes[0m
[2026-07-17 18:01:18.692] 
[2026-07-17 18:01:19.293] free heap: 6301012, minimum free heap: 6033104, Internal 8bit free heap: 72380, 8bit free heap: 6301012The current date/time is: Fri Jul 17 10:01:16 2026
[2026-07-17 18:01:19.293] 
[2026-07-17 18:01:19.293] 
[2026-07-17 18:01:22.010] [0;32mI (21049307) NL_LTPDU: BatchGet 3E0AE0494182: 6 eps, rsp=125 bytes[0m
[2026-07-17 18:01:22.010] 
[2026-07-17 18:01:23.798] [0;32mI (21051097) NL_LTPDU: BatchGet 880A64775B01: 6 eps, rsp=118 bytes[0m
[2026-07-17 18:01:23.798] 
[2026-07-17 18:01:27.182] [0;32mI (21054481) NL_LTPDU: BatchGet 3E0AE0494182: 6 eps, rsp=125 bytes[0m
[2026-07-17 18:01:27.182] 
[2026-07-17 18:01:27.290] free heap: 6300964, minimum free heap: 6033104, Internal 8bit free heap: 72340, 8bit free heap: 6300964The current date/time is: Fri Jul 17 10:01:24 2026
[2026-07-17 18:01:27.290] 
[2026-07-17 18:01:27.290] 
[2026-07-17 18:01:29.143] [0;32mI (21056435) NL_LTPDU: BatchGet 880A64775B01: 6 eps, rsp=118 bytes[0m
[2026-07-17 18:01:29.143] 
[2026-07-17 18:01:32.361] [0;32mI (21059646) NL_LTPDU: BatchGet 3E0AE0494182: 6 eps, rsp=125 bytes[0m
[2026-07-17 18:01:32.361] 
[2026-07-17 18:01:34.151] [0;32mI (21061444) NL_LTPDU: BatchGet 880A64775B01: 6 eps, rsp=118 bytes[0m
[2026-07-17 18:01:34.151] 
[2026-07-17 18:01:35.301] free heap: 6300872, minimum free heap: 6033104, Internal 8bit free heap: 72248, 8bit free heap: 6300872The current date/time is: Fri Jul 17 10:01:32 2026
[2026-07-17 18:01:35.301] 
[2026-07-17 18:01:35.301] 
[2026-07-17 18:01:37.073] [0;32mI (21064361) NL_LTPDU: BatchGet 3E0AE0494182: 6 eps, rsp=125 bytes[0m
[2026-07-17 18:01:37.073] 
[2026-07-17 18:01:38.898] [0;32mI (21066194) NL_LTPDU: BatchGet 880A64775B01: 6 eps, rsp=118 bytes[0m
[2026-07-17 18:01:38.898] 
[2026-07-17 18:01:42.186] [0;32mI (21069482) NL_LTPDU: BatchGet 3E0AE0494182: 6 eps, rsp=125 bytes[0m
[2026-07-17 18:01:42.186] 
[2026-07-17 18:01:43.297] free heap: 6300964, minimum free heap: 6033104, Internal 8bit free heap: 72340, 8bit free heap: 6300964The current date/time is: Fri Jul 17 10:01:40 2026
[2026-07-17 18:01:43.297] 
[2026-07-17 18:01:43.297] 
[2026-07-17 18:01:44.086] [0;32mI (21071375) NL_LTPDU: BatchGet 880A64775B01: 6 eps, rsp=118 bytes[0m
[2026-07-17 18:01:44.086] 
[2026-07-17 18:01:47.358] [0;32mI (21074651) NL_LTPDU: BatchGet 3E0AE0494182: 6 eps, rsp=125 bytes[0m
[2026-07-17 18:01:47.358] 
[2026-07-17 18:01:49.213] [0;32mI (21076506) NL_LTPDU: BatchGet 880A64775B01: 6 eps, rsp=118 bytes[0m
[2026-07-17 18:01:49.213] 
[2026-07-17 18:01:51.310] free heap: 6301004, minimum free heap: 6033104, Internal 8bit free heap: 72380, 8bit free heap: 6301004The current date/time is: Fri Jul 17 10:01:48 2026
[2026-07-17 18:01:51.310] 
[2026-07-17 18:01:51.310] 
[2026-07-17 18:01:52.515] [0;32mI (21079810) NL_LTPDU: BatchGet 3E0AE0494182: 6 eps, rsp=125 bytes[0m
[2026-07-17 18:01:52.515] 
[2026-07-17 18:01:54.057] [0;32mI (21081345) NL_LTPDU: BatchGet 880A64775B01: 6 eps, rsp=118 bytes[0m
[2026-07-17 18:01:54.057] 
[2026-07-17 18:01:57.324] [0;32mI (21084624) NL_LTPDU: BatchGet 3E0AE0494182: 6 eps, rsp=125 bytes[0m
[2026-07-17 18:01:57.324] 
[2026-07-17 18:01:59.313] free heap: 6246188, minimum free heap: 6033104, Internal 8bit free heap: 72380, 8bit free heap: 6246188The current date/time is: Fri Jul 17 10:01:56 2026
[2026-07-17 18:01:59.313] 
[2026-07-17 18:01:59.313] 
[2026-07-17 18:01:59.960] [0;32mI (21087258) NL_LTPDU: BatchGet 880A64775B01: 6 eps, rsp=118 bytes[0m
[2026-07-17 18:01:59.960] 
[2026-07-17 18:02:02.539] [0;32mI (21089838) NL_LTPDU: BatchGet 3E0AE0494182: 6 eps, rsp=125 bytes[0m
[2026-07-17 18:02:02.539] 
[2026-07-17 18:02:04.116] [0;32mI (21091415) NL_LTPDU: BatchGet 880A64775B01: 6 eps, rsp=118 bytes[0m
[2026-07-17 18:02:04.116] 
[2026-07-17 18:02:07.303] free heap: 6301004, minimum free heap: 6033104, Internal 8bit free heap: 72380, 8bit free heap: 6301004The current date/time is: Fri Jul 17 10:02:04 2026
[2026-07-17 18:02:07.303] 
[2026-07-17 18:02:07.303] 
[2026-07-17 18:02:07.673] [0;32mI (21094965) NL_LTPDU: BatchGet 3E0AE0494182: 6 eps, rsp=125 bytes[0m
[2026-07-17 18:02:07.673] 
[2026-07-17 18:02:09.188] [0;32mI (21096487) NL_LTPDU: BatchGet 880A64775B01: 6 eps, rsp=118 bytes[0m
[2026-07-17 18:02:09.188] 
[2026-07-17 18:02:12.776] [0;32mI (21100063) NL_LTPDU: BatchGet 3E0AE0494182: 6 eps, rsp=125 bytes[0m
[2026-07-17 18:02:12.776] 
[2026-07-17 18:02:14.433] [0;32mI (21101723) NL_LTPDU: BatchGet 880A64775B01: 6 eps, rsp=118 bytes[0m
[2026-07-17 18:02:14.433] 
[2026-07-17 18:02:15.314] free heap: 6300964, minimum free heap: 6033104, Internal 8bit free heap: 72340, 8bit free heap: 6300964The current date/time is: Fri Jul 17 10:02:12 2026
[2026-07-17 18:02:15.314] 
[2026-07-17 18:02:15.314] 
[2026-07-17 18:02:17.493] [0;32mI (21104786) NL_LTPDU: BatchGet 3E0AE0494182: 6 eps, rsp=125 bytes[0m
[2026-07-17 18:02:17.493] 
[2026-07-17 18:02:19.515] [0;32mI (21106808) NL_LTPDU: BatchGet 880A64775B01: 6 eps, rsp=118 bytes[0m
[2026-07-17 18:02:19.515] 
[2026-07-17 18:02:22.612] [0;32mI (21109907) NL_LTPDU: BatchGet 3E0AE0494182: 6 eps, rsp=125 bytes[0m
[2026-07-17 18:02:22.612] 
[2026-07-17 18:02:23.309] free heap: 6301008, minimum free heap: 6033104, Internal 8bit free heap: 72384, 8bit free heap: 6301008The current date/time is: Fri Jul 17 10:02:20 2026
[2026-07-17 18:02:23.309] 
[2026-07-17 18:02:23.309] 
[2026-07-17 18:02:24.252] [0;32mI (21111540) NL_LTPDU: BatchGet 880A64775B01: 6 eps, rsp=118 bytes[0m
[2026-07-17 18:02:24.252] 
[2026-07-17 18:02:27.807] [0;32mI (21115100) NL_LTPDU: BatchGet 3E0AE0494182: 6 eps, rsp=125 bytes[0m
[2026-07-17 18:02:27.807] 
[2026-07-17 18:02:29.445] [0;32mI (21116736) NL_LTPDU: BatchGet 880A64775B01: 6 eps, rsp=118 bytes[0m
[2026-07-17 18:02:29.445] 
[2026-07-17 18:02:31.315] free heap: 6301004, minimum free heap: 6033104, Internal 8bit free heap: 72380, 8bit free heap: 6301004The current date/time is: Fri Jul 17 10:02:28 2026
[2026-07-17 18:02:31.315] 
[2026-07-17 18:02:31.315] 
[2026-07-17 18:02:32.934] [0;32mI (21120222) NL_LTPDU: BatchGet 3E0AE0494182: 6 eps, rsp=125 bytes[0m
[2026-07-17 18:02:32.934] 
[2026-07-17 18:02:33.952] [0;32mI (21121240) ROUTE_HOOK: Received RIO[0m
[2026-07-17 18:02:33.952] [0;32mI (21121240) ROUTE_HOOK: prefix FDEA:C98F:38B2:1:: lifetime 1800[0m
[2026-07-17 18:02:33.952] 
[2026-07-17 18:02:34.481] [0;32mI (21121780) NL_LTPDU: BatchGet 880A64775B01: 6 eps, rsp=118 bytes[0m
[2026-07-17 18:02:34.481] 
[2026-07-17 18:02:37.701] [0;32mI (21125002) NL_LTPDU: BatchGet 3E0AE0494182: 6 eps, rsp=125 bytes[0m
[2026-07-17 18:02:37.701] 
[2026-07-17 18:02:39.139] uart: 19 AT+TEMPHUMI +238 65
[2026-07-17 18:02:39.139] 
[2026-07-17 18:02:39.139] 
[2026-07-17 18:02:39.139] temp_ep:65535,temp_data:2380 humi_ep:65535,humi_data:6500
[2026-07-17 18:02:39.139] 
[2026-07-17 18:02:39.139] 
[2026-07-17 18:02:39.324] free heap: 6301004, minimum free heap: 6033104, Internal 8bit free heap: 72380, 8bit free heap: 6301004The current date/time is: Fri Jul 17 10:02:36 2026
[2026-07-17 18:02:39.324] 
[2026-07-17 18:02:39.324] 
[2026-07-17 18:02:39.696] [0;32mI (21126991) NL_LTPDU: BatchGet 880A64775B01: 6 eps, rsp=118 bytes[0m
[2026-07-17 18:02:39.696] 
[2026-07-17 18:02:42.826] [0;32mI (21130121) NL_LTPDU: BatchGet 3E0AE0494182: 6 eps, rsp=125 bytes[0m
[2026-07-17 18:02:42.826] 
[2026-07-17 18:02:44.807] [0;32mI (21132102) NL_LTPDU: BatchGet 880A64775B01: 6 eps, rsp=118 bytes[0m
[2026-07-17 18:02:44.807] 
[2026-07-17 18:02:47.329] free heap: 6301216, minimum free heap: 6033104, Internal 8bit free heap: 72380, 8bit free heap: 6301216The current date/time is: Fri Jul 17 10:02:44 2026
[2026-07-17 18:02:47.329] 
[2026-07-17 18:02:47.329] 
[2026-07-17 18:02:47.961] [0;32mI (21135253) NL_LTPDU: BatchGet 3E0AE0494182: 6 eps, rsp=125 bytes[0m
[2026-07-17 18:02:47.961] 
[2026-07-17 18:02:49.509] [0;32mI (21136810) NL_LTPDU: BatchGet 880A64775B01: 6 eps, rsp=118 bytes[0m
[2026-07-17 18:02:49.509] 
[2026-07-17 18:02:52.741] [0;32mI (21140029) NL_LTPDU: BatchGet 3E0AE0494182: 6 eps, rsp=125 bytes[0m
[2026-07-17 18:02:52.741] 
[2026-07-17 18:02:54.637] [0;32mI (21141928) NL_LTPDU: BatchGet 880A64775B01: 6 eps, rsp=118 bytes[0m
[2026-07-17 18:02:54.637] 
[2026-07-17 18:02:55.329] free heap: 6301196, minimum free heap: 6033104, Internal 8bit free heap: 72380, 8bit free heap: 6301196The current date/time is: Fri Jul 17 10:02:52 2026
[2026-07-17 18:02:55.329] 
[2026-07-17 18:02:55.329] 
[2026-07-17 18:02:57.904] [0;32mI (21145204) NL_LTPDU: BatchGet 3E0AE0494182: 6 eps, rsp=125 bytes[0m
[2026-07-17 18:02:57.904] 
[2026-07-17 18:02:59.856] [0;32mI (21147153) NL_LTPDU: BatchGet 880A64775B01: 6 eps, rsp=118 bytes[0m
[2026-07-17 18:02:59.856] 
[2026-07-17 18:03:03.035] [0;32mI (21150324) NL_LTPDU: BatchGet 3E0AE0494182: 6 eps, rsp=125 bytes[0m
[2026-07-17 18:03:03.035] 
[2026-07-17 18:03:03.329] free heap: 6301048, minimum free heap: 6033104, Internal 8bit free heap: 72212, 8bit free heap: 6301048The current date/time is: Fri Jul 17 10:03:00 2026
[2026-07-17 18:03:03.329] 
[2026-07-17 18:03:03.329] 
[2026-07-17 18:03:04.662] [0;32mI (21151948) NL_LTPDU: BatchGet 880A64775B01: 6 eps, rsp=118 bytes[0m
[2026-07-17 18:03:04.662] 
[2026-07-17 18:03:07.888] [0;32mI (21155175) NL_LTPDU: BatchGet 3E0AE0494182: 6 eps, rsp=125 bytes[0m
[2026-07-17 18:03:07.888] 
[2026-07-17 18:03:09.788] [0;32mI (21157084) NL_LTPDU: BatchGet 880A64775B01: 6 eps, rsp=118 bytes[0m
[2026-07-17 18:03:09.788] 
[2026-07-17 18:03:11.334] free heap: 6301220, minimum free heap: 6033104, Internal 8bit free heap: 72384, 8bit free heap: 6301220The current date/time is: Fri Jul 17 10:03:08 2026
[2026-07-17 18:03:11.334] 
[2026-07-17 18:03:11.334] 
[2026-07-17 18:03:11.996] [0;32mI (21159284) TASK_NL: [1] RetryWait done, trigger scan for reconnect[0m
[2026-07-17 18:03:11.996] [0;32mI (21159284) TASK_NL: ExecuteScan: trigger=retry_recover[0m
[2026-07-17 18:03:11.996] 
[2026-07-17 18:03:15.071] [0;32mI (21162322) TASK_NL: Scan[0]: name=Lines B5D2 ip=192.168.50.201 id=3E:0A:E0:49:41:82 model=NL59 fw=12.2.3[0m
[2026-07-17 18:03:15.071] [0;32mI (21162323) TASK_NL: Scan[1]: name=Shapes 2201 ip=192.168.50.119 id=88:0A:64:77:5B:01 model=NL42 fw=12.1.1[0m
[2026-07-17 18:03:15.071] [0;32mI (21162332) TASK_NL: Scan[2]: name=4D FEB8 ip=192.168.50.160 id=6A:76:B9:5F:D1:DB model=NL69 fw=12.3.6[0m
[2026-07-17 18:03:15.071] [0;32mI (21162342) TASK_NL: Scan[3]: name=Elements 88E6 ip=192.168.50.16 id=46:05:52:25:FA:A6 model=NL52 fw=12.2.3[0m
[2026-07-17 18:03:15.071] [0;32mI (21162353) TASK_NL: Scan matched [1] 6A76B95FD1DB at 192.168.50.160 (name=4D FEB8)[0m
[2026-07-17 18:03:15.071] [0;32mI (21162362) TASK_NL: ExecuteScan: found 4 devices, publishing[0m
[2026-07-17 18:03:15.071] 
[2026-07-17 18:03:15.368] [0;32mI (21162542) NL_LTPDU: BatchGet 3E0AE0494182: 6 eps, rsp=125 bytes[0m
[2026-07-17 18:03:15.368] pTopic:switchlink/B0E9FEC6718C/link_to_nanoleaf_maint
[2026-07-17 18:03:15.368] pData:{"msgType":"nanoleaf_scan","trigger":"retry_recover","timestamp":1784282595,"managed":{"total":3,"devices":[{"deviceId":"3E0AE0494182","clientId":1,"state":"active","online":1},{"deviceId":"6A76B95FD1DB","clientId":1,"state":"auth","online":0},{"deviceId":"880A64775B01","clientId":1,"state":"active","online":1}]},"devices":[{"deviceId":"3E:0A:E0:49:41:82","ip":"192.168.50.201","port":12566,"model":"NL59","firmware":"12.2.3"},{"deviceId":"88:0A:64:77:5B:01","ip":"192.168.50.119","port":12566,"model":"NL42","firmware":"12.1.1"},{"deviceId":"6A:76:B9:5F:D1:DB","ip":"192.168.50.160","port":12566,"model":"NL69","firmware":"12.3.6"},{"deviceId":"46:05:52:25:FA:A6","ip":"192.168.50.16","port":12566,"model":"NL52","firmware":"12.2.3"}]}
[2026-07-17 18:03:15.368] [0;32mI (21162613) NL_LTPDU: BatchGet 880A64775B01: 6 eps, rsp=118 bytes[0m
[2026-07-17 18:03:15.368] [0;32mI (21162618) NL_LTPDU: SRP reconnect: device=4D FEB8 clientId=1[0m
[2026-07-17 18:03:15.368] [0;32mI (21162661) NL_LTPDU:   pubA[0:4]=9EA123C9[0m
[2026-07-17 18:03:15.368] 
[2026-07-17 18:03:15.538] [0;32mI (21162834) NL_LTPDU: TCP connected to 192.168.50.160:12566[0m
[2026-07-17 18:03:15.538] 
[2026-07-17 18:03:15.956] [0;32mI (21163226) NL_LTPDU:   step1 rsp: salt len=4, salt[0:4]=849FE7D8[0m
[2026-07-17 18:03:15.956] [0;32mI (21163226) NL_LTPDU:   step1 rsp: B[0:4]=7AFEA51C, B len=256[0m
[2026-07-17 18:03:15.956] [0;32mI (21163228) NL_LTPDU:   session_version: len=0 val=FFFF[0m
[2026-07-17 18:03:15.956] [0;32mI (21163234) NL_SRP:   k[0:8]=4CBA3FB2923E01FB[0m
[2026-07-17 18:03:15.956] [0;32mI (21163239) NL_SRP:   szA=256, szB=256[0m
[2026-07-17 18:03:15.956] [0;32mI (21163244) NL_SRP:   u[0:8]=5D7A3BCA16D72BE0[0m
[2026-07-17 18:03:15.956] [0;32mI (21163249) NL_SRP:   x[0:8]=3FA3279560C7157B[0m
[2026-07-17 18:03:15.956] 
[2026-07-17 18:03:16.047] [0;32mI (21163348) NL_SRP: SrpComputeSecret OK[0m
[2026-07-17 18:03:16.047] [0;32mI (21163348) NL_LTPDU:   SrpComputeSecret OK[0m
[2026-07-17 18:03:16.047] 
[2026-07-17 18:03:16.125] [0;31mE (21163408) NL_LTPDU: SRP step2: missing/invalid M2[0m
[2026-07-17 18:03:16.125] [0;33mW (21163409) TASK_NL: [1] Auth failed (err=5, retry=1/3)[0m
[2026-07-17 18:03:16.125] [0;32mI (21163429) NL_LTPDU: SRP reconnect: device=4D FEB8 clientId=1[0m
[2026-07-17 18:03:16.125] 
[2026-07-17 18:03:16.170] [0;32mI (21163465) NL_LTPDU:   pubA[0:4]=6588635C[0m
[2026-07-17 18:03:16.170] [0;32mI (21163472) NL_LTPDU: TCP connected to 192.168.50.160:12566[0m
[2026-07-17 18:03:16.170] 
[2026-07-17 18:03:16.572] [0;32mI (21163844) NL_LTPDU:   step1 rsp: salt len=4, salt[0:4]=6D925AB7[0m
[2026-07-17 18:03:16.572] [0;32mI (21163845) NL_LTPDU:   step1 rsp: B[0:4]=6DB0F101, B len=256[0m
[2026-07-17 18:03:16.572] [0;32mI (21163847) NL_LTPDU:   session_version: len=0 val=FFFF[0m
[2026-07-17 18:03:16.572] [0;32mI (21163853) NL_SRP:   k[0:8]=4CBA3FB2923E01FB[0m
[2026-07-17 18:03:16.572] [0;32mI (21163858) NL_SRP:   szA=256, szB=256[0m
[2026-07-17 18:03:16.572] [0;32mI (21163863) NL_SRP:   u[0:8]=1A522B34CEAEA202[0m
[2026-07-17 18:03:16.572] [0;32mI (21163868) NL_SRP:   x[0:8]=5AB4B1755DD0AD4E[0m
[2026-07-17 18:03:16.572] 
[2026-07-17 18:03:16.665] [0;32mI (21163966) NL_SRP: SrpComputeSecret OK[0m
[2026-07-17 18:03:16.665] [0;32mI (21163966) NL_LTPDU:   SrpComputeSecret OK[0m
[2026-07-17 18:03:16.665] 
[2026-07-17 18:03:16.712] [0;31mE (21164002) NL_LTPDU: SRP step2: missing/invalid M2[0m
[2026-07-17 18:03:16.712] [0;33mW (21164003) TASK_NL: [1] Auth failed (err=5, retry=2/3)[0m
[2026-07-17 18:03:16.712] 
[2026-07-17 18:03:19.387] free heap: 6300796, minimum free heap: 6033104, Internal 8bit free heap: 72384, 8bit free heap: 6300796The current date/time is: Fri Jul 17 10:03:16 2026
[2026-07-17 18:03:19.387] 
[2026-07-17 18:03:19.387] 
[2026-07-17 18:03:20.374] [0;32mI (21167671) NL_LTPDU: BatchGet 3E0AE0494182: 6 eps, rsp=125 bytes[0m
[2026-07-17 18:03:20.374] 
[2026-07-17 18:03:20.527] [0;32mI (21167825) NL_LTPDU: BatchGet 880A64775B01: 6 eps, rsp=118 bytes[0m
[2026-07-17 18:03:20.527] 
[2026-07-17 18:03:25.285] [0;32mI (21172559) NL_LTPDU: BatchGet 3E0AE0494182: 6 eps, rsp=125 bytes[0m
[2026-07-17 18:03:25.285] [0;32mI (21172584) NL_LTPDU: BatchGet 880A64775B01: 6 eps, rsp=118 bytes[0m
[2026-07-17 18:03:25.285] 
[2026-07-17 18:03:27.239] [0;32mI (21174495) NL_LTPDU: SRP reconnect: device=4D FEB8 clientId=1[0m
[2026-07-17 18:03:27.239] [0;32mI (21174530) NL_LTPDU:   pubA[0:4]=1CCE8011[0m
[2026-07-17 18:03:27.239] [0;32mI (21174538) NL_LTPDU: TCP connected to 192.168.50.160:12566[0m
[2026-07-17 18:03:27.239] 
[2026-07-17 18:03:27.407] free heap: 6299572, minimum free heap: 6033104, Internal 8bit free heap: 72264, 8bit free heap: 6299572The current date/time is: Fri Jul 17 10:03:24 2026
[2026-07-17 18:03:27.407] 
[2026-07-17 18:03:27.407] 
[2026-07-17 18:03:27.731] [0;32mI (21175004) NL_LTPDU:   step1 rsp: salt len=4, salt[0:4]=4AB038BD[0m
[2026-07-17 18:03:27.731] [0;32mI (21175004) NL_LTPDU:   step1 rsp: B[0:4]=0A9CA339, B len=256[0m
[2026-07-17 18:03:27.731] [0;32mI (21175006) NL_LTPDU:   session_version: len=0 val=FFFF[0m
[2026-07-17 18:03:27.731] [0;32mI (21175013) NL_SRP:   k[0:8]=4CBA3FB2923E01FB[0m
[2026-07-17 18:03:27.731] [0;32mI (21175017) NL_SRP:   szA=256, szB=256[0m
[2026-07-17 18:03:27.731] [0;32mI (21175022) NL_SRP:   u[0:8]=1ACEB26FE923F81D[0m
[2026-07-17 18:03:27.731] [0;32mI (21175027) NL_SRP:   x[0:8]=90B7122889534A1D[0m
[2026-07-17 18:03:27.731] 
[2026-07-17 18:03:27.825] [0;32mI (21175126) NL_SRP: SrpComputeSecret OK[0m
[2026-07-17 18:03:27.825] [0;32mI (21175126) NL_LTPDU:   SrpComputeSecret OK[0m
[2026-07-17 18:03:27.825] 
[2026-07-17 18:03:27.947] [0;31mE (21175246) NL_LTPDU: SRP step2: missing/invalid M2[0m
[2026-07-17 18:03:27.947] [0;33mW (21175247) TASK_NL: [1] Auth failed (err=5, retry=3/3)[0m
[2026-07-17 18:03:27.947] 
[2026-07-17 18:03:28.040] pTopic:switchlink/B0E9FEC6718C/link_to_nanoleaf_property
[2026-07-17 18:03:28.040] pData:{"msgType":"online","deviceId":"6A76B95FD1DB","timestamp":1784282608,"online":false,"reason":"auth_failed"}
[2026-07-17 18:03:28.040] 
[2026-07-17 18:03:30.400] [0;32mI (21177689) NL_LTPDU: BatchGet 3E0AE0494182: 6 eps, rsp=125 bytes[0m
[2026-07-17 18:03:30.400] [0;32mI (21177706) NL_LTPDU: BatchGet 880A64775B01: 6 eps, rsp=118 bytes[0m
[2026-07-17 18:03:30.400] 
[2026-07-17 18:03:35.411] free heap: 6247268, minimum free heap: 6033104, Internal 8bit free heap: 72348, 8bit free heap: 6247268The current date/time is: Fri Jul 17 10:03:32 2026
[2026-07-17 18:03:35.411] 
[2026-07-17 18:03:35.411] 
[2026-07-17 18:03:35.551] [0;32mI (21182827) NL_LTPDU: BatchGet 3E0AE0494182: 6 eps, rsp=125 bytes[0m
[2026-07-17 18:03:35.551] [0;32mI (21182852) NL_LTPDU: BatchGet 880A64775B01: 6 eps, rsp=118 bytes[0m
[2026-07-17 18:03:35.551] 
[2026-07-17 18:03:40.396] [0;32mI (21187682) NL_LTPDU: BatchGet 3E0AE0494182: 6 eps, rsp=125 bytes[0m
[2026-07-17 18:03:40.396] [0;32mI (21187690) NL_LTPDU: BatchGet 880A64775B01: 6 eps, rsp=118 bytes[0m
[2026-07-17 18:03:40.396] 
[2026-07-17 18:03:43.153] uart: 11 AT+MOTION 0
[2026-07-17 18:03:43.153] 
[2026-07-17 18:03:43.153] 
[2026-07-17 18:03:43.153] btn on press
[2026-07-17 18:03:43.153] uart: 130 AT+BCDS ff04000206a59fdfc 0010B940B0E9FEC6718C48ca43a5b6dc0F0147000a08974146000000000000ff0d0200000000000000000000000000000000ff01
[2026-07-17 18:03:43.153] 
[2026-07-17 18:03:43.153] 
[2026-07-17 18:03:43.153] 
[2026-07-17 18:03:43.200] pTopic:$aws/rules/bi_wifi_data_report/switchlink/B0E9FEC6718C/link_to_shadow
[2026-07-17 18:03:43.200] pData:BCD ff04000206a59fdfc 0010B940B0E9FEC6718C48ca43a5b6dc0F0147000a08974146000000000000ff0d0200000000000000000000000000000000ff01
[2026-07-17 18:03:43.200] 
[2026-07-17 18:03:43.401] free heap: 6299120, minimum free heap: 6033104, Internal 8bit free heap: 72384, 8bit free heap: 6299120The current date/time is: Fri Jul 17 10:03:40 2026
[2026-07-17 18:03:43.401] 
[2026-07-17 18:03:43.401] 
[2026-07-17 18:03:45.525] [0;32mI (21192818) NL_LTPDU: BatchGet 3E0AE0494182: 6 eps, rsp=125 bytes[0m
[2026-07-17 18:03:45.525] 
[2026-07-17 18:03:45.573] [0;32mI (21192864) NL_LTPDU: BatchGet 880A64775B01: 6 eps, rsp=118 bytes[0m
[2026-07-17 18:03:45.573] 
[2026-07-17 18:03:50.709] [0;32mI (21197983) NL_LTPDU: BatchGet 3E0AE0494182: 6 eps, rsp=125 bytes[0m
[2026-07-17 18:03:50.709] [0;32mI (21198004) NL_LTPDU: BatchGet 880A64775B01: 6 eps, rsp=118 bytes[0m
[2026-07-17 18:03:50.709] 
[2026-07-17 18:03:51.419] free heap: 6300432, minimum free heap: 6033104, Internal 8bit free heap: 72252, 8bit free heap: 6300432The current date/time is: Fri Jul 17 10:03:48 2026
[2026-07-17 18:03:51.419] 
[2026-07-17 18:03:51.419] 
[2026-07-17 18:03:52.950] uart: 11 AT+MOTION 1
[2026-07-17 18:03:52.950] 
[2026-07-17 18:03:52.950] 
[2026-07-17 18:03:52.950] btn on press
[2026-07-17 18:03:52.950] uart: 130 AT+BCDS ff04000206a59fe05 0010B940B0E9FEC6718C48ca43a5b6dc0F0148200a08974146000000000000ff0d0100000000000000000000000000000000ff01
[2026-07-17 18:03:52.950] 
[2026-07-17 18:03:52.950] 
[2026-07-17 18:03:52.950] 
[2026-07-17 18:03:53.105] pTopic:$aws/rules/bi_wifi_data_report/switchlink/B0E9FEC6718C/link_to_shadow
[2026-07-17 18:03:53.105] pData:BCD ff04000206a59fe05 0010B940B0E9FEC6718C48ca43a5b6dc0F0148200a08974146000000000000ff0d0100000000000000000000000000000000ff01
[2026-07-17 18:03:53.105] 
[2026-07-17 18:03:55.769] [0;32mI (21203058) NL_LTPDU: BatchGet 3E0AE0494182: 6 eps, rsp=125 bytes[0m
[2026-07-17 18:03:55.769] 
[2026-07-17 18:03:55.831] [0;32mI (21203124) NL_LTPDU: BatchGet 880A64775B01: 6 eps, rsp=118 bytes[0m
[2026-07-17 18:03:55.831] 
[2026-07-17 18:03:59.425] free heap: 6300584, minimum free heap: 6033104, Internal 8bit free heap: 72384, 8bit free heap: 6300584The current date/time is: Fri Jul 17 10:03:56 2026
[2026-07-17 18:03:59.425] 
[2026-07-17 18:03:59.425] 
[2026-07-17 18:04:00.627] [0;32mI (21207925) NL_LTPDU: BatchGet 3E0AE0494182: 6 eps, rsp=125 bytes[0m
[2026-07-17 18:04:00.627] [0;32mI (21207934) NL_LTPDU: BatchGet 880A64775B01: 6 eps, rsp=118 bytes[0m
[2026-07-17 18:04:00.627] 
[2026-07-17 18:04:05.800] [0;32mI (21213099) NL_LTPDU: BatchGet 3E0AE0494182: 6 eps, rsp=125 bytes[0m
[2026-07-17 18:04:05.800] 
[2026-07-17 18:04:05.846] [0;32mI (21213141) NL_LTPDU: BatchGet 880A64775B01: 6 eps, rsp=118 bytes[0m
[2026-07-17 18:04:05.846] 
[2026-07-17 18:04:07.413] free heap: 6300580, minimum free heap: 6033104, Internal 8bit free heap: 72380, 8bit free heap: 6300580The current date/time is: Fri Jul 17 10:04:04 2026
[2026-07-17 18:04:07.413] 
[2026-07-17 18:04:07.413] 
[2026-07-17 18:04:10.920] [0;32mI (21218221) NL_LTPDU: BatchGet 3E0AE0494182: 6 eps, rsp=125 bytes[0m
[2026-07-17 18:04:10.920] 
[2026-07-17 18:04:10.966] [0;32mI (21218267) NL_LTPDU: BatchGet 880A64775B01: 6 eps, rsp=118 bytes[0m
[2026-07-17 18:04:10.966] 
[2026-07-17 18:04:15.418] free heap: 6300540, minimum free heap: 6033104, Internal 8bit free heap: 72340, 8bit free heap: 6300540The current date/time is: Fri Jul 17 10:04:12 2026
[2026-07-17 18:04:15.418] 
[2026-07-17 18:04:15.418] 
[2026-07-17 18:04:15.726] [0;32mI (21223012) NL_LTPDU: BatchGet 3E0AE0494182: 6 eps, rsp=125 bytes[0m
[2026-07-17 18:04:15.726] [0;32mI (21223028) NL_LTPDU: BatchGet 880A64775B01: 6 eps, rsp=118 bytes[0m
[2026-07-17 18:04:15.726] 
[2026-07-17 18:04:20.846] [0;32mI (21228134) NL_LTPDU: BatchGet 3E0AE0494182: 6 eps, rsp=125 bytes[0m
[2026-07-17 18:04:20.846] 
[2026-07-17 18:04:20.908] [0;32mI (21228208) NL_LTPDU: BatchGet 880A64775B01: 6 eps, rsp=118 bytes[0m
[2026-07-17 18:04:20.908] 
[2026-07-17 18:04:23.430] free heap: 6300580, minimum free heap: 6033104, Internal 8bit free heap: 72380, 8bit free heap: 6300580The current date/time is: Fri Jul 17 10:04:20 2026
[2026-07-17 18:04:23.430] 
[2026-07-17 18:04:23.430] 
[2026-07-17 18:04:25.965] [0;32mI (21233266) NL_LTPDU: BatchGet 3E0AE0494182: 6 eps, rsp=125 bytes[0m
[2026-07-17 18:04:25.965] 
[2026-07-17 18:04:26.011] [0;32mI (21233313) NL_LTPDU: BatchGet 880A64775B01: 6 eps, rsp=118 bytes[0m
[2026-07-17 18:04:26.011] 
[2026-07-17 18:04:28.934] [0;32mI (21236235) ROUTE_HOOK: Received RIO[0m
[2026-07-17 18:04:28.934] [0;32mI (21236236) ROUTE_HOOK: prefix FDEA:C98F:38B2:1:: lifetime 1800[0m
[2026-07-17 18:04:28.934] 
[2026-07-17 18:04:30.851] [0;32mI (21238144) NL_LTPDU: BatchGet 3E0AE0494182: 6 eps, rsp=125 bytes[0m
[2026-07-17 18:04:30.851] 
[2026-07-17 18:04:31.191] [0;32mI (21238488) NL_LTPDU: BatchGet 880A64775B01: 6 eps, rsp=118 bytes[0m
[2026-07-17 18:04:31.191] 
[2026-07-17 18:04:31.438] free heap: 6300580, minimum free heap: 6033104, Internal 8bit free heap: 72380, 8bit free heap: 6300580The current date/time is: Fri Jul 17 10:04:28 2026
[2026-07-17 18:04:31.438] 
[2026-07-17 18:04:31.438] 
[2026-07-17 18:04:36.047] [0;32mI (21243309) NL_LTPDU: BatchGet 3E0AE0494182: 6 eps, rsp=125 bytes[0m
[2026-07-17 18:04:36.047] [0;32mI (21243342) NL_LTPDU: BatchGet 880A64775B01: 6 eps, rsp=118 bytes[0m
[2026-07-17 18:04:36.047] 
[2026-07-17 18:04:39.437] free heap: 6300448, minimum free heap: 6033104, Internal 8bit free heap: 72248, 8bit free heap: 6300448The current date/time is: Fri Jul 17 10:04:36 2026
[2026-07-17 18:04:39.437] 
[2026-07-17 18:04:39.437] 
[2026-07-17 18:04:41.137] [0;32mI (21248424) NL_LTPDU: BatchGet 3E0AE0494182: 6 eps, rsp=125 bytes[0m
[2026-07-17 18:04:41.137] 
[2026-07-17 18:04:41.199] [0;32mI (21248490) NL_LTPDU: BatchGet 880A64775B01: 6 eps, rsp=118 bytes[0m
[2026-07-17 18:04:41.199] 
[2026-07-17 18:04:46.245] [0;32mI (21253543) NL_LTPDU: BatchGet 3E0AE0494182: 6 eps, rsp=125 bytes[0m
[2026-07-17 18:04:46.245] 
[2026-07-17 18:04:46.290] [0;32mI (21253592) NL_LTPDU: BatchGet 880A64775B01: 6 eps, rsp=118 bytes[0m
[2026-07-17 18:04:46.290] 
[2026-07-17 18:04:47.464] free heap: 6300580, minimum free heap: 6033104, Internal 8bit free heap: 72380, 8bit free heap: 6300580The current date/time is: Fri Jul 17 10:04:44 2026
[2026-07-17 18:04:47.464] 
[2026-07-17 18:04:47.464] 
[2026-07-17 18:04:49.138] uart: 19 AT+TEMPHUMI +236 64
[2026-07-17 18:04:49.138] 
[2026-07-17 18:04:49.138] 
[2026-07-17 18:04:49.138] temp_ep:65535,temp_data:2360 humi_ep:65535,humi_data:6400
[2026-07-17 18:04:49.138] 
[2026-07-17 18:04:49.138] 
[2026-07-17 18:04:51.413] [0;32mI (21258712) NL_LTPDU: BatchGet 3E0AE0494182: 6 eps, rsp=125 bytes[0m
[2026-07-17 18:04:51.413] 
[2026-07-17 18:04:51.444] [0;32mI (21258743) NL_LTPDU: BatchGet 880A64775B01: 6 eps, rsp=118 bytes[0m
[2026-07-17 18:04:51.444] 
[2026-07-17 18:04:55.468] free heap: 6300520, minimum free heap: 6033104, Internal 8bit free heap: 72340, 8bit free heap: 6300520The current date/time is: Fri Jul 17 10:04:52 2026
[2026-07-17 18:04:55.468] 
[2026-07-17 18:04:55.468] 
[2026-07-17 18:04:56.208] [0;32mI (21263487) NL_LTPDU: BatchGet 3E0AE0494182: 6 eps, rsp=125 bytes[0m
[2026-07-17 18:04:56.208] [0;32mI (21263511) NL_LTPDU: BatchGet 880A64775B01: 6 eps, rsp=118 bytes[0m
[2026-07-17 18:04:56.208] 
[2026-07-17 18:05:01.299] [0;32mI (21268597) NL_LTPDU: BatchGet 3E0AE0494182: 6 eps, rsp=125 bytes[0m
[2026-07-17 18:05:01.299] 
[2026-07-17 18:05:01.345] [0;32mI (21268632) NL_LTPDU: BatchGet 880A64775B01: 6 eps, rsp=118 bytes[0m
[2026-07-17 18:05:01.345] 
[2026-07-17 18:05:03.467] free heap: 6300580, minimum free heap: 6033104, Internal 8bit free heap: 72380, 8bit free heap: 6300580The current date/time is: Fri Jul 17 10:05:00 2026
[2026-07-17 18:05:03.467] 
[2026-07-17 18:05:03.467] 
[2026-07-17 18:05:06.540] [0;32mI (21273817) NL_LTPDU: BatchGet 3E0AE0494182: 6 eps, rsp=125 bytes[0m
[2026-07-17 18:05:06.540] [0;32mI (21273844) NL_LTPDU: BatchGet 880A64775B01: 6 eps, rsp=118 bytes[0m
[2026-07-17 18:05:06.540] 
[2026-07-17 18:05:11.279] [0;32mI (21278575) NL_LTPDU: BatchGet 3E0AE0494182: 6 eps, rsp=125 bytes[0m
[2026-07-17 18:05:11.279] [0;32mI (21278581) NL_LTPDU: BatchGet 880A64775B01: 6 eps, rsp=118 bytes[0m
[2026-07-17 18:05:11.279] 
[2026-07-17 18:05:11.479] free heap: 6300560, minimum free heap: 6033104, Internal 8bit free heap: 72380, 8bit free heap: 6300560The current date/time is: Fri Jul 17 10:05:08 2026
[2026-07-17 18:05:11.479] 
[2026-07-17 18:05:11.479] 
[2026-07-17 18:05:16.474] [0;32mI (21283750) NL_LTPDU: BatchGet 3E0AE0494182: 6 eps, rsp=125 bytes[0m
[2026-07-17 18:05:16.474] [0;32mI (21283777) NL_LTPDU: BatchGet 880A64775B01: 6 eps, rsp=118 bytes[0m
[2026-07-17 18:05:16.474] 
[2026-07-17 18:05:19.480] free heap: 6301004, minimum free heap: 6033104, Internal 8bit free heap: 72380, 8bit free heap: 6301004The current date/time is: Fri Jul 17 10:05:16 2026
[2026-07-17 18:05:19.480] 
[2026-07-17 18:05:19.480] 
[2026-07-17 18:05:21.543] [0;32mI (21288842) NL_LTPDU: BatchGet 3E0AE0494182: 6 eps, rsp=125 bytes[0m
[2026-07-17 18:05:21.543] 
[2026-07-17 18:05:21.574] [0;32mI (21288872) NL_LTPDU: BatchGet 880A64775B01: 6 eps, rsp=118 bytes[0m
[2026-07-17 18:05:21.574] 
[2026-07-17 18:05:23.171] uart: 11 AT+MOTION 0
[2026-07-17 18:05:23.171] 
[2026-07-17 18:05:23.171] 
[2026-07-17 18:05:23.171] btn on press
[2026-07-17 18:05:23.171] uart: 130 AT+BCDS ff04000206a59fe60 0010B940B0E9FEC6718C48ca43a5b6dc0F0149000a06974046000000000000ff0d0100000000000000000000000000000000ff01
[2026-07-17 18:05:23.171] 
[2026-07-17 18:05:23.171] 
[2026-07-17 18:05:23.171] pTopic:$aws/rules/bi_wifi_data_report/switchlink/B0E9FEC6718C/link_to_shadow
[2026-07-17 18:05:23.171] pData:BCD ff04000206a59fe60 0010B940B0E9FEC6718C48ca43a5b6dc0F0149000a06974046000000000000ff0d0100000000000000000000000000000000ff01
[2026-07-17 18:05:23.171] 
[2026-07-17 18:05:26.692] [0;32mI (21293992) NL_LTPDU: BatchGet 3E0AE0494182: 6 eps, rsp=125 bytes[0m
[2026-07-17 18:05:26.692] 
[2026-07-17 18:05:26.739] [0;32mI (21294033) NL_LTPDU: BatchGet 880A64775B01: 6 eps, rsp=118 bytes[0m
[2026-07-17 18:05:26.739] 
[2026-07-17 18:05:27.233] uart: 79 AT+TEST shadow BCD|010211038|6a59fe64|35b0e9fe527e830101496406983d0035026b00|17
[2026-07-17 18:05:27.233] 
[2026-07-17 18:05:27.233] 
[2026-07-17 18:05:27.233] 
[2026-07-17 18:05:27.435] pTopic:$aws/rules/bi_ble_data_report_arch2/switchlink/B0E9FEC6718C/link_to_status
[2026-07-17 18:05:27.435] pData:{"protocolVersion":1,"count":1,"messages":[{"id":"839a7fee-2d44-4f9d-8433-124621b36fb2","eventType":"Wo.Device.DataReport","data":{"deviceID":"b0e9fe527e83","createTime":1784282724,"contentVersion":2,"contentType":"hex","content":"35b0e9fe527e830101496406983d0035026b00","seq":23}}]}
[2026-07-17 18:05:27.435] 
[2026-07-17 18:05:27.481] free heap: 6299500, minimum free heap: 6033104, Internal 8bit free heap: 72340, 8bit free heap: 6299500The current date/time is: Fri Jul 17 10:05:24 2026
[2026-07-17 18:05:27.481] 
[2026-07-17 18:05:27.481] 
[2026-07-17 18:05:31.578] [0;32mI (21298861) NL_LTPDU: BatchGet 3E0AE0494182: 6 eps, rsp=125 bytes[0m
[2026-07-17 18:05:31.578] [0;32mI (21298883) NL_LTPDU: BatchGet 880A64775B01: 6 eps, rsp=118 bytes[0m
[2026-07-17 18:05:31.578] 
[2026-07-17 18:05:32.552] uart: 11 AT+MOTION 1
[2026-07-17 18:05:32.552] 
[2026-07-17 18:05:32.552] 
[2026-07-17 18:05:32.552] btn on press
[2026-07-17 18:05:32.552] uart: 130 AT+BCDS ff04000206a59fe69 0010B940B0E9FEC6718C48ca43a5b6dc0F014a200a06974046000000000000ff0cfb00000000000000000000000000000000ff01
[2026-07-17 18:05:32.552] 
[2026-07-17 18:05:32.552] 
[2026-07-17 18:05:32.552] 
[2026-07-17 18:05:32.692] pTopic:$aws/rules/bi_wifi_data_report/switchlink/B0E9FEC6718C/link_to_shadow
[2026-07-17 18:05:32.692] pData:BCD ff04000206a59fe69 0010B940B0E9FEC6718C48ca43a5b6dc0F014a200a06974046000000000000ff0cfb00000000000000000000000000000000ff01
[2026-07-17 18:05:32.692] 
[2026-07-17 18:05:35.495] free heap: 6301220, minimum free heap: 6033104, Internal 8bit free heap: 72384, 8bit free heap: 6301220The current date/time is: Fri Jul 17 10:05:32 2026
[2026-07-17 18:05:35.495] 
[2026-07-17 18:05:35.495] 
[2026-07-17 18:05:36.748] [0;32mI (21304025) NL_LTPDU: BatchGet 3E0AE0494182: 6 eps, rsp=125 bytes[0m
[2026-07-17 18:05:36.748] [0;32mI (21304045) NL_LTPDU: BatchGet 880A64775B01: 6 eps, rsp=118 bytes[0m
[2026-07-17 18:05:36.748] 
[2026-07-17 18:05:41.858] [0;32mI (21309147) NL_LTPDU: BatchGet 3E0AE0494182: 6 eps, rsp=125 bytes[0m
[2026-07-17 18:05:41.858] [0;32mI (21309165) NL_LTPDU: BatchGet 880A64775B01: 6 eps, rsp=118 bytes[0m
[2026-07-17 18:05:41.858] 
[2026-07-17 18:05:43.499] free heap: 6301216, minimum free heap: 6033104, Internal 8bit free heap: 72384, 8bit free heap: 6301216The current date/time is: Fri Jul 17 10:05:40 2026
[2026-07-17 18:05:43.499] 
[2026-07-17 18:05:43.499] 
[2026-07-17 18:05:46.645] [0;32mI (21313918) NL_LTPDU: BatchGet 3E0AE0494182: 6 eps, rsp=125 bytes[0m
[2026-07-17 18:05:46.645] [0;32mI (21313941) NL_LTPDU: BatchGet 880A64775B01: 6 eps, rsp=118 bytes[0m
[2026-07-17 18:05:46.645] 
[2026-07-17 18:05:47.358] uart: 70 AT+TEST shadow BCD|010211017|6a59fe78|63dade09992018010130020021|db|03
[2026-07-17 18:05:47.358] 
[2026-07-17 18:05:47.358] 
[2026-07-17 18:05:47.358] 
[2026-07-17 18:05:47.451] pTopic:$aws/rules/bi_ble_data_report_arch2/switchlink/B0E9FEC6718C/link_to_status
[2026-07-17 18:05:47.451] pData:{"protocolVersion":1,"count":1,"messages":[{"id":"a54acacf-4c89-4a0b-83ef-af1a3a81f248","eventType":"Wo.Device.DataReport","data":{"deviceID":"dade09992018","createTime":1784282744,"contentVersion":3,"contentType":"hex","content":"63dade09992018010130020021","seq":219}}]}
[2026-07-17 18:05:47.451] 
[2026-07-17 18:05:51.502] free heap: 6301200, minimum free heap: 6033104, Internal 8bit free heap: 72384, 8bit free heap: 6301200The current date/time is: Fri Jul 17 10:05:48 2026
[2026-07-17 18:05:51.502] 
[2026-07-17 18:05:51.502] 
[2026-07-17 18:05:51.766] [0;32mI (21319031) NL_LTPDU: BatchGet 3E0AE0494182: 6 eps, rsp=125 bytes[0m
[2026-07-17 18:05:51.766] [0;32mI (21319058) NL_LTPDU: BatchGet 880A64775B01: 6 eps, rsp=118 bytes[0m
[2026-07-17 18:05:51.766] 
[2026-07-17 18:05:56.909] [0;32mI (21324200) NL_LTPDU: BatchGet 3E0AE0494182: 6 eps, rsp=125 bytes[0m
[2026-07-17 18:05:56.909] 
[2026-07-17 18:05:57.002] [0;32mI (21324301) NL_LTPDU: BatchGet 880A64775B01: 6 eps, rsp=118 bytes[0m
[2026-07-17 18:05:57.002] 
[2026-07-17 18:05:59.504] free heap: 6301216, minimum free heap: 6033104, Internal 8bit free heap: 72384, 8bit free heap: 6301216The current date/time is: Fri Jul 17 10:05:56 2026
[2026-07-17 18:05:59.504] 
[2026-07-17 18:05:59.504] 
[2026-07-17 18:06:01.752] [0;32mI (21329051) NL_LTPDU: BatchGet 3E0AE0494182: 6 eps, rsp=125 bytes[0m
[2026-07-17 18:06:01.752] [0;32mI (21329059) NL_LTPDU: BatchGet 880A64775B01: 6 eps, rsp=118 bytes[0m
[2026-07-17 18:06:01.752] 
[2026-07-17 18:06:06.939] [0;32mI (21334234) NL_LTPDU: BatchGet 3E0AE0494182: 6 eps, rsp=125 bytes[0m
[2026-07-17 18:06:06.939] [0;32mI (21334241) NL_LTPDU: BatchGet 880A64775B01: 6 eps, rsp=118 bytes[0m
[2026-07-17 18:06:06.939] 
[2026-07-17 18:06:07.514] free heap: 6301092, minimum free heap: 6033104, Internal 8bit free heap: 72252, 8bit free heap: 6301092The current date/time is: Fri Jul 17 10:06:04 2026
[2026-07-17 18:06:07.514] 
[2026-07-17 18:06:07.514] 
[2026-07-17 18:06:12.071] [0;32mI (21339330) NL_LTPDU: BatchGet 3E0AE0494182: 6 eps, rsp=125 bytes[0m
[2026-07-17 18:06:12.071] [0;32mI (21339367) NL_LTPDU: BatchGet 880A64775B01: 6 eps, rsp=118 bytes[0m
[2026-07-17 18:06:12.071] 
[2026-07-17 18:06:15.510] free heap: 6301224, minimum free heap: 6033104, Internal 8bit free heap: 72384, 8bit free heap: 6301224The current date/time is: Fri Jul 17 10:06:12 2026
[2026-07-17 18:06:15.510] 
[2026-07-17 18:06:15.510] 
[2026-07-17 18:06:17.179] [0;32mI (21344472) NL_LTPDU: BatchGet 3E0AE0494182: 6 eps, rsp=125 bytes[0m
[2026-07-17 18:06:17.179] [0;32mI (21344484) NL_LTPDU: BatchGet 880A64775B01: 6 eps, rsp=118 bytes[0m
[2026-07-17 18:06:17.179] 
[2026-07-17 18:06:22.312] [0;32mI (21349593) NL_LTPDU: BatchGet 3E0AE0494182: 6 eps, rsp=125 bytes[0m
[2026-07-17 18:06:22.312] [0;32mI (21349606) NL_LTPDU: BatchGet 880A64775B01: 6 eps, rsp=118 bytes[0m
[2026-07-17 18:06:22.312] 
[2026-07-17 18:06:23.534] free heap: 6301220, minimum free heap: 6033104, Internal 8bit free heap: 72380, 8bit free heap: 6301220The current date/time is: Fri Jul 17 10:06:20 2026
[2026-07-17 18:06:23.534] 
[2026-07-17 18:06:23.534] 
[2026-07-17 18:06:27.064] [0;32mI (21354362) NL_LTPDU: BatchGet 3E0AE0494182: 6 eps, rsp=125 bytes[0m
[2026-07-17 18:06:27.064] [0;32mI (21354371) NL_LTPDU: BatchGet 880A64775B01: 6 eps, rsp=118 bytes[0m
[2026-07-17 18:06:27.064] 
[2026-07-17 18:06:31.531] free heap: 6301160, minimum free heap: 6033104, Internal 8bit free heap: 72340, 8bit free heap: 6301160The current date/time is: Fri Jul 17 10:06:28 2026
[2026-07-17 18:06:31.531] 
[2026-07-17 18:06:31.531] 
[2026-07-17 18:06:32.229] [0;32mI (21359527) NL_LTPDU: BatchGet 3E0AE0494182: 6 eps, rsp=125 bytes[0m
[2026-07-17 18:06:32.229] [0;32mI (21359534) NL_LTPDU: BatchGet 880A64775B01: 6 eps, rsp=118 bytes[0m
[2026-07-17 18:06:32.229] 
[2026-07-17 18:06:37.360] [0;32mI (21364647) NL_LTPDU: BatchGet 3E0AE0494182: 6 eps, rsp=125 bytes[0m
[2026-07-17 18:06:37.360] [0;32mI (21364653) NL_LTPDU: BatchGet 880A64775B01: 6 eps, rsp=118 bytes[0m
[2026-07-17 18:06:37.360] 
[2026-07-17 18:06:39.535] free heap: 6301220, minimum free heap: 6033104, Internal 8bit free heap: 72380, 8bit free heap: 6301220The current date/time is: Fri Jul 17 10:06:36 2026
[2026-07-17 18:06:39.535] 
[2026-07-17 18:06:39.535] 
[2026-07-17 18:06:42.472] [0;32mI (21369766) NL_LTPDU: BatchGet 3E0AE0494182: 6 eps, rsp=125 bytes[0m
[2026-07-17 18:06:42.472] 
[2026-07-17 18:06:42.518] [0;32mI (21369817) NL_LTPDU: BatchGet 880A64775B01: 6 eps, rsp=118 bytes[0m
[2026-07-17 18:06:42.518] 
[2026-07-17 18:06:47.311] [0;32mI (21374584) NL_LTPDU: BatchGet 3E0AE0494182: 6 eps, rsp=125 bytes[0m
[2026-07-17 18:06:47.311] [0;32mI (21374609) NL_LTPDU: BatchGet 880A64775B01: 6 eps, rsp=118 bytes[0m
[2026-07-17 18:06:47.311] 
[2026-07-17 18:06:47.541] free heap: 6301184, minimum free heap: 6033104, Internal 8bit free heap: 72340, 8bit free heap: 6301184The current date/time is: Fri Jul 17 10:06:44 2026
[2026-07-17 18:06:47.541] 
[2026-07-17 18:06:47.541] 
[2026-07-17 18:06:52.515] [0;32mI (21379803) NL_LTPDU: BatchGet 3E0AE0494182: 6 eps, rsp=125 bytes[0m
[2026-07-17 18:06:52.515] 
[2026-07-17 18:06:52.546] [0;32mI (21379848) NL_LTPDU: BatchGet 880A64775B01: 6 eps, rsp=118 bytes[0m
[2026-07-17 18:06:52.546] 
[2026-07-17 18:06:54.567] Nanoleaf MQTT payload: {"msgType":"control","requestID":"2369f6f3-569c-493f-bef0-820a445f33f5","deviceId":"880A64775B01","endpoint":"ci","method":"POST","value":"{\"command\":\"requestBrightnessSensorConfig\"}"}
[2026-07-17 18:06:54.567] [0;32mI (21381860) NL_LTPDU: SendCmd POST → 880A64775B01 ep=ci[0m
[2026-07-17 18:06:54.567] 
[2026-07-17 18:06:54.814] [0;32mI (21382094) TASK_NL: [2] Cmd rsp(157): {"brightnessSensorConfig":{"enabled":true,"brightnessSensorMode":0,"userMaxBrightness":100,"userMinBrightness":85,"isCalibrated":true,"isCalibrating":false}}[0m
[2026-07-17 18:06:54.814] [0;32mI (21382101) NL_MQTT: PublishRespondData: len=355, pushing to MQTT queue[0m
[2026-07-17 18:06:54.814] 
[2026-07-17 18:06:54.907] pTopic:switchlink/B0E9FEC6718C/link_to_nanoleaf_func_resp
[2026-07-17 18:06:54.907] pData:{"msgType":"respond","requestID":"2369f6f3-569c-493f-bef0-820a445f33f5","deviceId":"880A64775B01","success":true,"errorCode":0,"errorMsg":"","endpoints":[{"endpoint":"ci","value":"{\"brightnessSensorConfig\":{\"enabled\":true,\"brightnessSensorMode\":0,\"userMaxBrightness\":100,\"userMinBrightness\":85,\"isCalibrated\":true,\"isCalibrating\":false}}"}]}
[2026-07-17 18:06:54.907] 
[2026-07-17 18:06:55.108] [0;32mI (21382401) NL_LTPDU: BatchGet 880A64775B01: 6 eps, rsp=118 bytes[0m
[2026-07-17 18:06:55.108] 
[2026-07-17 18:06:55.539] free heap: 6301068, minimum free heap: 6033104, Internal 8bit free heap: 72248, 8bit free heap: 6301068The current date/time is: Fri Jul 17 10:06:52 2026
[2026-07-17 18:06:55.539] 
[2026-07-17 18:06:55.539] 
[2026-07-17 18:06:57.224] Nanoleaf MQTT payload: {"msgType":"control","requestID":"d0af455d-7939-4de9-b480-ba8daaa0cda5","deviceId":"880A64775B01","endpoint":"layout/go","method":"GET","value":""}
[2026-07-17 18:06:57.224] 
[2026-07-17 18:06:57.331] [0;32mI (21384612) NL_LTPDU: SendCmd POST → 880A64775B01 ep=layout/go[0m
[2026-07-17 18:06:57.331] [0;32mI (21384621) TASK_NL: [2] Cmd rsp(2): [0m
[2026-07-17 18:06:57.331] [0;32mI (21384622) NL_MQTT: PublishRespondData: len=192, pushing to MQTT queue[0m
[2026-07-17 18:06:57.331] 
[2026-07-17 18:06:57.547] pTopic:switchlink/B0E9FEC6718C/link_to_nanoleaf_func_resp
[2026-07-17 18:06:57.547] pData:{"msgType":"respond","requestID":"d0af455d-7939-4de9-b480-ba8daaa0cda5","deviceId":"880A64775B01","success":true,"errorCode":0,"errorMsg":"","endpoints":[{"endpoint":"layout/go","value":"0"}]}
[2026-07-17 18:06:57.547] [0;32mI (21384826) NL_LTPDU: BatchGet 880A64775B01: 6 eps, rsp=118 bytes[0m
[2026-07-17 18:06:57.547] 
[2026-07-17 18:06:57.670] [0;32mI (21384972) NL_LTPDU: BatchGet 3E0AE0494182: 6 eps, rsp=125 bytes[0m
[2026-07-17 18:06:57.670] 
[2026-07-17 18:06:58.602] Nanoleaf MQTT payload: {"msgType":"control","requestID":"d8349803-5577-464f-8eea-cbb0cd4e3f60","deviceId":"880A64775B01","endpoint":"layout/pd","method":"GET","value":""}
[2026-07-17 18:06:58.602] [0;32mI (21385883) NL_LTPDU: SendCmd POST → 880A64775B01 ep=layout/pd[0m
[2026-07-17 18:06:58.602] [0;32mI (21385894) TASK_NL: [2] Cmd rsp(121): {"layoutData":"AQACAAQCAAIAQwMANK5dAAAAagAAAHQAAAegpwAAAGoAAAAAAAAHAAAAAAAAAAAAVAB4DQAAAAAApQAAAFIA8Aw=","version":"2.0"}[0m
[2026-07-17 18:06:58.602] [0;32mI (21385898) NL_MQTT: PublishRespondData: len=320, pushing to MQTT queue[0m
[2026-07-17 18:06:58.602] 
[2026-07-17 18:06:58.804] pTopic:switchlink/B0E9FEC6718C/link_to_nanoleaf_func_resp
[2026-07-17 18:06:58.804] pData:{"msgType":"respond","requestID":"d8349803-5577-464f-8eea-cbb0cd4e3f60","deviceId":"880A64775B01","success":true,"errorCode":0,"errorMsg":"","endpoints":[{"endpoint":"layout/pd","value":"{\"layoutData\":\"AQACAAQCAAIAQwMANK5dAAAAagAAAHQAAAegpwAAAGoAAAAAAAAHAAAAAAAAAAAAVAB4DQAAAAAApQAAAFIA8Aw=\",\"version\":\"2.0\"}"}]}
[2026-07-17 18:06:58.804] [0;32mI (21386098) NL_LTPDU: BatchGet 880A64775B01: 6 eps, rsp=118 bytes[0m
[2026-07-17 18:06:58.804] 
[2026-07-17 18:07:02.859] [0;32mI (21390146) NL_LTPDU: BatchGet 3E0AE0494182: 6 eps, rsp=125 bytes[0m
[2026-07-17 18:07:02.859] 
[2026-07-17 18:07:02.906] uart: 9 AT+STATUS
[2026-07-17 18:07:02.906] 
[2026-07-17 18:07:02.906] 
[2026-07-17 18:07:02.906] wifi status is 5 1 2
[2026-07-17 18:07:02.906] 
[2026-07-17 18:07:02.906] wifi ipv4 info:
[2026-07-17 18:07:02.906] 
[2026-07-17 18:07:02.906] 192.168.50.200.
[2026-07-17 18:07:02.906] 
[2026-07-17 18:07:02.906] 255.255.255.0.
[2026-07-17 18:07:02.906] 
[2026-07-17 18:07:02.906] 192.168.50.1.
[2026-07-17 18:07:02.906] 
[2026-07-17 18:07:02.906] 
[2026-07-17 18:07:02.998] uart: 10 AT+GET_UTC
[2026-07-17 18:07:02.998] 
[2026-07-17 18:07:02.998] 
[2026-07-17 18:07:02.998] utc 3, 6a
[2026-07-17 18:07:02.998] 
[2026-07-17 18:07:02.998] utc 2, 59
[2026-07-17 18:07:02.998] 
[2026-07-17 18:07:02.998] utc 1, fe
[2026-07-17 18:07:02.998] 
[2026-07-17 18:07:02.998] utc 0, c3
[2026-07-17 18:07:02.998] 
[2026-07-17 18:07:02.998] UTC : 6a59fec3
[2026-07-17 18:07:02.998] 
[2026-07-17 18:07:02.998] 
[2026-07-17 18:07:03.550] free heap: 6301184, minimum free heap: 6033104, Internal 8bit free heap: 72340, 8bit free heap: 6301184The current date/time is: Fri Jul 17 10:07:00 2026
[2026-07-17 18:07:03.550] 
[2026-07-17 18:07:03.550] 
[2026-07-17 18:07:03.720] [0;32mI (21391011) NL_LTPDU: BatchGet 880A64775B01: 6 eps, rsp=118 bytes[0m
[2026-07-17 18:07:03.720] 
[2026-07-17 18:07:04.905] Nanoleaf MQTT payload: {"msgType":"control","requestID":"75e50195-ac20-41d4-833c-5b481ebbadaf","deviceId":"880A64775B01","endpoint":"layout/go","method":"GET","value":""}
[2026-07-17 18:07:04.905] [0;32mI (21392211) NL_LTPDU: SendCmd POST → 880A64775B01 ep=layout/go[0m
[2026-07-17 18:07:04.905] 
[2026-07-17 18:07:05.200] [0;32mI (21392497) TASK_NL: [2] Cmd rsp(2): [0m
[2026-07-17 18:07:05.200] [0;32mI (21392498) NL_MQTT: PublishRespondData: len=192, pushing to MQTT queue[0m
[2026-07-17 18:07:05.200] 
[2026-07-17 18:07:05.246] pTopic:switchlink/B0E9FEC6718C/link_to_nanoleaf_func_resp
[2026-07-17 18:07:05.246] pData:{"msgType":"respond","requestID":"75e50195-ac20-41d4-833c-5b481ebbadaf","deviceId":"880A64775B01","success":true,"errorCode":0,"errorMsg":"","endpoints":[{"endpoint":"layout/go","value":"0"}]}
[2026-07-17 18:07:05.246] 
[2026-07-17 18:07:05.400] [0;32mI (21392702) NL_LTPDU: BatchGet 880A64775B01: 6 eps, rsp=118 bytes[0m
[2026-07-17 18:07:05.400] 
[2026-07-17 18:07:06.237] Nanoleaf MQTT payload: {"msgType":"control","requestID":"6b3326f4-fe01-4a23-90c5-b22ac93d6b91","deviceId":"880A64775B01","endpoint":"layout/pd","method":"GET","value":""}
[2026-07-17 18:07:06.237] 
[2026-07-17 18:07:06.345] [0;32mI (21393602) NL_LTPDU: SendCmd POST → 880A64775B01 ep=layout/pd[0m
[2026-07-17 18:07:06.345] [0;32mI (21393625) TASK_NL: [2] Cmd rsp(121): {"layoutData":"AQACAAQCAAIAQwMANK5dAAAAagAAAHQAAAegpwAAAGoAAAAAAAAHAAAAAAAAAAAAVAB4DQAAAAAApQAAAFIA8Aw=","version":"2.0"}[0m
[2026-07-17 18:07:06.345] [0;32mI (21393629) NL_MQTT: PublishRespondData: len=320, pushing to MQTT queue[0m
[2026-07-17 18:07:06.345] 
[2026-07-17 18:07:06.483] pTopic:switchlink/B0E9FEC6718C/link_to_nanoleaf_func_resp
[2026-07-17 18:07:06.483] pData:{"msgType":"respond","requestID":"6b3326f4-fe01-4a23-90c5-b22ac93d6b91","deviceId":"880A64775B01","success":true,"errorCode":0,"errorMsg":"","endpoints":[{"endpoint":"layout/pd","value":"{\"layoutData\":\"AQACAAQCAAIAQwMANK5dAAAAagAAAHQAAAegpwAAAGoAAAAAAAAHAAAAAAAAAAAAVAB4DQAAAAAApQAAAFIA8Aw=\",\"version\":\"2.0\"}"}]}
[2026-07-17 18:07:06.483] 
[2026-07-17 18:07:06.529] [0;32mI (21393824) NL_LTPDU: BatchGet 880A64775B01: 6 eps, rsp=118 bytes[0m
[2026-07-17 18:07:06.529] 
[2026-07-17 18:07:07.148] Nanoleaf MQTT payload: {"msgType":"control","requestID":"0d919ceb-a2c7-4423-9a6f-ccf3379d2f33","deviceId":"880A64775B01","endpoint":"layout/pd","method":"GET","value":""}
[2026-07-17 18:07:07.148] 
[2026-07-17 18:07:07.241] [0;32mI (21394524) NL_LTPDU: SendCmd POST → 880A64775B01 ep=layout/pd[0m
[2026-07-17 18:07:07.241] [0;32mI (21394531) TASK_NL: [2] Cmd rsp(121): {"layoutData":"AQACAAQCAAIAQwMANK5dAAAAagAAAHQAAAegpwAAAGoAAAAAAAAHAAAAAAAAAAAAVAB4DQAAAAAApQAAAFIA8Aw=","version":"2.0"}[0m
[2026-07-17 18:07:07.241] [0;32mI (21394535) NL_MQTT: PublishRespondData: len=320, pushing to MQTT queue[0m
[2026-07-17 18:07:07.241] 
[2026-07-17 18:07:07.318] pTopic:switchlink/B0E9FEC6718C/link_to_nanoleaf_func_resp
[2026-07-17 18:07:07.318] pData:{"msgType":"respond","requestID":"0d919ceb-a2c7-4423-9a6f-ccf3379d2f33","deviceId":"880A64775B01","success":true,"errorCode":0,"errorMsg":"","endpoints":[{"endpoint":"layout/pd","value":"{\"layoutData\":\"AQACAAQCAAIAQwMANK5dAAAAagAAAHQAAAegpwAAAGoAAAAAAAAHAAAAAAAAAAAAVAB4DQAAAAAApQAAAFIA8Aw=\",\"version\":\"2.0\"}"}]}
[2026-07-17 18:07:07.318] 
[2026-07-17 18:07:07.566] [0;32mI (21394857) NL_LTPDU: BatchGet 880A64775B01: 6 eps, rsp=118 bytes[0m
[2026-07-17 18:07:07.566] 
[2026-07-17 18:07:07.968] [0;32mI (21395264) NL_LTPDU: BatchGet 3E0AE0494182: 6 eps, rsp=125 bytes[0m
[2026-07-17 18:07:07.968] 
[2026-07-17 18:07:08.802] Nanoleaf MQTT payload: {"msgType":"control","requestID":"ab65302b-35bf-4870-8751-76ac0a20cc98","deviceId":"880A64775B01","endpoint":"ci","method":"POST","value":"{\"calibrationColor\":{\"hue\":60,\"sat\":100},\"command\":\"startPrCalibration\"}"}
[2026-07-17 18:07:08.802] 
[2026-07-17 18:07:08.878] [0;32mI (21396176) NL_LTPDU: SendCmd POST → 880A64775B01 ep=ci[0m
[2026-07-17 18:07:08.878] 
[2026-07-17 18:07:10.552] pTopic:switchlink/B0E9FEC6718C/link_to_nanoleaf_func_resp
[2026-07-17 18:07:10.552] pData:{"msgType":"respond","requestID":"ab65302b-35bf-4870-8751-76ac0a20cc98","deviceId":"880A64775B01","success":true,"errorCode":0,"errorMsg":""}
[2026-07-17 18:07:10.552] 
[2026-07-17 18:07:10.739] [0;32mI (21398028) NL_LTPDU: BatchGet 880A64775B01: 6 eps, rsp=118 bytes[0m
[2026-07-17 18:07:10.739] 
[2026-07-17 18:07:11.560] free heap: 6301200, minimum free heap: 6033104, Internal 8bit free heap: 72380, 8bit free heap: 6301200The current date/time is: Fri Jul 17 10:07:08 2026
[2026-07-17 18:07:11.560] 
[2026-07-17 18:07:11.560] 
[2026-07-17 18:07:13.291] [0;32mI (21400590) NL_LTPDU: BatchGet 3E0AE0494182: 6 eps, rsp=125 bytes[0m
[2026-07-17 18:07:13.291] 
[2026-07-17 18:07:15.040] uart: 11 AT+MOTION 0
[2026-07-17 18:07:15.040] 
[2026-07-17 18:07:15.040] 
[2026-07-17 18:07:15.040] btn on press
[2026-07-17 18:07:15.040] uart: 130 AT+BCDS ff04000206a59fecf 0010B940B0E9FEC6718C48ca43a5b6dc0F014b000a06974046000000000000ff0d0300000000000000000000000000000000ff01
[2026-07-17 18:07:15.040] 
[2026-07-17 18:07:15.040] 
[2026-07-17 18:07:15.040] uart: 19 AT+TEMPHUMI +234 63
[2026-07-17 18:07:15.040] 
[2026-07-17 18:07:15.040] 
[2026-07-17 18:07:15.040] temp_ep:65535,temp_data:2340 humi_ep:65535,humi_data:6300
[2026-07-17 18:07:15.040] 
[2026-07-17 18:07:15.040] 
[2026-07-17 18:07:15.195] pTopic:$aws/rules/bi_wifi_data_report/switchlink/B0E9FEC6718C/link_to_shadow
[2026-07-17 18:07:15.195] pData:BCD ff04000206a59fecf 0010B940B0E9FEC6718C48ca43a5b6dc0F014b000a06974046000000000000ff0d0300000000000000000000000000000000ff01
[2026-07-17 18:07:15.195] 
[2026-07-17 18:07:15.615] [0;32mI (21402908) NL_LTPDU: BatchGet 880A64775B01: 6 eps, rsp=118 bytes[0m
[2026-07-17 18:07:15.615] 
[2026-07-17 18:07:15.955] [0;32mI (21403249) ROUTE_HOOK: Received RIO[0m
[2026-07-17 18:07:15.955] [0;32mI (21403250) ROUTE_HOOK: prefix FDEA:C98F:38B2:1:: lifetime 1800[0m
[2026-07-17 18:07:15.955] 
[2026-07-17 18:07:16.369] Nanoleaf MQTT payload: {"msgType":"control","requestID":"8475f9d0-0295-4a50-9afd-fe553932977a","deviceId":"880A64775B01","endpoint":"ci","method":"POST","value":"{\"command\":\"clearPrCalibration\"}"}
[2026-07-17 18:07:16.369] 
[2026-07-17 18:07:16.416] [0;32mI (21403708) NL_LTPDU: SendCmd POST → 880A64775B01 ep=ci[0m
[2026-07-17 18:07:16.416] 
[2026-07-17 18:07:16.615] pTopic:switchlink/B0E9FEC6718C/link_to_nanoleaf_func_resp
[2026-07-17 18:07:16.615] pData:{"msgType":"respond","requestID":"8475f9d0-0295-4a50-9afd-fe553932977a","deviceId":"880A64775B01","success":true,"errorCode":0,"errorMsg":""}
[2026-07-17 18:07:16.615] 
[2026-07-17 18:07:16.879] [0;32mI (21404173) NL_LTPDU: BatchGet 880A64775B01: 6 eps, rsp=118 bytes[0m
[2026-07-17 18:07:16.879] 
[2026-07-17 18:07:18.027] [0;32mI (21405315) NL_LTPDU: BatchGet 3E0AE0494182: 6 eps, rsp=125 bytes[0m
[2026-07-17 18:07:18.027] 
[2026-07-17 18:07:19.555] free heap: 6301224, minimum free heap: 6033104, Internal 8bit free heap: 72380, 8bit free heap: 6301224The current date/time is: Fri Jul 17 10:07:16 2026
[2026-07-17 18:07:19.555] 
[2026-07-17 18:07:19.555] 
[2026-07-17 18:07:19.784] Nanoleaf MQTT payload: {"msgType":"control","requestID":"7a3098e8-e4f1-467e-80fd-61a9e41b977a","deviceId":"880A64775B01","endpoint":"ci","method":"POST","value":"{\"command\":\"discardPrCalibration\"}"}
[2026-07-17 18:07:19.784] 
[2026-07-17 18:07:19.830] [0;32mI (21407126) NL_LTPDU: SendCmd POST → 880A64775B01 ep=ci[0m
[2026-07-17 18:07:19.830] 
[2026-07-17 18:07:20.878] pTopic:switchlink/B0E9FEC6718C/link_to_nanoleaf_func_resp
[2026-07-17 18:07:20.878] pData:{"msgType":"respond","requestID":"7a3098e8-e4f1-467e-80fd-61a9e41b977a","deviceId":"880A64775B01","success":true,"errorCode":0,"errorMsg":""}
[2026-07-17 18:07:20.878] [0;32mI (21408165) NL_LTPDU: BatchGet 880A64775B01: 6 eps, rsp=118 bytes[0m
[2026-07-17 18:07:20.878] 
[2026-07-17 18:07:23.135] [0;32mI (21410425) NL_LTPDU: BatchGet 3E0AE0494182: 6 eps, rsp=125 bytes[0m
[2026-07-17 18:07:23.135] 
[2026-07-17 18:07:23.772] Nanoleaf MQTT payload: {"msgType":"control","requestID":"d605385e-9d99-4b6c-9a54-eaede0dcd7e6","deviceId":"880A64775B01","endpoint":"ci","method":"POST","value":"{\"command\":\"requestTouchConfig\"}"}
[2026-07-17 18:07:23.772] Nanoleaf MQTT payload: {"msgType":"control","requestID":"5b54f645-e0c0-4108-baba-e8ffee0be5af","deviceId":"880A64775B01","endpoint":"ci","method":"POST","value":"{\"command\":\"getTouchKillSwitch\"}"}
[2026-07-17 18:07:23.772] 
[2026-07-17 18:07:23.835] [0;32mI (21411136) NL_LTPDU: SendCmd POST → 880A64775B01 ep=ci[0m
[2026-07-17 18:07:23.835] 
[2026-07-17 18:07:24.172] [0;32mI (21411296) TASK_NL: [2] Cmd rsp(598): {"touchConfig":{"supportedFeatures":{"systemGestures":["dt","su","sd","sl","sr"],"systemActions":["pwr","bu","bd","ncs","nrs","nrdms","pcs","prs"]},"defaultSystemConfig":{"gestureActions":[{"gesture":"dt","action":null},{"gesture":"su","action":null},{"gesture":"sd","action":null},{"gesture":"sl","action":null},{"gesture":"sr","action":null}]},"userSystemConfig":{"enabled":true,"gestureActions":[{"gesture":"dt","action":null},{"gesture":"su","action":"pwr"},{"gesture":"sd","action":"bu"},{"gesture":"sl","action":"bd"},{"gesture":"sr","action":"ncs"}],"subscribers":[]},"userPanelConfigs":[]}}[0m
[2026-07-17 18:07:24.172] [0;32mI (21411342) NL_MQTT: PublishRespondData: len=898, pushing to MQTT queue[0m
[2026-07-17 18:07:24.172] [0;32mI (21411349) NL_LTPDU: SendCmd POST → 880A64775B01 ep=ci[0m
[2026-07-17 18:07:24.172] pTopic:switchlink/B0E9FEC6718C/link_to_nanoleaf_func_resp
[2026-07-17 18:07:24.172] pData:{"msgType":"respond","requestID":"d605385e-9d99-4b6c-9a54-eaede0dcd7e6","deviceId":"880A64775B01","success":true,"errorCode":0,"errorMsg":"","endpoints":[{"endpoint":"ci","value":"{\"touchConfig\":{\"supportedFeatures\":{\"systemGestures\":[\"dt\",\"su\",\"sd\",\"sl\",\"sr\"],\"systemActions\":[\"pwr\",\"bu\",\"bd\",\"ncs\",\"nrs\",\"nrdms\",\"pcs\",\"prs\"]},\"defaultSystemConfig\":{\"gestureActions\":[{\"gesture\":\"dt\",\"action\":null},{\"gesture\":\"su\",\"action\":null},{\"gesture\":\"sd\",\"action\":null},{\"gesture\":\"sl\",\"action\":null},{\"gesture\":\"sr\",\"action\":null}]},\"userSystemConfig\":{\"enabled\":true,\"gestureActions\":[{\"gesture\":\"dt\",\"action\":null},{\"gesture\":\"su\",\"action\":\"pwr\"},{\"gesture\":\"sd\",\"action\":\"bu\"},{\"gesture\":\"sl\",\"action\":\"bd\"},{\"gesture\":\"sr\",\"action\":\"ncs\"}],\"subscribers\":[]},\"userPanelConfigs\":[]}}"}]}
[2026-07-17 18:07:24.172] 
[2026-07-17 18:07:24.512] [0;32mI (21411795) TASK_NL: [2] Cmd rsp(27): {"touchKillSwitchOn":false}[0m
[2026-07-17 18:07:24.512] [0;32mI (21411795) NL_MQTT: PublishRespondData: len=213, pushing to MQTT queue[0m
[2026-07-17 18:07:24.512] [0;32mI (21411815) NL_LTPDU: BatchGet 880A64775B01: 6 eps, rsp=118 bytes[0m
[2026-07-17 18:07:24.512] 
[2026-07-17 18:07:24.589] pTopic:switchlink/B0E9FEC6718C/link_to_nanoleaf_func_resp
[2026-07-17 18:07:24.589] pData:{"msgType":"respond","requestID":"5b54f645-e0c0-4108-baba-e8ffee0be5af","deviceId":"880A64775B01","success":true,"errorCode":0,"errorMsg":"","endpoints":[{"endpoint":"ci","value":"{\"touchKillSwitchOn\":false}"}]}
[2026-07-17 18:07:24.589] 
[2026-07-17 18:07:27.556] free heap: 6301224, minimum free heap: 6033104, Internal 8bit free heap: 72380, 8bit free heap: 6301224The current date/time is: Fri Jul 17 10:07:24 2026
[2026-07-17 18:07:27.556] 
[2026-07-17 18:07:27.556] 
[2026-07-17 18:07:27.942] [0;32mI (21415237) NL_LTPDU: BatchGet 3E0AE0494182: 6 eps, rsp=125 bytes[0m
[2026-07-17 18:07:27.942] 
[2026-07-17 18:07:29.852] [0;32mI (21417154) NL_LTPDU: BatchGet 880A64775B01: 6 eps, rsp=118 bytes[0m
[2026-07-17 18:07:29.852] 
[2026-07-17 18:07:31.260] Nanoleaf MQTT payload: {"msgType":"control","requestID":"aeab6ca1-53c1-45e9-9eb6-f313d35e58f2","deviceId":"880A64775B01","endpoint":"layout/go","method":"GET","value":""}
[2026-07-17 18:07:31.260] [0;32mI (21418554) NL_LTPDU: SendCmd POST → 880A64775B01 ep=layout/go[0m
[2026-07-17 18:07:31.260] 
[2026-07-17 18:07:31.524] [0;32mI (21418820) TASK_NL: [2] Cmd rsp(2): [0m
[2026-07-17 18:07:31.524] [0;32mI (21418820) NL_MQTT: PublishRespondData: len=192, pushing to MQTT queue[0m
[2026-07-17 18:07:31.524] 
[2026-07-17 18:07:31.679] pTopic:switchlink/B0E9FEC6718C/link_to_nanoleaf_func_resp
[2026-07-17 18:07:31.679] pData:{"msgType":"respond","requestID":"aeab6ca1-53c1-45e9-9eb6-f313d35e58f2","deviceId":"880A64775B01","success":true,"errorCode":0,"errorMsg":"","endpoints":[{"endpoint":"layout/go","value":"0"}]}
[2026-07-17 18:07:31.679] [0;32mI (21418972) NL_LTPDU: BatchGet 880A64775B01: 6 eps, rsp=118 bytes[0m
[2026-07-17 18:07:31.679] 
[2026-07-17 18:07:33.057] [0;32mI (21420353) NL_LTPDU: BatchGet 3E0AE0494182: 6 eps, rsp=125 bytes[0m
[2026-07-17 18:07:33.057] 
[2026-07-17 18:07:33.165] Nanoleaf MQTT payload: {"msgType":"control","requestID":"28585884-9fb2-4bf3-8971-0b5d56b4be20","deviceId":"880A64775B01","endpoint":"layout/pd","method":"GET","value":""}
[2026-07-17 18:07:33.165] 
[2026-07-17 18:07:33.305] [0;32mI (21420553) NL_LTPDU: SendCmd POST → 880A64775B01 ep=layout/pd[0m
[2026-07-17 18:07:33.305] [0;32mI (21420562) TASK_NL: [2] Cmd rsp(121): {"layoutData":"AQACAAQCAAIAQwMANK5dAAAAagAAAHQAAAegpwAAAGoAAAAAAAAHAAAAAAAAAAAAVAB4DQAAAAAApQAAAFIA8Aw=","version":"2.0"}[0m
[2026-07-17 18:07:33.305] [0;32mI (21420566) NL_MQTT: PublishRespondData: len=320, pushing to MQTT queue[0m
[2026-07-17 18:07:33.305] pTopic:switchlink/B0E9FEC6718C/link_to_nanoleaf_func_resp
[2026-07-17 18:07:33.305] pData:{"msgType":"respond","requestID":"28585884-9fb2-4bf3-8971-0b5d56b4be20","deviceId":"880A64775B01","success":true,"errorCode":0,"errorMsg":"","endpoints":[{"endpoint":"layout/pd","value":"{\"layoutData\":\"AQACAAQCAAIAQwMANK5dAAAAagAAAHQAAAegpwAAAGoAAAAAAAAHAAAAAAAAAAAAVAB4DQAAAAAApQAAAFIA8Aw=\",\"version\":\"2.0\"}"}]}
[2026-07-17 18:07:33.305] 
[2026-07-17 18:07:33.568] [0;32mI (21420862) NL_LTPDU: BatchGet 880A64775B01: 6 eps, rsp=118 bytes[0m
[2026-07-17 18:07:33.568] 
[2026-07-17 18:07:35.558] free heap: 6301224, minimum free heap: 6033104, Internal 8bit free heap: 72380, 8bit free heap: 6301224The current date/time is: Fri Jul 17 10:07:32 2026
[2026-07-17 18:07:35.558] 
[2026-07-17 18:07:35.558] 
[2026-07-17 18:07:38.280] [0;32mI (21425573) NL_LTPDU: BatchGet 3E0AE0494182: 6 eps, rsp=125 bytes[0m
[2026-07-17 18:07:38.280] 
[2026-07-17 18:07:38.387] [0;32mI (21425681) NL_LTPDU: BatchGet 880A64775B01: 6 eps, rsp=118 bytes[0m
[2026-07-17 18:07:38.387] 
[2026-07-17 18:07:43.029] [0;32mI (21430322) NL_LTPDU: BatchGet 3E0AE0494182: 6 eps, rsp=125 bytes[0m
[2026-07-17 18:07:43.029] 
[2026-07-17 18:07:43.509] [0;32mI (21430803) NL_LTPDU: BatchGet 880A64775B01: 6 eps, rsp=118 bytes[0m
[2026-07-17 18:07:43.509] 
[2026-07-17 18:07:43.570] free heap: 6301184, minimum free heap: 6033104, Internal 8bit free heap: 72340, 8bit free heap: 6301184The current date/time is: Fri Jul 17 10:07:40 2026
[2026-07-17 18:07:43.570] 
[2026-07-17 18:07:43.570] 
[2026-07-17 18:07:47.107] Nanoleaf MQTT payload: {"msgType":"control","requestID":"b9082fef-a9d3-4099-8b71-3250f0f2e2b8","deviceId":"880A64775B01","endpoint":"ci","method":"POST","value":"{\"command\":\"requestBrightnessSensorConfig\"}"}
[2026-07-17 18:07:47.107] [0;32mI (21434414) NL_LTPDU: SendCmd POST → 880A64775B01 ep=ci[0m
[2026-07-17 18:07:47.107] 
[2026-07-17 18:07:47.263] [0;32mI (21434496) TASK_NL: [2] Cmd rsp(157): {"brightnessSensorConfig":{"enabled":true,"brightnessSensorMode":0,"userMaxBrightness":100,"userMinBrightness":85,"isCalibrated":true,"isCalibrating":false}}[0m
[2026-07-17 18:07:47.263] [0;32mI (21434503) NL_MQTT: PublishRespondData: len=355, pushing to MQTT queue[0m
[2026-07-17 18:07:47.263] pTopic:switchlink/B0E9FEC6718C/link_to_nanoleaf_func_resp
[2026-07-17 18:07:47.263] pData:{"msgType":"respond","requestID":"b9082fef-a9d3-4099-8b71-3250f0f2e2b8","deviceId":"880A64775B01","success":true,"errorCode":0,"errorMsg":"","endpoints":[{"endpoint":"ci","value":"{\"brightnessSensorConfig\":{\"enabled\":true,\"brightnessSensorMode\":0,\"userMaxBrightness\":100,\"userMinBrightness\":85,\"isCalibrated\":true,\"isCalibrating\":false}}"}]}
[2026-07-17 18:07:47.263] 
[2026-07-17 18:07:47.415] [0;32mI (21434716) NL_LTPDU: BatchGet 880A64775B01: 6 eps, rsp=118 bytes[0m
[2026-07-17 18:07:47.415] 
[2026-07-17 18:07:48.546] [0;32mI (21435847) NL_LTPDU: BatchGet 3E0AE0494182: 6 eps, rsp=125 bytes[0m
[2026-07-17 18:07:48.546] 
[2026-07-17 18:07:49.752] Nanoleaf MQTT payload: {"msgType":"control","requestID":"89ed2b23-a918-415e-b550-2e06a48a5bd1","deviceId":"880A64775B01","endpoint":"layout/pd","method":"GET","value":""}
[2026-07-17 18:07:49.752] [0;32mI (21437059) NL_LTPDU: SendCmd POST → 880A64775B01 ep=layout/pd[0m
[2026-07-17 18:07:49.752] 
[2026-07-17 18:07:49.799] [0;32mI (21437084) TASK_NL: [2] Cmd rsp(121): {"layoutData":"AQACAAQCAAIAQwMANK5dAAAAagAAAHQAAAegpwAAAGoAAAAAAAAHAAAAAAAAAAAAVAB4DQAAAAAApQAAAFIA8Aw=","version":"2.0"}[0m
[2026-07-17 18:07:49.799] [0;32mI (21437088) NL_MQTT: PublishRespondData: len=320, pushing to MQTT queue[0m
[2026-07-17 18:07:49.799] 
[2026-07-17 18:07:49.908] pTopic:switchlink/B0E9FEC6718C/link_to_nanoleaf_func_resp
[2026-07-17 18:07:49.908] pData:{"msgType":"respond","requestID":"89ed2b23-a918-415e-b550-2e06a48a5bd1","deviceId":"880A64775B01","success":true,"errorCode":0,"errorMsg":"","endpoints":[{"endpoint":"layout/pd","value":"{\"layoutData\":\"AQACAAQCAAIAQwMANK5dAAAAagAAAHQAAAegpwAAAGoAAAAAAAAHAAAAAAAAAAAAVAB4DQAAAAAApQAAAFIA8Aw=\",\"version\":\"2.0\"}"}]}
[2026-07-17 18:07:49.908] 
[2026-07-17 18:07:50.062] [0;32mI (21437351) NL_LTPDU: BatchGet 880A64775B01: 6 eps, rsp=118 bytes[0m
[2026-07-17 18:07:50.062] 
[2026-07-17 18:07:51.086] Nanoleaf MQTT payload: {"msgType":"control","requestID":"ee35f3a8-5730-4479-89de-4963207edf29","deviceId":"880A64775B01","endpoint":"ci","method":"POST","value":"{\"calibrationColor\":{\"hue\":60,\"sat\":100},\"command\":\"startPrCalibration\"}"}
[2026-07-17 18:07:51.086] 
[2026-07-17 18:07:51.148] [0;32mI (21438451) NL_LTPDU: SendCmd POST → 880A64775B01 ep=ci[0m
[2026-07-17 18:07:51.148] 
[2026-07-17 18:07:51.566] free heap: 6149552, minimum free heap: 6033104, Internal 8bit free heap: 72380, 8bit free heap: 6149552The current date/time is: Fri Jul 17 10:07:48 2026
[2026-07-17 18:07:51.566] 
[2026-07-17 18:07:51.566] 
[2026-07-17 18:07:53.346] pTopic:switchlink/B0E9FEC6718C/link_to_nanoleaf_func_resp
[2026-07-17 18:07:53.346] pData:{"msgType":"respond","requestID":"ee35f3a8-5730-4479-89de-4963207edf29","deviceId":"880A64775B01","success":true,"errorCode":0,"errorMsg":""}
[2026-07-17 18:07:53.346] 
[2026-07-17 18:07:53.439] [0;32mI (21440740) NL_LTPDU: BatchGet 3E0AE0494182: 6 eps, rsp=125 bytes[0m
[2026-07-17 18:07:53.439] 
[2026-07-17 18:07:53.469] [0;32mI (21440772) NL_LTPDU: BatchGet 880A64775B01: 6 eps, rsp=118 bytes[0m
[2026-07-17 18:07:53.469] 
[2026-07-17 18:07:58.536] [0;32mI (21445834) NL_LTPDU: BatchGet 3E0AE0494182: 6 eps, rsp=125 bytes[0m
[2026-07-17 18:07:58.536] 
[2026-07-17 18:07:58.599] [0;32mI (21445890) NL_LTPDU: BatchGet 880A64775B01: 6 eps, rsp=118 bytes[0m
[2026-07-17 18:07:58.599] 
[2026-07-17 18:07:59.573] free heap: 6301184, minimum free heap: 6033104, Internal 8bit free heap: 72340, 8bit free heap: 6301184The current date/time is: Fri Jul 17 10:07:56 2026
[2026-07-17 18:07:59.573] 
[2026-07-17 18:07:59.573] 
[2026-07-17 18:08:03.433] [0;32mI (21450719) NL_LTPDU: BatchGet 3E0AE0494182: 6 eps, rsp=125 bytes[0m
[2026-07-17 18:08:03.433] [0;32mI (21450736) NL_LTPDU: BatchGet 880A64775B01: 6 eps, rsp=118 bytes[0m
[2026-07-17 18:08:03.433] 
[2026-07-17 18:08:07.577] free heap: 6301224, minimum free heap: 6033104, Internal 8bit free heap: 72380, 8bit free heap: 6301224The current date/time is: Fri Jul 17 10:08:04 2026
[2026-07-17 18:08:07.577] 
[2026-07-17 18:08:07.577] 
[2026-07-17 18:08:08.552] [0;32mI (21455841) NL_LTPDU: BatchGet 3E0AE0494182: 6 eps, rsp=125 bytes[0m
[2026-07-17 18:08:08.552] [0;32mI (21455857) NL_LTPDU: BatchGet 880A64775B01: 6 eps, rsp=118 bytes[0m
[2026-07-17 18:08:08.552] 
[2026-07-17 18:08:13.732] [0;32mI (21461005) NL_LTPDU: BatchGet 3E0AE0494182: 6 eps, rsp=125 bytes[0m
[2026-07-17 18:08:13.732] [0;32mI (21461037) NL_LTPDU: BatchGet 880A64775B01: 6 eps, rsp=118 bytes[0m
[2026-07-17 18:08:13.732] 
[2026-07-17 18:08:15.589] free heap: 6301224, minimum free heap: 6033104, Internal 8bit free heap: 72380, 8bit free heap: 6301224The current date/time is: Fri Jul 17 10:08:12 2026
[2026-07-17 18:08:15.589] 
[2026-07-17 18:08:15.589] 
[2026-07-17 18:08:18.580] [0;32mI (21465871) NL_LTPDU: BatchGet 3E0AE0494182: 6 eps, rsp=125 bytes[0m
[2026-07-17 18:08:18.580] [0;32mI (21465880) NL_LTPDU: BatchGet 880A64775B01: 6 eps, rsp=118 bytes[0m
[2026-07-17 18:08:18.580] 
[2026-07-17 18:08:23.594] free heap: 6301224, minimum free heap: 6033104, Internal 8bit free heap: 72380, 8bit free heap: 6301224The current date/time is: Fri Jul 17 10:08:20 2026
[2026-07-17 18:08:23.594] 
[2026-07-17 18:08:23.594] 
[2026-07-17 18:08:23.702] [0;32mI (21470992) NL_LTPDU: BatchGet 3E0AE0494182: 6 eps, rsp=125 bytes[0m
[2026-07-17 18:08:23.702] [0;32mI (21471004) NL_LTPDU: BatchGet 880A64775B01: 6 eps, rsp=118 bytes[0m
[2026-07-17 18:08:23.702] 
[2026-07-17 18:08:28.866] [0;32mI (21476158) NL_LTPDU: BatchGet 3E0AE0494182: 6 eps, rsp=125 bytes[0m
[2026-07-17 18:08:28.866] [0;32mI (21476174) NL_LTPDU: BatchGet 880A64775B01: 6 eps, rsp=118 bytes[0m
[2026-07-17 18:08:28.866] 
[2026-07-17 18:08:31.590] free heap: 6301220, minimum free heap: 6033104, Internal 8bit free heap: 72376, 8bit free heap: 6301220The current date/time is: Fri Jul 17 10:08:28 2026
[2026-07-17 18:08:31.590] 
[2026-07-17 18:08:31.590] 
[2026-07-17 18:08:34.002] [0;32mI (21481280) NL_LTPDU: BatchGet 3E0AE0494182: 6 eps, rsp=125 bytes[0m
[2026-07-17 18:08:34.002] [0;32mI (21481308) NL_LTPDU: BatchGet 880A64775B01: 6 eps, rsp=118 bytes[0m
[2026-07-17 18:08:34.002] 
[2026-07-17 18:08:38.804] [0;32mI (21486091) NL_LTPDU: BatchGet 3E0AE0494182: 6 eps, rsp=125 bytes[0m
[2026-07-17 18:08:38.804] [0;32mI (21486098) NL_LTPDU: BatchGet 880A64775B01: 6 eps, rsp=118 bytes[0m
[2026-07-17 18:08:38.804] 
[2026-07-17 18:08:39.595] free heap: 6301228, minimum free heap: 6033104, Internal 8bit free heap: 72384, 8bit free heap: 6301228The current date/time is: Fri Jul 17 10:08:36 2026
[2026-07-17 18:08:39.595] 
[2026-07-17 18:08:39.595] 
[2026-07-17 18:08:44.013] [0;32mI (21491316) NL_LTPDU: BatchGet 3E0AE0494182: 6 eps, rsp=125 bytes[0m
[2026-07-17 18:08:44.013] 
[2026-07-17 18:08:44.105] [0;32mI (21491396) NL_LTPDU: BatchGet 880A64775B01: 6 eps, rsp=118 bytes[0m
[2026-07-17 18:08:44.105] 
[2026-07-17 18:08:47.606] free heap: 6301192, minimum free heap: 6033104, Internal 8bit free heap: 72348, 8bit free heap: 6301192The current date/time is: Fri Jul 17 10:08:44 2026
[2026-07-17 18:08:47.606] 
[2026-07-17 18:08:47.606] 
[2026-07-17 18:08:49.029] [0;32mI (21496325) NL_LTPDU: BatchGet 3E0AE0494182: 6 eps, rsp=125 bytes[0m
[2026-07-17 18:08:49.029] 
[2026-07-17 18:08:49.355] [0;32mI (21496645) NL_LTPDU: BatchGet 880A64775B01: 6 eps, rsp=118 bytes[0m
[2026-07-17 18:08:49.355] 
[2026-07-17 18:08:51.568] [0;32mI (21498866) TASK_NL: [1] RetryWait done, trigger scan for reconnect[0m
[2026-07-17 18:08:51.568] [0;32mI (21498866) TASK_NL: ExecuteScan: trigger=retry_recover[0m
[2026-07-17 18:08:51.568] 
[2026-07-17 18:08:54.673] [0;32mI (21501922) TASK_NL: Scan[0]: name=4D FEB8 ip=192.168.50.160 id=6A:76:B9:5F:D1:DB model=NL69 fw=12.3.6[0m
[2026-07-17 18:08:54.673] [0;32mI (21501923) TASK_NL: Scan[1]: name=Shapes 2201 ip=192.168.50.119 id=88:0A:64:77:5B:01 model=NL42 fw=12.1.1[0m
[2026-07-17 18:08:54.673] [0;32mI (21501932) TASK_NL: Scan[2]: name=Elements 88E6 ip=192.168.50.16 id=46:05:52:25:FA:A6 model=NL52 fw=12.2.3[0m
[2026-07-17 18:08:54.673] [0;32mI (21501942) TASK_NL: Scan[3]: name=Lines B5D2 ip=192.168.50.201 id=3E:0A:E0:49:41:82 model=NL59 fw=12.2.3[0m
[2026-07-17 18:08:54.673] [0;32mI (21501953) TASK_NL: Scan matched [1] 6A76B95FD1DB at 192.168.50.160 (name=4D FEB8)[0m
[2026-07-17 18:08:54.673] [0;32mI (21501962) TASK_NL: ExecuteScan: found 4 devices, publishing[0m
[2026-07-17 18:08:54.673] 
[2026-07-17 18:08:54.781] pTopic:switchlink/B0E9FEC6718C/link_to_nanoleaf_maint
[2026-07-17 18:08:54.781] pData:{"msgType":"nanoleaf_scan","trigger":"retry_recover","timestamp":1784282934,"managed":{"total":3,"devices":[{"deviceId":"3E0AE0494182","clientId":1,"state":"active","online":1},{"deviceId":"6A76B95FD1DB","clientId":1,"state":"auth","online":0},{"deviceId":"880A64775B01","clientId":1,"state":"active","online":1}]},"devices":[{"deviceId":"6A:76:B9:5F:D1:DB","ip":"192.168.50.160","port":12566,"model":"NL69","firmware":"12.3.6"},{"deviceId":"88:0A:64:77:5B:01","ip":"192.168.50.119","port":12566,"model":"NL42","firmware":"12.1.1"},{"deviceId":"46:05:52:25:FA:A6","ip":"192.168.50.16","port":12566,"model":"NL52","firmware":"12.2.3"},{"deviceId":"3E:0A:E0:49:41:82","ip":"192.168.50.201","port":12566,"model":"NL59","firmware":"12.2.3"}]}
[2026-07-17 18:08:54.781] 
[2026-07-17 18:08:55.073] [0;32mI (21502375) NL_LTPDU: BatchGet 3E0AE0494182: 6 eps, rsp=125 bytes[0m
[2026-07-17 18:08:55.073] 
[2026-07-17 18:08:55.182] [0;32mI (21502474) NL_LTPDU: BatchGet 880A64775B01: 6 eps, rsp=118 bytes[0m
[2026-07-17 18:08:55.182] [0;32mI (21502475) NL_LTPDU: SRP reconnect: device=4D FEB8 clientId=1[0m
[2026-07-17 18:08:55.182] 
[2026-07-17 18:08:55.204] [0;32mI (21502513) NL_LTPDU:   pubA[0:4]=11A78227[0m
[2026-07-17 18:08:55.204] 
[2026-07-17 18:08:55.415] [0;32mI (21502716) NL_LTPDU: TCP connected to 192.168.50.160:12566[0m
[2026-07-17 18:08:55.415] 
[2026-07-17 18:08:55.601] free heap: 6299988, minimum free heap: 6033104, Internal 8bit free heap: 72252, 8bit free heap: 6299988The current date/time is: Fri Jul 17 10:08:52 2026
[2026-07-17 18:08:55.601] 
[2026-07-17 18:08:55.601] 
[2026-07-17 18:08:55.940] [0;32mI (21503206) NL_LTPDU:   step1 rsp: salt len=4, salt[0:4]=FFE1D889[0m
[2026-07-17 18:08:55.940] [0;32mI (21503206) NL_LTPDU:   step1 rsp: B[0:4]=928EA9B4, B len=256[0m
[2026-07-17 18:08:55.940] [0;32mI (21503208) NL_LTPDU:   session_version: len=0 val=FFFF[0m
[2026-07-17 18:08:55.940] [0;32mI (21503214) NL_SRP:   k[0:8]=4CBA3FB2923E01FB[0m
[2026-07-17 18:08:55.940] [0;32mI (21503219) NL_SRP:   szA=256, szB=256[0m
[2026-07-17 18:08:55.940] [0;32mI (21503224) NL_SRP:   u[0:8]=2F55386C85B1065F[0m
[2026-07-17 18:08:55.940] [0;32mI (21503229) NL_SRP:   x[0:8]=0EB2854E89DC8137[0m
[2026-07-17 18:08:55.940] 
[2026-07-17 18:08:56.033] [0;32mI (21503328) NL_SRP: SrpComputeSecret OK[0m
[2026-07-17 18:08:56.033] [0;32mI (21503328) NL_LTPDU:   SrpComputeSecret OK[0m
[2026-07-17 18:08:56.033] 
[2026-07-17 18:08:56.111] [0;31mE (21503402) NL_LTPDU: SRP step2: missing/invalid M2[0m
[2026-07-17 18:08:56.111] [0;33mW (21503403) TASK_NL: [1] Auth failed (err=5, retry=1/3)[0m
[2026-07-17 18:08:56.111] 
[2026-07-17 18:08:56.233] [0;32mI (21503497) NL_LTPDU: SRP reconnect: device=4D FEB8 clientId=1[0m
[2026-07-17 18:08:56.233] [0;32mI (21503532) NL_LTPDU:   pubA[0:4]=880FC2FA[0m
[2026-07-17 18:08:56.233] [0;32mI (21503541) NL_LTPDU: TCP connected to 192.168.50.160:12566[0m
[2026-07-17 18:08:56.233] 
[2026-07-17 18:08:56.635] [0;32mI (21503908) NL_LTPDU:   step1 rsp: salt len=4, salt[0:4]=B2E549BC[0m
[2026-07-17 18:08:56.635] [0;32mI (21503909) NL_LTPDU:   step1 rsp: B[0:4]=57A8BB21, B len=256[0m
[2026-07-17 18:08:56.635] [0;32mI (21503911) NL_LTPDU:   session_version: len=0 val=FFFF[0m
[2026-07-17 18:08:56.635] [0;32mI (21503917) NL_SRP:   k[0:8]=4CBA3FB2923E01FB[0m
[2026-07-17 18:08:56.635] [0;32mI (21503922) NL_SRP:   szA=256, szB=256[0m
[2026-07-17 18:08:56.635] [0;32mI (21503926) NL_SRP:   u[0:8]=F92A40821076339F[0m
[2026-07-17 18:08:56.635] [0;32mI (21503931) NL_SRP:   x[0:8]=2187BF32D6873BCB[0m
[2026-07-17 18:08:56.635] 
[2026-07-17 18:08:56.728] [0;32mI (21504029) NL_SRP: SrpComputeSecret OK[0m
[2026-07-17 18:08:56.728] [0;32mI (21504029) NL_LTPDU:   SrpComputeSecret OK[0m
[2026-07-17 18:08:56.728] 
[2026-07-17 18:08:56.775] [0;31mE (21504066) NL_LTPDU: SRP step2: missing/invalid M2[0m
[2026-07-17 18:08:56.775] [0;33mW (21504067) TASK_NL: [1] Auth failed (err=5, retry=2/3)[0m
[2026-07-17 18:08:56.775] 
[2026-07-17 18:08:59.864] [0;32mI (21507131) NL_LTPDU: BatchGet 3E0AE0494182: 6 eps, rsp=125 bytes[0m
[2026-07-17 18:08:59.864] [0;32mI (21507162) NL_LTPDU: BatchGet 880A64775B01: 6 eps, rsp=118 bytes[0m
[2026-07-17 18:08:59.864] 
[2026-07-17 18:09:03.611] free heap: 6300804, minimum free heap: 6033104, Internal 8bit free heap: 72384, 8bit free heap: 6300804The current date/time is: Fri Jul 17 10:09:00 2026
[2026-07-17 18:09:03.611] 
[2026-07-17 18:09:03.611] 
[2026-07-17 18:09:04.989] [0;32mI (21512252) NL_LTPDU: BatchGet 3E0AE0494182: 6 eps, rsp=125 bytes[0m
[2026-07-17 18:09:04.989] [0;32mI (21512283) NL_LTPDU: BatchGet 880A64775B01: 6 eps, rsp=118 bytes[0m
[2026-07-17 18:09:04.989] 
[2026-07-17 18:09:07.146] [0;32mI (21514404) NL_LTPDU: SRP reconnect: device=4D FEB8 clientId=1[0m
[2026-07-17 18:09:07.146] [0;32mI (21514439) NL_LTPDU:   pubA[0:4]=368EFF2B[0m
[2026-07-17 18:09:07.146] [0;32mI (21514444) NL_LTPDU: TCP connected to 192.168.50.160:12566[0m
[2026-07-17 18:09:07.146] 
[2026-07-17 18:09:07.595] [0;32mI (21514866) NL_LTPDU:   step1 rsp: salt len=4, salt[0:4]=3E4EE62F[0m
[2026-07-17 18:09:07.595] [0;32mI (21514866) NL_LTPDU:   step1 rsp: B[0:4]=0515061C, B len=256[0m
[2026-07-17 18:09:07.595] [0;32mI (21514868) NL_LTPDU:   session_version: len=0 val=FFFF[0m
[2026-07-17 18:09:07.595] [0;32mI (21514874) NL_SRP:   k[0:8]=4CBA3FB2923E01FB[0m
[2026-07-17 18:09:07.595] [0;32mI (21514879) NL_SRP:   szA=256, szB=256[0m
[2026-07-17 18:09:07.595] [0;32mI (21514884) NL_SRP:   u[0:8]=56A0C017B30ECE3D[0m
[2026-07-17 18:09:07.595] [0;32mI (21514889) NL_SRP:   x[0:8]=62E41B7856B9C340[0m
[2026-07-17 18:09:07.595] 
[2026-07-17 18:09:07.688] [0;32mI (21514987) NL_SRP: SrpComputeSecret OK[0m
[2026-07-17 18:09:07.688] [0;32mI (21514987) NL_LTPDU:   SrpComputeSecret OK[0m
[2026-07-17 18:09:07.688] 
[2026-07-17 18:09:07.734] [0;31mE (21515018) NL_LTPDU: SRP step2: missing/invalid M2[0m
[2026-07-17 18:09:07.734] [0;33mW (21515019) TASK_NL: [1] Auth failed (err=5, retry=3/3)[0m
[2026-07-17 18:09:07.734] pTopic:switchlink/B0E9FEC6718C/link_to_nanoleaf_property
[2026-07-17 18:09:07.734] pData:{"msgType":"online","deviceId":"6A76B95FD1DB","timestamp":1784282947,"online":false,"reason":"auth_failed"}
[2026-07-17 18:09:07.734] 
[2026-07-17 18:09:10.070] [0;32mI (21517372) NL_LTPDU: BatchGet 3E0AE0494182: 6 eps, rsp=125 bytes[0m
[2026-07-17 18:09:10.070] 
[2026-07-17 18:09:10.101] [0;32mI (21517402) NL_LTPDU: BatchGet 880A64775B01: 6 eps, rsp=118 bytes[0m
[2026-07-17 18:09:10.101] 
[2026-07-17 18:09:11.613] free heap: 6300436, minimum free heap: 6033104, Internal 8bit free heap: 72252, 8bit free heap: 6300436The current date/time is: Fri Jul 17 10:09:08 2026
[2026-07-17 18:09:11.613] 
[2026-07-17 18:09:11.613] 
[2026-07-17 18:09:14.952] [0;32mI (21522239) NL_LTPDU: BatchGet 3E0AE0494182: 6 eps, rsp=125 bytes[0m
[2026-07-17 18:09:14.952] [0;32mI (21522247) NL_LTPDU: BatchGet 880A64775B01: 6 eps, rsp=118 bytes[0m
[2026-07-17 18:09:14.952] 
[2026-07-17 18:09:15.154] uart: 11 AT+MOTION 1
[2026-07-17 18:09:15.154] 
[2026-07-17 18:09:15.154] 
[2026-07-17 18:09:15.154] btn on press
[2026-07-17 18:09:15.154] uart: 130 AT+BCDS ff04000206a59ff47 0010B940B0E9FEC6718C48ca43a5b6dc0F014c200a04973f46000000000000ff0d0200000000000000000000000000000000ff01
[2026-07-17 18:09:15.154] 
[2026-07-17 18:09:15.154] 
[2026-07-17 18:09:15.154] 
[2026-07-17 18:09:15.215] pTopic:$aws/rules/bi_wifi_data_report/switchlink/B0E9FEC6718C/link_to_shadow
[2026-07-17 18:09:15.215] pData:BCD ff04000206a59ff47 0010B940B0E9FEC6718C48ca43a5b6dc0F014c200a04973f46000000000000ff0d0200000000000000000000000000000000ff01
[2026-07-17 18:09:15.215] 
[2026-07-17 18:09:19.617] free heap: 6300592, minimum free heap: 6033104, Internal 8bit free heap: 72384, 8bit free heap: 6300592The current date/time is: Fri Jul 17 10:09:16 2026
[2026-07-17 18:09:19.617] 
[2026-07-17 18:09:19.617] 
[2026-07-17 18:09:20.063] [0;32mI (21527342) NL_LTPDU: BatchGet 3E0AE0494182: 6 eps, rsp=125 bytes[0m
[2026-07-17 18:09:20.063] [0;32mI (21527360) NL_LTPDU: BatchGet 880A64775B01: 6 eps, rsp=118 bytes[0m
[2026-07-17 18:09:20.063] 
[2026-07-17 18:09:25.229] [0;32mI (21532520) NL_LTPDU: BatchGet 3E0AE0494182: 6 eps, rsp=125 bytes[0m
[2026-07-17 18:09:25.229] [0;32mI (21532530) NL_LTPDU: BatchGet 880A64775B01: 6 eps, rsp=118 bytes[0m
[2026-07-17 18:09:25.229] 
[2026-07-17 18:09:27.609] free heap: 6300592, minimum free heap: 6033104, Internal 8bit free heap: 72384, 8bit free heap: 6300592The current date/time is: Fri Jul 17 10:09:24 2026
[2026-07-17 18:09:27.609] 
[2026-07-17 18:09:27.609] 
[2026-07-17 18:09:30.003] [0;32mI (21537290) ROUTE_HOOK: Received RIO[0m
[2026-07-17 18:09:30.003] [0;32mI (21537291) ROUTE_HOOK: prefix FDEA:C98F:38B2:1:: lifetime 1800[0m
[2026-07-17 18:09:30.003] 
[2026-07-17 18:09:30.065] [0;32mI (21537358) NL_LTPDU: BatchGet 3E0AE0494182: 6 eps, rsp=125 bytes[0m
[2026-07-17 18:09:30.065] [0;32mI (21537370) NL_LTPDU: BatchGet 880A64775B01: 6 eps, rsp=118 bytes[0m
[2026-07-17 18:09:30.065] 
[2026-07-17 18:09:35.199] [0;32mI (21542476) NL_LTPDU: BatchGet 3E0AE0494182: 6 eps, rsp=125 bytes[0m
[2026-07-17 18:09:35.199] [0;32mI (21542493) NL_LTPDU: BatchGet 880A64775B01: 6 eps, rsp=118 bytes[0m
[2026-07-17 18:09:35.199] 
[2026-07-17 18:09:35.616] free heap: 6300556, minimum free heap: 6033104, Internal 8bit free heap: 72348, 8bit free heap: 6300556The current date/time is: Fri Jul 17 10:09:32 2026
[2026-07-17 18:09:35.616] 
[2026-07-17 18:09:35.616] 
[2026-07-17 18:09:36.816] Nanoleaf MQTT payload: {"msgType":"control","requestID":"f54cf5a4-e081-4754-b7ca-63456e8112e7","deviceId":"880A64775B01","endpoint":"ci","method":"POST","value":"{\"command\":\"clearPrCalibration\"}"}
[2026-07-17 18:09:36.816] [0;32mI (21544115) NL_LTPDU: SendCmd POST → 880A64775B01 ep=ci[0m
[2026-07-17 18:09:36.816] 
[2026-07-17 18:09:37.231] pTopic:switchlink/B0E9FEC6718C/link_to_nanoleaf_func_resp
[2026-07-17 18:09:37.231] pData:{"msgType":"respond","requestID":"f54cf5a4-e081-4754-b7ca-63456e8112e7","deviceId":"880A64775B01","success":true,"errorCode":0,"errorMsg":""}
[2026-07-17 18:09:37.231] 
[2026-07-17 18:09:37.323] [0;32mI (21544615) NL_LTPDU: BatchGet 880A64775B01: 6 eps, rsp=118 bytes[0m
[2026-07-17 18:09:37.323] 
[2026-07-17 18:09:38.810] Nanoleaf MQTT payload: {"msgType":"control","requestID":"bdb0c515-4855-45c9-b686-fca94493a041","deviceId":"880A64775B01","endpoint":"ci","method":"POST","value":"{\"command\":\"discardPrCalibration\"}"}
[2026-07-17 18:09:38.810] [0;32mI (21546115) NL_LTPDU: SendCmd POST → 880A64775B01 ep=ci[0m
[2026-07-17 18:09:38.810] 
[2026-07-17 18:09:39.662] pTopic:switchlink/B0E9FEC6718C/link_to_nanoleaf_func_resp
[2026-07-17 18:09:39.662] pData:{"msgType":"respond","requestID":"bdb0c515-4855-45c9-b686-fca94493a041","deviceId":"880A64775B01","success":true,"errorCode":0,"errorMsg":""}
[2026-07-17 18:09:39.662] 
[2026-07-17 18:09:39.846] [0;32mI (21547145) NL_LTPDU: BatchGet 880A64775B01: 6 eps, rsp=118 bytes[0m
[2026-07-17 18:09:39.846] 
[2026-07-17 18:09:40.341] [0;32mI (21547636) NL_LTPDU: BatchGet 3E0AE0494182: 6 eps, rsp=125 bytes[0m
[2026-07-17 18:09:40.341] 
[2026-07-17 18:09:42.794] Nanoleaf MQTT payload: {"msgType":"control","requestID":"0749de80-ed7a-4196-b5da-d1d09ab1a999","deviceId":"880A64775B01","endpoint":"layout/pd","method":"GET","value":""}
[2026-07-17 18:09:42.794] 
[2026-07-17 18:09:42.919] [0;32mI (21550158) NL_LTPDU: SendCmd POST → 880A64775B01 ep=layout/pd[0m
[2026-07-17 18:09:42.919] [0;32mI (21550171) TASK_NL: [2] Cmd rsp(121): {"layoutData":"AQACAAQCAAIAQwMANK5dAAAAagAAAHQAAAegpwAAAGoAAAAAAAAHAAAAAAAAAAAAVAB4DQAAAAAApQAAAFIA8Aw=","version":"2.0"}[0m
[2026-07-17 18:09:42.919] [0;32mI (21550175) NL_MQTT: PublishRespondData: len=320, pushing to MQTT queue[0m
[2026-07-17 18:09:42.919] pTopic:switchlink/B0E9FEC6718C/link_to_nanoleaf_func_resp
[2026-07-17 18:09:42.919] pData:{"msgType":"respond","requestID":"0749de80-ed7a-4196-b5da-d1d09ab1a999","deviceId":"880A64775B01","success":true,"errorCode":0,"errorMsg":"","endpoints":[{"endpoint":"layout/pd","value":"{\"layoutData\":\"AQACAAQCAAIAQwMANK5dAAAAagAAAHQAAAegpwAAAGoAAAAAAAAHAAAAAAAAAAAAVAB4DQAAAAAApQAAAFIA8Aw=\",\"version\":\"2.0\"}"}]}
[2026-07-17 18:09:42.919] 
[2026-07-17 18:09:43.105] [0;32mI (21550398) NL_LTPDU: BatchGet 880A64775B01: 6 eps, rsp=118 bytes[0m
[2026-07-17 18:09:43.105] 
[2026-07-17 18:09:43.614] free heap: 6298960, minimum free heap: 6033104, Internal 8bit free heap: 72220, 8bit free heap: 6298960The current date/time is: Fri Jul 17 10:09:40 2026
[2026-07-17 18:09:43.614] 
[2026-07-17 18:09:43.614] 
[2026-07-17 18:09:44.854] Nanoleaf MQTT payload: {"msgType":"control","requestID":"e81c70f3-8730-4254-89db-ecb33066d668","deviceId":"880A64775B01","endpoint":"ci","method":"POST","value":"{\"calibrationColor\":{\"hue\":60,\"sat\":100},\"command\":\"startPrCalibration\"}"}
[2026-07-17 18:09:44.854] 
[2026-07-17 18:09:44.899] [0;32mI (21552199) NL_LTPDU: SendCmd POST → 880A64775B01 ep=ci[0m
[2026-07-17 18:09:44.899] 
[2026-07-17 18:09:46.699] [0;32mI (21553989) NL_LTPDU: BatchGet 3E0AE0494182: 6 eps, rsp=125 bytes[0m
[2026-07-17 18:09:46.699] 
[2026-07-17 18:09:46.760] pTopic:switchlink/B0E9FEC6718C/link_to_nanoleaf_func_resp
[2026-07-17 18:09:46.760] pData:{"msgType":"respond","requestID":"e81c70f3-8730-4254-89db-ecb33066d668","deviceId":"880A64775B01","success":true,"errorCode":0,"errorMsg":""}
[2026-07-17 18:09:46.760] 
[2026-07-17 18:09:46.822] [0;32mI (21554125) NL_LTPDU: BatchGet 880A64775B01: 6 eps, rsp=118 bytes[0m
[2026-07-17 18:09:46.822] 
[2026-07-17 18:09:51.616] free heap: 6300568, minimum free heap: 6033104, Internal 8bit free heap: 72384, 8bit free heap: 6300568The current date/time is: Fri Jul 17 10:09:48 2026
[2026-07-17 18:09:51.616] 
[2026-07-17 18:09:51.616] 
[2026-07-17 18:09:51.958] [0;32mI (21559235) NL_LTPDU: BatchGet 3E0AE0494182: 6 eps, rsp=125 bytes[0m
[2026-07-17 18:09:51.958] [0;32mI (21559254) NL_LTPDU: BatchGet 880A64775B01: 6 eps, rsp=118 bytes[0m
[2026-07-17 18:09:51.958] 
[2026-07-17 18:09:52.530] Nanoleaf MQTT payload: {"msgType":"control","requestID":"ffd1f821-bcdd-4419-86d3-d63b41affe29","deviceId":"880A64775B01","endpoint":"lb/0/pb","method":"POST","value":82}
[2026-07-17 18:09:52.530] 
[2026-07-17 18:09:52.577] [0;32mI (21559875) NL_LTPDU: SendCmd POST → 880A64775B01 ep=lb/0/pb[0m
[2026-07-17 18:09:52.577] 
[2026-07-17 18:09:52.839] pTopic:switchlink/B0E9FEC6718C/link_to_nanoleaf_func_resp
[2026-07-17 18:09:52.839] pData:{"msgType":"respond","requestID":"ffd1f821-bcdd-4419-86d3-d63b41affe29","deviceId":"880A64775B01","success":true,"errorCode":0,"errorMsg":""}
[2026-07-17 18:09:52.839] [0;32mI (21560131) NL_LTPDU: BatchGet 880A64775B01: 6 eps, rsp=118 bytes[0m
[2026-07-17 18:09:52.839] [0;32mI (21560132) TASK_NL: [2] Status changed: on=1 br=82 ct=6500 hu=48 sa=2 eff="*Solid*"[0m
[2026-07-17 18:09:52.839] 
[2026-07-17 18:09:53.055] pTopic:switchlink/B0E9FEC6718C/link_to_nanoleaf_property
[2026-07-17 18:09:53.055] pData:{"msgType":"status","deviceId":"880A64775B01","timestamp":1784282992,"endpoints":[{"endpoint":"lb/0/oo","value":true},{"endpoint":"lb/0/pb","value":82},{"endpoint":"lb/0/ct","value":6500},{"endpoint":"lb/0/hu","value":48},{"endpoint":"lb/0/sa","value":2},{"endpoint":"effect/select","value":"*Solid*"}]}
[2026-07-17 18:09:53.055] 
[2026-07-17 18:09:56.741] Nanoleaf MQTT payload: {"msgType":"control","requestID":"fbe77a4c-cedb-4cc2-ac80-9b0770bf086f","deviceId":"880A64775B01","endpoint":"ci","method":"POST","value":"{\"calibrationValues\":[{\"panelId\":41127,\"rf\":0.82}],\"command\":\"setPrCalibration\"}"}
[2026-07-17 18:09:56.741] [0;32mI (21564041) NL_LTPDU: SendCmd POST → 880A64775B01 ep=ci[0m
[2026-07-17 18:09:56.741] 
[2026-07-17 18:09:57.034] uart: 11 AT+MOTION 0
[2026-07-17 18:09:57.034] 
[2026-07-17 18:09:57.034] 
[2026-07-17 18:09:57.034] btn on press
[2026-07-17 18:09:57.034] uart: 130 AT+BCDS ff04000206a59ff71 0010B940B0E9FEC6718C48ca43a5b6dc0F014d000a04973f46000000000000ff0d0200000000000000000000000000000000ff01
[2026-07-17 18:09:57.034] 
[2026-07-17 18:09:57.034] 
[2026-07-17 18:09:57.034] 
[2026-07-17 18:09:57.096] pTopic:$aws/rules/bi_wifi_data_report/switchlink/B0E9FEC6718C/link_to_shadow
[2026-07-17 18:09:57.096] pData:BCD ff04000206a59ff71 0010B940B0E9FEC6718C48ca43a5b6dc0F014d000a04973f46000000000000ff0d0200000000000000000000000000000000ff01
[2026-07-17 18:09:57.096] 
[2026-07-17 18:09:57.544] pTopic:switchlink/B0E9FEC6718C/link_to_nanoleaf_func_resp
[2026-07-17 18:09:57.544] pData:{"msgType":"respond","requestID":"fbe77a4c-cedb-4cc2-ac80-9b0770bf086f","deviceId":"880A64775B01","success":true,"errorCode":0,"errorMsg":""}
[2026-07-17 18:09:57.544] [0;32mI (21564840) NL_LTPDU: BatchGet 3E0AE0494182: 6 eps, rsp=125 bytes[0m
[2026-07-17 18:09:57.544] 
[2026-07-17 18:09:57.746] [0;32mI (21565041) NL_LTPDU: BatchGet 880A64775B01: 6 eps, rsp=118 bytes[0m
[2026-07-17 18:09:57.746] 
[2026-07-17 18:09:59.186] Nanoleaf MQTT payload: {"msgType":"control","requestID":"47b76d6b-fda4-43d6-a0ee-92a4eac47ac4","deviceId":"880A64775B01","endpoint":"ci","method":"POST","value":"{\"calibrationColor\":{\"hue\":180,\"sat\":100},\"command\":\"startPrCalibration\"}"}
[2026-07-17 18:09:59.186] 
[2026-07-17 18:09:59.265] [0;32mI (21566562) NL_LTPDU: SendCmd POST → 880A64775B01 ep=ci[0m
[2026-07-17 18:09:59.265] 
[2026-07-17 18:09:59.621] free heap: 6148812, minimum free heap: 6033104, Internal 8bit free heap: 72252, 8bit free heap: 6148812The current date/time is: Fri Jul 17 10:09:56 2026
[2026-07-17 18:09:59.621] 
[2026-07-17 18:09:59.621] 
[2026-07-17 18:10:00.538] pTopic:switchlink/B0E9FEC6718C/link_to_nanoleaf_func_resp
[2026-07-17 18:10:00.538] pData:{"msgType":"respond","requestID":"47b76d6b-fda4-43d6-a0ee-92a4eac47ac4","deviceId":"880A64775B01","success":true,"errorCode":0,"errorMsg":""}
[2026-07-17 18:10:00.538] 
[2026-07-17 18:10:00.723] [0;32mI (21568015) NL_LTPDU: BatchGet 880A64775B01: 6 eps, rsp=118 bytes[0m
[2026-07-17 18:10:00.723] 
[2026-07-17 18:10:02.656] [0;32mI (21569957) NL_LTPDU: BatchGet 3E0AE0494182: 6 eps, rsp=125 bytes[0m
[2026-07-17 18:10:02.656] 
[2026-07-17 18:10:05.868] [0;32mI (21573132) NL_LTPDU: BatchGet 880A64775B01: 6 eps, rsp=118 bytes[0m
[2026-07-17 18:10:05.868] Nanoleaf MQTT payload: {"msgType":"control","requestID":"4f2ce5c5-f910-4fb5-9c17-448ebb6c6e00","deviceId":"880A64775B01","endpoint":"lb/0/pb","method":"POST","value":80}
[2026-07-17 18:10:05.868] 
[2026-07-17 18:10:05.932] [0;32mI (21573232) NL_LTPDU: SendCmd POST → 880A64775B01 ep=lb/0/pb[0m
[2026-07-17 18:10:05.932] 
[2026-07-17 18:10:06.210] pTopic:switchlink/B0E9FEC6718C/link_to_nanoleaf_func_resp
[2026-07-17 18:10:06.210] pData:{"msgType":"respond","requestID":"4f2ce5c5-f910-4fb5-9c17-448ebb6c6e00","deviceId":"880A64775B01","success":true,"errorCode":0,"errorMsg":""}
[2026-07-17 18:10:06.210] [0;32mI (21573503) NL_LTPDU: BatchGet 880A64775B01: 6 eps, rsp=118 bytes[0m
[2026-07-17 18:10:06.210] [0;32mI (21573504) TASK_NL: [2] Status changed: on=1 br=80 ct=6500 hu=48 sa=2 eff="*Solid*"[0m
[2026-07-17 18:10:06.210] 
[2026-07-17 18:10:06.425] pTopic:switchlink/B0E9FEC6718C/link_to_nanoleaf_property
[2026-07-17 18:10:06.425] pData:{"msgType":"status","deviceId":"880A64775B01","timestamp":1784283006,"endpoints":[{"endpoint":"lb/0/oo","value":true},{"endpoint":"lb/0/pb","value":80},{"endpoint":"lb/0/ct","value":6500},{"endpoint":"lb/0/hu","value":48},{"endpoint":"lb/0/sa","value":2},{"endpoint":"effect/select","value":"*Solid*"}]}
[2026-07-17 18:10:06.425] 
[2026-07-17 18:10:07.633] free heap: 6243992, minimum free heap: 6033104, Internal 8bit free heap: 72340, 8bit free heap: 6243992The current date/time is: Fri Jul 17 10:10:04 2026
[2026-07-17 18:10:07.633] 
[2026-07-17 18:10:07.633] 
[2026-07-17 18:10:07.787] [0;32mI (21575077) NL_LTPDU: BatchGet 3E0AE0494182: 6 eps, rsp=125 bytes[0m
[2026-07-17 18:10:07.787] 
[2026-07-17 18:10:09.444] Nanoleaf MQTT payload: {"msgType":"control","requestID":"e1ff2635-1ccc-4ed6-9c00-356ac8bb83cd","deviceId":"880A64775B01","endpoint":"ci","method":"POST","value":"{\"calibrationValues\":[{\"panelId\":41127,\"bf\":0.8}],\"command\":\"setPrCalibration\"}"}
[2026-07-17 18:10:09.444] [0;32mI (21576746) NL_LTPDU: SendCmd POST → 880A64775B01 ep=ci[0m
[2026-07-17 18:10:09.444] 
[2026-07-17 18:10:10.032] uart: 19 AT+TEMPHUMI +236 63
[2026-07-17 18:10:10.032] 
[2026-07-17 18:10:10.032] 
[2026-07-17 18:10:10.032] temp_ep:65535,temp_data:2360 humi_ep:65535,humi_data:6300
[2026-07-17 18:10:10.032] 
[2026-07-17 18:10:10.032] 
[2026-07-17 18:10:10.264] pTopic:switchlink/B0E9FEC6718C/link_to_nanoleaf_func_resp
[2026-07-17 18:10:10.264] pData:{"msgType":"respond","requestID":"e1ff2635-1ccc-4ed6-9c00-356ac8bb83cd","deviceId":"880A64775B01","success":true,"errorCode":0,"errorMsg":""}
[2026-07-17 18:10:10.264] 
[2026-07-17 18:10:10.436] [0;32mI (21577739) NL_LTPDU: BatchGet 880A64775B01: 6 eps, rsp=118 bytes[0m
[2026-07-17 18:10:10.436] 
[2026-07-17 18:10:12.695] [0;32mI (21579986) NL_LTPDU: BatchGet 3E0AE0494182: 6 eps, rsp=125 bytes[0m
[2026-07-17 18:10:12.695] 
[2026-07-17 18:10:15.567] [0;32mI (21582863) NL_LTPDU: BatchGet 880A64775B01: 6 eps, rsp=118 bytes[0m
[2026-07-17 18:10:15.567] 
[2026-07-17 18:10:15.628] free heap: 6300592, minimum free heap: 6033104, Internal 8bit free heap: 72384, 8bit free heap: 6300592The current date/time is: Fri Jul 17 10:10:12 2026
[2026-07-17 18:10:15.628] 
[2026-07-17 18:10:15.628] 
[2026-07-17 18:10:17.936] [0;32mI (21585225) NL_LTPDU: BatchGet 3E0AE0494182: 6 eps, rsp=125 bytes[0m
[2026-07-17 18:10:17.936] Nanoleaf MQTT payload: {"msgType":"control","requestID":"0dda5676-eb76-4f39-8b86-daa0aec2467c","deviceId":"880A64775B01","endpoint":"lb/0/pb","method":"POST","value":86}
[2026-07-17 18:10:17.936] 
[2026-07-17 18:10:18.043] [0;32mI (21585347) NL_LTPDU: SendCmd POST → 880A64775B01 ep=lb/0/pb[0m
[2026-07-17 18:10:18.043] 
[2026-07-17 18:10:18.353] pTopic:switchlink/B0E9FEC6718C/link_to_nanoleaf_func_resp
[2026-07-17 18:10:18.353] pData:{"msgType":"respond","requestID":"0dda5676-eb76-4f39-8b86-daa0aec2467c","deviceId":"880A64775B01","success":true,"errorCode":0,"errorMsg":""}
[2026-07-17 18:10:18.353] 
[2026-07-17 18:10:18.399] [0;32mI (21585700) NL_LTPDU: BatchGet 880A64775B01: 6 eps, rsp=118 bytes[0m
[2026-07-17 18:10:18.399] [0;32mI (21585701) TASK_NL: [2] Status changed: on=1 br=86 ct=6500 hu=48 sa=2 eff="*Solid*"[0m
[2026-07-17 18:10:18.399] 
[2026-07-17 18:10:18.585] pTopic:switchlink/B0E9FEC6718C/link_to_nanoleaf_property
[2026-07-17 18:10:18.585] pData:{"msgType":"status","deviceId":"880A64775B01","timestamp":1784283018,"endpoints":[{"endpoint":"lb/0/oo","value":true},{"endpoint":"lb/0/pb","value":86},{"endpoint":"lb/0/ct","value":6500},{"endpoint":"lb/0/hu","value":48},{"endpoint":"lb/0/sa","value":2},{"endpoint":"effect/select","value":"*Solid*"}]}
[2026-07-17 18:10:18.585] 
[2026-07-17 18:10:18.849] Nanoleaf MQTT payload: {"msgType":"control","requestID":"4bedaedd-86b5-4888-b6e1-b35101b20e24","deviceId":"880A64775B01","endpoint":"lb/0/pb","method":"POST","value":100}
[2026-07-17 18:10:18.849] 
[2026-07-17 18:10:18.911] [0;32mI (21586205) NL_LTPDU: SendCmd POST → 880A64775B01 ep=lb/0/pb[0m
[2026-07-17 18:10:18.911] 
[2026-07-17 18:10:19.192] pTopic:switchlink/B0E9FEC6718C/link_to_nanoleaf_func_resp
[2026-07-17 18:10:19.192] pData:{"msgType":"respond","requestID":"4bedaedd-86b5-4888-b6e1-b35101b20e24","deviceId":"880A64775B01","success":true,"errorCode":0,"errorMsg":""}
[2026-07-17 18:10:19.192] 
[2026-07-17 18:10:19.254] [0;32mI (21586546) NL_LTPDU: BatchGet 880A64775B01: 6 eps, rsp=118 bytes[0m
[2026-07-17 18:10:19.254] [0;32mI (21586547) TASK_NL: [2] Status changed: on=1 br=100 ct=6500 hu=48 sa=2 eff="*Solid*"[0m
[2026-07-17 18:10:19.254] 
[2026-07-17 18:10:19.423] pTopic:switchlink/B0E9FEC6718C/link_to_nanoleaf_property
[2026-07-17 18:10:19.423] pData:{"msgType":"status","deviceId":"880A64775B01","timestamp":1784283019,"endpoints":[{"endpoint":"lb/0/oo","value":true},{"endpoint":"lb/0/pb","value":100},{"endpoint":"lb/0/ct","value":6500},{"endpoint":"lb/0/hu","value":48},{"endpoint":"lb/0/sa","value":2},{"endpoint":"effect/select","value":"*Solid*"}]}
[2026-07-17 18:10:19.423] 
[2026-07-17 18:10:22.939] [0;32mI (21590232) NL_LTPDU: BatchGet 3E0AE0494182: 6 eps, rsp=125 bytes[0m
[2026-07-17 18:10:22.939] 
[2026-07-17 18:10:23.651] free heap: 6300592, minimum free heap: 6033104, Internal 8bit free heap: 72384, 8bit free heap: 6300592The current date/time is: Fri Jul 17 10:10:20 2026
[2026-07-17 18:10:23.651] 
[2026-07-17 18:10:23.651] 
[2026-07-17 18:10:24.115] [0;32mI (21591406) NL_LTPDU: BatchGet 880A64775B01: 6 eps, rsp=118 bytes[0m
[2026-07-17 18:10:24.115] 
[2026-07-17 18:10:27.832] [0;32mI (21595132) NL_LTPDU: BatchGet 3E0AE0494182: 6 eps, rsp=125 bytes[0m
[2026-07-17 18:10:27.832] 
[2026-07-17 18:10:28.669] Nanoleaf MQTT payload: {"msgType":"control","requestID":"35c49e6a-5641-4205-a4d7-8686779762db","deviceId":"880A64775B01","endpoint":"lb/0/pb","method":"POST","value":80}
[2026-07-17 18:10:28.669] 
[2026-07-17 18:10:28.762] [0;32mI (21596054) NL_LTPDU: SendCmd POST → 880A64775B01 ep=lb/0/pb[0m
[2026-07-17 18:10:28.762] 
[2026-07-17 18:10:28.916] pTopic:switchlink/B0E9FEC6718C/link_to_nanoleaf_func_resp
[2026-07-17 18:10:28.916] pData:{"msgType":"respond","requestID":"35c49e6a-5641-4205-a4d7-8686779762db","deviceId":"880A64775B01","success":true,"errorCode":0,"errorMsg":""}
[2026-07-17 18:10:28.916] 
[2026-07-17 18:10:29.086] [0;32mI (21596375) NL_LTPDU: BatchGet 880A64775B01: 6 eps, rsp=118 bytes[0m
[2026-07-17 18:10:29.086] [0;32mI (21596376) TASK_NL: [2] Status changed: on=1 br=80 ct=6500 hu=48 sa=2 eff="*Solid*"[0m
[2026-07-17 18:10:29.086] 
[2026-07-17 18:10:29.148] pTopic:switchlink/B0E9FEC6718C/link_to_nanoleaf_property
[2026-07-17 18:10:29.148] pData:{"msgType":"status","deviceId":"880A64775B01","timestamp":1784283029,"endpoints":[{"endpoint":"lb/0/oo","value":true},{"endpoint":"lb/0/pb","value":80},{"endpoint":"lb/0/ct","value":6500},{"endpoint":"lb/0/hu","value":48},{"endpoint":"lb/0/sa","value":2},{"endpoint":"effect/select","value":"*Solid*"}]}
[2026-07-17 18:10:29.148] 
[2026-07-17 18:10:31.665] free heap: 6300568, minimum free heap: 6033104, Internal 8bit free heap: 72384, 8bit free heap: 6300568The current date/time is: Fri Jul 17 10:10:28 2026
[2026-07-17 18:10:31.665] 
[2026-07-17 18:10:31.665] 
[2026-07-17 18:10:32.978] [0;32mI (21600267) NL_LTPDU: BatchGet 3E0AE0494182: 6 eps, rsp=125 bytes[0m
[2026-07-17 18:10:32.978] 
[2026-07-17 18:10:33.302] Nanoleaf MQTT payload: {"msgType":"control","requestID":"c5e6476f-8df4-4722-a49e-792b1b7f69ce","deviceId":"880A64775B01","endpoint":"lb/0/pb","method":"POST","value":100}
[2026-07-17 18:10:33.302] [0;32mI (21600588) NL_LTPDU: SendCmd POST → 880A64775B01 ep=lb/0/pb[0m
[2026-07-17 18:10:33.302] 
[2026-07-17 18:10:33.626] pTopic:switchlink/B0E9FEC6718C/link_to_nanoleaf_func_resp
[2026-07-17 18:10:33.626] pData:{"msgType":"respond","requestID":"c5e6476f-8df4-4722-a49e-792b1b7f69ce","deviceId":"880A64775B01","success":true,"errorCode":0,"errorMsg":""}
[2026-07-17 18:10:33.626] [0;32mI (21600923) NL_LTPDU: BatchGet 880A64775B01: 6 eps, rsp=118 bytes[0m
[2026-07-17 18:10:33.626] [0;32mI (21600923) TASK_NL: [2] Status changed: on=1 br=100 ct=6500 hu=48 sa=2 eff="*Solid*"[0m
[2026-07-17 18:10:33.626] 
[2026-07-17 18:10:33.812] pTopic:switchlink/B0E9FEC6718C/link_to_nanoleaf_property
[2026-07-17 18:10:33.812] pData:{"msgType":"status","deviceId":"880A64775B01","timestamp":1784283033,"endpoints":[{"endpoint":"lb/0/oo","value":true},{"endpoint":"lb/0/pb","value":100},{"endpoint":"lb/0/ct","value":6500},{"endpoint":"lb/0/hu","value":48},{"endpoint":"lb/0/sa","value":2},{"endpoint":"effect/select","value":"*Solid*"}]}
[2026-07-17 18:10:33.812] 
[2026-07-17 18:10:34.635] [0;32mI (21601929) chip[DL]: NVS set: chip-counters/total-hours = 156 (0x9C)[0m
[2026-07-17 18:10:34.635] 
[2026-07-17 18:10:36.462] Nanoleaf MQTT payload: {"msgType":"control","requestID":"0e3034ec-fbd1-42ca-94bf-3b72fee8a758","deviceId":"880A64775B01","endpoint":"ci","method":"POST","value":"{\"calibrationValues\":[{\"panelId\":41127,\"bf\":1.19}],\"command\":\"setPrCalibration\"}"}
[2026-07-17 18:10:36.462] 
[2026-07-17 18:10:36.524] [0;32mI (21603827) NL_LTPDU: SendCmd POST → 880A64775B01 ep=ci[0m
[2026-07-17 18:10:36.524] 
[2026-07-17 18:10:37.469] pTopic:switchlink/B0E9FEC6718C/link_to_nanoleaf_func_resp
[2026-07-17 18:10:37.469] pData:{"msgType":"respond","requestID":"0e3034ec-fbd1-42ca-94bf-3b72fee8a758","deviceId":"880A64775B01","success":true,"errorCode":0,"errorMsg":""}
[2026-07-17 18:10:37.469] [0;32mI (21604757) NL_LTPDU: BatchGet 880A64775B01: 6 eps, rsp=118 bytes[0m
[2026-07-17 18:10:37.469] 
[2026-07-17 18:10:38.226] [0;32mI (21605530) NL_LTPDU: BatchGet 3E0AE0494182: 6 eps, rsp=125 bytes[0m
[2026-07-17 18:10:38.226] 
[2026-07-17 18:10:39.666] free heap: 6300724, minimum free heap: 6033104, Internal 8bit free heap: 72516, 8bit free heap: 6300724The current date/time is: Fri Jul 17 10:10:36 2026
[2026-07-17 18:10:39.666] 
[2026-07-17 18:10:39.666] 
[2026-07-17 18:10:41.759] Nanoleaf MQTT payload: {"msgType":"control","requestID":"3236caf8-ddc4-4d71-b886-260480a84fc4","deviceId":"880A64775B01","endpoint":"ci","method":"POST","value":"{\"command\":\"discardPrCalibration\"}"}
[2026-07-17 18:10:41.759] [0;32mI (21609052) NL_LTPDU: SendCmd POST → 880A64775B01 ep=ci[0m
[2026-07-17 18:10:41.759] 
[2026-07-17 18:10:42.504] pTopic:switchlink/B0E9FEC6718C/link_to_nanoleaf_func_resp
[2026-07-17 18:10:42.504] pData:{"msgType":"respond","requestID":"3236caf8-ddc4-4d71-b886-260480a84fc4","deviceId":"880A64775B01","success":true,"errorCode":0,"errorMsg":""}
[2026-07-17 18:10:42.504] 
[2026-07-17 18:10:42.705] [0;32mI (21609994) NL_LTPDU: BatchGet 880A64775B01: 6 eps, rsp=118 bytes[0m
[2026-07-17 18:10:42.705] 
[2026-07-17 18:10:43.214] [0;32mI (21610507) NL_LTPDU: BatchGet 3E0AE0494182: 6 eps, rsp=125 bytes[0m
[2026-07-17 18:10:43.214] 
[2026-07-17 18:10:45.164] Nanoleaf MQTT payload: {"msgType":"control","requestID":"daaa8db6-89a2-4ad8-9052-bace918195bf","deviceId":"880A64775B01","endpoint":"layout/pd","method":"GET","value":""}
[2026-07-17 18:10:45.164] 
[2026-07-17 18:10:45.226] [0;32mI (21612528) NL_LTPDU: SendCmd POST → 880A64775B01 ep=layout/pd[0m
[2026-07-17 18:10:45.226] 
[2026-07-17 18:10:45.349] [0;32mI (21612609) TASK_NL: [2] Cmd rsp(121): {"layoutData":"AQACAAQCAAIAQwMANK5dAAAAagAAAHQAAAegpwAAAGoAAAAAAAAHAAAAAAAAAAAAVAB4DQAAAAAApQAAAFIA8Aw=","version":"2.0"}[0m
[2026-07-17 18:10:45.349] [0;32mI (21612613) NL_MQTT: PublishRespondData: len=320, pushing to MQTT queue[0m
[2026-07-17 18:10:45.349] pTopic:switchlink/B0E9FEC6718C/link_to_nanoleaf_func_resp
[2026-07-17 18:10:45.349] pData:{"msgType":"respond","requestID":"daaa8db6-89a2-4ad8-9052-bace918195bf","deviceId":"880A64775B01","success":true,"errorCode":0,"errorMsg":"","endpoints":[{"endpoint":"layout/pd","value":"{\"layoutData\":\"AQACAAQCAAIAQwMANK5dAAAAagAAAHQAAAegpwAAAGoAAAAAAAAHAAAAAAAAAAAAVAB4DQAAAAAApQAAAFIA8Aw=\",\"version\":\"2.0\"}"}]}
[2026-07-17 18:10:45.349] 
[2026-07-17 18:10:45.565] [0;32mI (21612860) NL_LTPDU: BatchGet 880A64775B01: 6 eps, rsp=118 bytes[0m
[2026-07-17 18:10:45.565] 
[2026-07-17 18:10:47.003] Nanoleaf MQTT payload: {"msgType":"control","requestID":"7d8f0207-406f-452d-8f52-c460ecbab4a0","deviceId":"880A64775B01","endpoint":"ci","method":"POST","value":"{\"calibrationColor\":{\"hue\":60,\"sat\":100},\"command\":\"startPrCalibration\"}"}
[2026-07-17 18:10:47.003] 
[2026-07-17 18:10:47.065] [0;32mI (21614360) NL_LTPDU: SendCmd POST → 880A64775B01 ep=ci[0m
[2026-07-17 18:10:47.065] 
[2026-07-17 18:10:47.669] free heap: 6148912, minimum free heap: 6033104, Internal 8bit free heap: 72384, 8bit free heap: 6148912The current date/time is: Fri Jul 17 10:10:44 2026
[2026-07-17 18:10:47.669] 
[2026-07-17 18:10:47.669] 
[2026-07-17 18:10:48.455] [0;32mI (21615758) NL_LTPDU: BatchGet 3E0AE0494182: 6 eps, rsp=125 bytes[0m
[2026-07-17 18:10:48.455] 
[2026-07-17 18:10:48.595] [0;32mI (21615881) NL_LTPDU: BatchGet 880A64775B01: 6 eps, rsp=118 bytes[0m
[2026-07-17 18:10:48.595] pTopic:switchlink/B0E9FEC6718C/link_to_nanoleaf_func_resp
[2026-07-17 18:10:48.595] pData:{"msgType":"respond","requestID":"7d8f0207-406f-452d-8f52-c460ecbab4a0","deviceId":"880A64775B01","success":true,"errorCode":0,"errorMsg":""}
[2026-07-17 18:10:48.595] 
[2026-07-17 18:10:49.428] uart: 11 AT+MOTION 1
[2026-07-17 18:10:49.428] 
[2026-07-17 18:10:49.428] 
[2026-07-17 18:10:49.428] btn on press
[2026-07-17 18:10:49.428] uart: 130 AT+BCDS ff04000206a59ffa5 0010B940B0E9FEC6718C48ca43a5b6dc0F014e200a06973f46000000000000ff0d0100000000000000000000000000000000ff01
[2026-07-17 18:10:49.428] 
[2026-07-17 18:10:49.428] 
[2026-07-17 18:10:49.428] pTopic:$aws/rules/bi_wifi_data_report/switchlink/B0E9FEC6718C/link_to_shadow
[2026-07-17 18:10:49.428] pData:BCD ff04000206a59ffa5 0010B940B0E9FEC6718C48ca43a5b6dc0F014e200a06973f46000000000000ff0d0100000000000000000000000000000000ff01
[2026-07-17 18:10:49.428] 
[2026-07-17 18:10:51.104] Nanoleaf MQTT payload: {"msgType":"control","requestID":"32084e8d-c4a9-4f95-a59b-10008112325c","deviceId":"880A64775B01","endpoint":"lb/0/pb","method":"POST","value":80}
[2026-07-17 18:10:51.104] 
[2026-07-17 18:10:51.151] [0;32mI (21618447) NL_LTPDU: SendCmd POST → 880A64775B01 ep=lb/0/pb[0m
[2026-07-17 18:10:51.151] 
[2026-07-17 18:10:51.491] pTopic:switchlink/B0E9FEC6718C/link_to_nanoleaf_func_resp
[2026-07-17 18:10:51.491] pData:{"msgType":"respond","requestID":"32084e8d-c4a9-4f95-a59b-10008112325c","deviceId":"880A64775B01","success":true,"errorCode":0,"errorMsg":""}
[2026-07-17 18:10:51.491] [0;32mI (21618783) NL_LTPDU: BatchGet 880A64775B01: 6 eps, rsp=118 bytes[0m
[2026-07-17 18:10:51.491] [0;32mI (21618783) TASK_NL: [2] Status changed: on=1 br=80 ct=6500 hu=48 sa=2 eff="*Solid*"[0m
[2026-07-17 18:10:51.491] 
[2026-07-17 18:10:51.678] pTopic:switchlink/B0E9FEC6718C/link_to_nanoleaf_property
[2026-07-17 18:10:51.678] pData:{"msgType":"status","deviceId":"880A64775B01","timestamp":1784283051,"endpoints":[{"endpoint":"lb/0/oo","value":true},{"endpoint":"lb/0/pb","value":80},{"endpoint":"lb/0/ct","value":6500},{"endpoint":"lb/0/hu","value":48},{"endpoint":"lb/0/sa","value":2},{"endpoint":"effect/select","value":"*Solid*"}]}
[2026-07-17 18:10:51.678] 
[2026-07-17 18:10:53.557] [0;32mI (21620852) NL_LTPDU: BatchGet 3E0AE0494182: 6 eps, rsp=125 bytes[0m
[2026-07-17 18:10:53.557] 
[2026-07-17 18:10:55.673] free heap: 6300560, minimum free heap: 6033104, Internal 8bit free heap: 72384, 8bit free heap: 6300560The current date/time is: Fri Jul 17 10:10:52 2026
[2026-07-17 18:10:55.673] 
[2026-07-17 18:10:55.673] 
[2026-07-17 18:10:56.385] [0;32mI (21623680) NL_LTPDU: BatchGet 880A64775B01: 6 eps, rsp=118 bytes[0m
[2026-07-17 18:10:56.385] 
[2026-07-17 18:10:58.690] [0;32mI (21625993) NL_LTPDU: BatchGet 3E0AE0494182: 6 eps, rsp=125 bytes[0m
[2026-07-17 18:10:58.690] 
[2026-07-17 18:11:01.510] [0;32mI (21628806) NL_LTPDU: BatchGet 880A64775B01: 6 eps, rsp=118 bytes[0m
[2026-07-17 18:11:01.510] 
[2026-07-17 18:11:02.021] uart: 130 AT+BCDS ff04000206a59ffb2 0010B940B0E9FEC6718C48ca43a5b6dc0F014f200a06973f07000000000000ff0cfe00000000000000000000000000000000ff01
[2026-07-17 18:11:02.021] 
[2026-07-17 18:11:02.021] 
[2026-07-17 18:11:02.021] 
[2026-07-17 18:11:02.176] pTopic:$aws/rules/bi_wifi_data_report/switchlink/B0E9FEC6718C/link_to_shadow
[2026-07-17 18:11:02.176] pData:BCD ff04000206a59ffb2 0010B940B0E9FEC6718C48ca43a5b6dc0F014f200a06973f07000000000000ff0cfe00000000000000000000000000000000ff01
[2026-07-17 18:11:02.176] 
[2026-07-17 18:11:03.504] app_to_link:BCD bd04df0306f8ee46b 0010b940B0E9FEC6718C1a570f7205010309965001970696
[2026-07-17 18:11:03.504] uart: 40 AT+BCDI bd04df010 0010b940B0E9FEC6718C01
[2026-07-17 18:11:03.504] 
[2026-07-17 18:11:03.504] 
[2026-07-17 18:11:03.504] 
[2026-07-17 18:11:03.597] pTopic:switchlink/B0E9FEC6718C/link_to_app
[2026-07-17 18:11:03.597] pData:BCD bd04df010 0010b940B0E9FEC6718C01
[2026-07-17 18:11:03.597] 
[2026-07-17 18:11:03.674] free heap: 6246232, minimum free heap: 6033104, Internal 8bit free heap: 72336, 8bit free heap: 6246232The current date/time is: Fri Jul 17 10:11:00 2026
[2026-07-17 18:11:03.674] 
[2026-07-17 18:11:03.674] 
[2026-07-17 18:11:03.905] [0;32mI (21631196) NL_LTPDU: BatchGet 3E0AE0494182: 6 eps, rsp=125 bytes[0m
[2026-07-17 18:11:03.905] 
[2026-07-17 18:11:06.634] [0;32mI (21633927) NL_LTPDU: BatchGet 880A64775B01: 6 eps, rsp=118 bytes[0m
[2026-07-17 18:11:06.634] 
[2026-07-17 18:11:08.649] [0;32mI (21635939) NL_LTPDU: BatchGet 3E0AE0494182: 6 eps, rsp=125 bytes[0m
[2026-07-17 18:11:08.649] 
[2026-07-17 18:11:11.515] [0;32mI (21638810) NL_LTPDU: BatchGet 880A64775B01: 6 eps, rsp=118 bytes[0m
[2026-07-17 18:11:11.515] 
[2026-07-17 18:11:11.685] free heap: 6301212, minimum free heap: 6033104, Internal 8bit free heap: 72376, 8bit free heap: 6301212The current date/time is: Fri Jul 17 10:11:08 2026
[2026-07-17 18:11:11.685] 
[2026-07-17 18:11:11.685] 
[2026-07-17 18:11:13.759] [0;32mI (21641063) NL_LTPDU: BatchGet 3E0AE0494182: 6 eps, rsp=125 bytes[0m
[2026-07-17 18:11:13.759] 
[2026-07-17 18:11:16.701] [0;32mI (21643991) NL_LTPDU: BatchGet 880A64775B01: 6 eps, rsp=118 bytes[0m
[2026-07-17 18:11:16.701] 
[2026-07-17 18:11:18.891] [0;32mI (21646182) NL_LTPDU: BatchGet 3E0AE0494182: 6 eps, rsp=125 bytes[0m
[2026-07-17 18:11:18.891] 
[2026-07-17 18:11:21.519] [0;32mI (21648814) NL_LTPDU: BatchGet 880A64775B01: 6 eps, rsp=118 bytes[0m
[2026-07-17 18:11:21.519] 
[2026-07-17 18:11:24.064] [0;32mI (21651366) NL_LTPDU: BatchGet 3E0AE0494182: 6 eps, rsp=125 bytes[0m
[2026-07-17 18:11:24.064] 
[2026-07-17 18:11:24.684] free heap: 6301216, minimum free heap: 6033104, Internal 8bit free heap: 72384, 8bit free heap: 6301216The current date/time is: Fri Jul 17 10:11:24 2026
[2026-07-17 18:11:24.684] 
[2026-07-17 18:11:24.684] 
[2026-07-17 18:11:26.014] Nanoleaf MQTT payload: {"msgType":"control","requestID":"6a75a77b-00e2-45f9-8c30-f17e7a6ba465","deviceId":"880A64775B01","endpoint":"ci","method":"POST","value":"{\"command\":\"discardPrCalibration\"}"}
[2026-07-17 18:11:26.014] 
[2026-07-17 18:11:26.091] [0;32mI (21653387) NL_LTPDU: SendCmd POST → 880A64775B01 ep=ci[0m
[2026-07-17 18:11:26.091] 
[2026-07-17 18:11:27.017] pTopic:switchlink/B0E9FEC6718C/link_to_nanoleaf_func_resp
[2026-07-17 18:11:27.017] pData:{"msgType":"respond","requestID":"6a75a77b-00e2-45f9-8c30-f17e7a6ba465","deviceId":"880A64775B01","success":true,"errorCode":0,"errorMsg":""}
[2026-07-17 18:11:27.017] 
[2026-07-17 18:11:27.140] [0;32mI (21654437) NL_LTPDU: BatchGet 880A64775B01: 6 eps, rsp=118 bytes[0m
[2026-07-17 18:11:27.140] 
[2026-07-17 18:11:27.664] Nanoleaf MQTT payload: {"msgType":"control","requestID":"f0a83834-f928-497e-993e-517e5ef97080","deviceId":"880A64775B01","endpoint":"layout/pd","method":"GET","value":""}
[2026-07-17 18:11:27.664] 
[2026-07-17 18:11:27.771] [0;32mI (21655037) NL_LTPDU: SendCmd POST → 880A64775B01 ep=layout/pd[0m
[2026-07-17 18:11:27.771] [0;32mI (21655056) TASK_NL: [2] Cmd rsp(121): {"layoutData":"AQACAAQCAAIAQwMANK5dAAAAagAAAHQAAAegpwAAAGoAAAAAAAAHAAAAAAAAAAAAVAB4DQAAAAAApQAAAFIA8Aw=","version":"2.0"}[0m
[2026-07-17 18:11:27.771] [0;32mI (21655060) NL_MQTT: PublishRespondData: len=320, pushing to MQTT queue[0m
[2026-07-17 18:11:27.771] 
[2026-07-17 18:11:27.848] pTopic:switchlink/B0E9FEC6718C/link_to_nanoleaf_func_resp
[2026-07-17 18:11:27.848] pData:{"msgType":"respond","requestID":"f0a83834-f928-497e-993e-517e5ef97080","deviceId":"880A64775B01","success":true,"errorCode":0,"errorMsg":"","endpoints":[{"endpoint":"layout/pd","value":"{\"layoutData\":\"AQACAAQCAAIAQwMANK5dAAAAagAAAHQAAAegpwAAAGoAAAAAAAAHAAAAAAAAAAAAVAB4DQAAAAAApQAAAFIA8Aw=\",\"version\":\"2.0\"}"}]}
[2026-07-17 18:11:27.848] 
[2026-07-17 18:11:28.063] [0;32mI (21655360) NL_LTPDU: BatchGet 880A64775B01: 6 eps, rsp=118 bytes[0m
[2026-07-17 18:11:28.063] 
[2026-07-17 18:11:28.896] [0;32mI (21656169) NL_LTPDU: BatchGet 3E0AE0494182: 6 eps, rsp=125 bytes[0m
[2026-07-17 18:11:28.896] Nanoleaf MQTT payload: {"msgType":"control","requestID":"70a5e17c-4212-45b1-ae4b-a9062ff78f8b","deviceId":"880A64775B01","endpoint":"ci","method":"POST","value":"{\"calibrationColor\":{\"hue\":60,\"sat\":100},\"command\":\"startPrCalibration\"}"}
[2026-07-17 18:11:28.896] 
[2026-07-17 18:11:28.973] [0;32mI (21656270) NL_LTPDU: SendCmd POST → 880A64775B01 ep=ci[0m
[2026-07-17 18:11:28.973] 
[2026-07-17 18:11:30.706] pTopic:switchlink/B0E9FEC6718C/link_to_nanoleaf_func_resp
[2026-07-17 18:11:30.706] pData:{"msgType":"respond","requestID":"70a5e17c-4212-45b1-ae4b-a9062ff78f8b","deviceId":"880A64775B01","success":true,"errorCode":0,"errorMsg":""}
[2026-07-17 18:11:30.706] [0;32mI (21658007) NL_LTPDU: BatchGet 880A64775B01: 6 eps, rsp=118 bytes[0m
[2026-07-17 18:11:30.706] 
[2026-07-17 18:11:32.687] free heap: 6301212, minimum free heap: 6033104, Internal 8bit free heap: 72380, 8bit free heap: 6301212The current date/time is: Fri Jul 17 10:11:32 2026
[2026-07-17 18:11:32.687] 
[2026-07-17 18:11:32.687] 
[2026-07-17 18:11:32.873] Nanoleaf MQTT payload: {"msgType":"control","requestID":"0ccc7361-1169-42c8-bd84-2ba830745e44","deviceId":"880A64775B01","endpoint":"lb/0/pb","method":"POST","value":82}
[2026-07-17 18:11:32.873] 
[2026-07-17 18:11:32.935] [0;32mI (21660228) NL_LTPDU: SendCmd POST → 880A64775B01 ep=lb/0/pb[0m
[2026-07-17 18:11:32.935] 
[2026-07-17 18:11:33.105] pTopic:switchlink/B0E9FEC6718C/link_to_nanoleaf_func_resp
[2026-07-17 18:11:33.105] pData:{"msgType":"respond","requestID":"0ccc7361-1169-42c8-bd84-2ba830745e44","deviceId":"880A64775B01","success":true,"errorCode":0,"errorMsg":""}
[2026-07-17 18:11:33.105] 
[2026-07-17 18:11:33.337] [0;32mI (21660580) NL_LTPDU: BatchGet 880A64775B01: 6 eps, rsp=118 bytes[0m
[2026-07-17 18:11:33.337] [0;32mI (21660581) TASK_NL: [2] Status changed: on=1 br=82 ct=6500 hu=48 sa=2 eff="*Solid*"[0m
[2026-07-17 18:11:33.337] pTopic:switchlink/B0E9FEC6718C/link_to_nanoleaf_property
[2026-07-17 18:11:33.337] pData:{"msgType":"status","deviceId":"880A64775B01","timestamp":1784283093,"endpoints":[{"endpoint":"lb/0/oo","value":true},{"endpoint":"lb/0/pb","value":82},{"endpoint":"lb/0/ct","value":6500},{"endpoint":"lb/0/hu","value":48},{"endpoint":"lb/0/sa","value":2},{"endpoint":"effect/select","value":"*Solid*"}]}
[2026-07-17 18:11:33.337] 
[2026-07-17 18:11:34.048] uart: 11 AT+MOTION 0
[2026-07-17 18:11:34.048] 
[2026-07-17 18:11:34.048] 
[2026-07-17 18:11:34.048] btn on press
[2026-07-17 18:11:34.048] uart: 130 AT+BCDS ff04000206a59ffd2 0010B940B0E9FEC6718C48ca43a5b6dc0F0150000a06973f47000000000000ff0d0200000000000000000000000000000000ff01
[2026-07-17 18:11:34.048] 
[2026-07-17 18:11:34.048] 
[2026-07-17 18:11:34.048] [0;32mI (21661351) NL_LTPDU: BatchGet 3E0AE0494182: 6 eps, rsp=125 bytes[0m
[2026-07-17 18:11:34.048] 
[2026-07-17 18:11:34.141] pTopic:$aws/rules/bi_wifi_data_report/switchlink/B0E9FEC6718C/link_to_shadow
[2026-07-17 18:11:34.141] pData:BCD ff04000206a59ffd2 0010B940B0E9FEC6718C48ca43a5b6dc0F0150000a06973f47000000000000ff0d0200000000000000000000000000000000ff01
[2026-07-17 18:11:34.141] 
[2026-07-17 18:11:38.407] [0;32mI (21665700) NL_LTPDU: BatchGet 880A64775B01: 6 eps, rsp=118 bytes[0m
[2026-07-17 18:11:38.407] 
[2026-07-17 18:11:38.916] [0;32mI (21666217) ROUTE_HOOK: Ignore invalid ICMP packet[0m
[2026-07-17 18:11:38.916] 
[2026-07-17 18:11:39.118] [0;32mI (21666417) NL_LTPDU: BatchGet 3E0AE0494182: 6 eps, rsp=125 bytes[0m
[2026-07-17 18:11:39.118] 
[2026-07-17 18:11:39.835] [0;32mI (21667134) ROUTE_HOOK: Received RIO[0m
[2026-07-17 18:11:39.835] [0;32mI (21667135) ROUTE_HOOK: prefix FDEA:C98F:38B2:1:: lifetime 1800[0m
[2026-07-17 18:11:39.835] 
[2026-07-17 18:11:40.712] free heap: 6301080, minimum free heap: 6033104, Internal 8bit free heap: 72248, 8bit free heap: 6301080The current date/time is: Fri Jul 17 10:11:40 2026
[2026-07-17 18:11:40.712] 
[2026-07-17 18:11:40.712] 
[2026-07-17 18:11:40.773] Nanoleaf MQTT payload: {"msgType":"control","requestID":"c03cb49a-0707-4252-af95-2f5b92f2bf13","deviceId":"880A64775B01","endpoint":"ci","method":"POST","value":"{\"calibrationColor\":{\"hue\":180,\"sat\":100},\"command\":\"startPrCalibration\"}"}
[2026-07-17 18:11:40.773] 
[2026-07-17 18:11:40.820] [0;32mI (21668117) NL_LTPDU: SendCmd POST → 880A64775B01 ep=ci[0m
[2026-07-17 18:11:40.820] 
[2026-07-17 18:11:42.229] pTopic:switchlink/B0E9FEC6718C/link_to_nanoleaf_func_resp
[2026-07-17 18:11:42.229] pData:{"msgType":"respond","requestID":"c03cb49a-0707-4252-af95-2f5b92f2bf13","deviceId":"880A64775B01","success":true,"errorCode":0,"errorMsg":""}
[2026-07-17 18:11:42.229] 
[2026-07-17 18:11:42.399] [0;32mI (21669696) NL_LTPDU: BatchGet 880A64775B01: 6 eps, rsp=118 bytes[0m
[2026-07-17 18:11:42.399] 
[2026-07-17 18:11:43.941] [0;32mI (21671233) NL_LTPDU: BatchGet 3E0AE0494182: 6 eps, rsp=125 bytes[0m
[2026-07-17 18:11:43.941] 
[2026-07-17 18:11:45.782] Nanoleaf MQTT payload: {"msgType":"control","requestID":"b8e4c0f7-1357-4d56-823d-af6ac87c2035","deviceId":"880A64775B01","endpoint":"ci","method":"POST","value":"{\"command\":\"discardPrCalibration\"}"}
[2026-07-17 18:11:45.782] 
[2026-07-17 18:11:45.829] [0;32mI (21673133) NL_LTPDU: SendCmd POST → 880A64775B01 ep=ci[0m
[2026-07-17 18:11:45.829] 
[2026-07-17 18:11:46.894] pTopic:switchlink/B0E9FEC6718C/link_to_nanoleaf_func_resp
[2026-07-17 18:11:46.894] pData:{"msgType":"respond","requestID":"b8e4c0f7-1357-4d56-823d-af6ac87c2035","deviceId":"880A64775B01","success":true,"errorCode":0,"errorMsg":""}
[2026-07-17 18:11:46.894] [0;32mI (21674187) NL_LTPDU: BatchGet 880A64775B01: 6 eps, rsp=118 bytes[0m
[2026-07-17 18:11:46.894] 
[2026-07-17 18:11:48.717] free heap: 6301196, minimum free heap: 6033104, Internal 8bit free heap: 72384, 8bit free heap: 6301196The current date/time is: Fri Jul 17 10:11:48 2026
[2026-07-17 18:11:48.717] 
[2026-07-17 18:11:48.717] 
[2026-07-17 18:11:49.060] [0;32mI (21676355) NL_LTPDU: BatchGet 3E0AE0494182: 6 eps, rsp=125 bytes[0m
[2026-07-17 18:11:49.060] 
[2026-07-17 18:11:52.035] [0;32mI (21679328) NL_LTPDU: BatchGet 880A64775B01: 6 eps, rsp=118 bytes[0m
[2026-07-17 18:11:52.035] 
[2026-07-17 18:11:54.389] [0;32mI (21681681) NL_LTPDU: BatchGet 3E0AE0494182: 6 eps, rsp=125 bytes[0m
[2026-07-17 18:11:54.389] 
[2026-07-17 18:11:56.718] free heap: 6301216, minimum free heap: 6033104, Internal 8bit free heap: 72384, 8bit free heap: 6301216The current date/time is: Fri Jul 17 10:11:56 2026
[2026-07-17 18:11:56.718] 
[2026-07-17 18:11:56.718] 
[2026-07-17 18:11:57.153] [0;32mI (21684454) NL_LTPDU: BatchGet 880A64775B01: 6 eps, rsp=118 bytes[0m
[2026-07-17 18:11:57.153] 
[2026-07-17 18:11:59.401] [0;32mI (21686695) NL_LTPDU: BatchGet 3E0AE0494182: 6 eps, rsp=125 bytes[0m
[2026-07-17 18:11:59.401] 
[2026-07-17 18:12:00.022] uart: 19 AT+TEMPHUMI +234 62
[2026-07-17 18:12:00.022] 
[2026-07-17 18:12:00.022] 
[2026-07-17 18:12:00.022] temp_ep:65535,temp_data:2340 humi_ep:65535,humi_data:6200
[2026-07-17 18:12:00.022] 
[2026-07-17 18:12:00.022] 
[2026-07-17 18:12:00.639] uart: 11 AT+MOTION 1
[2026-07-17 18:12:00.639] 
[2026-07-17 18:12:00.639] 
[2026-07-17 18:12:00.639] btn on press
[2026-07-17 18:12:00.639] uart: 130 AT+BCDS ff04000206a59ffec 0010B940B0E9FEC6718C48ca43a5b6dc0F0151200a04973e47000000000000ff0d0200000000000000000000000000000000ff01
[2026-07-17 18:12:00.639] 
[2026-07-17 18:12:00.639] 
[2026-07-17 18:12:00.639] 
[2026-07-17 18:12:00.824] pTopic:$aws/rules/bi_wifi_data_report/switchlink/B0E9FEC6718C/link_to_shadow
[2026-07-17 18:12:00.824] pData:BCD ff04000206a59ffec 0010B940B0E9FEC6718C48ca43a5b6dc0F0151200a04973e47000000000000ff0d0200000000000000000000000000000000ff01
[2026-07-17 18:12:00.824] 
[2026-07-17 18:12:01.907] [0;32mI (21689198) NL_LTPDU: BatchGet 880A64775B01: 6 eps, rsp=118 bytes[0m
[2026-07-17 18:12:01.907] 
[2026-07-17 18:12:04.155] [0;32mI (21691453) NL_LTPDU: BatchGet 3E0AE0494182: 6 eps, rsp=125 bytes[0m
[2026-07-17 18:12:04.155] 
[2026-07-17 18:12:04.730] free heap: 6301184, minimum free heap: 6033104, Internal 8bit free heap: 72348, 8bit free heap: 6301184The current date/time is: Fri Jul 17 10:12:04 2026
[2026-07-17 18:12:04.730] 
[2026-07-17 18:12:04.730] 
[2026-07-17 18:12:07.074] [0;32mI (21694372) NL_LTPDU: BatchGet 880A64775B01: 6 eps, rsp=118 bytes[0m
[2026-07-17 18:12:07.074] 
[2026-07-17 18:12:09.418] [0;32mI (21696716) NL_LTPDU: BatchGet 3E0AE0494182: 6 eps, rsp=125 bytes[0m
[2026-07-17 18:12:09.418] 
[2026-07-17 18:12:11.957] [0;32mI (21699226) NL_LTPDU: BatchGet 880A64775B01: 6 eps, rsp=118 bytes[0m
[2026-07-17 18:12:11.957] [0;32mI (21699226) TASK_NL: [2] Status changed: on=1 br=35 ct=6500 hu=48 sa=2 eff="*Solid*"[0m
[2026-07-17 18:12:11.957] pTopic:switchlink/B0E9FEC6718C/link_to_nanoleaf_property
[2026-07-17 18:12:11.957] pData:{"msgType":"status","deviceId":"880A64775B01","timestamp":1784283132,"endpoints":[{"endpoint":"lb/0/oo","value":true},{"endpoint":"lb/0/pb","value":35},{"endpoint":"lb/0/ct","value":6500},{"endpoint":"lb/0/hu","value":48},{"endpoint":"lb/0/sa","value":2},{"endpoint":"effect/select","value":"*Solid*"}]}
[2026-07-17 18:12:11.957] 
[2026-07-17 18:12:12.732] free heap: 6301220, minimum free heap: 6033104, Internal 8bit free heap: 72384, 8bit free heap: 6301220The current date/time is: Fri Jul 17 10:12:12 2026
[2026-07-17 18:12:12.732] 
[2026-07-17 18:12:12.732] 
[2026-07-17 18:12:14.449] [0;32mI (21701748) NL_LTPDU: BatchGet 3E0AE0494182: 6 eps, rsp=125 bytes[0m
[2026-07-17 18:12:14.449] 
[2026-07-17 18:12:17.046] [0;32mI (21704341) NL_LTPDU: BatchGet 880A64775B01: 6 eps, rsp=118 bytes[0m
[2026-07-17 18:12:17.046] 
[2026-07-17 18:12:19.305] [0;32mI (21706595) NL_LTPDU: BatchGet 3E0AE0494182: 6 eps, rsp=125 bytes[0m
[2026-07-17 18:12:19.305] 
[2026-07-17 18:12:20.736] free heap: 6301220, minimum free heap: 6033104, Internal 8bit free heap: 72384, 8bit free heap: 6301220The current date/time is: Fri Jul 17 10:12:20 2026
[2026-07-17 18:12:20.736] 
[2026-07-17 18:12:20.736] 
[2026-07-17 18:12:22.301] [0;32mI (21709600) NL_LTPDU: BatchGet 880A64775B01: 6 eps, rsp=118 bytes[0m
[2026-07-17 18:12:22.301] 
[2026-07-17 18:12:24.482] [0;32mI (21711781) NL_LTPDU: BatchGet 3E0AE0494182: 6 eps, rsp=125 bytes[0m
[2026-07-17 18:12:24.482] 
[2026-07-17 18:12:27.345] [0;32mI (21714647) NL_LTPDU: BatchGet 880A64775B01: 6 eps, rsp=118 bytes[0m
[2026-07-17 18:12:27.345] 
[2026-07-17 18:12:28.768] free heap: 6301200, minimum free heap: 6033104, Internal 8bit free heap: 72384, 8bit free heap: 6301200The current date/time is: Fri Jul 17 10:12:28 2026
[2026-07-17 18:12:28.768] 
[2026-07-17 18:12:28.768] 
[2026-07-17 18:12:29.327] [0;32mI (21716630) NL_LTPDU: BatchGet 3E0AE0494182: 6 eps, rsp=125 bytes[0m
[2026-07-17 18:12:29.327] 
[2026-07-17 18:12:32.475] [0;32mI (21719767) NL_LTPDU: BatchGet 880A64775B01: 6 eps, rsp=118 bytes[0m
[2026-07-17 18:12:32.475] 
[2026-07-17 18:12:33.033] uart: 11 AT+MOTION 0
[2026-07-17 18:12:33.033] 
[2026-07-17 18:12:33.033] 
[2026-07-17 18:12:33.033] btn on press
[2026-07-17 18:12:33.033] uart: 130 AT+BCDS ff04000206a5a000d 0010B940B0E9FEC6718C48ca43a5b6dc0F0152000a04973e47000000000000ff0cff00000000000000000000000000000000ff01
[2026-07-17 18:12:33.033] 
[2026-07-17 18:12:33.033] 
[2026-07-17 18:12:33.033] 
[2026-07-17 18:12:33.172] pTopic:$aws/rules/bi_wifi_data_report/switchlink/B0E9FEC6718C/link_to_shadow
[2026-07-17 18:12:33.172] pData:BCD ff04000206a5a000d 0010B940B0E9FEC6718C48ca43a5b6dc0F0152000a04973e47000000000000ff0cff00000000000000000000000000000000ff01
[2026-07-17 18:12:33.172] 
[2026-07-17 18:12:34.516] [0;32mI (21721816) NL_LTPDU: BatchGet 3E0AE0494182: 6 eps, rsp=125 bytes[0m
[2026-07-17 18:12:34.516] 
[2026-07-17 18:12:36.776] free heap: 6301220, minimum free heap: 6033104, Internal 8bit free heap: 72384, 8bit free heap: 6301220The current date/time is: Fri Jul 17 10:12:36 2026
[2026-07-17 18:12:36.776] 
[2026-07-17 18:12:36.776] 
[2026-07-17 18:12:37.225] [0;32mI (21724524) NL_LTPDU: BatchGet 880A64775B01: 6 eps, rsp=118 bytes[0m
[2026-07-17 18:12:37.225] [0;32mI (21724524) TASK_NL: [2] Status changed: on=1 br=80 ct=6500 hu=48 sa=2 eff="*Solid*"[0m
[2026-07-17 18:12:37.225] 
[2026-07-17 18:12:37.443] pTopic:switchlink/B0E9FEC6718C/link_to_nanoleaf_property
[2026-07-17 18:12:37.443] pData:{"msgType":"status","deviceId":"880A64775B01","timestamp":1784283157,"endpoints":[{"endpoint":"lb/0/oo","value":true},{"endpoint":"lb/0/pb","value":80},{"endpoint":"lb/0/ct","value":6500},{"endpoint":"lb/0/hu","value":48},{"endpoint":"lb/0/sa","value":2},{"endpoint":"effect/select","value":"*Solid*"}]}
[2026-07-17 18:12:37.443] 
[2026-07-17 18:12:39.636] [0;32mI (21726937) NL_LTPDU: BatchGet 3E0AE0494182: 6 eps, rsp=125 bytes[0m
[2026-07-17 18:12:39.636] 
[2026-07-17 18:12:42.546] [0;32mI (21729839) NL_LTPDU: BatchGet 880A64775B01: 6 eps, rsp=118 bytes[0m
[2026-07-17 18:12:42.546] 
[2026-07-17 18:12:44.405] [0;32mI (21731708) NL_LTPDU: BatchGet 3E0AE0494182: 6 eps, rsp=125 bytes[0m
[2026-07-17 18:12:44.405] 
[2026-07-17 18:12:44.777] free heap: 6301216, minimum free heap: 6033104, Internal 8bit free heap: 72384, 8bit free heap: 6301216The current date/time is: Fri Jul 17 10:12:44 2026
[2026-07-17 18:12:44.777] 
[2026-07-17 18:12:44.777] 
[2026-07-17 18:12:47.558] [0;32mI (21734823) NL_LTPDU: BatchGet 880A64775B01: 6 eps, rsp=118 bytes[0m
[2026-07-17 18:12:47.558] [0;32mI (21734823) TASK_NL: [2] Status changed: on=1 br=95 ct=6500 hu=48 sa=2 eff="*Solid*"[0m
[2026-07-17 18:12:47.558] pTopic:switchlink/B0E9FEC6718C/link_to_nanoleaf_property
[2026-07-17 18:12:47.558] pData:{"msgType":"status","deviceId":"880A64775B01","timestamp":1784283167,"endpoints":[{"endpoint":"lb/0/oo","value":true},{"endpoint":"lb/0/pb","value":95},{"endpoint":"lb/0/ct","value":6500},{"endpoint":"lb/0/hu","value":48},{"endpoint":"lb/0/sa","value":2},{"endpoint":"effect/select","value":"*Solid*"}]}
[2026-07-17 18:12:47.558] 
[2026-07-17 18:12:49.610] [0;32mI (21736909) NL_LTPDU: BatchGet 3E0AE0494182: 6 eps, rsp=125 bytes[0m
[2026-07-17 18:12:49.610] 
[2026-07-17 18:12:52.323] [0;32mI (21739618) NL_LTPDU: BatchGet 880A64775B01: 6 eps, rsp=118 bytes[0m
[2026-07-17 18:12:52.323] 
[2026-07-17 18:12:52.772] free heap: 6301216, minimum free heap: 6033104, Internal 8bit free heap: 72384, 8bit free heap: 6301216The current date/time is: Fri Jul 17 10:12:52 2026
[2026-07-17 18:12:52.772] 
[2026-07-17 18:12:52.772] 
[2026-07-17 18:12:54.691] [0;32mI (21741989) NL_LTPDU: BatchGet 3E0AE0494182: 6 eps, rsp=125 bytes[0m
[2026-07-17 18:12:54.691] 
[2026-07-17 18:12:57.435] [0;32mI (21744731) NL_LTPDU: BatchGet 880A64775B01: 6 eps, rsp=118 bytes[0m
[2026-07-17 18:12:57.435] 
[2026-07-17 18:12:59.357] uart: 11 AT+MOTION 1
[2026-07-17 18:12:59.357] 
[2026-07-17 18:12:59.357] 
[2026-07-17 18:12:59.357] btn on press
[2026-07-17 18:12:59.357] uart: 130 AT+BCDS ff04000206a5a0027 0010B940B0E9FEC6718C48ca43a5b6dc0F0153200a04973e47000000000000ff0d0200000000000000000000000000000000ff01
[2026-07-17 18:12:59.357] 
[2026-07-17 18:12:59.357] 
[2026-07-17 18:12:59.357] 
[2026-07-17 18:12:59.480] pTopic:$aws/rules/bi_wifi_data_report/switchlink/B0E9FEC6718C/link_to_shadow
[2026-07-17 18:12:59.480] pData:BCD ff04000206a5a0027 0010B940B0E9FEC6718C48ca43a5b6dc0F0153200a04973e47000000000000ff0d0200000000000000000000000000000000ff01
[2026-07-17 18:12:59.480] 
[2026-07-17 18:12:59.572] [0;32mI (21746863) NL_LTPDU: BatchGet 3E0AE0494182: 6 eps, rsp=125 bytes[0m
[2026-07-17 18:12:59.572] 
[2026-07-17 18:13:00.779] free heap: 6301216, minimum free heap: 6033104, Internal 8bit free heap: 72384, 8bit free heap: 6301216The current date/time is: Fri Jul 17 10:13:00 2026
[2026-07-17 18:13:00.779] 
[2026-07-17 18:13:00.779] 
[2026-07-17 18:13:02.556] [0;32mI (21749856) NL_LTPDU: BatchGet 880A64775B01: 6 eps, rsp=118 bytes[0m
[2026-07-17 18:13:02.556] 
[2026-07-17 18:13:04.774] [0;32mI (21752065) NL_LTPDU: BatchGet 3E0AE0494182: 6 eps, rsp=125 bytes[0m
[2026-07-17 18:13:04.774] 
[2026-07-17 18:13:07.704] [0;32mI (21755002) NL_LTPDU: BatchGet 880A64775B01: 6 eps, rsp=118 bytes[0m
[2026-07-17 18:13:07.704] 
[2026-07-17 18:13:08.788] free heap: 6301064, minimum free heap: 6033104, Internal 8bit free heap: 72252, 8bit free heap: 6301064The current date/time is: Fri Jul 17 10:13:08 2026
[2026-07-17 18:13:08.788] 
[2026-07-17 18:13:08.788] 
[2026-07-17 18:13:09.841] [0;32mI (21757144) NL_LTPDU: BatchGet 3E0AE0494182: 6 eps, rsp=125 bytes[0m
[2026-07-17 18:13:09.841] 
[2026-07-17 18:13:12.562] [0;32mI (21759856) NL_LTPDU: BatchGet 880A64775B01: 6 eps, rsp=118 bytes[0m
[2026-07-17 18:13:12.562] 
[2026-07-17 18:13:14.714] [0;32mI (21762018) NL_LTPDU: BatchGet 3E0AE0494182: 6 eps, rsp=125 bytes[0m
[2026-07-17 18:13:14.714] 
[2026-07-17 18:13:16.344] uart: 79 AT+TEST shadow BCD|010211038|6a5a0038|35b0e9fe527e830101496404983c0035026b00|18
[2026-07-17 18:13:16.344] 
[2026-07-17 18:13:16.344] 
[2026-07-17 18:13:16.344] 
[2026-07-17 18:13:16.466] pTopic:$aws/rules/bi_ble_data_report_arch2/switchlink/B0E9FEC6718C/link_to_status
[2026-07-17 18:13:16.466] pData:{"protocolVersion":1,"count":1,"messages":[{"id":"ef46dcc6-9e67-4593-a386-278ebc50c7ac","eventType":"Wo.Device.DataReport","data":{"deviceID":"b0e9fe527e83","createTime":1784283192,"contentVersion":2,"contentType":"hex","content":"35b0e9fe527e830101496404983c0035026b00","seq":24}}]}
[2026-07-17 18:13:16.466] 
[2026-07-17 18:13:16.777] free heap: 6301216, minimum free heap: 6033104, Internal 8bit free heap: 72384, 8bit free heap: 6301216The current date/time is: Fri Jul 17 10:13:16 2026
[2026-07-17 18:13:16.777] 
[2026-07-17 18:13:16.777] 
[2026-07-17 18:13:17.722] [0;32mI (21765027) NL_LTPDU: BatchGet 880A64775B01: 6 eps, rsp=118 bytes[0m
[2026-07-17 18:13:17.722] 
[2026-07-17 18:13:19.880] [0;32mI (21767178) NL_LTPDU: BatchGet 3E0AE0494182: 6 eps, rsp=125 bytes[0m
[2026-07-17 18:13:19.880] 
[2026-07-17 18:13:22.950] [0;32mI (21770250) NL_LTPDU: BatchGet 880A64775B01: 6 eps, rsp=118 bytes[0m
[2026-07-17 18:13:22.950] 
[2026-07-17 18:13:24.794] free heap: 6246364, minimum free heap: 6033104, Internal 8bit free heap: 72348, 8bit free heap: 6246364The current date/time is: Fri Jul 17 10:13:24 2026
[2026-07-17 18:13:24.794] 
[2026-07-17 18:13:24.794] 
[2026-07-17 18:13:25.477] [0;32mI (21772774) NL_LTPDU: BatchGet 3E0AE0494182: 6 eps, rsp=125 bytes[0m
[2026-07-17 18:13:25.477] 
[2026-07-17 18:13:28.104] [0;32mI (21775401) NL_LTPDU: BatchGet 880A64775B01: 6 eps, rsp=118 bytes[0m
[2026-07-17 18:13:28.104] 
[2026-07-17 18:13:30.122] [0;32mI (21777419) NL_LTPDU: BatchGet 3E0AE0494182: 6 eps, rsp=125 bytes[0m
[2026-07-17 18:13:30.122] 
[2026-07-17 18:13:32.782] free heap: 6301216, minimum free heap: 6033104, Internal 8bit free heap: 72384, 8bit free heap: 6301216The current date/time is: Fri Jul 17 10:13:32 2026
[2026-07-17 18:13:32.782] 
[2026-07-17 18:13:32.782] 
[2026-07-17 18:13:32.889] [0;32mI (21780182) NL_LTPDU: BatchGet 880A64775B01: 6 eps, rsp=118 bytes[0m
[2026-07-17 18:13:32.889] 
[2026-07-17 18:13:34.947] [0;32mI (21782237) NL_LTPDU: BatchGet 3E0AE0494182: 6 eps, rsp=125 bytes[0m
[2026-07-17 18:13:34.947] 
[2026-07-17 18:13:38.011] [0;32mI (21785306) NL_LTPDU: BatchGet 880A64775B01: 6 eps, rsp=118 bytes[0m
[2026-07-17 18:13:38.011] 
[2026-07-17 18:13:40.057] [0;32mI (21787351) NL_LTPDU: BatchGet 3E0AE0494182: 6 eps, rsp=125 bytes[0m
[2026-07-17 18:13:40.057] 
[2026-07-17 18:13:40.797] free heap: 6301216, minimum free heap: 6033104, Internal 8bit free heap: 72384, 8bit free heap: 6301216The current date/time is: Fri Jul 17 10:13:40 2026
[2026-07-17 18:13:40.797] 
[2026-07-17 18:13:40.797] 
[2026-07-17 18:13:42.859] [0;32mI (21790161) NL_LTPDU: BatchGet 880A64775B01: 6 eps, rsp=118 bytes[0m
[2026-07-17 18:13:42.859] 
[2026-07-17 18:13:45.207] [0;32mI (21792501) NL_LTPDU: BatchGet 3E0AE0494182: 6 eps, rsp=125 bytes[0m
[2026-07-17 18:13:45.207] 
[2026-07-17 18:13:48.040] [0;32mI (21795331) NL_LTPDU: BatchGet 880A64775B01: 6 eps, rsp=118 bytes[0m
[2026-07-17 18:13:48.040] 
[2026-07-17 18:13:48.800] free heap: 6301196, minimum free heap: 6033104, Internal 8bit free heap: 72384, 8bit free heap: 6301196The current date/time is: Fri Jul 17 10:13:48 2026
[2026-07-17 18:13:48.800] 
[2026-07-17 18:13:48.800] 
[2026-07-17 18:13:50.070] [0;32mI (21797370) NL_LTPDU: BatchGet 3E0AE0494182: 6 eps, rsp=125 bytes[0m
[2026-07-17 18:13:50.070] 
[2026-07-17 18:13:53.166] [0;32mI (21800461) NL_LTPDU: BatchGet 880A64775B01: 6 eps, rsp=118 bytes[0m
[2026-07-17 18:13:53.166] 
[2026-07-17 18:13:55.192] [0;32mI (21802490) NL_LTPDU: BatchGet 3E0AE0494182: 6 eps, rsp=125 bytes[0m
[2026-07-17 18:13:55.192] 
[2026-07-17 18:13:56.820] free heap: 6301084, minimum free heap: 6033104, Internal 8bit free heap: 72252, 8bit free heap: 6301084The current date/time is: Fri Jul 17 10:13:56 2026
[2026-07-17 18:13:56.820] 
[2026-07-17 18:13:56.820] 
[2026-07-17 18:13:58.013] [0;32mI (21805312) NL_LTPDU: BatchGet 880A64775B01: 6 eps, rsp=118 bytes[0m
[2026-07-17 18:13:58.013] 
[2026-07-17 18:14:00.371] [0;32mI (21807672) NL_LTPDU: BatchGet 3E0AE0494182: 6 eps, rsp=125 bytes[0m
[2026-07-17 18:14:00.371] 
[2026-07-17 18:14:03.198] [0;32mI (21810494) NL_LTPDU: BatchGet 880A64775B01: 6 eps, rsp=118 bytes[0m
[2026-07-17 18:14:03.198] 
[2026-07-17 18:14:04.839] free heap: 6301216, minimum free heap: 6033104, Internal 8bit free heap: 72384, 8bit free heap: 6301216The current date/time is: Fri Jul 17 10:14:04 2026
[2026-07-17 18:14:04.839] 
[2026-07-17 18:14:04.839] 
[2026-07-17 18:14:05.228] [0;32mI (21812526) NL_LTPDU: BatchGet 3E0AE0494182: 6 eps, rsp=125 bytes[0m
[2026-07-17 18:14:05.228] 
[2026-07-17 18:14:08.313] [0;32mI (21815613) NL_LTPDU: BatchGet 880A64775B01: 6 eps, rsp=118 bytes[0m
[2026-07-17 18:14:08.313] 
[2026-07-17 18:14:10.371] [0;32mI (21817662) NL_LTPDU: BatchGet 3E0AE0494182: 6 eps, rsp=125 bytes[0m
[2026-07-17 18:14:10.371] 
[2026-07-17 18:14:12.836] free heap: 6301196, minimum free heap: 6033104, Internal 8bit free heap: 72384, 8bit free heap: 6301196The current date/time is: Fri Jul 17 10:14:12 2026
[2026-07-17 18:14:12.836] 
[2026-07-17 18:14:12.836] 
[2026-07-17 18:14:13.442] [0;32mI (21820737) NL_LTPDU: BatchGet 880A64775B01: 6 eps, rsp=118 bytes[0m
[2026-07-17 18:14:13.442] 
[2026-07-17 18:14:15.586] [0;32mI (21822888) NL_LTPDU: BatchGet 3E0AE0494182: 6 eps, rsp=125 bytes[0m
[2026-07-17 18:14:15.586] 
[2026-07-17 18:14:18.205] [0;32mI (21825509) NL_LTPDU: BatchGet 880A64775B01: 6 eps, rsp=118 bytes[0m
[2026-07-17 18:14:18.205] 
[2026-07-17 18:14:20.354] [0;32mI (21827646) NL_LTPDU: BatchGet 3E0AE0494182: 6 eps, rsp=125 bytes[0m
[2026-07-17 18:14:20.354] 
[2026-07-17 18:14:20.848] free heap: 6301216, minimum free heap: 6033104, Internal 8bit free heap: 72384, 8bit free heap: 6301216The current date/time is: Fri Jul 17 10:14:20 2026
[2026-07-17 18:14:20.848] 
[2026-07-17 18:14:20.848] 
[2026-07-17 18:14:23.406] [0;32mI (21830702) NL_LTPDU: BatchGet 880A64775B01: 6 eps, rsp=118 bytes[0m
[2026-07-17 18:14:23.406] 
[2026-07-17 18:14:25.478] [0;32mI (21832773) NL_LTPDU: BatchGet 3E0AE0494182: 6 eps, rsp=125 bytes[0m
[2026-07-17 18:14:25.478] 
[2026-07-17 18:14:28.296] [0;32mI (21835588) NL_LTPDU: BatchGet 880A64775B01: 6 eps, rsp=118 bytes[0m
[2026-07-17 18:14:28.296] 
[2026-07-17 18:14:28.852] free heap: 6301196, minimum free heap: 6033104, Internal 8bit free heap: 72384, 8bit free heap: 6301196The current date/time is: Fri Jul 17 10:14:28 2026
[2026-07-17 18:14:28.852] 
[2026-07-17 18:14:28.852] 
[2026-07-17 18:14:29.209] [0;32mI (21836507) ROUTE_HOOK: Received RIO[0m
[2026-07-17 18:14:29.209] [0;32mI (21836507) ROUTE_HOOK: prefix FDEA:C98F:38B2:1:: lifetime 1800[0m
[2026-07-17 18:14:29.209] 
[2026-07-17 18:14:30.617] [0;32mI (21837919) NL_LTPDU: BatchGet 3E0AE0494182: 6 eps, rsp=125 bytes[0m
[2026-07-17 18:14:30.617] 
[2026-07-17 18:14:33.418] [0;32mI (21840712) NL_LTPDU: BatchGet 880A64775B01: 6 eps, rsp=118 bytes[0m
[2026-07-17 18:14:33.418] 
[2026-07-17 18:14:34.039] uart: 11 AT+MOTION 0
[2026-07-17 18:14:34.039] 
[2026-07-17 18:14:34.039] 
[2026-07-17 18:14:34.039] btn on press
[2026-07-17 18:14:34.039] uart: 130 AT+BCDS ff04000206a5a0086 0010B940B0E9FEC6718C48ca43a5b6dc0F0154000a04973e47000000000000ff0d0300000000000000000000000000000000ff01
[2026-07-17 18:14:34.039] 
[2026-07-17 18:14:34.039] 
[2026-07-17 18:14:34.039] 
[2026-07-17 18:14:34.209] pTopic:$aws/rules/bi_wifi_data_report/switchlink/B0E9FEC6718C/link_to_shadow
[2026-07-17 18:14:34.209] pData:BCD ff04000206a5a0086 0010B940B0E9FEC6718C48ca43a5b6dc0F0154000a04973e47000000000000ff0d0300000000000000000000000000000000ff01
[2026-07-17 18:14:34.209] 
[2026-07-17 18:14:35.541] [0;32mI (21842839) NL_LTPDU: BatchGet 3E0AE0494182: 6 eps, rsp=125 bytes[0m
[2026-07-17 18:14:35.541] 
[2026-07-17 18:14:36.855] free heap: 6301216, minimum free heap: 6033104, Internal 8bit free heap: 72384, 8bit free heap: 6301216The current date/time is: Fri Jul 17 10:14:36 2026
[2026-07-17 18:14:36.855] 
[2026-07-17 18:14:36.855] 
[2026-07-17 18:14:38.635] [0;32mI (21845927) NL_LTPDU: BatchGet 880A64775B01: 6 eps, rsp=118 bytes[0m
[2026-07-17 18:14:38.635] 
[2026-07-17 18:14:40.663] [0;32mI (21847961) NL_LTPDU: BatchGet 3E0AE0494182: 6 eps, rsp=125 bytes[0m
[2026-07-17 18:14:40.663] 
[2026-07-17 18:14:43.428] [0;32mI (21850719) NL_LTPDU: BatchGet 880A64775B01: 6 eps, rsp=118 bytes[0m
[2026-07-17 18:14:43.428] 
[2026-07-17 18:14:44.638] [0;32mI (21851940) TASK_NL: [1] RetryWait done, trigger scan for reconnect[0m
[2026-07-17 18:14:44.638] [0;32mI (21851940) TASK_NL: ExecuteScan: trigger=retry_recover[0m
[2026-07-17 18:14:44.638] 
[2026-07-17 18:14:44.885] free heap: 6300984, minimum free heap: 6033104, Internal 8bit free heap: 72252, 8bit free heap: 6300984The current date/time is: Fri Jul 17 10:14:44 2026
[2026-07-17 18:14:44.885] 
[2026-07-17 18:14:44.885] 
[2026-07-17 18:14:47.767] [0;32mI (21855022) TASK_NL: Scan[0]: name=Shapes 2201 ip=192.168.50.119 id=88:0A:64:77:5B:01 model=NL42 fw=12.1.1[0m
[2026-07-17 18:14:47.767] [0;32mI (21855023) TASK_NL: Scan[1]: name=Lines B5D2 ip=192.168.50.201 id=3E:0A:E0:49:41:82 model=NL59 fw=12.2.3[0m
[2026-07-17 18:14:47.767] [0;32mI (21855032) TASK_NL: Scan[2]: name=4D FEB8 ip=192.168.50.160 id=6A:76:B9:5F:D1:DB model=NL69 fw=12.3.6[0m
[2026-07-17 18:14:47.767] [0;32mI (21855042) TASK_NL: Scan[3]: name=Elements 88E6 ip=192.168.50.16 id=46:05:52:25:FA:A6 model=NL52 fw=12.2.3[0m
[2026-07-17 18:14:47.767] [0;32mI (21855053) TASK_NL: Scan matched [1] 6A76B95FD1DB at 192.168.50.160 (name=4D FEB8)[0m
[2026-07-17 18:14:47.767] [0;32mI (21855062) TASK_NL: ExecuteScan: found 4 devices, publishing[0m
[2026-07-17 18:14:47.767] 
[2026-07-17 18:14:47.985] pTopic:switchlink/B0E9FEC6718C/link_to_nanoleaf_maint
[2026-07-17 18:14:47.985] pData:{"msgType":"nanoleaf_scan","trigger":"retry_recover","timestamp":1784283287,"managed":{"total":3,"devices":[{"deviceId":"3E0AE0494182","clientId":1,"state":"active","online":1},{"deviceId":"6A76B95FD1DB","clientId":1,"state":"auth","online":0},{"deviceId":"880A64775B01","clientId":1,"state":"active","online":1}]},"devices":[{"deviceId":"88:0A:64:77:5B:01","ip":"192.168.50.119","port":12566,"model":"NL42","firmware":"12.1.1"},{"deviceId":"3E:0A:E0:49:41:82","ip":"192.168.50.201","port":12566,"model":"NL59","firmware":"12.2.3"},{"deviceId":"6A:76:B9:5F:D1:DB","ip":"192.168.50.160","port":12566,"model":"NL69","firmware":"12.3.6"},{"deviceId":"46:05:52:25:FA:A6","ip":"192.168.50.16","port":12566,"model":"NL52","firmware":"12.2.3"}]}
[2026-07-17 18:14:47.985] 
[2026-07-17 18:14:48.296] [0;32mI (21855556) NL_LTPDU: BatchGet 3E0AE0494182: 6 eps, rsp=125 bytes[0m
[2026-07-17 18:14:48.296] [0;32mI (21855556) NL_LTPDU: SRP reconnect: device=4D FEB8 clientId=1[0m
[2026-07-17 18:14:48.296] [0;32mI (21855594) NL_LTPDU:   pubA[0:4]=40872516[0m
[2026-07-17 18:14:48.296] 
[2026-07-17 18:14:48.465] [0;32mI (21855761) NL_LTPDU: TCP connected to 192.168.50.160:12566[0m
[2026-07-17 18:14:48.465] 
[2026-07-17 18:14:48.542] [0;32mI (21855838) NL_LTPDU: BatchGet 880A64775B01: 6 eps, rsp=118 bytes[0m
[2026-07-17 18:14:48.542] 
[2026-07-17 18:14:48.991] [0;32mI (21856266) NL_LTPDU:   step1 rsp: salt len=4, salt[0:4]=A50A7FB5[0m
[2026-07-17 18:14:48.991] [0;32mI (21856266) NL_LTPDU:   step1 rsp: B[0:4]=7C7C7BCA, B len=256[0m
[2026-07-17 18:14:48.991] [0;32mI (21856268) NL_LTPDU:   session_version: len=0 val=FFFF[0m
[2026-07-17 18:14:48.991] [0;32mI (21856274) NL_SRP:   k[0:8]=4CBA3FB2923E01FB[0m
[2026-07-17 18:14:48.991] [0;32mI (21856279) NL_SRP:   szA=256, szB=256[0m
[2026-07-17 18:14:48.991] [0;32mI (21856284) NL_SRP:   u[0:8]=1B7E0D44D1F4EB84[0m
[2026-07-17 18:14:48.991] [0;32mI (21856289) NL_SRP:   x[0:8]=EC2E40DE38A03A3E[0m
[2026-07-17 18:14:48.991] 
[2026-07-17 18:14:49.130] [0;32mI (21856387) NL_SRP: SrpComputeSecret OK[0m
[2026-07-17 18:14:49.130] [0;32mI (21856388) NL_LTPDU:   SrpComputeSecret OK[0m
[2026-07-17 18:14:49.130] [0;31mE (21856409) NL_LTPDU: SRP step2: missing/invalid M2[0m
[2026-07-17 18:14:49.130] [0;33mW (21856410) TASK_NL: [1] Auth failed (err=5, retry=1/3)[0m
[2026-07-17 18:14:49.130] [0;32mI (21856438) NL_LTPDU: SRP reconnect: device=4D FEB8 clientId=1[0m
[2026-07-17 18:14:49.130] 
[2026-07-17 18:14:49.177] [0;32mI (21856472) NL_LTPDU:   pubA[0:4]=9031765B[0m
[2026-07-17 18:14:49.177] [0;32mI (21856477) NL_LTPDU: TCP connected to 192.168.50.160:12566[0m
[2026-07-17 18:14:49.177] 
[2026-07-17 18:14:49.611] [0;32mI (21856880) NL_LTPDU:   step1 rsp: salt len=4, salt[0:4]=FBA6985A[0m
[2026-07-17 18:14:49.611] [0;32mI (21856881) NL_LTPDU:   step1 rsp: B[0:4]=5A7B5011, B len=256[0m
[2026-07-17 18:14:49.611] [0;32mI (21856883) NL_LTPDU:   session_version: len=0 val=FFFF[0m
[2026-07-17 18:14:49.611] [0;32mI (21856889) NL_SRP:   k[0:8]=4CBA3FB2923E01FB[0m
[2026-07-17 18:14:49.611] [0;32mI (21856894) NL_SRP:   szA=256, szB=256[0m
[2026-07-17 18:14:49.611] [0;32mI (21856899) NL_SRP:   u[0:8]=C9EA419CBEA9C046[0m
[2026-07-17 18:14:49.611] [0;32mI (21856904) NL_SRP:   x[0:8]=89BF12BE8077729A[0m
[2026-07-17 18:14:49.611] 
[2026-07-17 18:14:49.703] [0;32mI (21857002) NL_SRP: SrpComputeSecret OK[0m
[2026-07-17 18:14:49.703] [0;32mI (21857003) NL_LTPDU:   SrpComputeSecret OK[0m
[2026-07-17 18:14:49.703] 
[2026-07-17 18:14:49.767] [0;31mE (21857064) NL_LTPDU: SRP step2: missing/invalid M2[0m
[2026-07-17 18:14:49.767] [0;33mW (21857065) TASK_NL: [1] Auth failed (err=5, retry=2/3)[0m
[2026-07-17 18:14:49.767] 
[2026-07-17 18:14:52.892] free heap: 6300784, minimum free heap: 6033104, Internal 8bit free heap: 72376, 8bit free heap: 6300784The current date/time is: Fri Jul 17 10:14:52 2026
[2026-07-17 18:14:52.892] 
[2026-07-17 18:14:52.892] 
[2026-07-17 18:14:52.969] [0;32mI (21860268) NL_LTPDU: BatchGet 3E0AE0494182: 6 eps, rsp=125 bytes[0m
[2026-07-17 18:14:52.969] 
[2026-07-17 18:14:53.787] [0;32mI (21861079) NL_LTPDU: BatchGet 880A64775B01: 6 eps, rsp=118 bytes[0m
[2026-07-17 18:14:53.787] 
[2026-07-17 18:14:58.088] [0;32mI (21865384) NL_LTPDU: BatchGet 3E0AE0494182: 6 eps, rsp=125 bytes[0m
[2026-07-17 18:14:58.088] 
[2026-07-17 18:14:58.799] [0;32mI (21866097) NL_LTPDU: BatchGet 880A64775B01: 6 eps, rsp=118 bytes[0m
[2026-07-17 18:14:58.799] 
[2026-07-17 18:15:00.156] uart: 11 AT+MOTION 1
[2026-07-17 18:15:00.156] 
[2026-07-17 18:15:00.156] 
[2026-07-17 18:15:00.156] btn on press
[2026-07-17 18:15:00.156] uart: 130 AT+BCDS ff04000206a5a00a0 0010B940B0E9FEC6718C48ca43a5b6dc0F0155200a04973e47000000000000ff0d0100000000000000000000000000000000ff01
[2026-07-17 18:15:00.156] 
[2026-07-17 18:15:00.156] 
[2026-07-17 18:15:00.156] 
[2026-07-17 18:15:00.326] pTopic:$aws/rules/bi_wifi_data_report/switchlink/B0E9FEC6718C/link_to_shadow
[2026-07-17 18:15:00.326] pData:BCD ff04000206a5a00a0 0010B940B0E9FEC6718C48ca43a5b6dc0F0155200a04973e47000000000000ff0d0100000000000000000000000000000000ff01
[2026-07-17 18:15:00.326] 
[2026-07-17 18:15:00.774] [0;32mI (21868018) NL_LTPDU: SRP reconnect: device=4D FEB8 clientId=1[0m
[2026-07-17 18:15:00.774] [0;32mI (21868053) NL_LTPDU:   pubA[0:4]=52E7435E[0m
[2026-07-17 18:15:00.774] [0;32mI (21868074) NL_LTPDU: TCP connected to 192.168.50.160:12566[0m
[2026-07-17 18:15:00.774] 
[2026-07-17 18:15:00.897] free heap: 6299568, minimum free heap: 6033104, Internal 8bit free heap: 72264, 8bit free heap: 6299568The current date/time is: Fri Jul 17 10:15:00 2026
[2026-07-17 18:15:00.897] 
[2026-07-17 18:15:00.897] 
[2026-07-17 18:15:01.331] [0;32mI (21868598) NL_LTPDU:   step1 rsp: salt len=4, salt[0:4]=7F0F381E[0m
[2026-07-17 18:15:01.331] [0;32mI (21868598) NL_LTPDU:   step1 rsp: B[0:4]=8EFC7B57, B len=256[0m
[2026-07-17 18:15:01.331] [0;32mI (21868600) NL_LTPDU:   session_version: len=0 val=FFFF[0m
[2026-07-17 18:15:01.331] [0;32mI (21868607) NL_SRP:   k[0:8]=4CBA3FB2923E01FB[0m
[2026-07-17 18:15:01.331] [0;32mI (21868612) NL_SRP:   szA=256, szB=256[0m
[2026-07-17 18:15:01.331] [0;32mI (21868616) NL_SRP:   u[0:8]=352966B1D7497519[0m
[2026-07-17 18:15:01.331] [0;32mI (21868621) NL_SRP:   x[0:8]=01A038AD534B1ACA[0m
[2026-07-17 18:15:01.331] 
[2026-07-17 18:15:01.455] [0;32mI (21868720) NL_SRP: SrpComputeSecret OK[0m
[2026-07-17 18:15:01.455] [0;32mI (21868721) NL_LTPDU:   SrpComputeSecret OK[0m
[2026-07-17 18:15:01.455] [0;31mE (21868747) NL_LTPDU: SRP step2: missing/invalid M2[0m
[2026-07-17 18:15:01.455] [0;33mW (21868748) TASK_NL: [1] Auth failed (err=5, retry=3/3)[0m
[2026-07-17 18:15:01.455] 
[2026-07-17 18:15:01.547] pTopic:switchlink/B0E9FEC6718C/link_to_nanoleaf_property
[2026-07-17 18:15:01.547] pData:{"msgType":"online","deviceId":"6A76B95FD1DB","timestamp":1784283301,"online":false,"reason":"auth_failed"}
[2026-07-17 18:15:01.547] 
[2026-07-17 18:15:03.311] [0;32mI (21870607) NL_LTPDU: BatchGet 3E0AE0494182: 6 eps, rsp=125 bytes[0m
[2026-07-17 18:15:03.311] 
[2026-07-17 18:15:03.545] [0;32mI (21870835) NL_LTPDU: BatchGet 880A64775B01: 6 eps, rsp=118 bytes[0m
[2026-07-17 18:15:03.545] 
[2026-07-17 18:15:08.074] [0;32mI (21875367) NL_LTPDU: BatchGet 3E0AE0494182: 6 eps, rsp=125 bytes[0m
[2026-07-17 18:15:08.074] 
[2026-07-17 18:15:08.727] [0;32mI (21876029) NL_LTPDU: BatchGet 880A64775B01: 6 eps, rsp=118 bytes[0m
[2026-07-17 18:15:08.727] 
[2026-07-17 18:15:08.912] free heap: 6300552, minimum free heap: 6033104, Internal 8bit free heap: 72376, 8bit free heap: 6300552The current date/time is: Fri Jul 17 10:15:08 2026
[2026-07-17 18:15:08.912] 
[2026-07-17 18:15:08.912] 
[2026-07-17 18:15:13.227] [0;32mI (21880527) NL_LTPDU: BatchGet 3E0AE0494182: 6 eps, rsp=125 bytes[0m
[2026-07-17 18:15:13.227] 
[2026-07-17 18:15:13.997] [0;32mI (21881057) NL_LTPDU: BatchGet 880A64775B01: 6 eps, rsp=118 bytes[0m
[2026-07-17 18:15:13.997] uart: 890 AT+ACK SCANR;88:2cb0e9feefd2bc00006400110378|3fe3ca634c4f146f805b|3cb0e9fea2693e0000000010c4f8|35b0e9fed941f18020640010b941|38d8f02d47ff397c006480|37b0e9feba21f900000a00110378|27b0e9fe9a47230000640010b940|366055f9432d16670064|32b0e9fe7186fc0000000010c4f8|3fb0e9fec1f71e0000640010b558|34fae46b7efb126f8064|2cb0e9fee2d30039002e|2eb0e9fe94bcb500204b00113640|4db0e9fed4acf48020640010b941|30ce0b1764b3a27b8029001140|38b0e9febc4cc33a0000|24b0e9fe95849d0000640010b558|39ead4e1e85ddb7600|30fb483a30b3d52d8064|288857214416e6230000010500|38dbffc24fd976481059|296055f92a58fe6a0064|2ccf5a0916a1ae6f8064|33b0e9feba781500406400110760|36de5038f02c5d6d00|35df125457b04b7b4051001104|32b0e9fedd2aff0000640011b340|2eb0e9fedf1f9100004100110378|31d97bfe7b66fb7600|37b0e9fea8b08000005d00113e10|2ec04e30953c92670064|32ca6b62497615634056211104|36b0e9fef444f63a0000|37c74c63b529a07bc012641200|37fdcd2d77e8ee48805300
[2026-07-17 18:15:13.997] 
[2026-07-17 18:15:13.997] 
[2026-07-17 18:15:13.997] pTopic:switchlink/B0E9FEC6718C/link_to_app
[2026-07-17 18:15:13.997] pData:SCANR;88:2cb0e9feefd2bc00006400110378|3fe3ca634c4f146f805b|3cb0e9fea2693e0000000010c4f8|35b0e9fed941f18020640010b941|38d8f02d47ff397c006480|37b0e9feba21f900000a00110378|27b0e9fe9a47230000640010b940|366055f9432d16670064|32b0e9fe7186fc0000000010c4f8|3fb0e9fec1f71e0000640010b558|34fae46b7efb126f8064|2cb0e9fee2d30039002e|2eb0e9fe94bcb500204b00113640|4db0e9fed4acf48020640010b941|30ce0b1764b3a27b8029001140|38b0e9febc4cc33a0000|24b0e9fe95849d0000640010b558|39ead4e1e85ddb7600|30fb483a30b3d52d8064|288857214416e6230000010500|38dbffc24fd976481059|296055f92a58fe6a0064|2ccf5a0916a1ae6f8064|33b0e9feba781500406400110760|36de5038f02c5d6d00|35df125457b04b7b4051001104|32b0e9fedd2aff0000640011b340|2eb0e9fedf1f9100004100110378|31d97bfe7b66fb7600|37b0e9fea8b08000005d00113e10|2ec04e30953c92670064|32ca6b62497615634056211104|36b0e9fef444f63a0000|37c74c63b529a07bc012641200|37fdcd2d77e8ee48805300
[2026-07-17 18:15:13.997] uart: 644 AT+ACK SCANR;88:2cf09e9e965c6e3c000000|31b0e9fe71b8ee0000640010b940|3eb0e9fe7a06a8390012|40b0e9fe65c9430000640010b940|3fb0e9feeea9950000640010b940|2ee0efe6827c1f6f8064|26b0e9fe926a358020640010b941|35b0e9fe8abac7390019|31b0e9fecd3f4000006400118848|3fb0e9fed1270d0000640010b940|43b0e9fe738d940000640010b940|2dce3cfe3193666f8064|33d1995d47286b2d8064|2db0e9fe976f8010b558|3c84fce6f3d27e670064|2ed63f13dccd9e7bc027001100|3ff97d3e5f67977600|35f9fb66a325795400640199ba|36b0e9fec4473900406400110760|3bca120d51dba07bc02b641100|35b0e9fed109ef000064001053b0|39b0e9feb813b93a0000|31b0e9fe6784210000640011b340|35c04e30ddc3ce670064|2cee17579414927bc002001140
[2026-07-17 18:15:13.997] 
[2026-07-17 18:15:13.997] 
[2026-07-17 18:15:13.997] 
[2026-07-17 18:15:14.196] pTopic:switchlink/B0E9FEC6718C/link_to_app
[2026-07-17 18:15:14.196] pData:SCANR;88:2cf09e9e965c6e3c000000|31b0e9fe71b8ee0000640010b940|3eb0e9fe7a06a8390012|40b0e9fe65c9430000640010b940|3fb0e9feeea9950000640010b940|2ee0efe6827c1f6f8064|26b0e9fe926a358020640010b941|35b0e9fe8abac7390019|31b0e9fecd3f4000006400118848|3fb0e9fed1270d0000640010b940|43b0e9fe738d940000640010b940|2dce3cfe3193666f8064|33d1995d47286b2d8064|2db0e9fe976f8010b558|3c84fce6f3d27e670064|2ed63f13dccd9e7bc027001100|3ff97d3e5f67977600|35f9fb66a325795400640199ba|36b0e9fec4473900406400110760|3bca120d51dba07bc02b641100|35b0e9fed109ef000064001053b0|39b0e9feb813b93a0000|31b0e9fe6784210000640011b340|35c04e30ddc3ce670064|2cee17579414927bc002001140
[2026-07-17 18:15:14.196] 
[2026-07-17 18:15:16.994] free heap: 6300572, minimum free heap: 6033104, Internal 8bit free heap: 72376, 8bit free heap: 6300572The current date/time is: Fri Jul 17 10:15:16 2026
[2026-07-17 18:15:16.994] 
[2026-07-17 18:15:16.994] 
[2026-07-17 18:15:18.362] [0;32mI (21885655) NL_LTPDU: BatchGet 3E0AE0494182: 6 eps, rsp=125 bytes[0m
[2026-07-17 18:15:18.362] 
[2026-07-17 18:15:18.966] [0;32mI (21886269) NL_LTPDU: BatchGet 880A64775B01: 6 eps, rsp=118 bytes[0m
[2026-07-17 18:15:18.966] 
[2026-07-17 18:15:23.221] [0;32mI (21890525) NL_LTPDU: BatchGet 3E0AE0494182: 6 eps, rsp=125 bytes[0m
[2026-07-17 18:15:23.221] 
[2026-07-17 18:15:23.828] [0;32mI (21891119) NL_LTPDU: BatchGet 880A64775B01: 6 eps, rsp=118 bytes[0m
[2026-07-17 18:15:23.828] 
[2026-07-17 18:15:24.994] free heap: 6300448, minimum free heap: 6033104, Internal 8bit free heap: 72252, 8bit free heap: 6300448The current date/time is: Fri Jul 17 10:15:24 2026
[2026-07-17 18:15:24.994] 
[2026-07-17 18:15:24.994] 
[2026-07-17 18:15:25.056] uart: 380 AT+ACK SCANR;88:44b0e9fe9c7b203a0000|37c5994ed41ab77bc057241140|35b0e9feff94e88020640010b941|37b0e9fe726e053a0000|34b0e9fecff9758020640010b941|39cdeee26626926d00|48d569ad69d2df48c05d00|30b0e9fe7bb77d0080230010a5b8|370892728f264a2a0000a20500|3eb0e9fe97625e00804100119fb8|3090e5b141fa7a3f000000|32b0e9fed83cf73a0000|3ab0e9feb73ec18020640010b941|42d7cb9e6a15a7760
[2026-07-17 18:15:25.056] AT+TEMPHUMI +232 62
[2026-07-17 18:15:25.056] 
[2026-07-17 18:15:25.056] 
[2026-07-17 18:15:25.056] data wrong, entry data end 1508 need 1516
[2026-07-17 18:15:25.056] 
[2026-07-17 18:15:25.056] 
[2026-07-17 18:15:28.338] [0;32mI (21895641) NL_LTPDU: BatchGet 3E0AE0494182: 6 eps, rsp=125 bytes[0m
[2026-07-17 18:15:28.338] 
[2026-07-17 18:15:29.000] [0;32mI (21896305) NL_LTPDU: BatchGet 880A64775B01: 6 eps, rsp=118 bytes[0m
[2026-07-17 18:15:29.000] 
[2026-07-17 18:15:32.039] uart: 11 AT+MOTION 0
[2026-07-17 18:15:32.039] 
[2026-07-17 18:15:32.039] 
[2026-07-17 18:15:32.039] btn on press
[2026-07-17 18:15:32.039] uart: 130 AT+BCDS ff04000206a5a00c0 0010B940B0E9FEC6718C48ca43a5b6dc0F0156000a02973e47000000000000ff0d0100000000000000000000000000000000ff01
[2026-07-17 18:15:32.039] 
[2026-07-17 18:15:32.039] 
[2026-07-17 18:15:32.039] 
[2026-07-17 18:15:32.161] pTopic:$aws/rules/bi_wifi_data_report/switchlink/B0E9FEC6718C/link_to_shadow
[2026-07-17 18:15:32.161] pData:BCD ff04000206a5a00c0 0010B940B0E9FEC6718C48ca43a5b6dc0F0156000a02973e47000000000000ff0d0100000000000000000000000000000000ff01
[2026-07-17 18:15:32.161] 
[2026-07-17 18:15:32.995] free heap: 6300544, minimum free heap: 6033104, Internal 8bit free heap: 72348, 8bit free heap: 6300544The current date/time is: Fri Jul 17 10:15:32 2026
[2026-07-17 18:15:32.995] 
[2026-07-17 18:15:32.995] 
[2026-07-17 18:15:33.522] [0;32mI (21900814) NL_LTPDU: BatchGet 3E0AE0494182: 6 eps, rsp=125 bytes[0m
[2026-07-17 18:15:33.522] 
[2026-07-17 18:15:34.130] [0;32mI (21901426) NL_LTPDU: BatchGet 880A64775B01: 6 eps, rsp=118 bytes[0m
[2026-07-17 18:15:34.130] 
[2026-07-17 18:15:38.641] [0;32mI (21905932) NL_LTPDU: BatchGet 3E0AE0494182: 6 eps, rsp=125 bytes[0m
[2026-07-17 18:15:38.641] 
[2026-07-17 18:15:38.874] [0;32mI (21906178) NL_LTPDU: BatchGet 880A64775B01: 6 eps, rsp=118 bytes[0m
[2026-07-17 18:15:38.874] 
[2026-07-17 18:15:41.009] free heap: 6300580, minimum free heap: 6033104, Internal 8bit free heap: 72384, 8bit free heap: 6300580The current date/time is: Fri Jul 17 10:15:40 2026
[2026-07-17 18:15:41.009] 
[2026-07-17 18:15:41.009] 
[2026-07-17 18:15:43.504] [0;32mI (21910798) NL_LTPDU: BatchGet 3E0AE0494182: 6 eps, rsp=125 bytes[0m
[2026-07-17 18:15:43.504] 
[2026-07-17 18:15:44.046] [0;32mI (21911341) NL_LTPDU: BatchGet 880A64775B01: 6 eps, rsp=118 bytes[0m
[2026-07-17 18:15:44.046] 
[2026-07-17 18:15:48.604] [0;32mI (21915899) NL_LTPDU: BatchGet 3E0AE0494182: 6 eps, rsp=125 bytes[0m
[2026-07-17 18:15:48.604] 
[2026-07-17 18:15:49.009] free heap: 6247292, minimum free heap: 6033104, Internal 8bit free heap: 72376, 8bit free heap: 6247292The current date/time is: Fri Jul 17 10:15:48 2026
[2026-07-17 18:15:49.009] 
[2026-07-17 18:15:49.009] 
[2026-07-17 18:15:49.117] [0;32mI (21916417) NL_LTPDU: BatchGet 880A64775B01: 6 eps, rsp=118 bytes[0m
[2026-07-17 18:15:49.117] 
[2026-07-17 18:15:53.996] [0;32mI (21921291) NL_LTPDU: BatchGet 3E0AE0494182: 6 eps, rsp=125 bytes[0m
[2026-07-17 18:15:53.996] 
[2026-07-17 18:15:54.305] [0;32mI (21921599) NL_LTPDU: BatchGet 880A64775B01: 6 eps, rsp=118 bytes[0m
[2026-07-17 18:15:54.305] 
[2026-07-17 18:15:57.017] free heap: 6300580, minimum free heap: 6033104, Internal 8bit free heap: 72384, 8bit free heap: 6300580The current date/time is: Fri Jul 17 10:15:56 2026
[2026-07-17 18:15:57.017] 
[2026-07-17 18:15:57.017] 
[2026-07-17 18:15:58.914] [0;32mI (21926206) NL_LTPDU: BatchGet 3E0AE0494182: 6 eps, rsp=125 bytes[0m
[2026-07-17 18:15:58.914] 
[2026-07-17 18:15:59.148] [0;32mI (21926442) NL_LTPDU: BatchGet 880A64775B01: 6 eps, rsp=118 bytes[0m
[2026-07-17 18:15:59.148] 
[2026-07-17 18:16:03.670] [0;32mI (21930976) NL_LTPDU: BatchGet 3E0AE0494182: 6 eps, rsp=125 bytes[0m
[2026-07-17 18:16:03.670] 
[2026-07-17 18:16:04.241] [0;32mI (21931540) NL_LTPDU: BatchGet 880A64775B01: 6 eps, rsp=118 bytes[0m
[2026-07-17 18:16:04.241] 
[2026-07-17 18:16:05.027] free heap: 6300580, minimum free heap: 6033104, Internal 8bit free heap: 72384, 8bit free heap: 6300580The current date/time is: Fri Jul 17 10:16:04 2026
[2026-07-17 18:16:05.027] 
[2026-07-17 18:16:05.027] 
[2026-07-17 18:16:08.997] [0;32mI (21936289) NL_LTPDU: BatchGet 3E0AE0494182: 6 eps, rsp=125 bytes[0m
[2026-07-17 18:16:08.997] 
[2026-07-17 18:16:09.382] [0;32mI (21936682) NL_LTPDU: BatchGet 880A64775B01: 6 eps, rsp=118 bytes[0m
[2026-07-17 18:16:09.382] 
[2026-07-17 18:16:13.046] free heap: 6300428, minimum free heap: 6033104, Internal 8bit free heap: 72252, 8bit free heap: 6300428The current date/time is: Fri Jul 17 10:16:12 2026
[2026-07-17 18:16:13.046] 
[2026-07-17 18:16:13.046] 
[2026-07-17 18:16:13.914] [0;32mI (21941213) NL_LTPDU: BatchGet 3E0AE0494182: 6 eps, rsp=125 bytes[0m
[2026-07-17 18:16:13.914] 
[2026-07-17 18:16:14.267] [0;32mI (21941566) NL_LTPDU: BatchGet 880A64775B01: 6 eps, rsp=118 bytes[0m
[2026-07-17 18:16:14.267] 
[2026-07-17 18:16:19.196] [0;32mI (21946493) NL_LTPDU: BatchGet 3E0AE0494182: 6 eps, rsp=125 bytes[0m
[2026-07-17 18:16:19.196] 
[2026-07-17 18:16:19.383] [0;32mI (21946677) NL_LTPDU: BatchGet 880A64775B01: 6 eps, rsp=118 bytes[0m
[2026-07-17 18:16:19.383] 
[2026-07-17 18:16:21.042] free heap: 6300580, minimum free heap: 6033104, Internal 8bit free heap: 72384, 8bit free heap: 6300580The current date/time is: Fri Jul 17 10:16:20 2026
[2026-07-17 18:16:21.042] 
[2026-07-17 18:16:21.042] 
[2026-07-17 18:16:23.927] [0;32mI (21951219) NL_LTPDU: BatchGet 3E0AE0494182: 6 eps, rsp=125 bytes[0m
[2026-07-17 18:16:23.927] 
[2026-07-17 18:16:24.499] [0;32mI (21951806) NL_LTPDU: BatchGet 880A64775B01: 6 eps, rsp=118 bytes[0m
[2026-07-17 18:16:24.499] 
[2026-07-17 18:16:29.044] free heap: 6247292, minimum free heap: 6033104, Internal 8bit free heap: 72376, 8bit free heap: 6247292The current date/time is: Fri Jul 17 10:16:28 2026
[2026-07-17 18:16:29.044] 
[2026-07-17 18:16:29.044] 
[2026-07-17 18:16:29.121] [0;32mI (21956414) NL_LTPDU: BatchGet 3E0AE0494182: 6 eps, rsp=125 bytes[0m
[2026-07-17 18:16:29.121] 
[2026-07-17 18:16:29.722] [0;32mI (21957027) NL_LTPDU: BatchGet 880A64775B01: 6 eps, rsp=118 bytes[0m
[2026-07-17 18:16:29.722] 
[2026-07-17 18:16:34.236] [0;32mI (21961534) NL_LTPDU: BatchGet 3E0AE0494182: 6 eps, rsp=125 bytes[0m
[2026-07-17 18:16:34.236] 
[2026-07-17 18:16:34.500] [0;32mI (21961805) NL_LTPDU: BatchGet 880A64775B01: 6 eps, rsp=118 bytes[0m
[2026-07-17 18:16:34.500] 
[2026-07-17 18:16:37.055] free heap: 6300580, minimum free heap: 6033104, Internal 8bit free heap: 72384, 8bit free heap: 6300580The current date/time is: Fri Jul 17 10:16:36 2026
[2026-07-17 18:16:37.055] 
[2026-07-17 18:16:37.055] 
[2026-07-17 18:16:39.029] [0;32mI (21966334) NL_LTPDU: BatchGet 3E0AE0494182: 6 eps, rsp=125 bytes[0m
[2026-07-17 18:16:39.029] 
[2026-07-17 18:16:39.661] [0;32mI (21966961) NL_LTPDU: BatchGet 880A64775B01: 6 eps, rsp=118 bytes[0m
[2026-07-17 18:16:39.661] 
[2026-07-17 18:16:44.155] [0;32mI (21971451) NL_LTPDU: BatchGet 3E0AE0494182: 6 eps, rsp=125 bytes[0m
[2026-07-17 18:16:44.155] 
[2026-07-17 18:16:44.560] [0;32mI (21971860) NL_LTPDU: BatchGet 880A64775B01: 6 eps, rsp=118 bytes[0m
[2026-07-17 18:16:44.560] 
[2026-07-17 18:16:45.053] free heap: 6300580, minimum free heap: 6033104, Internal 8bit free heap: 72384, 8bit free heap: 6300580The current date/time is: Fri Jul 17 10:16:44 2026
[2026-07-17 18:16:45.053] 
[2026-07-17 18:16:45.053] 
[2026-07-17 18:16:49.401] [0;32mI (21976699) NL_LTPDU: BatchGet 3E0AE0494182: 6 eps, rsp=125 bytes[0m
[2026-07-17 18:16:49.401] 
[2026-07-17 18:16:49.696] [0;32mI (21976997) NL_LTPDU: BatchGet 880A64775B01: 6 eps, rsp=118 bytes[0m
[2026-07-17 18:16:49.696] 
[2026-07-17 18:16:53.061] free heap: 6301004, minimum free heap: 6033104, Internal 8bit free heap: 72384, 8bit free heap: 6301004The current date/time is: Fri Jul 17 10:16:52 2026
[2026-07-17 18:16:53.061] 
[2026-07-17 18:16:53.061] 
[2026-07-17 18:16:54.163] [0;32mI (21981456) NL_LTPDU: BatchGet 3E0AE0494182: 6 eps, rsp=125 bytes[0m
[2026-07-17 18:16:54.163] 
[2026-07-17 18:16:54.814] [0;32mI (21982119) NL_LTPDU: BatchGet 880A64775B01: 6 eps, rsp=118 bytes[0m
[2026-07-17 18:16:54.814] 
[2026-07-17 18:16:59.315] [0;32mI (21986621) NL_LTPDU: BatchGet 3E0AE0494182: 6 eps, rsp=125 bytes[0m
[2026-07-17 18:16:59.315] 
[2026-07-17 18:16:59.937] [0;32mI (21987235) NL_LTPDU: BatchGet 880A64775B01: 6 eps, rsp=118 bytes[0m
[2026-07-17 18:16:59.937] 
[2026-07-17 18:17:01.081] free heap: 6301004, minimum free heap: 6033104, Internal 8bit free heap: 72384, 8bit free heap: 6301004The current date/time is: Fri Jul 17 10:17:00 2026
[2026-07-17 18:17:01.081] 
[2026-07-17 18:17:01.081] 
[2026-07-17 18:17:04.437] [0;32mI (21991741) NL_LTPDU: BatchGet 3E0AE0494182: 6 eps, rsp=125 bytes[0m
[2026-07-17 18:17:04.437] 
[2026-07-17 18:17:04.655] [0;32mI (21991956) NL_LTPDU: BatchGet 880A64775B01: 6 eps, rsp=118 bytes[0m
[2026-07-17 18:17:04.655] 
[2026-07-17 18:17:09.091] free heap: 6301196, minimum free heap: 6033104, Internal 8bit free heap: 72384, 8bit free heap: 6301196The current date/time is: Fri Jul 17 10:17:08 2026
[2026-07-17 18:17:09.091] 
[2026-07-17 18:17:09.091] 
[2026-07-17 18:17:09.307] [0;32mI (21996599) NL_LTPDU: BatchGet 3E0AE0494182: 6 eps, rsp=125 bytes[0m
[2026-07-17 18:17:09.307] 
[2026-07-17 18:17:09.864] [0;32mI (21997168) NL_LTPDU: BatchGet 880A64775B01: 6 eps, rsp=118 bytes[0m
[2026-07-17 18:17:09.864] 
[2026-07-17 18:17:14.471] [0;32mI (22001777) NL_LTPDU: BatchGet 3E0AE0494182: 6 eps, rsp=125 bytes[0m
[2026-07-17 18:17:14.471] 
[2026-07-17 18:17:14.996] [0;32mI (22002288) NL_LTPDU: BatchGet 880A64775B01: 6 eps, rsp=118 bytes[0m
[2026-07-17 18:17:14.996] 
[2026-07-17 18:17:17.097] free heap: 6301216, minimum free heap: 6033104, Internal 8bit free heap: 72384, 8bit free heap: 6301216The current date/time is: Fri Jul 17 10:17:16 2026
[2026-07-17 18:17:17.097] 
[2026-07-17 18:17:17.097] 
[2026-07-17 18:17:19.293] uart: 11 AT+MOTION 1
[2026-07-17 18:17:19.293] 
[2026-07-17 18:17:19.293] 
[2026-07-17 18:17:19.293] btn on press
[2026-07-17 18:17:19.293] uart: 130 AT+BCDS ff04000206a5a012b 0010B940B0E9FEC6718C48ca43a5b6dc0F0157200a02973e47000000000000ff0d0000000000000000000000000000000000ff01
[2026-07-17 18:17:19.293] 
[2026-07-17 18:17:19.293] 
[2026-07-17 18:17:19.293] 
[2026-07-17 18:17:19.338] [0;32mI (22006628) NL_LTPDU: BatchGet 3E0AE0494182: 6 eps, rsp=125 bytes[0m
[2026-07-17 18:17:19.338] 
[2026-07-17 18:17:19.385] pTopic:$aws/rules/bi_wifi_data_report/switchlink/B0E9FEC6718C/link_to_shadow
[2026-07-17 18:17:19.385] pData:BCD ff04000206a5a012b 0010B940B0E9FEC6718C48ca43a5b6dc0F0157200a02973e47000000000000ff0d0000000000000000000000000000000000ff01
[2026-07-17 18:17:19.385] 
[2026-07-17 18:17:20.112] [0;32mI (22007409) NL_LTPDU: BatchGet 880A64775B01: 6 eps, rsp=118 bytes[0m
[2026-07-17 18:17:20.112] 
[2026-07-17 18:17:23.041] uart: 9 AT+STATUS
[2026-07-17 18:17:23.041] 
[2026-07-17 18:17:23.041] 
[2026-07-17 18:17:23.041] wifi status is 5 1 2
[2026-07-17 18:17:23.041] 
[2026-07-17 18:17:23.041] wifi ipv4 info:
[2026-07-17 18:17:23.041] 
[2026-07-17 18:17:23.041] 192.168.50.200.
[2026-07-17 18:17:23.041] 
[2026-07-17 18:17:23.041] 255.255.255.0.
[2026-07-17 18:17:23.041] 
[2026-07-17 18:17:23.041] 192.168.50.1.
[2026-07-17 18:17:23.041] 
[2026-07-17 18:17:23.041] 
[2026-07-17 18:17:23.134] uart: 10 AT+GET_UTC
[2026-07-17 18:17:23.134] 
[2026-07-17 18:17:23.134] 
[2026-07-17 18:17:23.134] utc 3, 6a
[2026-07-17 18:17:23.134] 
[2026-07-17 18:17:23.134] utc 2, 5a
[2026-07-17 18:17:23.134] 
[2026-07-17 18:17:23.134] utc 1, 01
[2026-07-17 18:17:23.134] 
[2026-07-17 18:17:23.134] utc 0, 32
[2026-07-17 18:17:23.134] 
[2026-07-17 18:17:23.134] UTC : 6a5a0132
[2026-07-17 18:17:23.134] 
[2026-07-17 18:17:23.134] 
[2026-07-17 18:17:24.523] [0;32mI (22011814) NL_LTPDU: BatchGet 3E0AE0494182: 6 eps, rsp=125 bytes[0m
[2026-07-17 18:17:24.523] 
[2026-07-17 18:17:24.923] [0;32mI (22012226) NL_LTPDU: BatchGet 880A64775B01: 6 eps, rsp=118 bytes[0m
[2026-07-17 18:17:24.923] 
[2026-07-17 18:17:25.094] free heap: 6301172, minimum free heap: 6033104, Internal 8bit free heap: 72340, 8bit free heap: 6301172The current date/time is: Fri Jul 17 10:17:24 2026
[2026-07-17 18:17:25.094] 
[2026-07-17 18:17:25.094] 
[2026-07-17 18:17:29.649] [0;32mI (22016941) NL_LTPDU: BatchGet 3E0AE0494182: 6 eps, rsp=125 bytes[0m
[2026-07-17 18:17:29.649] 
[2026-07-17 18:17:30.051] [0;32mI (22017349) NL_LTPDU: BatchGet 880A64775B01: 6 eps, rsp=118 bytes[0m
[2026-07-17 18:17:30.051] 
[2026-07-17 18:17:33.099] free heap: 6301196, minimum free heap: 6033104, Internal 8bit free heap: 72384, 8bit free heap: 6301196The current date/time is: Fri Jul 17 10:17:32 2026
[2026-07-17 18:17:33.099] 
[2026-07-17 18:17:33.099] 
[2026-07-17 18:17:34.427] [0;32mI (22021722) NL_LTPDU: BatchGet 3E0AE0494182: 6 eps, rsp=125 bytes[0m
[2026-07-17 18:17:34.427] 
[2026-07-17 18:17:35.309] [0;32mI (22022606) NL_LTPDU: BatchGet 880A64775B01: 6 eps, rsp=118 bytes[0m
[2026-07-17 18:17:35.309] 
[2026-07-17 18:17:37.919] [0;32mI (22025225) ROUTE_HOOK: Received RIO[0m
[2026-07-17 18:17:37.919] [0;32mI (22025226) ROUTE_HOOK: prefix FDEA:C98F:38B2:1:: lifetime 1800[0m
[2026-07-17 18:17:37.919] 
[2026-07-17 18:17:39.544] [0;32mI (22026847) NL_LTPDU: BatchGet 3E0AE0494182: 6 eps, rsp=125 bytes[0m
[2026-07-17 18:17:39.544] 
[2026-07-17 18:17:40.058] [0;32mI (22027358) NL_LTPDU: BatchGet 880A64775B01: 6 eps, rsp=118 bytes[0m
[2026-07-17 18:17:40.058] 
[2026-07-17 18:17:40.165] uart: 19 AT+TEMPHUMI +230 62
[2026-07-17 18:17:40.165] 
[2026-07-17 18:17:40.165] 
[2026-07-17 18:17:40.165] temp_ep:65535,temp_data:2300 humi_ep:65535,humi_data:6200
[2026-07-17 18:17:40.165] 
[2026-07-17 18:17:40.165] 
[2026-07-17 18:17:41.120] free heap: 6301076, minimum free heap: 6033104, Internal 8bit free heap: 72244, 8bit free heap: 6301076The current date/time is: Fri Jul 17 10:17:40 2026
[2026-07-17 18:17:41.120] 
[2026-07-17 18:17:41.120] 
[2026-07-17 18:17:44.694] [0;32mI (22031990) NL_LTPDU: BatchGet 3E0AE0494182: 6 eps, rsp=125 bytes[0m
[2026-07-17 18:17:44.694] 
[2026-07-17 18:17:45.203] [0;32mI (22032497) NL_LTPDU: BatchGet 880A64775B01: 6 eps, rsp=118 bytes[0m
[2026-07-17 18:17:45.203] 
[2026-07-17 18:17:49.127] free heap: 6301196, minimum free heap: 6033104, Internal 8bit free heap: 72384, 8bit free heap: 6301196The current date/time is: Fri Jul 17 10:17:48 2026
[2026-07-17 18:17:49.127] 
[2026-07-17 18:17:49.127] 
[2026-07-17 18:17:49.809] [0;32mI (22037104) NL_LTPDU: BatchGet 3E0AE0494182: 6 eps, rsp=125 bytes[0m
[2026-07-17 18:17:49.809] 
[2026-07-17 18:17:50.318] [0;32mI (22037618) NL_LTPDU: BatchGet 880A64775B01: 6 eps, rsp=118 bytes[0m
[2026-07-17 18:17:50.318] 
[2026-07-17 18:17:54.929] [0;32mI (22042228) NL_LTPDU: BatchGet 3E0AE0494182: 6 eps, rsp=125 bytes[0m
[2026-07-17 18:17:54.929] 
[2026-07-17 18:17:55.144] [0;32mI (22042437) NL_LTPDU: BatchGet 880A64775B01: 6 eps, rsp=118 bytes[0m
[2026-07-17 18:17:55.144] 
[2026-07-17 18:17:57.141] free heap: 6301216, minimum free heap: 6033104, Internal 8bit free heap: 72384, 8bit free heap: 6301216The current date/time is: Fri Jul 17 10:17:56 2026
[2026-07-17 18:17:57.141] 
[2026-07-17 18:17:57.141] 
[2026-07-17 18:17:59.770] [0;32mI (22047064) NL_LTPDU: BatchGet 3E0AE0494182: 6 eps, rsp=125 bytes[0m
[2026-07-17 18:17:59.770] 
[2026-07-17 18:18:00.358] [0;32mI (22047658) NL_LTPDU: BatchGet 880A64775B01: 6 eps, rsp=118 bytes[0m
[2026-07-17 18:18:00.358] 
[2026-07-17 18:18:04.957] [0;32mI (22052260) NL_LTPDU: BatchGet 3E0AE0494182: 6 eps, rsp=125 bytes[0m
[2026-07-17 18:18:04.957] 
[2026-07-17 18:18:05.143] free heap: 6301216, minimum free heap: 6033104, Internal 8bit free heap: 72384, 8bit free heap: 6301216The current date/time is: Fri Jul 17 10:18:04 2026
[2026-07-17 18:18:05.143] 
[2026-07-17 18:18:05.143] 
[2026-07-17 18:18:05.469] [0;32mI (22052771) NL_LTPDU: BatchGet 880A64775B01: 6 eps, rsp=118 bytes[0m
[2026-07-17 18:18:05.469] 
[2026-07-17 18:18:09.719] [0;32mI (22057014) NL_LTPDU: BatchGet 3E0AE0494182: 6 eps, rsp=125 bytes[0m
[2026-07-17 18:18:09.719] 
[2026-07-17 18:18:10.587] [0;32mI (22057892) NL_LTPDU: BatchGet 880A64775B01: 6 eps, rsp=118 bytes[0m
[2026-07-17 18:18:10.587] 
[2026-07-17 18:18:13.148] free heap: 6301160, minimum free heap: 6033104, Internal 8bit free heap: 72348, 8bit free heap: 6301160The current date/time is: Fri Jul 17 10:18:12 2026
[2026-07-17 18:18:13.148] 
[2026-07-17 18:18:13.148] 
[2026-07-17 18:18:13.335] Nanoleaf MQTT payload: {"msgType":"control","requestID":"40448318-9a59-4cf4-b531-e23ce8a1afed","deviceId":"880A64775B01","endpoint":"layout/pd","method":"GET","value":""}
[2026-07-17 18:18:13.335] [0;32mI (22060613) NL_LTPDU: SendCmd POST → 880A64775B01 ep=layout/pd[0m
[2026-07-17 18:18:13.335] [0;32mI (22060630) TASK_NL: [2] Cmd rsp(121): {"layoutData":"AQACAAQCAAIAQwMANK5dAAAAagAAAHQAAAegpwAAAGoAAAAAAAAHAAAAAAAAAAAAVAB4DQAAAAAApQAAAFIA8Aw=","version":"2.0"}[0m
[2026-07-17 18:18:13.335] [0;32mI (22060635) NL_MQTT: PublishRespondData: len=320, pushing to MQTT queue[0m
[2026-07-17 18:18:13.335] 
[2026-07-17 18:18:13.534] pTopic:switchlink/B0E9FEC6718C/link_to_nanoleaf_func_resp
[2026-07-17 18:18:13.534] pData:{"msgType":"respond","requestID":"40448318-9a59-4cf4-b531-e23ce8a1afed","deviceId":"880A64775B01","success":true,"errorCode":0,"errorMsg":"","endpoints":[{"endpoint":"layout/pd","value":"{\"layoutData\":\"AQACAAQCAAIAQwMANK5dAAAAagAAAHQAAAegpwAAAGoAAAAAAAAHAAAAAAAAAAAAVAB4DQAAAAAApQAAAFIA8Aw=\",\"version\":\"2.0\"}"}]}
[2026-07-17 18:18:13.534] [0;32mI (22060831) NL_LTPDU: BatchGet 880A64775B01: 6 eps, rsp=118 bytes[0m
[2026-07-17 18:18:13.534] 
[2026-07-17 18:18:14.910] [0;32mI (22062195) NL_LTPDU: BatchGet 3E0AE0494182: 6 eps, rsp=125 bytes[0m
[2026-07-17 18:18:14.910] Nanoleaf MQTT payload: {"msgType":"control","requestID":"27ee8a97-31b7-462a-9583-301dfad2effd","deviceId":"880A64775B01","endpoint":"ci","method":"POST","value":"{\"calibrationColor\":{\"hue\":60,\"sat\":100},\"command\":\"startPrCalibration\"}"}
[2026-07-17 18:18:14.910] 
[2026-07-17 18:18:14.988] [0;32mI (22062295) NL_LTPDU: SendCmd POST → 880A64775B01 ep=ci[0m
[2026-07-17 18:18:14.988] 
[2026-07-17 18:18:16.367] pTopic:switchlink/B0E9FEC6718C/link_to_nanoleaf_func_resp
[2026-07-17 18:18:16.367] pData:{"msgType":"respond","requestID":"27ee8a97-31b7-462a-9583-301dfad2effd","deviceId":"880A64775B01","success":true,"errorCode":0,"errorMsg":""}
[2026-07-17 18:18:16.367] [0;32mI (22063663) NL_LTPDU: BatchGet 880A64775B01: 6 eps, rsp=118 bytes[0m
[2026-07-17 18:18:16.367] 
[2026-07-17 18:18:19.193] Nanoleaf MQTT payload: {"msgType":"control","requestID":"16795402-93e0-4b5e-bf6c-f924d7102cc2","deviceId":"880A64775B01","endpoint":"lb/0/pb","method":"POST","value":86}
[2026-07-17 18:18:19.193] 
[2026-07-17 18:18:19.286] [0;32mI (22066584) NL_LTPDU: SendCmd POST → 880A64775B01 ep=lb/0/pb[0m
[2026-07-17 18:18:19.286] 
[2026-07-17 18:18:19.644] [0;32mI (22066940) NL_LTPDU: BatchGet 880A64775B01: 6 eps, rsp=118 bytes[0m
[2026-07-17 18:18:19.644] [0;32mI (22066941) TASK_NL: [2] Status changed: on=1 br=86 ct=6500 hu=48 sa=2 eff="*Solid*"[0m
[2026-07-17 18:18:19.644] 
[2026-07-17 18:18:19.815] pTopic:switchlink/B0E9FEC6718C/link_to_nanoleaf_func_resp
[2026-07-17 18:18:19.815] pData:{"msgType":"respond","requestID":"16795402-93e0-4b5e-bf6c-f924d7102cc2","deviceId":"880A64775B01","success":true,"errorCode":0,"errorMsg":""}
[2026-07-17 18:18:19.815] pTopic:switchlink/B0E9FEC6718C/link_to_nanoleaf_property
[2026-07-17 18:18:19.815] pData:{"msgType":"status","deviceId":"880A64775B01","timestamp":1784283499,"endpoints":[{"endpoint":"lb/0/oo","value":true},{"endpoint":"lb/0/pb","value":86},{"endpoint":"lb/0/ct","value":6500},{"endpoint":"lb/0/hu","value":48},{"endpoint":"lb/0/sa","value":2},{"endpoint":"effect/select","value":"*Solid*"}]}
[2026-07-17 18:18:19.815] 
[2026-07-17 18:18:20.016] [0;32mI (22067314) NL_LTPDU: BatchGet 3E0AE0494182: 6 eps, rsp=125 bytes[0m
[2026-07-17 18:18:20.016] 
[2026-07-17 18:18:21.146] free heap: 6301216, minimum free heap: 6033104, Internal 8bit free heap: 72384, 8bit free heap: 6301216The current date/time is: Fri Jul 17 10:18:20 2026
[2026-07-17 18:18:21.146] 
[2026-07-17 18:18:21.146] 
[2026-07-17 18:18:23.177] uart: 11 AT+MOTION 0
[2026-07-17 18:18:23.177] 
[2026-07-17 18:18:23.177] 
[2026-07-17 18:18:23.177] btn on press
[2026-07-17 18:18:23.177] uart: 130 AT+BCDS ff04000206a5a016e 0010B940B0E9FEC6718C48ca43a5b6dc0F0158000a00973e47000000000000ff0d0100000000000000000000000000000000ff01
[2026-07-17 18:18:23.177] 
[2026-07-17 18:18:23.177] 
[2026-07-17 18:18:23.177] 
[2026-07-17 18:18:23.254] pTopic:$aws/rules/bi_wifi_data_report/switchlink/B0E9FEC6718C/link_to_shadow
[2026-07-17 18:18:23.254] pData:BCD ff04000206a5a016e 0010B940B0E9FEC6718C48ca43a5b6dc0F0158000a00973e47000000000000ff0d0100000000000000000000000000000000ff01
[2026-07-17 18:18:23.254] 
[2026-07-17 18:18:24.761] [0;32mI (22072055) NL_LTPDU: BatchGet 880A64775B01: 6 eps, rsp=118 bytes[0m
[2026-07-17 18:18:24.761] 
[2026-07-17 18:18:25.131] [0;32mI (22072432) NL_LTPDU: BatchGet 3E0AE0494182: 6 eps, rsp=125 bytes[0m
[2026-07-17 18:18:25.131] 
[2026-07-17 18:18:29.200] free heap: 6301056, minimum free heap: 6033104, Internal 8bit free heap: 72244, 8bit free heap: 6301056The current date/time is: Fri Jul 17 10:18:28 2026
[2026-07-17 18:18:29.200] 
[2026-07-17 18:18:29.200] 
[2026-07-17 18:18:29.939] [0;32mI (22077245) NL_LTPDU: BatchGet 880A64775B01: 6 eps, rsp=118 bytes[0m
[2026-07-17 18:18:29.939] 
[2026-07-17 18:18:30.250] [0;32mI (22077553) NL_LTPDU: BatchGet 3E0AE0494182: 6 eps, rsp=125 bytes[0m
[2026-07-17 18:18:30.250] 
[2026-07-17 18:18:33.376] uart: 79 AT+TEST shadow BCD|010211038|6a5a0178|35b0e9fe527e830101496402983b0016026b00|1a
[2026-07-17 18:18:33.376] 
[2026-07-17 18:18:33.376] 
[2026-07-17 18:18:33.376] 
[2026-07-17 18:18:33.576] pTopic:$aws/rules/bi_ble_data_report_arch2/switchlink/B0E9FEC6718C/link_to_status
[2026-07-17 18:18:33.576] pData:{"protocolVersion":1,"count":1,"messages":[{"id":"00c0a762-d7fe-4c4f-b418-ffeec68f80a9","eventType":"Wo.Device.DataReport","data":{"deviceID":"b0e9fe527e83","createTime":1784283512,"contentVersion":2,"contentType":"hex","content":"35b0e9fe527e830101496402983b0016026b00","seq":26}}]}
[2026-07-17 18:18:33.576] 
[2026-07-17 18:18:35.064] [0;32mI (22082369) NL_LTPDU: BatchGet 880A64775B01: 6 eps, rsp=118 bytes[0m
[2026-07-17 18:18:35.064] 
[2026-07-17 18:18:35.187] app_to_link:ACTM 1f B0E9FE527E83570f68060100308000000c008000000c008000
[2026-07-17 18:18:35.187] 
[2026-07-17 18:18:35.310] [0;32mI (22082609) NL_LTPDU: BatchGet 3E0AE0494182: 6 eps, rsp=125 bytes[0m
[2026-07-17 18:18:35.310] 
[2026-07-17 18:18:36.831] uart: 29 AT+ACK ACTM;1f:b0e9fe527e8301
[2026-07-17 18:18:36.831] 
[2026-07-17 18:18:36.831] 
[2026-07-17 18:18:36.831] 
[2026-07-17 18:18:37.016] pTopic:switchlink/B0E9FEC6718C/link_to_app
[2026-07-17 18:18:37.016] pData:ACTM;1f:b0e9fe527e8301
[2026-07-17 18:18:37.016] 
[2026-07-17 18:18:37.202] free heap: 6299752, minimum free heap: 6033104, Internal 8bit free heap: 72384, 8bit free heap: 6299752The current date/time is: Fri Jul 17 10:18:36 2026
[2026-07-17 18:18:37.202] 
[2026-07-17 18:18:37.202] 
[2026-07-17 18:18:37.357] Nanoleaf MQTT payload: {"msgType":"control","requestID":"2254dfde-df83-40d6-9907-82207ca7ccf7","deviceId":"880A64775B01","endpoint":"ci","method":"POST","value":"{\"command\":\"applyPrCalibration\"}"}
[2026-07-17 18:18:37.357] 
[2026-07-17 18:18:37.434] [0;32mI (22084730) NL_LTPDU: SendCmd POST → 880A64775B01 ep=ci[0m
[2026-07-17 18:18:37.434] 
[2026-07-17 18:18:38.034] pTopic:switchlink/B0E9FEC6718C/link_to_nanoleaf_func_resp
[2026-07-17 18:18:38.034] pData:{"msgType":"respond","requestID":"2254dfde-df83-40d6-9907-82207ca7ccf7","deviceId":"880A64775B01","success":true,"errorCode":0,"errorMsg":""}
[2026-07-17 18:18:38.034] [0;32mI (22085335) NL_LTPDU: BatchGet 880A64775B01: 6 eps, rsp=118 bytes[0m
[2026-07-17 18:18:38.034] 
[2026-07-17 18:18:40.499] [0;32mI (22087794) NL_LTPDU: BatchGet 3E0AE0494182: 6 eps, rsp=125 bytes[0m
[2026-07-17 18:18:40.499] 
[2026-07-17 18:18:42.911] Nanoleaf MQTT payload: {"msgType":"control","requestID":"e0f106c7-83a5-40f5-8548-da35086d83bc","deviceId":"880A64775B01","endpoint":"ci","method":"POST","value":"{\"calibrationColor\":{\"hue\":180,\"sat\":100},\"command\":\"startPrCalibration\"}"}
[2026-07-17 18:18:42.911] [0;32mI (22090216) NL_LTPDU: SendCmd POST → 880A64775B01 ep=ci[0m
[2026-07-17 18:18:42.911] 
[2026-07-17 18:18:44.893] pTopic:switchlink/B0E9FEC6718C/link_to_nanoleaf_func_resp
[2026-07-17 18:18:44.893] pData:{"msgType":"respond","requestID":"e0f106c7-83a5-40f5-8548-da35086d83bc","deviceId":"880A64775B01","success":true,"errorCode":0,"errorMsg":""}
[2026-07-17 18:18:44.893] 
[2026-07-17 18:18:45.141] [0;32mI (22092444) NL_LTPDU: BatchGet 880A64775B01: 6 eps, rsp=118 bytes[0m
[2026-07-17 18:18:45.141] 
[2026-07-17 18:18:45.203] free heap: 6299580, minimum free heap: 6033104, Internal 8bit free heap: 72212, 8bit free heap: 6299580The current date/time is: Fri Jul 17 10:18:44 2026
[2026-07-17 18:18:45.203] 
[2026-07-17 18:18:45.203] 
[2026-07-17 18:18:45.265] [0;32mI (22092562) NL_LTPDU: BatchGet 3E0AE0494182: 6 eps, rsp=125 bytes[0m
[2026-07-17 18:18:45.265] 
[2026-07-17 18:18:48.686] Nanoleaf MQTT payload: {"msgType":"control","requestID":"c525b9c7-268d-4f8b-9092-899d61a857b0","deviceId":"880A64775B01","endpoint":"ci","method":"POST","value":"{\"command\":\"applyPrCalibration\"}"}
[2026-07-17 18:18:48.686] 
[2026-07-17 18:18:48.780] [0;32mI (22096083) NL_LTPDU: SendCmd POST → 880A64775B01 ep=ci[0m
[2026-07-17 18:18:48.780] 
[2026-07-17 18:18:49.152] pTopic:switchlink/B0E9FEC6718C/link_to_nanoleaf_func_resp
[2026-07-17 18:18:49.152] pData:{"msgType":"respond","requestID":"c525b9c7-268d-4f8b-9092-899d61a857b0","deviceId":"880A64775B01","success":true,"errorCode":0,"errorMsg":""}
[2026-07-17 18:18:49.152] [0;32mI (22096450) NL_LTPDU: BatchGet 880A64775B01: 6 eps, rsp=118 bytes[0m
[2026-07-17 18:18:49.152] 
[2026-07-17 18:18:50.471] [0;32mI (22097768) NL_LTPDU: BatchGet 3E0AE0494182: 6 eps, rsp=125 bytes[0m
[2026-07-17 18:18:50.471] 
[2026-07-17 18:18:51.494] Nanoleaf MQTT payload: {"msgType":"control","requestID":"a3c57849-e34a-4005-82d9-efb8c4e94f83","deviceId":"880A64775B01","endpoint":"ci","method":"POST","value":"{\"calibrationColor\":{\"hue\":300,\"sat\":100},\"command\":\"startPrCalibration\"}"}
[2026-07-17 18:18:51.494] 
[2026-07-17 18:18:51.571] [0;32mI (22098868) NL_LTPDU: SendCmd POST → 880A64775B01 ep=ci[0m
[2026-07-17 18:18:51.571] 
[2026-07-17 18:18:53.197] free heap: 6149540, minimum free heap: 6033104, Internal 8bit free heap: 72376, 8bit free heap: 6149540The current date/time is: Fri Jul 17 10:18:52 2026
[2026-07-17 18:18:53.197] 
[2026-07-17 18:18:53.197] 
[2026-07-17 18:18:54.019] pTopic:switchlink/B0E9FEC6718C/link_to_nanoleaf_func_resp
[2026-07-17 18:18:54.019] pData:{"msgType":"respond","requestID":"a3c57849-e34a-4005-82d9-efb8c4e94f83","deviceId":"880A64775B01","success":true,"errorCode":0,"errorMsg":""}
[2026-07-17 18:18:54.019] [0;32mI (22101317) NL_LTPDU: BatchGet 880A64775B01: 6 eps, rsp=118 bytes[0m
[2026-07-17 18:18:54.019] [0;32mI (22101318) TASK_NL: [2] Status changed: on=1 br=88 ct=6500 hu=48 sa=2 eff="*Solid*"[0m
[2026-07-17 18:18:54.019] 
[2026-07-17 18:18:54.222] pTopic:switchlink/B0E9FEC6718C/link_to_nanoleaf_property
[2026-07-17 18:18:54.222] pData:{"msgType":"status","deviceId":"880A64775B01","timestamp":1784283534,"endpoints":[{"endpoint":"lb/0/oo","value":true},{"endpoint":"lb/0/pb","value":88},{"endpoint":"lb/0/ct","value":6500},{"endpoint":"lb/0/hu","value":48},{"endpoint":"lb/0/sa","value":2},{"endpoint":"effect/select","value":"*Solid*"}]}
[2026-07-17 18:18:54.222] 
[2026-07-17 18:18:55.555] [0;32mI (22102848) NL_LTPDU: BatchGet 3E0AE0494182: 6 eps, rsp=125 bytes[0m
[2026-07-17 18:18:55.555] 
[2026-07-17 18:18:57.597] Nanoleaf MQTT payload: {"msgType":"control","requestID":"70663726-6b58-4e51-a573-6006db7607bc","deviceId":"880A64775B01","endpoint":"ci","method":"POST","value":"{\"command\":\"applyPrCalibration\"}"}
[2026-07-17 18:18:57.597] 
[2026-07-17 18:18:57.644] [0;32mI (22104948) NL_LTPDU: SendCmd POST → 880A64775B01 ep=ci[0m
[2026-07-17 18:18:57.644] 
[2026-07-17 18:18:57.860] pTopic:switchlink/B0E9FEC6718C/link_to_nanoleaf_func_resp
[2026-07-17 18:18:57.860] pData:{"msgType":"respond","requestID":"70663726-6b58-4e51-a573-6006db7607bc","deviceId":"880A64775B01","success":true,"errorCode":0,"errorMsg":""}
[2026-07-17 18:18:57.860] 
[2026-07-17 18:18:57.999] [0;32mI (22105302) NL_LTPDU: BatchGet 880A64775B01: 6 eps, rsp=118 bytes[0m
[2026-07-17 18:18:57.999] [0;32mI (22105303) TASK_NL: [2] Status changed: on=1 br=91 ct=6500 hu=48 sa=2 eff="*Solid*"[0m
[2026-07-17 18:18:57.999] 
[2026-07-17 18:18:58.092] pTopic:switchlink/B0E9FEC6718C/link_to_nanoleaf_property
[2026-07-17 18:18:58.092] pData:{"msgType":"status","deviceId":"880A64775B01","timestamp":1784283538,"endpoints":[{"endpoint":"lb/0/oo","value":true},{"endpoint":"lb/0/pb","value":91},{"endpoint":"lb/0/ct","value":6500},{"endpoint":"lb/0/hu","value":48},{"endpoint":"lb/0/sa","value":2},{"endpoint":"effect/select","value":"*Solid*"}]}
[2026-07-17 18:18:58.092] 
[2026-07-17 18:19:00.666] [0;32mI (22107965) NL_LTPDU: BatchGet 3E0AE0494182: 6 eps, rsp=125 bytes[0m
[2026-07-17 18:19:00.666] 
[2026-07-17 18:19:01.207] free heap: 6301216, minimum free heap: 6033104, Internal 8bit free heap: 72384, 8bit free heap: 6301216The current date/time is: Fri Jul 17 10:19:00 2026
[2026-07-17 18:19:01.207] 
[2026-07-17 18:19:01.207] 
[2026-07-17 18:19:03.123] [0;32mI (22110422) NL_LTPDU: BatchGet 880A64775B01: 6 eps, rsp=118 bytes[0m
[2026-07-17 18:19:03.123] 
[2026-07-17 18:19:03.745] Nanoleaf MQTT payload: {"msgType":"control","requestID":"709e75a7-ccd4-4c08-b019-04698e8cc135","deviceId":"880A64775B01","endpoint":"layout/pd","method":"GET","value":""}
[2026-07-17 18:19:03.745] 
[2026-07-17 18:19:03.823] [0;32mI (22111123) NL_LTPDU: SendCmd POST → 880A64775B01 ep=layout/pd[0m
[2026-07-17 18:19:03.823] 
[2026-07-17 18:19:03.884] [0;32mI (22111171) TASK_NL: [2] Cmd rsp(121): {"layoutData":"AQACAAQCAAIAQwMANK5dAAAAagAAAHQAAAegpwAAAGoAAAAAAAAHAAAAAAAAAAAAVAB4DQAAAAAApQAAAFIA8Aw=","version":"2.0"}[0m
[2026-07-17 18:19:03.884] [0;32mI (22111176) NL_MQTT: PublishRespondData: len=320, pushing to MQTT queue[0m
[2026-07-17 18:19:03.884] 
[2026-07-17 18:19:03.961] pTopic:switchlink/B0E9FEC6718C/link_to_nanoleaf_func_resp
[2026-07-17 18:19:03.961] pData:{"msgType":"respond","requestID":"709e75a7-ccd4-4c08-b019-04698e8cc135","deviceId":"880A64775B01","success":true,"errorCode":0,"errorMsg":"","endpoints":[{"endpoint":"layout/pd","value":"{\"layoutData\":\"AQACAAQCAAIAQwMANK5dAAAAagAAAHQAAAegpwAAAGoAAAAAAAAHAAAAAAAAAAAAVAB4DQAAAAAApQAAAFIA8Aw=\",\"version\":\"2.0\"}"}]}
[2026-07-17 18:19:03.961] 
[2026-07-17 18:19:04.145] [0;32mI (22111446) NL_LTPDU: BatchGet 880A64775B01: 6 eps, rsp=118 bytes[0m
[2026-07-17 18:19:04.145] 
[2026-07-17 18:19:05.493] Nanoleaf MQTT payload: {"msgType":"control","requestID":"2416d799-c2ac-42ad-97d2-fa77d89ce911","deviceId":"880A64775B01","endpoint":"ci","method":"POST","value":"{\"calibrationColor\":{\"hue\":60,\"sat\":100},\"command\":\"startPrCalibration\"}"}
[2026-07-17 18:19:05.493] 
[2026-07-17 18:19:05.540] [0;32mI (22112837) NL_LTPDU: BatchGet 3E0AE0494182: 6 eps, rsp=125 bytes[0m
[2026-07-17 18:19:05.540] 
[2026-07-17 18:19:05.633] [0;32mI (22112938) NL_LTPDU: SendCmd POST → 880A64775B01 ep=ci[0m
[2026-07-17 18:19:05.633] 
[2026-07-17 18:19:08.020] pTopic:switchlink/B0E9FEC6718C/link_to_nanoleaf_func_resp
[2026-07-17 18:19:08.020] pData:{"msgType":"respond","requestID":"2416d799-c2ac-42ad-97d2-fa77d89ce911","deviceId":"880A64775B01","success":true,"errorCode":0,"errorMsg":""}
[2026-07-17 18:19:08.020] [0;32mI (22115316) NL_LTPDU: BatchGet 880A64775B01: 6 eps, rsp=118 bytes[0m
[2026-07-17 18:19:08.020] 
[2026-07-17 18:19:09.215] free heap: 6301196, minimum free heap: 6033104, Internal 8bit free heap: 72384, 8bit free heap: 6301196The current date/time is: Fri Jul 17 10:19:08 2026
[2026-07-17 18:19:09.215] 
[2026-07-17 18:19:09.215] 
[2026-07-17 18:19:10.703] [0;32mI (22118003) NL_LTPDU: BatchGet 3E0AE0494182: 6 eps, rsp=125 bytes[0m
[2026-07-17 18:19:10.703] 
[2026-07-17 18:19:13.561] [0;32mI (22120869) NL_LTPDU: BatchGet 880A64775B01: 6 eps, rsp=118 bytes[0m
[2026-07-17 18:19:13.561] 
[2026-07-17 18:19:15.557] [0;32mI (22122852) NL_LTPDU: BatchGet 3E0AE0494182: 6 eps, rsp=125 bytes[0m
[2026-07-17 18:19:15.557] 
[2026-07-17 18:19:17.231] free heap: 6301064, minimum free heap: 6033104, Internal 8bit free heap: 72252, 8bit free heap: 6301064The current date/time is: Fri Jul 17 10:19:16 2026
[2026-07-17 18:19:17.231] 
[2026-07-17 18:19:17.231] 
[2026-07-17 18:19:18.285] [0;32mI (22125587) NL_LTPDU: BatchGet 880A64775B01: 6 eps, rsp=118 bytes[0m
[2026-07-17 18:19:18.285] 
[2026-07-17 18:19:20.739] [0;32mI (22128040) NL_LTPDU: BatchGet 3E0AE0494182: 6 eps, rsp=125 bytes[0m
[2026-07-17 18:19:20.739] 
[2026-07-17 18:19:22.423] uart: 11 AT+MOTION 1
[2026-07-17 18:19:22.423] 
[2026-07-17 18:19:22.423] 
[2026-07-17 18:19:22.423] btn on press
[2026-07-17 18:19:22.423] uart: 130 AT+BCDS ff04000206a5a01a9 0010B940B0E9FEC6718C48ca43a5b6dc0F0159200a00973e47000000000000ff0cff00000000000000000000000000000000ff01
[2026-07-17 18:19:22.423] 
[2026-07-17 18:19:22.423] 
[2026-07-17 18:19:22.423] 
[2026-07-17 18:19:22.564] pTopic:$aws/rules/bi_wifi_data_report/switchlink/B0E9FEC6718C/link_to_shadow
[2026-07-17 18:19:22.564] pData:BCD ff04000206a5a01a9 0010B940B0E9FEC6718C48ca43a5b6dc0F0159200a00973e47000000000000ff0cff00000000000000000000000000000000ff01
[2026-07-17 18:19:22.564] 
[2026-07-17 18:19:23.398] [0;32mI (22130698) NL_LTPDU: BatchGet 880A64775B01: 6 eps, rsp=118 bytes[0m
[2026-07-17 18:19:23.398] 
[2026-07-17 18:19:25.227] free heap: 6301180, minimum free heap: 6033104, Internal 8bit free heap: 72348, 8bit free heap: 6301180The current date/time is: Fri Jul 17 10:19:24 2026
[2026-07-17 18:19:25.227] 
[2026-07-17 18:19:25.227] 
[2026-07-17 18:19:25.863] [0;32mI (22133160) NL_LTPDU: BatchGet 3E0AE0494182: 6 eps, rsp=125 bytes[0m
[2026-07-17 18:19:25.863] 
[2026-07-17 18:19:28.076] [0;32mI (22135378) NL_LTPDU: BatchGet 880A64775B01: 6 eps, rsp=118 bytes[0m
[2026-07-17 18:19:28.076] 
[2026-07-17 18:19:29.434] [0;32mI (22136739) ROUTE_HOOK: Received RIO[0m
[2026-07-17 18:19:29.434] [0;32mI (22136739) ROUTE_HOOK: prefix FDEA:C98F:38B2:1:: lifetime 1800[0m
[2026-07-17 18:19:29.434] 
[2026-07-17 18:19:31.025] [0;32mI (22138319) NL_LTPDU: BatchGet 3E0AE0494182: 6 eps, rsp=125 bytes[0m
[2026-07-17 18:19:31.025] 
[2026-07-17 18:19:33.192] [0;32mI (22140486) NL_LTPDU: BatchGet 880A64775B01: 6 eps, rsp=118 bytes[0m
[2026-07-17 18:19:33.192] 
[2026-07-17 18:19:33.238] free heap: 6301180, minimum free heap: 6033104, Internal 8bit free heap: 72348, 8bit free heap: 6301180The current date/time is: Fri Jul 17 10:19:32 2026
[2026-07-17 18:19:33.238] 
[2026-07-17 18:19:33.238] 
[2026-07-17 18:19:35.730] [0;32mI (22143028) NL_LTPDU: BatchGet 3E0AE0494182: 6 eps, rsp=125 bytes[0m
[2026-07-17 18:19:35.730] 
[2026-07-17 18:19:38.340] [0;32mI (22145647) NL_LTPDU: BatchGet 880A64775B01: 6 eps, rsp=118 bytes[0m
[2026-07-17 18:19:38.340] 
[2026-07-17 18:19:40.914] [0;32mI (22148207) NL_LTPDU: BatchGet 3E0AE0494182: 6 eps, rsp=125 bytes[0m
[2026-07-17 18:19:40.914] 
[2026-07-17 18:19:41.239] free heap: 6301216, minimum free heap: 6033104, Internal 8bit free heap: 72384, 8bit free heap: 6301216The current date/time is: Fri Jul 17 10:19:40 2026
[2026-07-17 18:19:41.239] 
[2026-07-17 18:19:41.239] 
[2026-07-17 18:19:43.208] [0;32mI (22150516) NL_LTPDU: BatchGet 880A64775B01: 6 eps, rsp=118 bytes[0m
[2026-07-17 18:19:43.208] 
[2026-07-17 18:19:46.061] [0;32mI (22153361) NL_LTPDU: BatchGet 3E0AE0494182: 6 eps, rsp=125 bytes[0m
[2026-07-17 18:19:46.061] 
[2026-07-17 18:19:48.353] [0;32mI (22155647) NL_LTPDU: BatchGet 880A64775B01: 6 eps, rsp=118 bytes[0m
[2026-07-17 18:19:48.353] 
[2026-07-17 18:19:49.238] free heap: 6301196, minimum free heap: 6033104, Internal 8bit free heap: 72384, 8bit free heap: 6301196The current date/time is: Fri Jul 17 10:19:48 2026
[2026-07-17 18:19:49.238] 
[2026-07-17 18:19:49.238] 
[2026-07-17 18:19:51.205] [0;32mI (22158510) NL_LTPDU: BatchGet 3E0AE0494182: 6 eps, rsp=125 bytes[0m
[2026-07-17 18:19:51.205] 
[2026-07-17 18:19:53.558] [0;32mI (22160859) NL_LTPDU: BatchGet 880A64775B01: 6 eps, rsp=118 bytes[0m
[2026-07-17 18:19:53.558] 
[2026-07-17 18:19:55.926] [0;32mI (22163222) NL_LTPDU: BatchGet 3E0AE0494182: 6 eps, rsp=125 bytes[0m
[2026-07-17 18:19:55.926] 
[2026-07-17 18:19:57.238] free heap: 6301216, minimum free heap: 6033104, Internal 8bit free heap: 72384, 8bit free heap: 6301216The current date/time is: Fri Jul 17 10:19:56 2026
[2026-07-17 18:19:57.238] 
[2026-07-17 18:19:57.238] 
[2026-07-17 18:19:58.358] [0;32mI (22165665) NL_LTPDU: BatchGet 880A64775B01: 6 eps, rsp=118 bytes[0m
[2026-07-17 18:19:58.358] 
[2026-07-17 18:20:01.031] [0;32mI (22168337) NL_LTPDU: BatchGet 3E0AE0494182: 6 eps, rsp=125 bytes[0m
[2026-07-17 18:20:01.031] 
[2026-07-17 18:20:03.536] [0;32mI (22170838) NL_LTPDU: BatchGet 880A64775B01: 6 eps, rsp=118 bytes[0m
[2026-07-17 18:20:03.536] 
[2026-07-17 18:20:05.267] free heap: 6301216, minimum free heap: 6033104, Internal 8bit free heap: 72384, 8bit free heap: 6301216The current date/time is: Fri Jul 17 10:20:04 2026
[2026-07-17 18:20:05.267] 
[2026-07-17 18:20:05.267] 
[2026-07-17 18:20:06.196] [0;32mI (22173501) NL_LTPDU: BatchGet 3E0AE0494182: 6 eps, rsp=125 bytes[0m
[2026-07-17 18:20:06.196] 
[2026-07-17 18:20:08.658] [0;32mI (22175964) NL_LTPDU: BatchGet 880A64775B01: 6 eps, rsp=118 bytes[0m
[2026-07-17 18:20:08.658] 
[2026-07-17 18:20:11.322] [0;32mI (22178625) NL_LTPDU: BatchGet 3E0AE0494182: 6 eps, rsp=125 bytes[0m
[2026-07-17 18:20:11.322] 
[2026-07-17 18:20:13.262] free heap: 6301160, minimum free heap: 6033104, Internal 8bit free heap: 72348, 8bit free heap: 6301160The current date/time is: Fri Jul 17 10:20:12 2026
[2026-07-17 18:20:13.262] 
[2026-07-17 18:20:13.262] 
[2026-07-17 18:20:13.508] [0;32mI (22180806) NL_LTPDU: BatchGet 880A64775B01: 6 eps, rsp=118 bytes[0m
[2026-07-17 18:20:13.508] 
[2026-07-17 18:20:16.046] [0;32mI (22183343) NL_LTPDU: BatchGet 3E0AE0494182: 6 eps, rsp=125 bytes[0m
[2026-07-17 18:20:16.046] 
[2026-07-17 18:20:18.693] [0;32mI (22185994) NL_LTPDU: BatchGet 880A64775B01: 6 eps, rsp=118 bytes[0m
[2026-07-17 18:20:18.693] 
[2026-07-17 18:20:21.182] [0;32mI (22188484) NL_LTPDU: BatchGet 3E0AE0494182: 6 eps, rsp=125 bytes[0m
[2026-07-17 18:20:21.182] 
[2026-07-17 18:20:21.260] free heap: 6301208, minimum free heap: 6033104, Internal 8bit free heap: 72376, 8bit free heap: 6301208The current date/time is: Fri Jul 17 10:20:20 2026
[2026-07-17 18:20:21.260] 
[2026-07-17 18:20:21.260] 
[2026-07-17 18:20:23.721] [0;32mI (22191017) NL_LTPDU: BatchGet 880A64775B01: 6 eps, rsp=118 bytes[0m
[2026-07-17 18:20:23.721] 
[2026-07-17 18:20:26.366] [0;32mI (22193673) NL_LTPDU: BatchGet 3E0AE0494182: 6 eps, rsp=125 bytes[0m
[2026-07-17 18:20:26.366] 
[2026-07-17 18:20:28.607] [0;32mI (22195905) NL_LTPDU: BatchGet 880A64775B01: 6 eps, rsp=118 bytes[0m
[2026-07-17 18:20:28.607] 
[2026-07-17 18:20:29.273] free heap: 6301196, minimum free heap: 6033104, Internal 8bit free heap: 72384, 8bit free heap: 6301196The current date/time is: Fri Jul 17 10:20:28 2026
[2026-07-17 18:20:29.273] 
[2026-07-17 18:20:29.273] 
[2026-07-17 18:20:31.496] [0;32mI (22198797) NL_LTPDU: BatchGet 3E0AE0494182: 6 eps, rsp=125 bytes[0m
[2026-07-17 18:20:31.496] 
[2026-07-17 18:20:33.958] [0;32mI (22201255) NL_LTPDU: BatchGet 880A64775B01: 6 eps, rsp=118 bytes[0m
[2026-07-17 18:20:33.958] 
[2026-07-17 18:20:35.269] [0;32mI (22202576) TASK_NL: [1] RetryWait done, trigger scan for reconnect[0m
[2026-07-17 18:20:35.269] [0;32mI (22202576) TASK_NL: ExecuteScan: trigger=retry_recover[0m
[2026-07-17 18:20:35.269] 
[2026-07-17 18:20:37.279] free heap: 6297548, minimum free heap: 6033104, Internal 8bit free heap: 72288, 8bit free heap: 6297548The current date/time is: Fri Jul 17 10:20:36 2026
[2026-07-17 18:20:37.279] 
[2026-07-17 18:20:37.279] 
[2026-07-17 18:20:38.362] [0;32mI (22205622) TASK_NL: Scan[0]: name=Lines B5D2 ip=192.168.50.201 id=3E:0A:E0:49:41:82 model=NL59 fw=12.2.3[0m
[2026-07-17 18:20:38.362] [0;32mI (22205623) TASK_NL: Scan[1]: name=Elements 88E6 ip=192.168.50.16 id=46:05:52:25:FA:A6 model=NL52 fw=12.2.3[0m
[2026-07-17 18:20:38.362] [0;32mI (22205632) TASK_NL: Scan[2]: name=4D FEB8 ip=192.168.50.160 id=6A:76:B9:5F:D1:DB model=NL69 fw=12.3.6[0m
[2026-07-17 18:20:38.362] [0;32mI (22205642) TASK_NL: Scan[3]: name=Shapes 2201 ip=192.168.50.119 id=88:0A:64:77:5B:01 model=NL42 fw=12.1.1[0m
[2026-07-17 18:20:38.362] [0;32mI (22205653) TASK_NL: Scan matched [1] 6A76B95FD1DB at 192.168.50.160 (name=4D FEB8)[0m
[2026-07-17 18:20:38.362] [0;32mI (22205662) TASK_NL: ExecuteScan: found 4 devices, publishing[0m
[2026-07-17 18:20:38.362] 
[2026-07-17 18:20:38.547] pTopic:switchlink/B0E9FEC6718C/link_to_nanoleaf_maint
[2026-07-17 18:20:38.547] pData:{"msgType":"nanoleaf_scan","trigger":"retry_recover","timestamp":1784283638,"managed":{"total":3,"devices":[{"deviceId":"3E0AE0494182","clientId":1,"state":"active","online":1},{"deviceId":"6A76B95FD1DB","clientId":1,"state":"auth","online":0},{"deviceId":"880A64775B01","clientId":1,"state":"active","online":1}]},"devices":[{"deviceId":"3E:0A:E0:49:41:82","ip":"192.168.50.201","port":12566,"model":"NL59","firmware":"12.2.3"},{"deviceId":"46:05:52:25:FA:A6","ip":"192.168.50.16","port":12566,"model":"NL52","firmware":"12.2.3"},{"deviceId":"6A:76:B9:5F:D1:DB","ip":"192.168.50.160","port":12566,"model":"NL69","firmware":"12.3.6"},{"deviceId":"88:0A:64:77:5B:01","ip":"192.168.50.119","port":12566,"model":"NL42","firmware":"12.1.1"}]}
[2026-07-17 18:20:38.547] 
[2026-07-17 18:20:40.163] [0;32mI (22207426) NL_LTPDU: BatchGet 3E0AE0494182: 6 eps, rsp=125 bytes[0m
[2026-07-17 18:20:40.163] [0;32mI (22207427) NL_LTPDU: SRP reconnect: device=4D FEB8 clientId=1[0m
[2026-07-17 18:20:40.163] [0;32mI (22207465) NL_LTPDU:   pubA[0:4]=1835A21B[0m
[2026-07-17 18:20:40.163] 
[2026-07-17 18:20:40.301] [0;32mI (22207589) NL_LTPDU: BatchGet 880A64775B01: 6 eps, rsp=118 bytes[0m
[2026-07-17 18:20:40.301] [0;32mI (22207601) NL_LTPDU: TCP connected to 192.168.50.160:12566[0m
[2026-07-17 18:20:40.301] 
[2026-07-17 18:20:40.844] [0;32mI (22208115) NL_LTPDU:   step1 rsp: salt len=4, salt[0:4]=CF7F36B1[0m
[2026-07-17 18:20:40.844] [0;32mI (22208115) NL_LTPDU:   step1 rsp: B[0:4]=A725779F, B len=256[0m
[2026-07-17 18:20:40.844] [0;32mI (22208118) NL_LTPDU:   session_version: len=0 val=FFFF[0m
[2026-07-17 18:20:40.844] [0;32mI (22208124) NL_SRP:   k[0:8]=4CBA3FB2923E01FB[0m
[2026-07-17 18:20:40.844] [0;32mI (22208129) NL_SRP:   szA=256, szB=256[0m
[2026-07-17 18:20:40.844] [0;32mI (22208133) NL_SRP:   u[0:8]=E9FE689C17602635[0m
[2026-07-17 18:20:40.844] [0;32mI (22208138) NL_SRP:   x[0:8]=E101DE851E291AAE[0m
[2026-07-17 18:20:40.844] 
[2026-07-17 18:20:40.951] [0;32mI (22208236) NL_SRP: SrpComputeSecret OK[0m
[2026-07-17 18:20:40.951] [0;32mI (22208237) NL_LTPDU:   SrpComputeSecret OK[0m
[2026-07-17 18:20:40.951] [0;31mE (22208259) NL_LTPDU: SRP step2: missing/invalid M2[0m
[2026-07-17 18:20:40.951] [0;33mW (22208260) TASK_NL: [1] Auth failed (err=5, retry=1/3)[0m
[2026-07-17 18:20:40.951] 
[2026-07-17 18:20:40.998] [0;32mI (22208300) NL_LTPDU: SRP reconnect: device=4D FEB8 clientId=1[0m
[2026-07-17 18:20:40.998] 
[2026-07-17 18:20:41.044] [0;32mI (22208336) NL_LTPDU:   pubA[0:4]=44A20C9D[0m
[2026-07-17 18:20:41.044] [0;32mI (22208351) NL_LTPDU: TCP connected to 192.168.50.160:12566[0m
[2026-07-17 18:20:41.044] 
[2026-07-17 18:20:41.600] [0;32mI (22208874) NL_LTPDU:   step1 rsp: salt len=4, salt[0:4]=3612AE4F[0m
[2026-07-17 18:20:41.600] [0;32mI (22208874) NL_LTPDU:   step1 rsp: B[0:4]=98CEBB6F, B len=256[0m
[2026-07-17 18:20:41.600] [0;32mI (22208876) NL_LTPDU:   session_version: len=0 val=FFFF[0m
[2026-07-17 18:20:41.600] [0;32mI (22208882) NL_SRP:   k[0:8]=4CBA3FB2923E01FB[0m
[2026-07-17 18:20:41.600] [0;32mI (22208887) NL_SRP:   szA=256, szB=256[0m
[2026-07-17 18:20:41.600] [0;32mI (22208892) NL_SRP:   u[0:8]=3060E4EA697A94CF[0m
[2026-07-17 18:20:41.600] [0;32mI (22208897) NL_SRP:   x[0:8]=855EDC35AD9FA348[0m
[2026-07-17 18:20:41.600] 
[2026-07-17 18:20:41.693] [0;32mI (22208995) NL_SRP: SrpComputeSecret OK[0m
[2026-07-17 18:20:41.693] [0;32mI (22208995) NL_LTPDU:   SrpComputeSecret OK[0m
[2026-07-17 18:20:41.693] 
[2026-07-17 18:20:41.786] [0;31mE (22209093) NL_LTPDU: SRP step2: missing/invalid M2[0m
[2026-07-17 18:20:41.786] [0;33mW (22209093) TASK_NL: [1] Auth failed (err=5, retry=2/3)[0m
[2026-07-17 18:20:41.786] 
[2026-07-17 18:20:43.785] [0;32mI (22211081) NL_LTPDU: BatchGet 3E0AE0494182: 6 eps, rsp=125 bytes[0m
[2026-07-17 18:20:43.785] 
[2026-07-17 18:20:45.304] free heap: 6245928, minimum free heap: 6033104, Internal 8bit free heap: 72340, 8bit free heap: 6245928The current date/time is: Fri Jul 17 10:20:44 2026
[2026-07-17 18:20:45.304] 
[2026-07-17 18:20:45.304] 
[2026-07-17 18:20:45.382] [0;32mI (22212677) NL_LTPDU: BatchGet 880A64775B01: 6 eps, rsp=118 bytes[0m
[2026-07-17 18:20:45.382] 
[2026-07-17 18:20:48.904] [0;32mI (22216201) NL_LTPDU: BatchGet 3E0AE0494182: 6 eps, rsp=125 bytes[0m
[2026-07-17 18:20:48.904] 
[2026-07-17 18:20:50.539] [0;32mI (22217839) NL_LTPDU: BatchGet 880A64775B01: 6 eps, rsp=118 bytes[0m
[2026-07-17 18:20:50.539] 
[2026-07-17 18:20:52.999] [0;32mI (22220250) NL_LTPDU: SRP reconnect: device=4D FEB8 clientId=1[0m
[2026-07-17 18:20:52.999] [0;32mI (22220286) NL_LTPDU:   pubA[0:4]=80606579[0m
[2026-07-17 18:20:52.999] [0;32mI (22220303) NL_LTPDU: TCP connected to 192.168.50.160:12566[0m
[2026-07-17 18:20:52.999] 
[2026-07-17 18:20:53.326] free heap: 6299544, minimum free heap: 6033104, Internal 8bit free heap: 72264, 8bit free heap: 6299544The current date/time is: Fri Jul 17 10:20:52 2026
[2026-07-17 18:20:53.326] 
[2026-07-17 18:20:53.326] 
[2026-07-17 18:20:53.434] [0;32mI (22220706) NL_LTPDU:   step1 rsp: salt len=4, salt[0:4]=91A2CD64[0m
[2026-07-17 18:20:53.434] [0;32mI (22220706) NL_LTPDU:   step1 rsp: B[0:4]=603C9726, B len=256[0m
[2026-07-17 18:20:53.434] [0;32mI (22220709) NL_LTPDU:   session_version: len=0 val=FFFF[0m
[2026-07-17 18:20:53.434] [0;32mI (22220715) NL_SRP:   k[0:8]=4CBA3FB2923E01FB[0m
[2026-07-17 18:20:53.434] [0;32mI (22220720) NL_SRP:   szA=256, szB=256[0m
[2026-07-17 18:20:53.434] [0;32mI (22220724) NL_SRP:   u[0:8]=C10D42D6501F6BD2[0m
[2026-07-17 18:20:53.434] [0;32mI (22220729) NL_SRP:   x[0:8]=0C06B169428E4C6B[0m
[2026-07-17 18:20:53.434] 
[2026-07-17 18:20:53.529] [0;32mI (22220827) NL_SRP: SrpComputeSecret OK[0m
[2026-07-17 18:20:53.529] [0;32mI (22220827) NL_LTPDU:   SrpComputeSecret OK[0m
[2026-07-17 18:20:53.529] 
[2026-07-17 18:20:53.604] [0;31mE (22220893) NL_LTPDU: SRP step2: missing/invalid M2[0m
[2026-07-17 18:20:53.604] [0;33mW (22220894) TASK_NL: [1] Auth failed (err=5, retry=3/3)[0m
[2026-07-17 18:20:53.604] [0;32mI (22220911) NL_LTPDU: BatchGet 3E0AE0494182: 6 eps, rsp=125 bytes[0m
[2026-07-17 18:20:53.604] 
[2026-07-17 18:20:53.680] pTopic:switchlink/B0E9FEC6718C/link_to_nanoleaf_property
[2026-07-17 18:20:53.680] pData:{"msgType":"online","deviceId":"6A76B95FD1DB","timestamp":1784283653,"online":false,"reason":"auth_failed"}
[2026-07-17 18:20:53.680] 
[2026-07-17 18:20:55.334] [0;32mI (22222633) NL_LTPDU: BatchGet 880A64775B01: 6 eps, rsp=118 bytes[0m
[2026-07-17 18:20:55.334] 
[2026-07-17 18:20:58.739] [0;32mI (22226033) NL_LTPDU: BatchGet 3E0AE0494182: 6 eps, rsp=125 bytes[0m
[2026-07-17 18:20:58.739] 
[2026-07-17 18:21:00.477] [0;32mI (22227774) NL_LTPDU: BatchGet 880A64775B01: 6 eps, rsp=118 bytes[0m
[2026-07-17 18:21:00.477] 
[2026-07-17 18:21:01.329] free heap: 6300576, minimum free heap: 6033104, Internal 8bit free heap: 72384, 8bit free heap: 6300576The current date/time is: Fri Jul 17 10:21:00 2026
[2026-07-17 18:21:01.329] 
[2026-07-17 18:21:01.329] 
[2026-07-17 18:21:04.037] [0;32mI (22231336) NL_LTPDU: BatchGet 3E0AE0494182: 6 eps, rsp=125 bytes[0m
[2026-07-17 18:21:04.037] 
[2026-07-17 18:21:05.603] [0;32mI (22232905) NL_LTPDU: BatchGet 880A64775B01: 6 eps, rsp=118 bytes[0m
[2026-07-17 18:21:05.603] 
[2026-07-17 18:21:08.717] [0;32mI (22236023) NL_LTPDU: BatchGet 3E0AE0494182: 6 eps, rsp=125 bytes[0m
[2026-07-17 18:21:08.717] 
[2026-07-17 18:21:09.336] free heap: 6300560, minimum free heap: 6033104, Internal 8bit free heap: 72384, 8bit free heap: 6300560The current date/time is: Fri Jul 17 10:21:08 2026
[2026-07-17 18:21:09.336] 
[2026-07-17 18:21:09.336] 
[2026-07-17 18:21:10.452] [0;32mI (22237746) NL_LTPDU: BatchGet 880A64775B01: 6 eps, rsp=118 bytes[0m
[2026-07-17 18:21:10.452] 
[2026-07-17 18:21:13.882] [0;32mI (22241190) NL_LTPDU: BatchGet 3E0AE0494182: 6 eps, rsp=125 bytes[0m
[2026-07-17 18:21:13.882] 
[2026-07-17 18:21:15.565] [0;32mI (22242865) NL_LTPDU: BatchGet 880A64775B01: 6 eps, rsp=118 bytes[0m
[2026-07-17 18:21:15.565] 
[2026-07-17 18:21:17.342] free heap: 6300576, minimum free heap: 6033104, Internal 8bit free heap: 72384, 8bit free heap: 6300576The current date/time is: Fri Jul 17 10:21:16 2026
[2026-07-17 18:21:17.342] 
[2026-07-17 18:21:17.342] 
[2026-07-17 18:21:18.969] [0;32mI (22246265) NL_LTPDU: BatchGet 3E0AE0494182: 6 eps, rsp=125 bytes[0m
[2026-07-17 18:21:18.969] 
[2026-07-17 18:21:20.748] [0;32mI (22248048) NL_LTPDU: BatchGet 880A64775B01: 6 eps, rsp=118 bytes[0m
[2026-07-17 18:21:20.748] 
[2026-07-17 18:21:24.076] [0;32mI (22251382) NL_LTPDU: BatchGet 3E0AE0494182: 6 eps, rsp=125 bytes[0m
[2026-07-17 18:21:24.076] 
[2026-07-17 18:21:25.331] free heap: 6300584, minimum free heap: 6033104, Internal 8bit free heap: 72384, 8bit free heap: 6300584The current date/time is: Fri Jul 17 10:21:24 2026
[2026-07-17 18:21:25.331] 
[2026-07-17 18:21:25.331] 
[2026-07-17 18:21:25.906] [0;32mI (22253212) NL_LTPDU: BatchGet 880A64775B01: 6 eps, rsp=118 bytes[0m
[2026-07-17 18:21:25.906] 
[2026-07-17 18:21:28.923] [0;32mI (22256232) NL_LTPDU: BatchGet 3E0AE0494182: 6 eps, rsp=125 bytes[0m
[2026-07-17 18:21:28.923] 
[2026-07-17 18:21:30.670] [0;32mI (22257966) NL_LTPDU: BatchGet 880A64775B01: 6 eps, rsp=118 bytes[0m
[2026-07-17 18:21:30.670] 
[2026-07-17 18:21:33.340] free heap: 6300392, minimum free heap: 6033104, Internal 8bit free heap: 72216, 8bit free heap: 6300392The current date/time is: Fri Jul 17 10:21:32 2026
[2026-07-17 18:21:33.340] 
[2026-07-17 18:21:33.340] 
[2026-07-17 18:21:34.064] [0;32mI (22261360) NL_LTPDU: BatchGet 3E0AE0494182: 6 eps, rsp=125 bytes[0m
[2026-07-17 18:21:34.064] 
[2026-07-17 18:21:35.840] [0;32mI (22263143) NL_LTPDU: BatchGet 880A64775B01: 6 eps, rsp=118 bytes[0m
[2026-07-17 18:21:35.840] 
[2026-07-17 18:21:39.173] [0;32mI (22266480) NL_LTPDU: BatchGet 3E0AE0494182: 6 eps, rsp=125 bytes[0m
[2026-07-17 18:21:39.173] 
[2026-07-17 18:21:40.702] [0;32mI (22268006) NL_LTPDU: BatchGet 880A64775B01: 6 eps, rsp=118 bytes[0m
[2026-07-17 18:21:40.702] 
[2026-07-17 18:21:41.351] free heap: 6300584, minimum free heap: 6033104, Internal 8bit free heap: 72384, 8bit free heap: 6300584The current date/time is: Fri Jul 17 10:21:40 2026
[2026-07-17 18:21:41.351] 
[2026-07-17 18:21:41.351] 
[2026-07-17 18:21:44.026] [0;32mI (22271332) NL_LTPDU: BatchGet 3E0AE0494182: 6 eps, rsp=125 bytes[0m
[2026-07-17 18:21:44.026] 
[2026-07-17 18:21:45.891] [0;32mI (22273186) NL_LTPDU: BatchGet 880A64775B01: 6 eps, rsp=118 bytes[0m
[2026-07-17 18:21:45.891] 
[2026-07-17 18:21:49.312] [0;32mI (22276618) NL_LTPDU: BatchGet 3E0AE0494182: 6 eps, rsp=125 bytes[0m
[2026-07-17 18:21:49.312] 
[2026-07-17 18:21:49.359] free heap: 6300524, minimum free heap: 6033104, Internal 8bit free heap: 72348, 8bit free heap: 6300524The current date/time is: Fri Jul 17 10:21:48 2026
[2026-07-17 18:21:49.359] 
[2026-07-17 18:21:49.359] 
[2026-07-17 18:21:51.063] [0;32mI (22278358) NL_LTPDU: BatchGet 880A64775B01: 6 eps, rsp=118 bytes[0m
[2026-07-17 18:21:51.063] 
[2026-07-17 18:21:54.336] [0;32mI (22281637) NL_LTPDU: BatchGet 3E0AE0494182: 6 eps, rsp=125 bytes[0m
[2026-07-17 18:21:54.336] 
[2026-07-17 18:21:55.897] [0;32mI (22283200) NL_LTPDU: BatchGet 880A64775B01: 6 eps, rsp=118 bytes[0m
[2026-07-17 18:21:55.897] 
[2026-07-17 18:21:57.351] free heap: 6300584, minimum free heap: 6033104, Internal 8bit free heap: 72384, 8bit free heap: 6300584The current date/time is: Fri Jul 17 10:21:56 2026
[2026-07-17 18:21:57.351] 
[2026-07-17 18:21:57.351] 
[2026-07-17 18:22:00.588] [0;32mI (22287884) NL_LTPDU: BatchGet 3E0AE0494182: 6 eps, rsp=125 bytes[0m
[2026-07-17 18:22:00.588] 
[2026-07-17 18:22:01.022] [0;32mI (22288322) NL_LTPDU: BatchGet 880A64775B01: 6 eps, rsp=118 bytes[0m
[2026-07-17 18:22:01.022] 
[2026-07-17 18:22:04.576] [0;32mI (22291876) NL_LTPDU: BatchGet 3E0AE0494182: 6 eps, rsp=125 bytes[0m
[2026-07-17 18:22:04.576] 
[2026-07-17 18:22:05.351] free heap: 6300580, minimum free heap: 6033104, Internal 8bit free heap: 72384, 8bit free heap: 6300580The current date/time is: Fri Jul 17 10:22:04 2026
[2026-07-17 18:22:05.351] 
[2026-07-17 18:22:05.351] 
[2026-07-17 18:22:06.205] [0;32mI (22293513) NL_LTPDU: BatchGet 880A64775B01: 6 eps, rsp=118 bytes[0m
[2026-07-17 18:22:06.205] 
[2026-07-17 18:22:09.341] [0;32mI (22296640) NL_LTPDU: BatchGet 3E0AE0494182: 6 eps, rsp=125 bytes[0m
[2026-07-17 18:22:09.341] 
[2026-07-17 18:22:11.242] [0;32mI (22298544) NL_LTPDU: BatchGet 880A64775B01: 6 eps, rsp=118 bytes[0m
[2026-07-17 18:22:11.242] 
[2026-07-17 18:22:13.362] free heap: 6300580, minimum free heap: 6033104, Internal 8bit free heap: 72384, 8bit free heap: 6300580The current date/time is: Fri Jul 17 10:22:12 2026
[2026-07-17 18:22:13.362] 
[2026-07-17 18:22:13.362] 
[2026-07-17 18:22:14.510] [0;32mI (22301813) NL_LTPDU: BatchGet 3E0AE0494182: 6 eps, rsp=125 bytes[0m
[2026-07-17 18:22:14.510] 
[2026-07-17 18:22:16.457] [0;32mI (22303753) NL_LTPDU: BatchGet 880A64775B01: 6 eps, rsp=118 bytes[0m
[2026-07-17 18:22:16.457] 
[2026-07-17 18:22:19.632] [0;32mI (22306932) NL_LTPDU: BatchGet 3E0AE0494182: 6 eps, rsp=125 bytes[0m
[2026-07-17 18:22:19.632] 
[2026-07-17 18:22:21.362] free heap: 6247144, minimum free heap: 6033104, Internal 8bit free heap: 72208, 8bit free heap: 6247144The current date/time is: Fri Jul 17 10:22:20 2026
[2026-07-17 18:22:21.362] 
[2026-07-17 18:22:21.362] 
[2026-07-17 18:22:21.578] [0;32mI (22308877) NL_LTPDU: BatchGet 880A64775B01: 6 eps, rsp=118 bytes[0m
[2026-07-17 18:22:21.578] 
[2026-07-17 18:22:24.783] [0;32mI (22312084) NL_LTPDU: BatchGet 3E0AE0494182: 6 eps, rsp=125 bytes[0m
[2026-07-17 18:22:24.783] 
[2026-07-17 18:22:24.860] [0;32mI (22312156) ROUTE_HOOK: Received RIO[0m
[2026-07-17 18:22:24.860] [0;32mI (22312156) ROUTE_HOOK: prefix FDEA:C98F:38B2:1:: lifetime 1800[0m
[2026-07-17 18:22:24.860] 
[2026-07-17 18:22:25.182] uart: 11 AT+MOTION 0
[2026-07-17 18:22:25.182] 
[2026-07-17 18:22:25.182] 
[2026-07-17 18:22:25.182] btn on press
[2026-07-17 18:22:25.182] uart: 130 AT+BCDS ff04000206a5a0260 0010B940B0E9FEC6718C48ca43a5b6dc0F015a000a00973e47000000000000ff0cfe00000000000000000000000000000000ff01
[2026-07-17 18:22:25.182] 
[2026-07-17 18:22:25.182] 
[2026-07-17 18:22:25.182] 
[2026-07-17 18:22:25.352] pTopic:$aws/rules/bi_wifi_data_report/switchlink/B0E9FEC6718C/link_to_shadow
[2026-07-17 18:22:25.352] pData:BCD ff04000206a5a0260 0010B940B0E9FEC6718C48ca43a5b6dc0F015a000a00973e47000000000000ff0cfe00000000000000000000000000000000ff01
[2026-07-17 18:22:25.352] 
[2026-07-17 18:22:26.220] [0;32mI (22313519) NL_LTPDU: BatchGet 880A64775B01: 6 eps, rsp=118 bytes[0m
[2026-07-17 18:22:26.220] 
[2026-07-17 18:22:29.359] free heap: 6300560, minimum free heap: 6033104, Internal 8bit free heap: 72384, 8bit free heap: 6300560The current date/time is: Fri Jul 17 10:22:28 2026
[2026-07-17 18:22:29.359] 
[2026-07-17 18:22:29.359] 
[2026-07-17 18:22:29.562] [0;32mI (22316866) NL_LTPDU: BatchGet 3E0AE0494182: 6 eps, rsp=125 bytes[0m
[2026-07-17 18:22:29.562] 
[2026-07-17 18:22:31.391] [0;32mI (22318690) NL_LTPDU: BatchGet 880A64775B01: 6 eps, rsp=118 bytes[0m
[2026-07-17 18:22:31.391] 
[2026-07-17 18:22:34.788] [0;32mI (22322086) NL_LTPDU: BatchGet 3E0AE0494182: 6 eps, rsp=125 bytes[0m
[2026-07-17 18:22:34.788] 
[2026-07-17 18:22:36.519] [0;32mI (22323823) NL_LTPDU: BatchGet 880A64775B01: 6 eps, rsp=118 bytes[0m
[2026-07-17 18:22:36.519] 
[2026-07-17 18:22:37.357] free heap: 6300580, minimum free heap: 6033104, Internal 8bit free heap: 72384, 8bit free heap: 6300580The current date/time is: Fri Jul 17 10:22:36 2026
[2026-07-17 18:22:37.357] 
[2026-07-17 18:22:37.357] 
[2026-07-17 18:22:39.839] [0;32mI (22327142) NL_LTPDU: BatchGet 3E0AE0494182: 6 eps, rsp=125 bytes[0m
[2026-07-17 18:22:39.839] 
[2026-07-17 18:22:41.432] [0;32mI (22328728) NL_LTPDU: BatchGet 880A64775B01: 6 eps, rsp=118 bytes[0m
[2026-07-17 18:22:41.432] 
[2026-07-17 18:22:44.709] [0;32mI (22332007) NL_LTPDU: BatchGet 3E0AE0494182: 6 eps, rsp=125 bytes[0m
[2026-07-17 18:22:44.709] 
[2026-07-17 18:22:45.361] free heap: 6300960, minimum free heap: 6033104, Internal 8bit free heap: 72340, 8bit free heap: 6300960The current date/time is: Fri Jul 17 10:22:44 2026
[2026-07-17 18:22:45.361] 
[2026-07-17 18:22:45.361] 
[2026-07-17 18:22:46.532] [0;32mI (22333838) NL_LTPDU: BatchGet 880A64775B01: 6 eps, rsp=118 bytes[0m
[2026-07-17 18:22:46.532] 
[2026-07-17 18:22:49.800] uart: 11 AT+MOTION 1
[2026-07-17 18:22:49.800] 
[2026-07-17 18:22:49.800] 
[2026-07-17 18:22:49.800] btn on press
[2026-07-17 18:22:49.800] uart: 130 AT+BCDS ff04000206a5a0278 0010B940B0E9FEC6718C48ca43a5b6dc0F015b200a00973e47000000000000ff0d0200000000000000000000000000000000ff01
[2026-07-17 18:22:49.800] 
[2026-07-17 18:22:49.800] 
[2026-07-17 18:22:49.800] 
[2026-07-17 18:22:49.831] [0;32mI (22337140) NL_LTPDU: BatchGet 3E0AE0494182: 6 eps, rsp=125 bytes[0m
[2026-07-17 18:22:49.831] 
[2026-07-17 18:22:49.999] pTopic:$aws/rules/bi_wifi_data_report/switchlink/B0E9FEC6718C/link_to_shadow
[2026-07-17 18:22:49.999] pData:BCD ff04000206a5a0278 0010B940B0E9FEC6718C48ca43a5b6dc0F015b200a00973e47000000000000ff0d0200000000000000000000000000000000ff01
[2026-07-17 18:22:49.999] 
[2026-07-17 18:22:51.671] [0;32mI (22338980) NL_LTPDU: BatchGet 880A64775B01: 6 eps, rsp=118 bytes[0m
[2026-07-17 18:22:51.671] 
[2026-07-17 18:22:53.370] free heap: 6301004, minimum free heap: 6033104, Internal 8bit free heap: 72384, 8bit free heap: 6301004The current date/time is: Fri Jul 17 10:22:52 2026
[2026-07-17 18:22:53.370] 
[2026-07-17 18:22:53.370] 
[2026-07-17 18:22:54.700] [0;32mI (22342003) NL_LTPDU: BatchGet 3E0AE0494182: 6 eps, rsp=125 bytes[0m
[2026-07-17 18:22:54.700] 
[2026-07-17 18:22:56.541] [0;32mI (22343850) NL_LTPDU: BatchGet 880A64775B01: 6 eps, rsp=118 bytes[0m
[2026-07-17 18:22:56.541] 
[2026-07-17 18:22:59.870] [0;32mI (22347172) NL_LTPDU: BatchGet 3E0AE0494182: 6 eps, rsp=125 bytes[0m
[2026-07-17 18:22:59.870] 
[2026-07-17 18:23:01.364] free heap: 6301216, minimum free heap: 6033104, Internal 8bit free heap: 72384, 8bit free heap: 6301216The current date/time is: Fri Jul 17 10:23:00 2026
[2026-07-17 18:23:01.364] 
[2026-07-17 18:23:01.364] 
[2026-07-17 18:23:01.753] [0;32mI (22349055) NL_LTPDU: BatchGet 880A64775B01: 6 eps, rsp=118 bytes[0m
[2026-07-17 18:23:01.753] 
[2026-07-17 18:23:04.986] [0;32mI (22352293) NL_LTPDU: BatchGet 3E0AE0494182: 6 eps, rsp=125 bytes[0m
[2026-07-17 18:23:04.986] 
[2026-07-17 18:23:06.646] [0;32mI (22353941) NL_LTPDU: BatchGet 880A64775B01: 6 eps, rsp=118 bytes[0m
[2026-07-17 18:23:06.646] 
[2026-07-17 18:23:09.403] free heap: 6301188, minimum free heap: 6033104, Internal 8bit free heap: 72376, 8bit free heap: 6301188The current date/time is: Fri Jul 17 10:23:08 2026
[2026-07-17 18:23:09.403] 
[2026-07-17 18:23:09.403] 
[2026-07-17 18:23:10.115] [0;32mI (22357424) NL_LTPDU: BatchGet 3E0AE0494182: 6 eps, rsp=125 bytes[0m
[2026-07-17 18:23:10.115] 
[2026-07-17 18:23:11.755] [0;32mI (22359058) NL_LTPDU: BatchGet 880A64775B01: 6 eps, rsp=118 bytes[0m
[2026-07-17 18:23:11.755] 
[2026-07-17 18:23:14.874] [0;32mI (22362179) NL_LTPDU: BatchGet 3E0AE0494182: 6 eps, rsp=125 bytes[0m
[2026-07-17 18:23:14.874] 
[2026-07-17 18:23:17.014] [0;32mI (22364323) NL_LTPDU: BatchGet 880A64775B01: 6 eps, rsp=118 bytes[0m
[2026-07-17 18:23:17.014] 
[2026-07-17 18:23:17.415] free heap: 6301196, minimum free heap: 6033104, Internal 8bit free heap: 72384, 8bit free heap: 6301196The current date/time is: Fri Jul 17 10:23:16 2026
[2026-07-17 18:23:17.415] 
[2026-07-17 18:23:17.415] 
[2026-07-17 18:23:20.043] [0;32mI (22367350) NL_LTPDU: BatchGet 3E0AE0494182: 6 eps, rsp=125 bytes[0m
[2026-07-17 18:23:20.043] 
[2026-07-17 18:23:21.772] [0;32mI (22369076) NL_LTPDU: BatchGet 880A64775B01: 6 eps, rsp=118 bytes[0m
[2026-07-17 18:23:21.772] 
[2026-07-17 18:23:22.187] uart: 11 AT+MOTION 0
[2026-07-17 18:23:22.187] 
[2026-07-17 18:23:22.187] 
[2026-07-17 18:23:22.187] btn on press
[2026-07-17 18:23:22.187] uart: 130 AT+BCDS ff04000206a5a0299 0010B940B0E9FEC6718C48ca43a5b6dc0F015c000a00973e47000000000000ff0d0000000000000000000000000000000000ff01
[2026-07-17 18:23:22.187] 
[2026-07-17 18:23:22.187] 
[2026-07-17 18:23:22.187] 
[2026-07-17 18:23:22.327] pTopic:$aws/rules/bi_wifi_data_report/switchlink/B0E9FEC6718C/link_to_shadow
[2026-07-17 18:23:22.327] pData:BCD ff04000206a5a0299 0010B940B0E9FEC6718C48ca43a5b6dc0F015c000a00973e47000000000000ff0d0000000000000000000000000000000000ff01
[2026-07-17 18:23:22.327] 
[2026-07-17 18:23:25.411] [0;32mI (22372681) NL_LTPDU: BatchGet 3E0AE0494182: 6 eps, rsp=125 bytes[0m
[2026-07-17 18:23:25.411] free heap: 6301180, minimum free heap: 6033104, Internal 8bit free heap: 72348, 8bit free heap: 6301180The current date/time is: Fri Jul 17 10:23:24 2026
[2026-07-17 18:23:25.411] 
[2026-07-17 18:23:25.411] 
[2026-07-17 18:23:26.897] [0;32mI (22374195) NL_LTPDU: BatchGet 880A64775B01: 6 eps, rsp=118 bytes[0m
[2026-07-17 18:23:26.897] 
[2026-07-17 18:23:30.030] [0;32mI (22377325) NL_LTPDU: BatchGet 3E0AE0494182: 6 eps, rsp=125 bytes[0m
[2026-07-17 18:23:30.030] 
[2026-07-17 18:23:32.233] [0;32mI (22379538) NL_LTPDU: BatchGet 880A64775B01: 6 eps, rsp=118 bytes[0m
[2026-07-17 18:23:32.233] 
[2026-07-17 18:23:33.409] free heap: 6301196, minimum free heap: 6033104, Internal 8bit free heap: 72384, 8bit free heap: 6301196The current date/time is: Fri Jul 17 10:23:32 2026
[2026-07-17 18:23:33.409] 
[2026-07-17 18:23:33.409] 
[2026-07-17 18:23:35.251] [0;32mI (22382560) NL_LTPDU: BatchGet 3E0AE0494182: 6 eps, rsp=125 bytes[0m
[2026-07-17 18:23:35.251] 
[2026-07-17 18:23:36.351] Nanoleaf MQTT payload: {"msgType":"control","requestID":"e076a700-1f02-4158-b3bc-274b34dc3d7a","deviceId":"880A64775B01","endpoint":"ci","method":"POST","value":"{\"command\":\"discardPrCalibration\"}"}
[2026-07-17 18:23:36.351] [0;32mI (22383660) NL_LTPDU: SendCmd POST → 880A64775B01 ep=ci[0m
[2026-07-17 18:23:36.351] 
[2026-07-17 18:23:37.292] pTopic:switchlink/B0E9FEC6718C/link_to_nanoleaf_func_resp
[2026-07-17 18:23:37.292] pData:{"msgType":"respond","requestID":"e076a700-1f02-4158-b3bc-274b34dc3d7a","deviceId":"880A64775B01","success":true,"errorCode":0,"errorMsg":""}
[2026-07-17 18:23:37.292] [0;32mI (22384602) NL_LTPDU: BatchGet 880A64775B01: 6 eps, rsp=118 bytes[0m
[2026-07-17 18:23:37.292] 
[2026-07-17 18:23:40.322] [0;32mI (22387621) NL_LTPDU: BatchGet 3E0AE0494182: 6 eps, rsp=125 bytes[0m
[2026-07-17 18:23:40.322] 
[2026-07-17 18:23:41.428] free heap: 6301216, minimum free heap: 6033104, Internal 8bit free heap: 72384, 8bit free heap: 6301216The current date/time is: Fri Jul 17 10:23:40 2026
[2026-07-17 18:23:41.428] 
[2026-07-17 18:23:41.428] 
[2026-07-17 18:23:42.466] [0;32mI (22389771) NL_LTPDU: BatchGet 880A64775B01: 6 eps, rsp=118 bytes[0m
[2026-07-17 18:23:42.466] 
[2026-07-17 18:23:45.437] [0;32mI (22392743) NL_LTPDU: BatchGet 3E0AE0494182: 6 eps, rsp=125 bytes[0m
[2026-07-17 18:23:45.437] 
[2026-07-17 18:23:47.000] uart: 11 AT+MOTION 1
[2026-07-17 18:23:47.000] 
[2026-07-17 18:23:47.000] 
[2026-07-17 18:23:47.000] btn on press
[2026-07-17 18:23:47.000] uart: 130 AT+BCDS ff04000206a5a02b1 0010B940B0E9FEC6718C48ca43a5b6dc0F015d200a00973e47000000000000ff0cfc00000000000000000000000000000000ff01
[2026-07-17 18:23:47.000] 
[2026-07-17 18:23:47.000] 
[2026-07-17 18:23:47.000] 
[2026-07-17 18:23:47.170] pTopic:$aws/rules/bi_wifi_data_report/switchlink/B0E9FEC6718C/link_to_shadow
[2026-07-17 18:23:47.170] pData:BCD ff04000206a5a02b1 0010B940B0E9FEC6718C48ca43a5b6dc0F015d200a00973e47000000000000ff0cfc00000000000000000000000000000000ff01
[2026-07-17 18:23:47.170] 
[2026-07-17 18:23:47.263] [0;32mI (22394561) NL_LTPDU: BatchGet 880A64775B01: 6 eps, rsp=118 bytes[0m
[2026-07-17 18:23:47.263] 
[2026-07-17 18:23:49.425] free heap: 6301028, minimum free heap: 6033104, Internal 8bit free heap: 72216, 8bit free heap: 6301028The current date/time is: Fri Jul 17 10:23:48 2026
[2026-07-17 18:23:49.425] 
[2026-07-17 18:23:49.425] 
[2026-07-17 18:23:50.232] [0;32mI (22397532) NL_LTPDU: BatchGet 3E0AE0494182: 6 eps, rsp=125 bytes[0m
[2026-07-17 18:23:50.232] 
[2026-07-17 18:23:52.468] [0;32mI (22399765) NL_LTPDU: BatchGet 880A64775B01: 6 eps, rsp=118 bytes[0m
[2026-07-17 18:23:52.468] 
[2026-07-17 18:23:55.361] [0;32mI (22402657) NL_LTPDU: BatchGet 3E0AE0494182: 6 eps, rsp=125 bytes[0m
[2026-07-17 18:23:55.361] 
[2026-07-17 18:23:57.370] [0;32mI (22404665) NL_LTPDU: BatchGet 880A64775B01: 6 eps, rsp=118 bytes[0m
[2026-07-17 18:23:57.370] 
[2026-07-17 18:23:57.431] free heap: 6301216, minimum free heap: 6033104, Internal 8bit free heap: 72384, 8bit free heap: 6301216The current date/time is: Fri Jul 17 10:23:56 2026
[2026-07-17 18:23:57.431] 
[2026-07-17 18:23:57.431] 
[2026-07-17 18:24:00.537] [0;32mI (22407838) NL_LTPDU: BatchGet 3E0AE0494182: 6 eps, rsp=125 bytes[0m
[2026-07-17 18:24:00.537] 
[2026-07-17 18:24:02.515] [0;32mI (22409816) NL_LTPDU: BatchGet 880A64775B01: 6 eps, rsp=118 bytes[0m
[2026-07-17 18:24:02.515] 
[2026-07-17 18:24:05.444] free heap: 6246400, minimum free heap: 6033104, Internal 8bit free heap: 72384, 8bit free heap: 6246400The current date/time is: Fri Jul 17 10:24:04 2026
[2026-07-17 18:24:05.444] 
[2026-07-17 18:24:05.444] 
[2026-07-17 18:24:05.613] [0;32mI (22412914) NL_LTPDU: BatchGet 3E0AE0494182: 6 eps, rsp=125 bytes[0m
[2026-07-17 18:24:05.613] 
[2026-07-17 18:24:07.788] [0;32mI (22415096) NL_LTPDU: BatchGet 880A64775B01: 6 eps, rsp=118 bytes[0m
[2026-07-17 18:24:07.788] 
[2026-07-17 18:24:10.731] [0;32mI (22418032) NL_LTPDU: BatchGet 3E0AE0494182: 6 eps, rsp=125 bytes[0m
[2026-07-17 18:24:10.731] 
[2026-07-17 18:24:12.569] [0;32mI (22419870) NL_LTPDU: BatchGet 880A64775B01: 6 eps, rsp=118 bytes[0m
[2026-07-17 18:24:12.569] 
[2026-07-17 18:24:13.434] free heap: 6301216, minimum free heap: 6033104, Internal 8bit free heap: 72384, 8bit free heap: 6301216The current date/time is: Fri Jul 17 10:24:12 2026
[2026-07-17 18:24:13.434] 
[2026-07-17 18:24:13.434] 
[2026-07-17 18:24:15.595] [0;32mI (22422903) NL_LTPDU: BatchGet 3E0AE0494182: 6 eps, rsp=125 bytes[0m
[2026-07-17 18:24:15.595] 
[2026-07-17 18:24:17.701] [0;32mI (22425000) NL_LTPDU: BatchGet 880A64775B01: 6 eps, rsp=118 bytes[0m
[2026-07-17 18:24:17.701] 
[2026-07-17 18:24:20.775] [0;32mI (22428071) NL_LTPDU: BatchGet 3E0AE0494182: 6 eps, rsp=125 bytes[0m
[2026-07-17 18:24:20.775] 
[2026-07-17 18:24:21.437] free heap: 6301216, minimum free heap: 6033104, Internal 8bit free heap: 72384, 8bit free heap: 6301216The current date/time is: Fri Jul 17 10:24:20 2026
[2026-07-17 18:24:21.437] 
[2026-07-17 18:24:21.437] 
[2026-07-17 18:24:22.823] [0;32mI (22430123) NL_LTPDU: BatchGet 880A64775B01: 6 eps, rsp=118 bytes[0m
[2026-07-17 18:24:22.823] 
[2026-07-17 18:24:25.887] [0;32mI (22433192) NL_LTPDU: BatchGet 3E0AE0494182: 6 eps, rsp=125 bytes[0m
[2026-07-17 18:24:25.887] 
[2026-07-17 18:24:27.700] [0;32mI (22435009) NL_LTPDU: BatchGet 880A64775B01: 6 eps, rsp=118 bytes[0m
[2026-07-17 18:24:27.700] 
[2026-07-17 18:24:29.472] free heap: 6301216, minimum free heap: 6033104, Internal 8bit free heap: 72384, 8bit free heap: 6301216The current date/time is: Fri Jul 17 10:24:28 2026
[2026-07-17 18:24:29.472] 
[2026-07-17 18:24:29.472] [0;32mI (22436770) ROUTE_HOOK: Received RIO[0m
[2026-07-17 18:24:29.472] [0;32mI (22436770) ROUTE_HOOK: prefix FDEA:C98F:38B2:1:: lifetime 1800[0m
[2026-07-17 18:24:29.472] 
[2026-07-17 18:24:30.753] [0;32mI (22438059) NL_LTPDU: BatchGet 3E0AE0494182: 6 eps, rsp=125 bytes[0m
[2026-07-17 18:24:30.753] 
[2026-07-17 18:24:32.861] [0;32mI (22440160) NL_LTPDU: BatchGet 880A64775B01: 6 eps, rsp=118 bytes[0m
[2026-07-17 18:24:32.861] 
[2026-07-17 18:24:35.868] [0;32mI (22443178) NL_LTPDU: BatchGet 3E0AE0494182: 6 eps, rsp=125 bytes[0m
[2026-07-17 18:24:35.868] 
[2026-07-17 18:24:37.447] free heap: 6301084, minimum free heap: 6033104, Internal 8bit free heap: 72252, 8bit free heap: 6301084The current date/time is: Fri Jul 17 10:24:36 2026
[2026-07-17 18:24:37.447] 
[2026-07-17 18:24:37.447] 
[2026-07-17 18:24:38.007] [0;32mI (22445315) NL_LTPDU: BatchGet 880A64775B01: 6 eps, rsp=118 bytes[0m
[2026-07-17 18:24:38.007] 
[2026-07-17 18:24:41.352] [0;32mI (22448654) NL_LTPDU: BatchGet 3E0AE0494182: 6 eps, rsp=125 bytes[0m
[2026-07-17 18:24:41.352] 
[2026-07-17 18:24:43.084] [0;32mI (22450391) NL_LTPDU: BatchGet 880A64775B01: 6 eps, rsp=118 bytes[0m
[2026-07-17 18:24:43.084] 
[2026-07-17 18:24:45.440] free heap: 6299752, minimum free heap: 6033104, Internal 8bit free heap: 72384, 8bit free heap: 6299752The current date/time is: Fri Jul 17 10:24:44 2026
[2026-07-17 18:24:45.440] 
[2026-07-17 18:24:45.440] 
[2026-07-17 18:24:46.368] [0;32mI (22453666) NL_LTPDU: BatchGet 3E0AE0494182: 6 eps, rsp=125 bytes[0m
[2026-07-17 18:24:46.368] 
[2026-07-17 18:24:48.009] [0;32mI (22455305) NL_LTPDU: BatchGet 880A64775B01: 6 eps, rsp=118 bytes[0m
[2026-07-17 18:24:48.009] 
[2026-07-17 18:24:49.317] uart: 79 AT+TEST shadow BCD|010211038|6a5a02f0|35b0e9fe527e830101496402983a0036033f00|1b
[2026-07-17 18:24:49.317] 
[2026-07-17 18:24:49.317] 
[2026-07-17 18:24:49.317] 
[2026-07-17 18:24:49.379] pTopic:$aws/rules/bi_ble_data_report_arch2/switchlink/B0E9FEC6718C/link_to_status
[2026-07-17 18:24:49.379] pData:{"protocolVersion":1,"count":1,"messages":[{"id":"c9c958ee-e663-4459-bbb8-d48a006c5515","eventType":"Wo.Device.DataReport","data":{"deviceID":"b0e9fe527e83","createTime":1784283888,"contentVersion":2,"contentType":"hex","content":"35b0e9fe527e830101496402983a0036033f00","seq":27}}]}
[2026-07-17 18:24:49.379] 
[2026-07-17 18:24:50.939] [0;32mI (22458236) NL_LTPDU: BatchGet 3E0AE0494182: 6 eps, rsp=125 bytes[0m
[2026-07-17 18:24:50.939] 
[2026-07-17 18:24:53.074] [0;32mI (22460379) NL_LTPDU: BatchGet 880A64775B01: 6 eps, rsp=118 bytes[0m
[2026-07-17 18:24:53.074] 
[2026-07-17 18:24:53.442] free heap: 6301208, minimum free heap: 6033104, Internal 8bit free heap: 72376, 8bit free heap: 6301208The current date/time is: Fri Jul 17 10:24:52 2026
[2026-07-17 18:24:53.442] 
[2026-07-17 18:24:53.442] 
[2026-07-17 18:24:56.132] [0;32mI (22463440) NL_LTPDU: BatchGet 3E0AE0494182: 6 eps, rsp=125 bytes[0m
[2026-07-17 18:24:56.132] 
[2026-07-17 18:24:57.942] [0;32mI (22465250) NL_LTPDU: BatchGet 880A64775B01: 6 eps, rsp=118 bytes[0m
[2026-07-17 18:24:57.942] 
[2026-07-17 18:25:01.272] [0;32mI (22468576) NL_LTPDU: BatchGet 3E0AE0494182: 6 eps, rsp=125 bytes[0m
[2026-07-17 18:25:01.272] 
[2026-07-17 18:25:01.457] free heap: 6301208, minimum free heap: 6033104, Internal 8bit free heap: 72376, 8bit free heap: 6301208The current date/time is: Fri Jul 17 10:25:00 2026
[2026-07-17 18:25:01.457] 
[2026-07-17 18:25:01.457] 
[2026-07-17 18:25:03.063] [0;32mI (22470363) NL_LTPDU: BatchGet 880A64775B01: 6 eps, rsp=118 bytes[0m
[2026-07-17 18:25:03.063] 
[2026-07-17 18:25:06.096] [0;32mI (22473392) NL_LTPDU: BatchGet 3E0AE0494182: 6 eps, rsp=125 bytes[0m
[2026-07-17 18:25:06.096] 
[2026-07-17 18:25:08.323] [0;32mI (22475626) NL_LTPDU: BatchGet 880A64775B01: 6 eps, rsp=118 bytes[0m
[2026-07-17 18:25:08.323] 
[2026-07-17 18:25:09.454] free heap: 6301196, minimum free heap: 6033104, Internal 8bit free heap: 72384, 8bit free heap: 6301196The current date/time is: Fri Jul 17 10:25:08 2026
[2026-07-17 18:25:09.454] 
[2026-07-17 18:25:09.454] 
[2026-07-17 18:25:09.547] Nanoleaf MQTT payload: {"msgType":"control","requestID":"a2331d72-c4b6-4dc2-bfa4-aa81ee412bf7","deviceId":"880A64775B01","endpoint":"lb/0/hu","method":"POST","value":240}
[2026-07-17 18:25:09.547] [0;32mI (22476848) NL_LTPDU: SendCmd POST → 880A64775B01 ep=lb/0/hu[0m
[2026-07-17 18:25:09.547] 
[2026-07-17 18:25:10.011] pTopic:switchlink/B0E9FEC6718C/link_to_nanoleaf_func_resp
[2026-07-17 18:25:10.011] pData:{"msgType":"respond","requestID":"a2331d72-c4b6-4dc2-bfa4-aa81ee412bf7","deviceId":"880A64775B01","success":true,"errorCode":0,"errorMsg":""}
[2026-07-17 18:25:10.011] [0;32mI (22477297) NL_LTPDU: BatchGet 880A64775B01: 6 eps, rsp=118 bytes[0m
[2026-07-17 18:25:10.011] [0;32mI (22477298) TASK_NL: [2] Status changed: on=1 br=91 ct=6500 hu=240 sa=2 eff="*Solid*"[0m
[2026-07-17 18:25:10.011] 
[2026-07-17 18:25:10.213] pTopic:switchlink/B0E9FEC6718C/link_to_nanoleaf_property
[2026-07-17 18:25:10.213] pData:{"msgType":"status","deviceId":"880A64775B01","timestamp":1784283910,"endpoints":[{"endpoint":"lb/0/oo","value":true},{"endpoint":"lb/0/pb","value":91},{"endpoint":"lb/0/ct","value":6500},{"endpoint":"lb/0/hu","value":240},{"endpoint":"lb/0/sa","value":2},{"endpoint":"effect/select","value":"*Solid*"}]}
[2026-07-17 18:25:10.213] 
[2026-07-17 18:25:11.250] [0;32mI (22478552) NL_LTPDU: BatchGet 3E0AE0494182: 6 eps, rsp=125 bytes[0m
[2026-07-17 18:25:11.250] 
[2026-07-17 18:25:12.076] Nanoleaf MQTT payload: {"msgType":"control","requestID":"1a82de68-ceab-4455-adc5-24e0b85eb05d","deviceId":"880A64775B01","endpoint":"lb/0/sa","method":"POST","value":100}
[2026-07-17 18:25:12.076] 
[2026-07-17 18:25:12.154] [0;32mI (22479452) NL_LTPDU: SendCmd POST → 880A64775B01 ep=lb/0/sa[0m
[2026-07-17 18:25:12.154] 
[2026-07-17 18:25:12.435] pTopic:switchlink/B0E9FEC6718C/link_to_nanoleaf_func_resp
[2026-07-17 18:25:12.435] pData:{"msgType":"respond","requestID":"1a82de68-ceab-4455-adc5-24e0b85eb05d","deviceId":"880A64775B01","success":true,"errorCode":0,"errorMsg":""}
[2026-07-17 18:25:12.435] 
[2026-07-17 18:25:12.684] [0;32mI (22479987) NL_LTPDU: BatchGet 880A64775B01: 6 eps, rsp=118 bytes[0m
[2026-07-17 18:25:12.684] [0;32mI (22479988) TASK_NL: [2] Status changed: on=1 br=91 ct=6500 hu=240 sa=100 eff="*Solid*"[0m
[2026-07-17 18:25:12.684] 
[2026-07-17 18:25:12.868] pTopic:switchlink/B0E9FEC6718C/link_to_nanoleaf_property
[2026-07-17 18:25:12.868] pData:{"msgType":"status","deviceId":"880A64775B01","timestamp":1784283912,"endpoints":[{"endpoint":"lb/0/oo","value":true},{"endpoint":"lb/0/pb","value":91},{"endpoint":"lb/0/ct","value":6500},{"endpoint":"lb/0/hu","value":240},{"endpoint":"lb/0/sa","value":100},{"endpoint":"effect/select","value":"*Solid*"}]}
[2026-07-17 18:25:12.868] 
[2026-07-17 18:25:16.127] [0;32mI (22483424) NL_LTPDU: BatchGet 3E0AE0494182: 6 eps, rsp=125 bytes[0m
[2026-07-17 18:25:16.127] 
[2026-07-17 18:25:17.460] [0;32mI (22484741) NL_LTPDU: BatchGet 880A64775B01: 6 eps, rsp=118 bytes[0m
[2026-07-17 18:25:17.460] free heap: 6301160, minimum free heap: 6033104, Internal 8bit free heap: 72348, 8bit free heap: 6301160The current date/time is: Fri Jul 17 10:25:16 2026
[2026-07-17 18:25:17.460] 
[2026-07-17 18:25:17.460] 
[2026-07-17 18:25:21.231] [0;32mI (22488535) NL_LTPDU: BatchGet 3E0AE0494182: 6 eps, rsp=125 bytes[0m
[2026-07-17 18:25:21.231] 
[2026-07-17 18:25:22.715] [0;32mI (22490018) NL_LTPDU: BatchGet 880A64775B01: 6 eps, rsp=118 bytes[0m
[2026-07-17 18:25:22.715] 
[2026-07-17 18:25:24.996] Nanoleaf MQTT payload: {"msgType":"control","requestID":"9ff41c2d-941a-41f2-8519-cc55331b0d5f","deviceId":"880A64775B01","endpoint":"ci","method":"POST","value":"{\"command\":\"getTouchKillSwitch\"}"}
[2026-07-17 18:25:24.996] Nanoleaf MQTT payload: {"msgType":"control","requestID":"3e460b02-e98e-4244-bde2-4181eb6a89b6","deviceId":"880A64775B01","endpoint":"ci","method":"POST","value":"{\"command\":\"requestTouchConfig\"}"}
[2026-07-17 18:25:24.996] [0;32mI (22492239) NL_LTPDU: SendCmd POST → 880A64775B01 ep=ci[0m
[2026-07-17 18:25:24.996] [0;32mI (22492253) TASK_NL: [2] Cmd rsp(27): {"touchKillSwitchOn":false}[0m
[2026-07-17 18:25:24.996] [0;32mI (22492253) NL_MQTT: PublishRespondData: len=213, pushing to MQTT queue[0m
[2026-07-17 18:25:24.996] [0;32mI (22492256) NL_LTPDU: SendCmd POST → 880A64775B01 ep=ci[0m
[2026-07-17 18:25:24.996] pTopic:switchlink/B0E9FEC6718C/link_to_nanoleaf_func_resp
[2026-07-17 18:25:24.996] pData:{"msgType":"respond","requestID":"9ff41c2d-941a-41f2-8519-cc55331b0d5f","deviceId":"880A64775B01","success":true,"errorCode":0,"errorMsg":"","endpoints":[{"endpoint":"ci","value":"{\"touchKillSwitchOn\":false}"}]}
[2026-07-17 18:25:24.996] 
[2026-07-17 18:25:25.228] [0;32mI (22492480) TASK_NL: [2] Cmd rsp(598): {"touchConfig":{"supportedFeatures":{"systemGestures":["dt","su","sd","sl","sr"],"systemActions":["pwr","bu","bd","ncs","nrs","nrdms","pcs","prs"]},"defaultSystemConfig":{"gestureActions":[{"gesture":"dt","action":null},{"gesture":"su","action":null},{"gesture":"sd","action":null},{"gesture":"sl","action":null},{"gesture":"sr","action":null}]},"userSystemConfig":{"enabled":true,"gestureActions":[{"gesture":"dt","action":null},{"gesture":"su","action":"pwr"},{"gesture":"sd","action":"bu"},{"gesture":"sl","action":"bd"},{"gesture":"sr","action":"ncs"}],"subscribers":[]},"userPanelConfigs":[]}}[0m
[2026-07-17 18:25:25.228] [0;32mI (22492526) NL_MQTT: PublishRespondData: len=898, pushing to MQTT queue[0m
[2026-07-17 18:25:25.228] 
[2026-07-17 18:25:25.475] [0;32mI (22492681) NL_LTPDU: BatchGet 880A64775B01: 6 eps, rsp=118 bytes[0m
[2026-07-17 18:25:25.475] pTopic:switchlink/B0E9FEC6718C/link_to_nanoleaf_func_resp
[2026-07-17 18:25:25.475] pData:{"msgType":"respond","requestID":"3e460b02-e98e-4244-bde2-4181eb6a89b6","deviceId":"880A64775B01","success":true,"errorCode":0,"errorMsg":"","endpoints":[{"endpoint":"ci","value":"{\"touchConfig\":{\"supportedFeatures\":{\"systemGestures\":[\"dt\",\"su\",\"sd\",\"sl\",\"sr\"],\"systemActions\":[\"pwr\",\"bu\",\"bd\",\"ncs\",\"nrs\",\"nrdms\",\"pcs\",\"prs\"]},\"defaultSystemConfig\":{\"gestureActions\":[{\"gesture\":\"dt\",\"action\":null},{\"gesture\":\"su\",\"action\":null},{\"gesture\":\"sd\",\"action\":null},{\"gesture\":\"sl\",\"action\":null},{\"gesture\":\"sr\",\"action\":null}]},\"userSystemConfig\":{\"enabled\":true,\"gestureActions\":[{\"gesture\":\"dt\",\"action\":null},{\"gesture\":\"su\",\"action\":\"pwr\"},{\"gesture\":\"sd\",\"action\":\"bu\"},{\"gesture\":\"sl\",\"action\":\"bd\"},{\"gesture\":\"sr\",\"action\":\"ncs\"}],\"subscribers\":[]},\"userPanelConfigs\":[]}}"}]}
[2026-07-17 18:25:25.475] 
[2026-07-17 18:25:25.536] free heap: 6299704, minimum free heap: 6033104, Internal 8bit free heap: 72336, 8bit free heap: 6299704The current date/time is: Fri Jul 17 10:25:24 2026
[2026-07-17 18:25:25.536] 
[2026-07-17 18:25:25.536] 
[2026-07-17 18:25:26.403] [0;32mI (22493706) NL_LTPDU: BatchGet 3E0AE0494182: 6 eps, rsp=125 bytes[0m
[2026-07-17 18:25:26.403] 
[2026-07-17 18:25:30.503] [0;32mI (22497804) NL_LTPDU: BatchGet 880A64775B01: 6 eps, rsp=118 bytes[0m
[2026-07-17 18:25:30.503] 
[2026-07-17 18:25:31.527] [0;32mI (22498824) NL_LTPDU: BatchGet 3E0AE0494182: 6 eps, rsp=125 bytes[0m
[2026-07-17 18:25:31.527] 
[2026-07-17 18:25:33.539] free heap: 6301216, minimum free heap: 6033104, Internal 8bit free heap: 72384, 8bit free heap: 6301216The current date/time is: Fri Jul 17 10:25:32 2026
[2026-07-17 18:25:33.539] 
[2026-07-17 18:25:33.539] 
[2026-07-17 18:25:35.350] [0;32mI (22502651) NL_LTPDU: BatchGet 880A64775B01: 6 eps, rsp=118 bytes[0m
[2026-07-17 18:25:35.350] 
[2026-07-17 18:25:36.646] [0;32mI (22503953) NL_LTPDU: BatchGet 3E0AE0494182: 6 eps, rsp=125 bytes[0m
[2026-07-17 18:25:36.646] 
[2026-07-17 18:25:40.704] [0;32mI (22508004) NL_LTPDU: BatchGet 880A64775B01: 6 eps, rsp=118 bytes[0m
[2026-07-17 18:25:40.704] 
[2026-07-17 18:25:41.417] [0;32mI (22508714) NL_LTPDU: BatchGet 3E0AE0494182: 6 eps, rsp=125 bytes[0m
[2026-07-17 18:25:41.417] 
[2026-07-17 18:25:41.542] free heap: 6301172, minimum free heap: 6033104, Internal 8bit free heap: 72340, 8bit free heap: 6301172The current date/time is: Fri Jul 17 10:25:40 2026
[2026-07-17 18:25:41.542] 
[2026-07-17 18:25:41.542] 
[2026-07-17 18:25:45.437] [0;32mI (22512741) NL_LTPDU: BatchGet 880A64775B01: 6 eps, rsp=118 bytes[0m
[2026-07-17 18:25:45.437] 
[2026-07-17 18:25:46.535] [0;32mI (22513840) NL_LTPDU: BatchGet 3E0AE0494182: 6 eps, rsp=125 bytes[0m
[2026-07-17 18:25:46.535] 
[2026-07-17 18:25:48.377] Nanoleaf MQTT payload: {"msgType":"control","requestID":"3230c752-1455-42b7-9ff5-3bd6bbe8686d","deviceId":"880A64775B01","endpoint":"ci","method":"POST","value":"{\"command\":\"requestTouchConfig\"}"}
[2026-07-17 18:25:48.377] 
[2026-07-17 18:25:48.439] [0;32mI (22515741) NL_LTPDU: SendCmd POST → 880A64775B01 ep=ci[0m
[2026-07-17 18:25:48.439] 
[2026-07-17 18:25:48.579] [0;32mI (22515824) TASK_NL: [2] Cmd rsp(598): {"touchConfig":{"supportedFeatures":{"systemGestures":["dt","su","sd","sl","sr"],"systemActions":["pwr","bu","bd","ncs","nrs","nrdms","pcs","prs"]},"defaultSystemConfig":{"gestureActions":[{"gesture":"dt","action":null},{"gesture":"su","action":null},{"gesture":"sd","action":null},{"gesture":"sl","action":null},{"gesture":"sr","action":null}]},"userSystemConfig":{"enabled":true,"gestureActions":[{"gesture":"dt","action":null},{"gesture":"su","action":"pwr"},{"gesture":"sd","action":"bu"},{"gesture":"sl","action":"bd"},{"gesture":"sr","action":"ncs"}],"subscribers":[]},"userPanelConfigs":[]}}[0m
[2026-07-17 18:25:48.579] [0;32mI (22515870) NL_MQTT: PublishRespondData: len=898, pushing to MQTT queue[0m
[2026-07-17 18:25:48.579] 
[2026-07-17 18:25:48.795] pTopic:switchlink/B0E9FEC6718C/link_to_nanoleaf_func_resp
[2026-07-17 18:25:48.795] pData:{"msgType":"respond","requestID":"3230c752-1455-42b7-9ff5-3bd6bbe8686d","deviceId":"880A64775B01","success":true,"errorCode":0,"errorMsg":"","endpoints":[{"endpoint":"ci","value":"{\"touchConfig\":{\"supportedFeatures\":{\"systemGestures\":[\"dt\",\"su\",\"sd\",\"sl\",\"sr\"],\"systemActions\":[\"pwr\",\"bu\",\"bd\",\"ncs\",\"nrs\",\"nrdms\",\"pcs\",\"prs\"]},\"defaultSystemConfig\":{\"gestureActions\":[{\"gesture\":\"dt\",\"action\":null},{\"gesture\":\"su\",\"action\":null},{\"gesture\":\"sd\",\"action\":null},{\"gesture\":\"sl\",\"action\":null},{\"gesture\":\"sr\",\"action\":null}]},\"userSystemConfig\":{\"enabled\":true,\"gestureActions\":[{\"gesture\":\"dt\",\"action\":null},{\"gesture\":\"su\",\"action\":\"pwr\"},{\"gesture\":\"sd\",\"action\":\"bu\"},{\"gesture\":\"sl\",\"action\":\"bd\"},{\"gesture\":\"sr\",\"action\":\"ncs\"}],\"subscribers\":[]},\"userPanelConfigs\":[]}}"}]}
[2026-07-17 18:25:48.795] [0;32mI (22516031) NL_LTPDU: BatchGet 880A64775B01: 6 eps, rsp=118 bytes[0m
[2026-07-17 18:25:48.795] Nanoleaf MQTT payload: {"msgType":"control","requestID":"ad14e5d3-1169-44ca-89a5-23d12f123ef6","deviceId":"880A64775B01","endpoint":"ci","method":"POST","value":"{\"command\":\"getTouchKillSwitch\"}"}
[2026-07-17 18:25:48.795] 
[2026-07-17 18:25:48.872] [0;32mI (22516180) NL_LTPDU: SendCmd POST → 880A64775B01 ep=ci[0m
[2026-07-17 18:25:48.872] 
[2026-07-17 18:25:48.920] [0;32mI (22516219) TASK_NL: [2] Cmd rsp(27): {"touchKillSwitchOn":false}[0m
[2026-07-17 18:25:48.920] [0;32mI (22516219) NL_MQTT: PublishRespondData: len=213, pushing to MQTT queue[0m
[2026-07-17 18:25:48.920] 
[2026-07-17 18:25:48.981] pTopic:switchlink/B0E9FEC6718C/link_to_nanoleaf_func_resp
[2026-07-17 18:25:48.981] pData:{"msgType":"respond","requestID":"ad14e5d3-1169-44ca-89a5-23d12f123ef6","deviceId":"880A64775B01","success":true,"errorCode":0,"errorMsg":"","endpoints":[{"endpoint":"ci","value":"{\"touchKillSwitchOn\":false}"}]}
[2026-07-17 18:25:48.981] 
[2026-07-17 18:25:49.136] [0;32mI (22516445) NL_LTPDU: BatchGet 880A64775B01: 6 eps, rsp=118 bytes[0m
[2026-07-17 18:25:49.136] 
[2026-07-17 18:25:49.585] free heap: 6301196, minimum free heap: 6033104, Internal 8bit free heap: 72384, 8bit free heap: 6301196The current date/time is: Fri Jul 17 10:25:48 2026
[2026-07-17 18:25:49.585] 
[2026-07-17 18:25:49.585] 
[2026-07-17 18:25:51.691] [0;32mI (22518997) NL_LTPDU: BatchGet 3E0AE0494182: 6 eps, rsp=125 bytes[0m
[2026-07-17 18:25:51.691] 
[2026-07-17 18:25:54.013] [0;32mI (22521313) NL_LTPDU: BatchGet 880A64775B01: 6 eps, rsp=118 bytes[0m
[2026-07-17 18:25:54.013] 
[2026-07-17 18:25:56.262] Nanoleaf MQTT payload: {"msgType":"control","requestID":"2aabc3ae-5633-47bf-8cfc-64ac8f690009","deviceId":"880A64775B01","endpoint":"layout/go","method":"GET","value":""}
[2026-07-17 18:25:56.262] [0;32mI (22523535) NL_LTPDU: SendCmd POST → 880A64775B01 ep=layout/go[0m
[2026-07-17 18:25:56.262] [0;32mI (22523561) TASK_NL: [2] Cmd rsp(2): [0m
[2026-07-17 18:25:56.262] [0;32mI (22523561) NL_MQTT: PublishRespondData: len=192, pushing to MQTT queue[0m
[2026-07-17 18:25:56.262] 
[2026-07-17 18:25:56.495] pTopic:switchlink/B0E9FEC6718C/link_to_nanoleaf_func_resp
[2026-07-17 18:25:56.495] pData:{"msgType":"respond","requestID":"2aabc3ae-5633-47bf-8cfc-64ac8f690009","deviceId":"880A64775B01","success":true,"errorCode":0,"errorMsg":"","endpoints":[{"endpoint":"layout/go","value":"0"}]}
[2026-07-17 18:25:56.495] [0;32mI (22523800) NL_LTPDU: BatchGet 880A64775B01: 6 eps, rsp=118 bytes[0m
[2026-07-17 18:25:56.495] 
[2026-07-17 18:25:56.818] [0;32mI (22524118) NL_LTPDU: BatchGet 3E0AE0494182: 6 eps, rsp=125 bytes[0m
[2026-07-17 18:25:56.818] 
[2026-07-17 18:25:57.328] Nanoleaf MQTT payload: {"msgType":"control","requestID":"751e3606-5a73-48fb-bb2d-7ef314ec7c10","deviceId":"880A64775B01","endpoint":"layout/pd","method":"GET","value":""}
[2026-07-17 18:25:57.328] 
[2026-07-17 18:25:57.421] [0;32mI (22524719) NL_LTPDU: SendCmd POST → 880A64775B01 ep=layout/pd[0m
[2026-07-17 18:25:57.421] 
[2026-07-17 18:25:57.498] [0;32mI (22524789) TASK_NL: [2] Cmd rsp(121): {"layoutData":"AQACAAQCAAIAQwMANK5dAAAAagAAAHQAAAegpwAAAGoAAAAAAAAHAAAAAAAAAAAAVAB4DQAAAAAApQAAAFIA8Aw=","version":"2.0"}[0m
[2026-07-17 18:25:57.498] [0;32mI (22524794) NL_MQTT: PublishRespondData: len=320, pushing to MQTT queue[0m
[2026-07-17 18:25:57.498] 
[2026-07-17 18:25:57.575] free heap: 6247948, minimum free heap: 6033104, Internal 8bit free heap: 72376, 8bit free heap: 6247948The current date/time is: Fri Jul 17 10:25:56 2026
[2026-07-17 18:25:57.575] 
[2026-07-17 18:25:57.575] 
[2026-07-17 18:25:57.714] pTopic:switchlink/B0E9FEC6718C/link_to_nanoleaf_func_resp
[2026-07-17 18:25:57.714] pData:{"msgType":"respond","requestID":"751e3606-5a73-48fb-bb2d-7ef314ec7c10","deviceId":"880A64775B01","success":true,"errorCode":0,"errorMsg":"","endpoints":[{"endpoint":"layout/pd","value":"{\"layoutData\":\"AQACAAQCAAIAQwMANK5dAAAAagAAAHQAAAegpwAAAGoAAAAAAAAHAAAAAAAAAAAAVAB4DQAAAAAApQAAAFIA8Aw=\",\"version\":\"2.0\"}"}]}
[2026-07-17 18:25:57.714] [0;32mI (22525018) NL_LTPDU: BatchGet 880A64775B01: 6 eps, rsp=118 bytes[0m
[2026-07-17 18:25:57.714] 
[2026-07-17 18:26:01.712] [0;32mI (22529015) NL_LTPDU: BatchGet 3E0AE0494182: 6 eps, rsp=125 bytes[0m
[2026-07-17 18:26:01.712] 
[2026-07-17 18:26:02.177] uart: 11 AT+MOTION 0
[2026-07-17 18:26:02.177] 
[2026-07-17 18:26:02.177] 
[2026-07-17 18:26:02.177] btn on press
[2026-07-17 18:26:02.177] uart: 130 AT+BCDS ff04000206a5a0339 0010B940B0E9FEC6718C48ca43a5b6dc0F015e000a00973e47000000000000ff0cfe00000000000000000000000000000000ff01
[2026-07-17 18:26:02.177] 
[2026-07-17 18:26:02.177] 
[2026-07-17 18:26:02.177] 
[2026-07-17 18:26:02.362] pTopic:$aws/rules/bi_wifi_data_report/switchlink/B0E9FEC6718C/link_to_shadow
[2026-07-17 18:26:02.362] pData:BCD ff04000206a5a0339 0010B940B0E9FEC6718C48ca43a5b6dc0F015e000a00973e47000000000000ff0cfe00000000000000000000000000000000ff01
[2026-07-17 18:26:02.362] 
[2026-07-17 18:26:02.549] [0;32mI (22529845) NL_LTPDU: BatchGet 880A64775B01: 6 eps, rsp=118 bytes[0m
[2026-07-17 18:26:02.549] 
[2026-07-17 18:26:04.292] Nanoleaf MQTT payload: {"msgType":"control","requestID":"29ca07ce-df31-40fd-8cee-06c6cd2031ba","deviceId":"880A64775B01","endpoint":"layout/pd","method":"GET","value":""}
[2026-07-17 18:26:04.292] 
[2026-07-17 18:26:04.431] [0;32mI (22531707) NL_LTPDU: SendCmd POST → 880A64775B01 ep=layout/pd[0m
[2026-07-17 18:26:04.431] [0;32mI (22531727) TASK_NL: [2] Cmd rsp(121): {"layoutData":"AQACAAQCAAIAQwMANK5dAAAAagAAAHQAAAegpwAAAGoAAAAAAAAHAAAAAAAAAAAAVAB4DQAAAAAApQAAAFIA8Aw=","version":"2.0"}[0m
[2026-07-17 18:26:04.431] [0;32mI (22531731) NL_MQTT: PublishRespondData: len=320, pushing to MQTT queue[0m
[2026-07-17 18:26:04.431] 
[2026-07-17 18:26:04.618] pTopic:switchlink/B0E9FEC6718C/link_to_nanoleaf_func_resp
[2026-07-17 18:26:04.618] pData:{"msgType":"respond","requestID":"29ca07ce-df31-40fd-8cee-06c6cd2031ba","deviceId":"880A64775B01","success":true,"errorCode":0,"errorMsg":"","endpoints":[{"endpoint":"layout/pd","value":"{\"layoutData\":\"AQACAAQCAAIAQwMANK5dAAAAagAAAHQAAAegpwAAAGoAAAAAAAAHAAAAAAAAAAAAVAB4DQAAAAAApQAAAFIA8Aw=\",\"version\":\"2.0\"}"}]}
[2026-07-17 18:26:04.618] [0;32mI (22531933) NL_LTPDU: BatchGet 880A64775B01: 6 eps, rsp=118 bytes[0m
[2026-07-17 18:26:04.618] 
[2026-07-17 18:26:05.594] free heap: 6301084, minimum free heap: 6033104, Internal 8bit free heap: 72252, 8bit free heap: 6301084The current date/time is: Fri Jul 17 10:26:04 2026
[2026-07-17 18:26:05.594] 
[2026-07-17 18:26:05.594] 
[2026-07-17 18:26:06.040] Nanoleaf MQTT payload: {"msgType":"control","requestID":"6d9f97db-bf6a-4493-b5bc-a98c973b8f0d","deviceId":"880A64775B01","endpoint":"ci","method":"POST","value":"{\"calibrationColor\":{\"hue\":60,\"sat\":100},\"command\":\"startPrCalibration\"}"}
[2026-07-17 18:26:06.040] 
[2026-07-17 18:26:06.133] [0;32mI (22533433) NL_LTPDU: SendCmd POST → 880A64775B01 ep=ci[0m
[2026-07-17 18:26:06.133] 
[2026-07-17 18:26:07.430] [0;32mI (22534709) NL_LTPDU: BatchGet 3E0AE0494182: 6 eps, rsp=125 bytes[0m
[2026-07-17 18:26:07.430] pTopic:switchlink/B0E9FEC6718C/link_to_nanoleaf_func_resp
[2026-07-17 18:26:07.430] pData:{"msgType":"respond","requestID":"6d9f97db-bf6a-4493-b5bc-a98c973b8f0d","deviceId":"880A64775B01","success":true,"errorCode":0,"errorMsg":""}
[2026-07-17 18:26:07.430] 
[2026-07-17 18:26:07.553] [0;32mI (22534857) NL_LTPDU: BatchGet 880A64775B01: 6 eps, rsp=118 bytes[0m
[2026-07-17 18:26:07.553] 
[2026-07-17 18:26:12.583] [0;32mI (22539888) NL_LTPDU: BatchGet 3E0AE0494182: 6 eps, rsp=125 bytes[0m
[2026-07-17 18:26:12.583] 
[2026-07-17 18:26:12.677] [0;32mI (22539975) NL_LTPDU: BatchGet 880A64775B01: 6 eps, rsp=118 bytes[0m
[2026-07-17 18:26:12.677] 
[2026-07-17 18:26:12.832] Nanoleaf MQTT payload: {"msgType":"control","requestID":"349a1397-77d6-4b57-93c3-111d575c242f","deviceId":"880A64775B01","endpoint":"ci","method":"POST","value":"{\"command\":\"clearPrCalibration\"}"}
[2026-07-17 18:26:12.832] 
[2026-07-17 18:26:12.877] [0;32mI (22540176) NL_LTPDU: SendCmd POST → 880A64775B01 ep=ci[0m
[2026-07-17 18:26:12.877] 
[2026-07-17 18:26:13.092] pTopic:switchlink/B0E9FEC6718C/link_to_nanoleaf_func_resp
[2026-07-17 18:26:13.092] pData:{"msgType":"respond","requestID":"349a1397-77d6-4b57-93c3-111d575c242f","deviceId":"880A64775B01","success":true,"errorCode":0,"errorMsg":""}
[2026-07-17 18:26:13.092] 
[2026-07-17 18:26:13.309] [0;32mI (22540605) NL_LTPDU: BatchGet 880A64775B01: 6 eps, rsp=118 bytes[0m
[2026-07-17 18:26:13.309] 
[2026-07-17 18:26:13.601] free heap: 6301168, minimum free heap: 6033104, Internal 8bit free heap: 72336, 8bit free heap: 6301168The current date/time is: Fri Jul 17 10:26:12 2026
[2026-07-17 18:26:13.601] 
[2026-07-17 18:26:13.601] 
[2026-07-17 18:26:17.709] [0;32mI (22545006) NL_LTPDU: BatchGet 3E0AE0494182: 6 eps, rsp=125 bytes[0m
[2026-07-17 18:26:17.709] 
[2026-07-17 18:26:18.419] [0;32mI (22545725) NL_LTPDU: BatchGet 880A64775B01: 6 eps, rsp=118 bytes[0m
[2026-07-17 18:26:18.419] 
[2026-07-17 18:26:19.452] Nanoleaf MQTT payload: {"msgType":"control","requestID":"c03ff00b-4758-4eec-8fdd-af51c75407fd","deviceId":"880A64775B01","endpoint":"ci","method":"POST","value":"{\"command\":\"discardPrCalibration\"}"}
[2026-07-17 18:26:19.452] 
[2026-07-17 18:26:19.544] [0;32mI (22546846) NL_LTPDU: SendCmd POST → 880A64775B01 ep=ci[0m
[2026-07-17 18:26:19.544] 
[2026-07-17 18:26:20.776] pTopic:switchlink/B0E9FEC6718C/link_to_nanoleaf_func_resp
[2026-07-17 18:26:20.776] pData:{"msgType":"respond","requestID":"c03ff00b-4758-4eec-8fdd-af51c75407fd","deviceId":"880A64775B01","success":true,"errorCode":0,"errorMsg":""}
[2026-07-17 18:26:20.776] [0;32mI (22548082) NL_LTPDU: BatchGet 880A64775B01: 6 eps, rsp=118 bytes[0m
[2026-07-17 18:26:20.776] 
[2026-07-17 18:26:21.610] free heap: 6301216, minimum free heap: 6033104, Internal 8bit free heap: 72384, 8bit free heap: 6301216The current date/time is: Fri Jul 17 10:26:20 2026
[2026-07-17 18:26:21.610] 
[2026-07-17 18:26:21.610] 
[2026-07-17 18:26:21.779] [0;32mI (22549085) TASK_NL: [1] RetryWait done, trigger scan for reconnect[0m
[2026-07-17 18:26:21.779] [0;32mI (22549085) TASK_NL: ExecuteScan: trigger=retry_recover[0m
[2026-07-17 18:26:21.779] 
[2026-07-17 18:26:21.856] Nanoleaf MQTT payload: {"msgType":"control","requestID":"22b62498-d56e-416c-acb3-0c6e32ecdfc0","deviceId":"880A64775B01","endpoint":"ci","method":"POST","value":"{\"command\":\"requestTouchConfig\"}"}
[2026-07-17 18:26:21.856] 
[2026-07-17 18:26:22.350] Nanoleaf MQTT payload: {"msgType":"control","requestID":"371af578-17dc-4aae-becb-1d94734b491b","deviceId":"880A64775B01","endpoint":"ci","method":"POST","value":"{\"command\":\"getTouchKillSwitch\"}"}
[2026-07-17 18:26:22.350] 
[2026-07-17 18:26:24.868] [0;32mI (22552122) TASK_NL: Scan[0]: name=4D FEB8 ip=192.168.50.160 id=6A:76:B9:5F:D1:DB model=NL69 fw=12.3.6[0m
[2026-07-17 18:26:24.868] [0;32mI (22552123) TASK_NL: Scan[1]: name=Lines B5D2 ip=192.168.50.201 id=3E:0A:E0:49:41:82 model=NL59 fw=12.2.3[0m
[2026-07-17 18:26:24.868] [0;32mI (22552132) TASK_NL: Scan[2]: name=Shapes 2201 ip=192.168.50.119 id=88:0A:64:77:5B:01 model=NL42 fw=12.1.1[0m
[2026-07-17 18:26:24.868] [0;32mI (22552142) TASK_NL: Scan[3]: name=Elements 88E6 ip=192.168.50.16 id=46:05:52:25:FA:A6 model=NL52 fw=12.2.3[0m
[2026-07-17 18:26:24.868] [0;32mI (22552153) TASK_NL: Scan matched [1] 6A76B95FD1DB at 192.168.50.160 (name=4D FEB8)[0m
[2026-07-17 18:26:24.868] [0;32mI (22552162) TASK_NL: ExecuteScan: found 4 devices, publishing[0m
[2026-07-17 18:26:24.868] 
[2026-07-17 18:26:25.194] [0;32mI (22552279) NL_LTPDU: SendCmd POST → 880A64775B01 ep=ci[0m
[2026-07-17 18:26:25.194] [0;32mI (22552288) TASK_NL: [2] Cmd rsp(598): {"touchConfig":{"supportedFeatures":{"systemGestures":["dt","su","sd","sl","sr"],"systemActions":["pwr","bu","bd","ncs","nrs","nrdms","pcs","prs"]},"defaultSystemConfig":{"gestureActions":[{"gesture":"dt","action":null},{"gesture":"su","action":null},{"gesture":"sd","action":null},{"gesture":"sl","action":null},{"gesture":"sr","action":null}]},"userSystemConfig":{"enabled":true,"gestureActions":[{"gesture":"dt","action":null},{"gesture":"su","action":"pwr"},{"gesture":"sd","action":"bu"},{"gesture":"sl","action":"bd"},{"gesture":"sr","action":"ncs"}],"subscribers":[]},"userPanelConfigs":[]}}[0m
[2026-07-17 18:26:25.194] pTopic:switchlink/B0E9FEC6718C/link_to_nanoleaf_maint
[2026-07-17 18:26:25.194] [0;32mI (22552334) NL_MQTT: PublishRespondData: len=898, pushing to MQTT queue[0m
[2026-07-17 18:26:25.194] pData:{"msgType":"nanoleaf_scan","trigger":"retry_recover","timestamp":1784283984,"managed":{"total":3,"devices":[{"deviceId":"3E0AE0494182","clientId":1,"state":"active","online":1},{"deviceId":"6A76B95FD1DB","clientId":1,"state":"auth","online":0},{"deviceId":"880A64775B01","clientId":1,"state":"active","online":1}]},"devices":[{"deviceId":"6A:76:B9:5F:D1:DB","ip":"192.168.50.160","port":12566,"model":"NL69","firmware":"12.3.6"},{"deviceId":"3E:0A:E0:49:41:82","ip":"192.168.50.201","port":12566,"model":"NL59","firmware":"12.2.3"},{"deviceId":"88:0A:64:77:5B:01","ip":"192.168.50.119","port":12566,"model":"NL42","firmware":"12.1.1"},{"deviceId":"46:05:52:25:FA:A6","ip":"192.168.50.16","port":12566,"model":"NL52","firmware":"12.2.3"}]}
[2026-07-17 18:26:25.194] [0;32mI (22552346) NL_LTPDU: SendCmd POST → 880A64775B01 ep=ci[0m
[2026-07-17 18:26:25.194] pTopic:switchlink/B0E9FEC6718C/link_to_nanoleaf_func_resp
[2026-07-17 18:26:25.194] pData:{"msgType":"respond","requestID":"22b62498-d56e-416c-acb3-0c6e32ecdfc0","deviceId":"880A64775B01","success":true,"errorCode":0,"errorMsg":"","endpoints":[{"endpoint":"ci","value":"{\"touchConfig\":{\"supportedFeatures\":{\"systemGestures\":[\"dt\",\"su\",\"sd\",\"sl\",\"sr\"],\"systemActions\":[\"pwr\",\"bu\",\"bd\",\"ncs\",\"nrs\",\"nrdms\",\"pcs\",\"prs\"]},\"defaultSystemConfig\":{\"gestureActions\":[{\"gesture\":\"dt\",\"action\":null},{\"gesture\":\"su\",\"action\":null},{\"gesture\":\"sd\",\"action\":null},{\"gesture\":\"sl\",\"action\":null},{\"gesture\":\"sr\",\"action\":null}]},\"userSystemConfig\":{\"enabled\":true,\"gestureActions\":[{\"gesture\":\"dt\",\"action\":null},{\"gesture\":\"su\",\"action\":\"pwr\"},{\"gesture\":\"sd\",\"action\":\"bu\"},{\"gesture\":\"sl\",\"action\":\"bd\"},{\"gesture\":\"sr\",\"action\":\"ncs\"}],\"subscribers\":[]},\"userPanelConfigs\":[]}}"}]}
[2026-07-17 18:26:25.194] 
[2026-07-17 18:26:25.287] [0;32mI (22552586) TASK_NL: [2] Cmd rsp(27): {"touchKillSwitchOn":false}[0m
[2026-07-17 18:26:25.287] [0;32mI (22552586) NL_MQTT: PublishRespondData: len=213, pushing to MQTT queue[0m
[2026-07-17 18:26:25.287] [0;32mI (22552600) NL_LTPDU: BatchGet 3E0AE0494182: 6 eps, rsp=125 bytes[0m
[2026-07-17 18:26:25.287] 
[2026-07-17 18:26:25.426] [0;32mI (22552693) NL_LTPDU: BatchGet 880A64775B01: 6 eps, rsp=118 bytes[0m
[2026-07-17 18:26:25.426] [0;32mI (22552693) NL_LTPDU: SRP reconnect: device=4D FEB8 clientId=1[0m
[2026-07-17 18:26:25.426] pTopic:switchlink/B0E9FEC6718C/link_to_nanoleaf_func_resp
[2026-07-17 18:26:25.426] pData:{"msgType":"respond","requestID":"371af578-17dc-4aae-becb-1d94734b491b","deviceId":"880A64775B01","success":true,"errorCode":0,"errorMsg":"","endpoints":[{"endpoint":"ci","value":"{\"touchKillSwitchOn\":false}"}]}
[2026-07-17 18:26:25.426] [0;32mI (22552732) NL_LTPDU:   pubA[0:4]=5E046163[0m
[2026-07-17 18:26:25.426] 
[2026-07-17 18:26:25.503] [0;32mI (22552801) NL_LTPDU: TCP connected to 192.168.50.160:12566[0m
[2026-07-17 18:26:25.503] 
[2026-07-17 18:26:25.935] [0;32mI (22553204) NL_LTPDU:   step1 rsp: salt len=4, salt[0:4]=71D746EF[0m
[2026-07-17 18:26:25.935] [0;32mI (22553204) NL_LTPDU:   step1 rsp: B[0:4]=931E4D65, B len=256[0m
[2026-07-17 18:26:25.935] [0;32mI (22553206) NL_LTPDU:   session_version: len=0 val=FFFF[0m
[2026-07-17 18:26:25.935] [0;32mI (22553212) NL_SRP:   k[0:8]=4CBA3FB2923E01FB[0m
[2026-07-17 18:26:25.935] [0;32mI (22553217) NL_SRP:   szA=256, szB=256[0m
[2026-07-17 18:26:25.935] [0;32mI (22553222) NL_SRP:   u[0:8]=B9302ED6887F0F6C[0m
[2026-07-17 18:26:25.935] [0;32mI (22553227) NL_SRP:   x[0:8]=54890AA310030C71[0m
[2026-07-17 18:26:25.935] 
[2026-07-17 18:26:26.028] [0;32mI (22553324) NL_SRP: SrpComputeSecret OK[0m
[2026-07-17 18:26:26.028] [0;32mI (22553324) NL_LTPDU:   SrpComputeSecret OK[0m
[2026-07-17 18:26:26.028] 
[2026-07-17 18:26:26.152] [0;31mE (22553396) NL_LTPDU: SRP step2: missing/invalid M2[0m
[2026-07-17 18:26:26.152] [0;33mW (22553397) TASK_NL: [1] Auth failed (err=5, retry=1/3)[0m
[2026-07-17 18:26:26.152] [0;32mI (22553405) NL_LTPDU: SRP reconnect: device=4D FEB8 clientId=1[0m
[2026-07-17 18:26:26.152] [0;32mI (22553442) NL_LTPDU:   pubA[0:4]=1E433FBE[0m
[2026-07-17 18:26:26.152] [0;32mI (22553468) NL_LTPDU: TCP connected to 192.168.50.160:12566[0m
[2026-07-17 18:26:26.152] 
[2026-07-17 18:26:26.648] [0;32mI (22553930) NL_LTPDU:   step1 rsp: salt len=4, salt[0:4]=ABE016FC[0m
[2026-07-17 18:26:26.648] [0;32mI (22553931) NL_LTPDU:   step1 rsp: B[0:4]=223253B7, B len=256[0m
[2026-07-17 18:26:26.648] [0;32mI (22553933) NL_LTPDU:   session_version: len=0 val=FFFF[0m
[2026-07-17 18:26:26.648] [0;32mI (22553939) NL_SRP:   k[0:8]=4CBA3FB2923E01FB[0m
[2026-07-17 18:26:26.648] [0;32mI (22553944) NL_SRP:   szA=256, szB=256[0m
[2026-07-17 18:26:26.648] [0;32mI (22553949) NL_SRP:   u[0:8]=C5FC740C3E3232BA[0m
[2026-07-17 18:26:26.648] [0;32mI (22553954) NL_SRP:   x[0:8]=82F077471EE9DBCF[0m
[2026-07-17 18:26:26.648] 
[2026-07-17 18:26:26.757] [0;32mI (22554053) NL_SRP: SrpComputeSecret OK[0m
[2026-07-17 18:26:26.757] [0;32mI (22554053) NL_LTPDU:   SrpComputeSecret OK[0m
[2026-07-17 18:26:26.757] 
[2026-07-17 18:26:26.804] [0;31mE (22554108) NL_LTPDU: SRP step2: missing/invalid M2[0m
[2026-07-17 18:26:26.804] [0;33mW (22554109) TASK_NL: [1] Auth failed (err=5, retry=2/3)[0m
[2026-07-17 18:26:26.804] 
[2026-07-17 18:26:29.628] free heap: 6300772, minimum free heap: 6033104, Internal 8bit free heap: 72384, 8bit free heap: 6300772The current date/time is: Fri Jul 17 10:26:28 2026
[2026-07-17 18:26:29.628] 
[2026-07-17 18:26:29.628] 
[2026-07-17 18:26:30.508] [0;32mI (22557808) NL_LTPDU: BatchGet 3E0AE0494182: 6 eps, rsp=125 bytes[0m
[2026-07-17 18:26:30.508] [0;32mI (22557818) NL_LTPDU: BatchGet 880A64775B01: 6 eps, rsp=118 bytes[0m
[2026-07-17 18:26:30.508] 
[2026-07-17 18:26:30.817] Nanoleaf MQTT payload: {"msgType":"control","requestID":"20442eab-2e3e-44f8-850f-6cda65f7c92b","deviceId":"880A64775B01","endpoint":"layout/go","method":"GET","value":""}
[2026-07-17 18:26:30.817] [0;32mI (22558129) NL_LTPDU: SendCmd POST → 880A64775B01 ep=layout/go[0m
[2026-07-17 18:26:30.817] 
[2026-07-17 18:26:30.926] [0;32mI (22558205) TASK_NL: [2] Cmd rsp(2): [0m
[2026-07-17 18:26:30.926] [0;32mI (22558206) NL_MQTT: PublishRespondData: len=192, pushing to MQTT queue[0m
[2026-07-17 18:26:30.926] pTopic:switchlink/B0E9FEC6718C/link_to_nanoleaf_func_resp
[2026-07-17 18:26:30.926] pData:{"msgType":"respond","requestID":"20442eab-2e3e-44f8-850f-6cda65f7c92b","deviceId":"880A64775B01","success":true,"errorCode":0,"errorMsg":"","endpoints":[{"endpoint":"layout/go","value":"0"}]}
[2026-07-17 18:26:30.926] 
[2026-07-17 18:26:31.129] [0;32mI (22558433) NL_LTPDU: BatchGet 880A64775B01: 6 eps, rsp=118 bytes[0m
[2026-07-17 18:26:31.129] 
[2026-07-17 18:26:32.459] Nanoleaf MQTT payload: {"msgType":"control","requestID":"0e64bbfb-1832-4450-89e8-4296dabdf7d1","deviceId":"880A64775B01","endpoint":"layout/pd","method":"GET","value":""}
[2026-07-17 18:26:32.459] 
[2026-07-17 18:26:32.551] [0;32mI (22559833) NL_LTPDU: SendCmd POST → 880A64775B01 ep=layout/pd[0m
[2026-07-17 18:26:32.551] [0;32mI (22559850) TASK_NL: [2] Cmd rsp(121): {"layoutData":"AQACAAQCAAIAQwMANK5dAAAAagAAAHQAAAegpwAAAGoAAAAAAAAHAAAAAAAAAAAAVAB4DQAAAAAApQAAAFIA8Aw=","version":"2.0"}[0m
[2026-07-17 18:26:32.551] [0;32mI (22559854) NL_MQTT: PublishRespondData: len=320, pushing to MQTT queue[0m
[2026-07-17 18:26:32.551] 
[2026-07-17 18:26:32.769] pTopic:switchlink/B0E9FEC6718C/link_to_nanoleaf_func_resp
[2026-07-17 18:26:32.769] pData:{"msgType":"respond","requestID":"0e64bbfb-1832-4450-89e8-4296dabdf7d1","deviceId":"880A64775B01","success":true,"errorCode":0,"errorMsg":"","endpoints":[{"endpoint":"layout/pd","value":"{\"layoutData\":\"AQACAAQCAAIAQwMANK5dAAAAagAAAHQAAAegpwAAAGoAAAAAAAAHAAAAAAAAAAAAVAB4DQAAAAAApQAAAFIA8Aw=\",\"version\":\"2.0\"}"}]}
[2026-07-17 18:26:32.769] [0;32mI (22560062) NL_LTPDU: BatchGet 880A64775B01: 6 eps, rsp=118 bytes[0m
[2026-07-17 18:26:32.769] 
[2026-07-17 18:26:35.629] [0;32mI (22562927) NL_LTPDU: BatchGet 3E0AE0494182: 6 eps, rsp=125 bytes[0m
[2026-07-17 18:26:35.629] 
[2026-07-17 18:26:37.634] free heap: 6245976, minimum free heap: 6033104, Internal 8bit free heap: 72384, 8bit free heap: 6245976The current date/time is: Fri Jul 17 10:26:36 2026
[2026-07-17 18:26:37.634] 
[2026-07-17 18:26:37.634] 
[2026-07-17 18:26:39.088] [0;32mI (22566391) NL_LTPDU: BatchGet 880A64775B01: 6 eps, rsp=118 bytes[0m
[2026-07-17 18:26:39.088] 
[2026-07-17 18:26:39.490] [0;32mI (22566791) NL_LTPDU: SRP reconnect: device=4D FEB8 clientId=1[0m
[2026-07-17 18:26:39.490] 
[2026-07-17 18:26:39.536] [0;32mI (22566827) NL_LTPDU:   pubA[0:4]=23C91C4E[0m
[2026-07-17 18:26:39.536] [0;32mI (22566846) NL_LTPDU: TCP connected to 192.168.50.160:12566[0m
[2026-07-17 18:26:39.536] 
[2026-07-17 18:26:39.955] [0;32mI (22567235) NL_LTPDU:   step1 rsp: salt len=4, salt[0:4]=D3B1BC64[0m
[2026-07-17 18:26:39.955] [0;32mI (22567236) NL_LTPDU:   step1 rsp: B[0:4]=2531E2DC, B len=256[0m
[2026-07-17 18:26:39.955] [0;32mI (22567238) NL_LTPDU:   session_version: len=0 val=FFFF[0m
[2026-07-17 18:26:39.955] [0;32mI (22567244) NL_SRP:   k[0:8]=4CBA3FB2923E01FB[0m
[2026-07-17 18:26:39.955] [0;32mI (22567249) NL_SRP:   szA=256, szB=256[0m
[2026-07-17 18:26:39.955] [0;32mI (22567254) NL_SRP:   u[0:8]=857013C92FE3B331[0m
[2026-07-17 18:26:39.955] [0;32mI (22567259) NL_SRP:   x[0:8]=90DD6643B0B7A101[0m
[2026-07-17 18:26:39.955] 
[2026-07-17 18:26:40.048] [0;32mI (22567358) NL_SRP: SrpComputeSecret OK[0m
[2026-07-17 18:26:40.048] [0;32mI (22567358) NL_LTPDU:   SrpComputeSecret OK[0m
[2026-07-17 18:26:40.048] 
[2026-07-17 18:26:40.110] [0;31mE (22567406) NL_LTPDU: SRP step2: missing/invalid M2[0m
[2026-07-17 18:26:40.110] [0;33mW (22567407) TASK_NL: [1] Auth failed (err=5, retry=3/3)[0m
[2026-07-17 18:26:40.110] 
[2026-07-17 18:26:40.235] pTopic:switchlink/B0E9FEC6718C/link_to_nanoleaf_property
[2026-07-17 18:26:40.235] pData:{"msgType":"online","deviceId":"6A76B95FD1DB","timestamp":1784284000,"online":false,"reason":"auth_failed"}
[2026-07-17 18:26:40.235] 
[2026-07-17 18:26:40.654] [0;32mI (22567955) NL_LTPDU: BatchGet 3E0AE0494182: 6 eps, rsp=125 bytes[0m
[2026-07-17 18:26:40.654] 
[2026-07-17 18:26:41.163] uart: 11 AT+MOTION 1
[2026-07-17 18:26:41.163] 
[2026-07-17 18:26:41.163] 
[2026-07-17 18:26:41.163] btn on press
[2026-07-17 18:26:41.163] uart: 130 AT+BCDS ff04000206a5a035f 0010B940B0E9FEC6718C48ca43a5b6dc0F015f200a00973e47000000000000ff0d0100000000000000000000000000000000ff01
[2026-07-17 18:26:41.163] 
[2026-07-17 18:26:41.163] 
[2026-07-17 18:26:41.163] 
[2026-07-17 18:26:41.256] pTopic:$aws/rules/bi_wifi_data_report/switchlink/B0E9FEC6718C/link_to_shadow
[2026-07-17 18:26:41.256] pData:BCD ff04000206a5a035f 0010B940B0E9FEC6718C48ca43a5b6dc0F015f200a00973e47000000000000ff0d0100000000000000000000000000000000ff01
[2026-07-17 18:26:41.256] 
[2026-07-17 18:26:42.673] [0;32mI (22569981) NL_LTPDU: BatchGet 880A64775B01: 6 eps, rsp=118 bytes[0m
[2026-07-17 18:26:42.673] 
[2026-07-17 18:26:45.563] [0;32mI (22572859) NL_LTPDU: BatchGet 3E0AE0494182: 6 eps, rsp=125 bytes[0m
[2026-07-17 18:26:45.563] 
[2026-07-17 18:26:45.640] free heap: 6298984, minimum free heap: 6033104, Internal 8bit free heap: 72252, 8bit free heap: 6298984The current date/time is: Fri Jul 17 10:26:44 2026
[2026-07-17 18:26:45.640] 
[2026-07-17 18:26:45.640] 
[2026-07-17 18:26:47.818] [0;32mI (22575115) NL_LTPDU: BatchGet 880A64775B01: 6 eps, rsp=118 bytes[0m
[2026-07-17 18:26:47.818] 
[2026-07-17 18:26:50.672] [0;32mI (22577981) NL_LTPDU: BatchGet 3E0AE0494182: 6 eps, rsp=125 bytes[0m
[2026-07-17 18:26:50.672] 
[2026-07-17 18:26:52.937] [0;32mI (22580234) NL_LTPDU: BatchGet 880A64775B01: 6 eps, rsp=118 bytes[0m
[2026-07-17 18:26:52.937] 
[2026-07-17 18:26:53.636] free heap: 6300396, minimum free heap: 6033104, Internal 8bit free heap: 72216, 8bit free heap: 6300396The current date/time is: Fri Jul 17 10:26:52 2026
[2026-07-17 18:26:53.636] 
[2026-07-17 18:26:53.636] 
[2026-07-17 18:26:55.805] [0;32mI (22583101) NL_LTPDU: BatchGet 3E0AE0494182: 6 eps, rsp=125 bytes[0m
[2026-07-17 18:26:55.805] 
[2026-07-17 18:26:57.822] [0;32mI (22585127) NL_LTPDU: BatchGet 880A64775B01: 6 eps, rsp=118 bytes[0m
[2026-07-17 18:26:57.822] 
[2026-07-17 18:27:00.949] [0;32mI (22588255) NL_LTPDU: BatchGet 3E0AE0494182: 6 eps, rsp=125 bytes[0m
[2026-07-17 18:27:00.949] 
[2026-07-17 18:27:01.645] free heap: 6300580, minimum free heap: 6033104, Internal 8bit free heap: 72384, 8bit free heap: 6300580The current date/time is: Fri Jul 17 10:27:00 2026
[2026-07-17 18:27:01.645] 
[2026-07-17 18:27:01.645] 
[2026-07-17 18:27:03.002] [0;32mI (22590298) NL_LTPDU: BatchGet 880A64775B01: 6 eps, rsp=118 bytes[0m
[2026-07-17 18:27:03.002] 
[2026-07-17 18:27:05.717] [0;32mI (22593026) NL_LTPDU: BatchGet 3E0AE0494182: 6 eps, rsp=125 bytes[0m
[2026-07-17 18:27:05.717] 
[2026-07-17 18:27:08.400] [0;32mI (22595703) NL_LTPDU: BatchGet 880A64775B01: 6 eps, rsp=118 bytes[0m
[2026-07-17 18:27:08.400] 
[2026-07-17 18:27:09.641] free heap: 6300564, minimum free heap: 6033104, Internal 8bit free heap: 72384, 8bit free heap: 6300564The current date/time is: Fri Jul 17 10:27:08 2026
[2026-07-17 18:27:09.641] 
[2026-07-17 18:27:09.641] 
[2026-07-17 18:27:10.849] [0;32mI (22598154) NL_LTPDU: BatchGet 3E0AE0494182: 6 eps, rsp=125 bytes[0m
[2026-07-17 18:27:10.849] 
[2026-07-17 18:27:13.363] [0;32mI (22600663) NL_LTPDU: BatchGet 880A64775B01: 6 eps, rsp=118 bytes[0m
[2026-07-17 18:27:13.363] 
[2026-07-17 18:27:16.893] [0;32mI (22604190) NL_LTPDU: BatchGet 3E0AE0494182: 6 eps, rsp=125 bytes[0m
[2026-07-17 18:27:16.893] 
[2026-07-17 18:27:17.651] free heap: 6300572, minimum free heap: 6033104, Internal 8bit free heap: 72376, 8bit free heap: 6300572The current date/time is: Fri Jul 17 10:27:16 2026
[2026-07-17 18:27:17.651] 
[2026-07-17 18:27:17.651] 
[2026-07-17 18:27:18.225] [0;32mI (22605530) NL_LTPDU: BatchGet 880A64775B01: 6 eps, rsp=118 bytes[0m
[2026-07-17 18:27:18.225] 
[2026-07-17 18:27:21.705] [0;32mI (22609016) NL_LTPDU: BatchGet 3E0AE0494182: 6 eps, rsp=125 bytes[0m
[2026-07-17 18:27:21.705] 
[2026-07-17 18:27:23.312] [0;32mI (22610615) NL_LTPDU: BatchGet 880A64775B01: 6 eps, rsp=118 bytes[0m
[2026-07-17 18:27:23.312] 
[2026-07-17 18:27:25.656] free heap: 6300580, minimum free heap: 6033104, Internal 8bit free heap: 72384, 8bit free heap: 6300580The current date/time is: Fri Jul 17 10:27:24 2026
[2026-07-17 18:27:25.656] 
[2026-07-17 18:27:25.656] 
[2026-07-17 18:27:26.214] [0;32mI (22613514) NL_LTPDU: BatchGet 3E0AE0494182: 6 eps, rsp=125 bytes[0m
[2026-07-17 18:27:26.214] 
[2026-07-17 18:27:28.441] [0;32mI (22615741) NL_LTPDU: BatchGet 880A64775B01: 6 eps, rsp=118 bytes[0m
[2026-07-17 18:27:28.441] 
[2026-07-17 18:27:31.004] [0;32mI (22618304) NL_LTPDU: BatchGet 3E0AE0494182: 6 eps, rsp=125 bytes[0m
[2026-07-17 18:27:31.004] 
[2026-07-17 18:27:33.414] [0;32mI (22620715) NL_LTPDU: BatchGet 880A64775B01: 6 eps, rsp=118 bytes[0m
[2026-07-17 18:27:33.414] 
[2026-07-17 18:27:33.648] free heap: 6300572, minimum free heap: 6033104, Internal 8bit free heap: 72376, 8bit free heap: 6300572The current date/time is: Fri Jul 17 10:27:32 2026
[2026-07-17 18:27:33.648] 
[2026-07-17 18:27:33.648] 
[2026-07-17 18:27:35.178] uart: 11 AT+MOTION 0
[2026-07-17 18:27:35.178] 
[2026-07-17 18:27:35.178] 
[2026-07-17 18:27:35.178] btn on press
[2026-07-17 18:27:35.178] uart: 130 AT+BCDS ff04000206a5a0396 0010B940B0E9FEC6718C48ca43a5b6dc0F0160000a00973e47000000000000ff0cfb00000000000000000000000000000000ff01
[2026-07-17 18:27:35.178] 
[2026-07-17 18:27:35.178] 
[2026-07-17 18:27:35.178] 
[2026-07-17 18:27:35.379] pTopic:$aws/rules/bi_wifi_data_report/switchlink/B0E9FEC6718C/link_to_shadow
[2026-07-17 18:27:35.379] pData:BCD ff04000206a5a0396 0010B940B0E9FEC6718C48ca43a5b6dc0F0160000a00973e47000000000000ff0cfb00000000000000000000000000000000ff01
[2026-07-17 18:27:35.379] 
[2026-07-17 18:27:36.184] [0;32mI (22623494) NL_LTPDU: BatchGet 3E0AE0494182: 6 eps, rsp=125 bytes[0m
[2026-07-17 18:27:36.184] 
[2026-07-17 18:27:38.085] [0;32mI (22625390) ROUTE_HOOK: Received RIO[0m
[2026-07-17 18:27:38.085] [0;32mI (22625391) ROUTE_HOOK: prefix FDEA:C98F:38B2:1:: lifetime 1800[0m
[2026-07-17 18:27:38.085] 
[2026-07-17 18:27:38.443] [0;32mI (22625752) NL_LTPDU: BatchGet 880A64775B01: 6 eps, rsp=118 bytes[0m
[2026-07-17 18:27:38.443] 
[2026-07-17 18:27:40.571] uart: 9 AT+STATUS
[2026-07-17 18:27:40.571] 
[2026-07-17 18:27:40.571] 
[2026-07-17 18:27:40.571] wifi status is 5 1 2
[2026-07-17 18:27:40.571] 
[2026-07-17 18:27:40.571] wifi ipv4 info:
[2026-07-17 18:27:40.571] 
[2026-07-17 18:27:40.571] 192.168.50.200.
[2026-07-17 18:27:40.571] 
[2026-07-17 18:27:40.571] 255.255.255.0.
[2026-07-17 18:27:40.571] 
[2026-07-17 18:27:40.571] 192.168.50.1.
[2026-07-17 18:27:40.571] 
[2026-07-17 18:27:40.571] 
[2026-07-17 18:27:40.680] uart: 10 AT+GET_UTC
[2026-07-17 18:27:40.680] 
[2026-07-17 18:27:40.680] 
[2026-07-17 18:27:40.680] utc 3, 6a
[2026-07-17 18:27:40.680] 
[2026-07-17 18:27:40.680] utc 2, 5a
[2026-07-17 18:27:40.680] 
[2026-07-17 18:27:40.680] utc 1, 03
[2026-07-17 18:27:40.680] 
[2026-07-17 18:27:40.680] utc 0, 9b
[2026-07-17 18:27:40.680] 
[2026-07-17 18:27:40.680] UTC : 6a5a039b
[2026-07-17 18:27:40.680] 
[2026-07-17 18:27:40.680] 
[2026-07-17 18:27:41.270] [0;32mI (22628567) NL_LTPDU: BatchGet 3E0AE0494182: 6 eps, rsp=125 bytes[0m
[2026-07-17 18:27:41.270] 
[2026-07-17 18:27:41.659] free heap: 6300448, minimum free heap: 6033104, Internal 8bit free heap: 72252, 8bit free heap: 6300448The current date/time is: Fri Jul 17 10:27:40 2026
[2026-07-17 18:27:41.659] 
[2026-07-17 18:27:41.659] 
[2026-07-17 18:27:43.448] [0;32mI (22630749) NL_LTPDU: BatchGet 880A64775B01: 6 eps, rsp=118 bytes[0m
[2026-07-17 18:27:43.448] 
[2026-07-17 18:27:46.389] [0;32mI (22633686) NL_LTPDU: BatchGet 3E0AE0494182: 6 eps, rsp=125 bytes[0m
[2026-07-17 18:27:46.389] 
[2026-07-17 18:27:48.542] [0;32mI (22635838) NL_LTPDU: BatchGet 880A64775B01: 6 eps, rsp=118 bytes[0m
[2026-07-17 18:27:48.542] 
[2026-07-17 18:27:49.655] free heap: 6300524, minimum free heap: 6033104, Internal 8bit free heap: 72348, 8bit free heap: 6300524The current date/time is: Fri Jul 17 10:27:48 2026
[2026-07-17 18:27:49.655] 
[2026-07-17 18:27:49.655] 
[2026-07-17 18:27:51.259] [0;32mI (22638560) NL_LTPDU: BatchGet 3E0AE0494182: 6 eps, rsp=125 bytes[0m
[2026-07-17 18:27:51.259] 
[2026-07-17 18:27:53.380] [0;32mI (22640685) NL_LTPDU: BatchGet 880A64775B01: 6 eps, rsp=118 bytes[0m
[2026-07-17 18:27:53.380] 
[2026-07-17 18:27:56.373] [0;32mI (22643672) NL_LTPDU: BatchGet 3E0AE0494182: 6 eps, rsp=125 bytes[0m
[2026-07-17 18:27:56.373] 
[2026-07-17 18:27:57.668] free heap: 6300580, minimum free heap: 6033104, Internal 8bit free heap: 72384, 8bit free heap: 6300580The current date/time is: Fri Jul 17 10:27:56 2026
[2026-07-17 18:27:57.668] 
[2026-07-17 18:27:57.668] 
[2026-07-17 18:27:58.503] [0;32mI (22645802) NL_LTPDU: BatchGet 880A64775B01: 6 eps, rsp=118 bytes[0m
[2026-07-17 18:27:58.503] 
[2026-07-17 18:28:00.034] uart: 11 AT+MOTION 1
[2026-07-17 18:28:00.034] 
[2026-07-17 18:28:00.034] 
[2026-07-17 18:28:00.034] btn on press
[2026-07-17 18:28:00.034] uart: 130 AT+BCDS ff04000206a5a03ae 0010B940B0E9FEC6718C48ca43a5b6dc0F0161200a00973e47000000000000ff0d0200000000000000000000000000000000ff01
[2026-07-17 18:28:00.034] 
[2026-07-17 18:28:00.034] 
[2026-07-17 18:28:00.034] 
[2026-07-17 18:28:00.218] pTopic:$aws/rules/bi_wifi_data_report/switchlink/B0E9FEC6718C/link_to_shadow
[2026-07-17 18:28:00.218] pData:BCD ff04000206a5a03ae 0010B940B0E9FEC6718C48ca43a5b6dc0F0161200a00973e47000000000000ff0d0200000000000000000000000000000000ff01
[2026-07-17 18:28:00.218] 
[2026-07-17 18:28:01.545] [0;32mI (22648844) NL_LTPDU: BatchGet 3E0AE0494182: 6 eps, rsp=125 bytes[0m
[2026-07-17 18:28:01.545] 
[2026-07-17 18:28:03.724] [0;32mI (22651027) NL_LTPDU: BatchGet 880A64775B01: 6 eps, rsp=118 bytes[0m
[2026-07-17 18:28:03.724] 
[2026-07-17 18:28:05.659] free heap: 6300580, minimum free heap: 6033104, Internal 8bit free heap: 72384, 8bit free heap: 6300580The current date/time is: Fri Jul 17 10:28:04 2026
[2026-07-17 18:28:05.659] 
[2026-07-17 18:28:05.659] 
[2026-07-17 18:28:06.355] [0;32mI (22653653) NL_LTPDU: BatchGet 3E0AE0494182: 6 eps, rsp=125 bytes[0m
[2026-07-17 18:28:06.355] 
[2026-07-17 18:28:08.494] [0;32mI (22655804) NL_LTPDU: BatchGet 880A64775B01: 6 eps, rsp=118 bytes[0m
[2026-07-17 18:28:08.494] 
[2026-07-17 18:28:11.528] [0;32mI (22658836) NL_LTPDU: BatchGet 3E0AE0494182: 6 eps, rsp=125 bytes[0m
[2026-07-17 18:28:11.528] 
[2026-07-17 18:28:13.669] free heap: 6245756, minimum free heap: 6033104, Internal 8bit free heap: 72376, 8bit free heap: 6245756The current date/time is: Fri Jul 17 10:28:12 2026
[2026-07-17 18:28:13.669] 
[2026-07-17 18:28:13.669] 
[2026-07-17 18:28:13.715] [0;32mI (22661025) NL_LTPDU: BatchGet 880A64775B01: 6 eps, rsp=118 bytes[0m
[2026-07-17 18:28:13.715] 
[2026-07-17 18:28:16.582] [0;32mI (22663893) NL_LTPDU: BatchGet 3E0AE0494182: 6 eps, rsp=125 bytes[0m
[2026-07-17 18:28:16.582] 
[2026-07-17 18:28:18.844] [0;32mI (22666149) NL_LTPDU: BatchGet 880A64775B01: 6 eps, rsp=118 bytes[0m
[2026-07-17 18:28:18.844] 
[2026-07-17 18:28:21.480] [0;32mI (22668777) NL_LTPDU: BatchGet 3E0AE0494182: 6 eps, rsp=125 bytes[0m
[2026-07-17 18:28:21.480] 
[2026-07-17 18:28:21.664] free heap: 6300580, minimum free heap: 6033104, Internal 8bit free heap: 72384, 8bit free heap: 6300580The current date/time is: Fri Jul 17 10:28:20 2026
[2026-07-17 18:28:21.664] 
[2026-07-17 18:28:21.664] 
[2026-07-17 18:28:23.972] [0;32mI (22671270) NL_LTPDU: BatchGet 880A64775B01: 6 eps, rsp=118 bytes[0m
[2026-07-17 18:28:23.972] 
[2026-07-17 18:28:26.624] [0;32mI (22673931) NL_LTPDU: BatchGet 3E0AE0494182: 6 eps, rsp=125 bytes[0m
[2026-07-17 18:28:26.624] 
[2026-07-17 18:28:28.649] [0;32mI (22675957) NL_LTPDU: BatchGet 880A64775B01: 6 eps, rsp=118 bytes[0m
[2026-07-17 18:28:28.649] 
[2026-07-17 18:28:29.668] free heap: 6300984, minimum free heap: 6033104, Internal 8bit free heap: 72384, 8bit free heap: 6300984The current date/time is: Fri Jul 17 10:28:28 2026
[2026-07-17 18:28:29.668] 
[2026-07-17 18:28:29.668] 
[2026-07-17 18:28:31.738] uart: 11 AT+MOTION 0
[2026-07-17 18:28:31.738] 
[2026-07-17 18:28:31.738] 
[2026-07-17 18:28:31.738] btn on press
[2026-07-17 18:28:31.738] uart: 130 AT+BCDS ff04000206a5a03ce 0010B940B0E9FEC6718C48ca43a5b6dc0F0162000a00973e47000000000000ff0cff00000000000000000000000000000000ff01
[2026-07-17 18:28:31.738] 
[2026-07-17 18:28:31.738] 
[2026-07-17 18:28:31.738] pTopic:$aws/rules/bi_wifi_data_report/switchlink/B0E9FEC6718C/link_to_shadow
[2026-07-17 18:28:31.738] pData:BCD ff04000206a5a03ce 0010B940B0E9FEC6718C48ca43a5b6dc0F0162000a00973e47000000000000ff0cff00000000000000000000000000000000ff01
[2026-07-17 18:28:31.738] [0;32mI (22679030) NL_LTPDU: BatchGet 3E0AE0494182: 6 eps, rsp=125 bytes[0m
[2026-07-17 18:28:31.738] 
[2026-07-17 18:28:33.830] [0;32mI (22681139) NL_LTPDU: BatchGet 880A64775B01: 6 eps, rsp=118 bytes[0m
[2026-07-17 18:28:33.830] 
[2026-07-17 18:28:36.867] [0;32mI (22684171) NL_LTPDU: BatchGet 3E0AE0494182: 6 eps, rsp=125 bytes[0m
[2026-07-17 18:28:36.867] 
[2026-07-17 18:28:37.667] free heap: 6301004, minimum free heap: 6033104, Internal 8bit free heap: 72384, 8bit free heap: 6301004The current date/time is: Fri Jul 17 10:28:36 2026
[2026-07-17 18:28:37.667] 
[2026-07-17 18:28:37.667] 
[2026-07-17 18:28:38.910] [0;32mI (22686216) NL_LTPDU: BatchGet 880A64775B01: 6 eps, rsp=118 bytes[0m
[2026-07-17 18:28:38.910] 
[2026-07-17 18:28:41.729] [0;32mI (22689034) NL_LTPDU: BatchGet 3E0AE0494182: 6 eps, rsp=125 bytes[0m
[2026-07-17 18:28:41.729] 
[2026-07-17 18:28:43.816] [0;32mI (22691116) NL_LTPDU: BatchGet 880A64775B01: 6 eps, rsp=118 bytes[0m
[2026-07-17 18:28:43.816] 
[2026-07-17 18:28:45.684] free heap: 6301216, minimum free heap: 6033104, Internal 8bit free heap: 72384, 8bit free heap: 6301216The current date/time is: Fri Jul 17 10:28:44 2026
[2026-07-17 18:28:45.684] 
[2026-07-17 18:28:45.684] 
[2026-07-17 18:28:47.417] [0;32mI (22694720) NL_LTPDU: BatchGet 3E0AE0494182: 6 eps, rsp=125 bytes[0m
[2026-07-17 18:28:47.417] 
[2026-07-17 18:28:48.924] [0;32mI (22696230) NL_LTPDU: BatchGet 880A64775B01: 6 eps, rsp=118 bytes[0m
[2026-07-17 18:28:48.924] 
[2026-07-17 18:28:51.755] [0;32mI (22699053) NL_LTPDU: BatchGet 3E0AE0494182: 6 eps, rsp=125 bytes[0m
[2026-07-17 18:28:51.755] 
[2026-07-17 18:28:53.684] free heap: 6301216, minimum free heap: 6033104, Internal 8bit free heap: 72384, 8bit free heap: 6301216The current date/time is: Fri Jul 17 10:28:52 2026
[2026-07-17 18:28:53.684] 
[2026-07-17 18:28:53.684] 
[2026-07-17 18:28:54.068] [0;32mI (22701373) NL_LTPDU: BatchGet 880A64775B01: 6 eps, rsp=118 bytes[0m
[2026-07-17 18:28:54.068] 
[2026-07-17 18:28:56.874] [0;32mI (22704172) NL_LTPDU: BatchGet 3E0AE0494182: 6 eps, rsp=125 bytes[0m
[2026-07-17 18:28:56.874] 
[2026-07-17 18:28:58.887] [0;32mI (22706191) NL_LTPDU: BatchGet 880A64775B01: 6 eps, rsp=118 bytes[0m
[2026-07-17 18:28:58.887] 
[2026-07-17 18:29:01.682] free heap: 6301084, minimum free heap: 6033104, Internal 8bit free heap: 72252, 8bit free heap: 6301084The current date/time is: Fri Jul 17 10:29:00 2026
[2026-07-17 18:29:01.682] 
[2026-07-17 18:29:01.682] 
[2026-07-17 18:29:01.992] [0;32mI (22709294) NL_LTPDU: BatchGet 3E0AE0494182: 6 eps, rsp=125 bytes[0m
[2026-07-17 18:29:01.992] 
[2026-07-17 18:29:04.018] [0;32mI (22711316) NL_LTPDU: BatchGet 880A64775B01: 6 eps, rsp=118 bytes[0m
[2026-07-17 18:29:04.018] 
[2026-07-17 18:29:06.837] [0;32mI (22714144) NL_LTPDU: BatchGet 3E0AE0494182: 6 eps, rsp=125 bytes[0m
[2026-07-17 18:29:06.837] 
[2026-07-17 18:29:09.127] [0;32mI (22716431) NL_LTPDU: BatchGet 880A64775B01: 6 eps, rsp=118 bytes[0m
[2026-07-17 18:29:09.127] 
[2026-07-17 18:29:09.699] free heap: 6301064, minimum free heap: 6033104, Internal 8bit free heap: 72252, 8bit free heap: 6301064The current date/time is: Fri Jul 17 10:29:08 2026
[2026-07-17 18:29:09.699] 
[2026-07-17 18:29:09.699] 
[2026-07-17 18:29:11.984] [0;32mI (22719292) NL_LTPDU: BatchGet 3E0AE0494182: 6 eps, rsp=125 bytes[0m
[2026-07-17 18:29:11.984] 
[2026-07-17 18:29:14.016] [0;32mI (22721317) NL_LTPDU: BatchGet 880A64775B01: 6 eps, rsp=118 bytes[0m
[2026-07-17 18:29:14.016] 
[2026-07-17 18:29:17.213] [0;32mI (22724514) NL_LTPDU: BatchGet 3E0AE0494182: 6 eps, rsp=125 bytes[0m
[2026-07-17 18:29:17.213] 
[2026-07-17 18:29:17.693] free heap: 6301216, minimum free heap: 6033104, Internal 8bit free heap: 72384, 8bit free heap: 6301216The current date/time is: Fri Jul 17 10:29:16 2026
[2026-07-17 18:29:17.693] 
[2026-07-17 18:29:17.693] 
[2026-07-17 18:29:17.863] uart: 11 AT+MOTION 1
[2026-07-17 18:29:17.863] 
[2026-07-17 18:29:17.863] 
[2026-07-17 18:29:17.863] btn on press
[2026-07-17 18:29:17.863] uart: 130 AT+BCDS ff04000206a5a03fc 0010B940B0E9FEC6718C48ca43a5b6dc0F0163200a00973e47000000000000ff0cff00000000000000000000000000000000ff01
[2026-07-17 18:29:17.863] 
[2026-07-17 18:29:17.863] 
[2026-07-17 18:29:17.863] 
[2026-07-17 18:29:17.987] pTopic:$aws/rules/bi_wifi_data_report/switchlink/B0E9FEC6718C/link_to_shadow
[2026-07-17 18:29:17.987] pData:BCD ff04000206a5a03fc 0010B940B0E9FEC6718C48ca43a5b6dc0F0163200a00973e47000000000000ff0cff00000000000000000000000000000000ff01
[2026-07-17 18:29:17.987] 
[2026-07-17 18:29:19.147] [0;32mI (22726444) NL_LTPDU: BatchGet 880A64775B01: 6 eps, rsp=118 bytes[0m
[2026-07-17 18:29:19.147] 
[2026-07-17 18:29:21.969] [0;32mI (22729279) NL_LTPDU: BatchGet 3E0AE0494182: 6 eps, rsp=125 bytes[0m
[2026-07-17 18:29:21.969] 
[2026-07-17 18:29:24.271] [0;32mI (22731580) NL_LTPDU: BatchGet 880A64775B01: 6 eps, rsp=118 bytes[0m
[2026-07-17 18:29:24.271] 
[2026-07-17 18:29:25.701] free heap: 6301168, minimum free heap: 6033104, Internal 8bit free heap: 72336, 8bit free heap: 6301168The current date/time is: Fri Jul 17 10:29:24 2026
[2026-07-17 18:29:25.701] 
[2026-07-17 18:29:25.701] 
[2026-07-17 18:29:27.102] [0;32mI (22734408) NL_LTPDU: BatchGet 3E0AE0494182: 6 eps, rsp=125 bytes[0m
[2026-07-17 18:29:27.102] 
[2026-07-17 18:29:28.987] [0;32mI (22736290) ROUTE_HOOK: Received RIO[0m
[2026-07-17 18:29:28.987] [0;32mI (22736291) ROUTE_HOOK: prefix FDEA:C98F:38B2:1:: lifetime 1800[0m
[2026-07-17 18:29:28.987] 
[2026-07-17 18:29:29.141] [0;32mI (22736450) NL_LTPDU: BatchGet 880A64775B01: 6 eps, rsp=118 bytes[0m
[2026-07-17 18:29:29.141] 
[2026-07-17 18:29:32.269] [0;32mI (22739569) NL_LTPDU: BatchGet 3E0AE0494182: 6 eps, rsp=125 bytes[0m
[2026-07-17 18:29:32.269] 
[2026-07-17 18:29:33.703] free heap: 6301196, minimum free heap: 6033104, Internal 8bit free heap: 72384, 8bit free heap: 6301196The current date/time is: Fri Jul 17 10:29:32 2026
[2026-07-17 18:29:33.703] 
[2026-07-17 18:29:33.703] 
[2026-07-17 18:29:34.307] [0;32mI (22741615) NL_LTPDU: BatchGet 880A64775B01: 6 eps, rsp=118 bytes[0m
[2026-07-17 18:29:34.307] 
[2026-07-17 18:29:37.390] [0;32mI (22744690) NL_LTPDU: BatchGet 3E0AE0494182: 6 eps, rsp=125 bytes[0m
[2026-07-17 18:29:37.390] 
[2026-07-17 18:29:39.430] [0;32mI (22746734) NL_LTPDU: BatchGet 880A64775B01: 6 eps, rsp=118 bytes[0m
[2026-07-17 18:29:39.430] 
[2026-07-17 18:29:41.699] free heap: 6301216, minimum free heap: 6033104, Internal 8bit free heap: 72384, 8bit free heap: 6301216The current date/time is: Fri Jul 17 10:29:40 2026
[2026-07-17 18:29:41.699] 
[2026-07-17 18:29:41.699] 
[2026-07-17 18:29:42.180] [0;32mI (22749486) NL_LTPDU: BatchGet 3E0AE0494182: 6 eps, rsp=125 bytes[0m
[2026-07-17 18:29:42.180] 
[2026-07-17 18:29:44.299] [0;32mI (22751606) NL_LTPDU: BatchGet 880A64775B01: 6 eps, rsp=118 bytes[0m
[2026-07-17 18:29:44.299] 
[2026-07-17 18:29:47.301] [0;32mI (22754614) NL_LTPDU: BatchGet 3E0AE0494182: 6 eps, rsp=125 bytes[0m
[2026-07-17 18:29:47.301] 
[2026-07-17 18:29:49.467] [0;32mI (22756770) NL_LTPDU: BatchGet 880A64775B01: 6 eps, rsp=118 bytes[0m
[2026-07-17 18:29:49.467] 
[2026-07-17 18:29:49.715] free heap: 6301196, minimum free heap: 6033104, Internal 8bit free heap: 72384, 8bit free heap: 6301196The current date/time is: Fri Jul 17 10:29:48 2026
[2026-07-17 18:29:49.715] 
[2026-07-17 18:29:49.715] 
[2026-07-17 18:29:52.431] [0;32mI (22759740) NL_LTPDU: BatchGet 3E0AE0494182: 6 eps, rsp=125 bytes[0m
[2026-07-17 18:29:52.431] 
[2026-07-17 18:29:52.741] uart: 11 AT+MOTION 0
[2026-07-17 18:29:52.741] 
[2026-07-17 18:29:52.741] 
[2026-07-17 18:29:52.741] btn on press
[2026-07-17 18:29:52.741] uart: 130 AT+BCDS ff04000206a5a041f 0010B940B0E9FEC6718C48ca43a5b6dc0F0164000a00973e47000000000000ff0cfb00000000000000000000000000000000ff01
[2026-07-17 18:29:52.741] 
[2026-07-17 18:29:52.741] 
[2026-07-17 18:29:52.741] pTopic:$aws/rules/bi_wifi_data_report/switchlink/B0E9FEC6718C/link_to_shadow
[2026-07-17 18:29:52.741] pData:BCD ff04000206a5a041f 0010B940B0E9FEC6718C48ca43a5b6dc0F0164000a00973e47000000000000ff0cfb00000000000000000000000000000000ff01
[2026-07-17 18:29:52.741] 
[2026-07-17 18:29:54.598] [0;32mI (22761895) NL_LTPDU: BatchGet 880A64775B01: 6 eps, rsp=118 bytes[0m
[2026-07-17 18:29:54.598] 
[2026-07-17 18:29:57.315] [0;32mI (22764615) NL_LTPDU: BatchGet 3E0AE0494182: 6 eps, rsp=125 bytes[0m
[2026-07-17 18:29:57.315] 
[2026-07-17 18:29:57.718] free heap: 6301076, minimum free heap: 6033104, Internal 8bit free heap: 72244, 8bit free heap: 6301076The current date/time is: Fri Jul 17 10:29:56 2026
[2026-07-17 18:29:57.718] 
[2026-07-17 18:29:57.718] 
[2026-07-17 18:29:59.449] [0;32mI (22766750) NL_LTPDU: BatchGet 880A64775B01: 6 eps, rsp=118 bytes[0m
[2026-07-17 18:29:59.449] 
[2026-07-17 18:30:02.422] [0;32mI (22769731) NL_LTPDU: BatchGet 3E0AE0494182: 6 eps, rsp=125 bytes[0m
[2026-07-17 18:30:02.422] 
[2026-07-17 18:30:04.563] [0;32mI (22771861) NL_LTPDU: BatchGet 880A64775B01: 6 eps, rsp=118 bytes[0m
[2026-07-17 18:30:04.563] 
[2026-07-17 18:30:04.872] uart: 11 AT+MOTION 1
[2026-07-17 18:30:04.872] 
[2026-07-17 18:30:04.872] 
[2026-07-17 18:30:04.872] btn on press
[2026-07-17 18:30:04.872] uart: 130 AT+BCDS ff04000206a5a042b 0010B940B0E9FEC6718C48ca43a5b6dc0F0165200a00973e47000000000000ff0cfb00000000000000000000000000000000ff01
[2026-07-17 18:30:04.872] 
[2026-07-17 18:30:04.872] 
[2026-07-17 18:30:04.872] pTopic:$aws/rules/bi_wifi_data_report/switchlink/B0E9FEC6718C/link_to_shadow
[2026-07-17 18:30:04.872] pData:BCD ff04000206a5a042b 0010B940B0E9FEC6718C48ca43a5b6dc0F0165200a00973e47000000000000ff0cfb00000000000000000000000000000000ff01
[2026-07-17 18:30:04.872] 
[2026-07-17 18:30:05.722] free heap: 6301216, minimum free heap: 6033104, Internal 8bit free heap: 72384, 8bit free heap: 6301216The current date/time is: Fri Jul 17 10:30:04 2026
[2026-07-17 18:30:05.722] 
[2026-07-17 18:30:05.722] 
[2026-07-17 18:30:07.597] [0;32mI (22774895) NL_LTPDU: BatchGet 3E0AE0494182: 6 eps, rsp=125 bytes[0m
[2026-07-17 18:30:07.597] 
[2026-07-17 18:30:09.747] [0;32mI (22777045) NL_LTPDU: BatchGet 880A64775B01: 6 eps, rsp=118 bytes[0m
[2026-07-17 18:30:09.747] [0;32mI (22777046) TASK_NL: [2] Status changed: on=1 br=90 ct=6500 hu=240 sa=100 eff="*Solid*"[0m
[2026-07-17 18:30:09.747] 
[2026-07-17 18:30:09.933] pTopic:switchlink/B0E9FEC6718C/link_to_nanoleaf_property
[2026-07-17 18:30:09.933] pData:{"msgType":"status","deviceId":"880A64775B01","timestamp":1784284209,"endpoints":[{"endpoint":"lb/0/oo","value":true},{"endpoint":"lb/0/pb","value":90},{"endpoint":"lb/0/ct","value":6500},{"endpoint":"lb/0/hu","value":240},{"endpoint":"lb/0/sa","value":100},{"endpoint":"effect/select","value":"*Solid*"}]}
[2026-07-17 18:30:09.933] 
[2026-07-17 18:30:12.470] [0;32mI (22779770) NL_LTPDU: BatchGet 3E0AE0494182: 6 eps, rsp=125 bytes[0m
[2026-07-17 18:30:12.470] 
[2026-07-17 18:30:13.719] free heap: 6301216, minimum free heap: 6033104, Internal 8bit free heap: 72384, 8bit free heap: 6301216The current date/time is: Fri Jul 17 10:30:12 2026
[2026-07-17 18:30:13.719] 
[2026-07-17 18:30:13.719] 
[2026-07-17 18:30:14.892] [0;32mI (22782202) NL_LTPDU: BatchGet 880A64775B01: 6 eps, rsp=118 bytes[0m
[2026-07-17 18:30:14.892] 
[2026-07-17 18:30:17.618] [0;32mI (22784929) NL_LTPDU: BatchGet 3E0AE0494182: 6 eps, rsp=125 bytes[0m
[2026-07-17 18:30:17.618] 
[2026-07-17 18:30:19.656] [0;32mI (22786964) NL_LTPDU: BatchGet 880A64775B01: 6 eps, rsp=118 bytes[0m
[2026-07-17 18:30:19.656] [0;32mI (22786965) TASK_NL: [2] Status changed: on=1 br=91 ct=6500 hu=240 sa=100 eff="*Solid*"[0m
[2026-07-17 18:30:19.656] 
[2026-07-17 18:30:19.856] pTopic:switchlink/B0E9FEC6718C/link_to_nanoleaf_property
[2026-07-17 18:30:19.856] pData:{"msgType":"status","deviceId":"880A64775B01","timestamp":1784284219,"endpoints":[{"endpoint":"lb/0/oo","value":true},{"endpoint":"lb/0/pb","value":91},{"endpoint":"lb/0/ct","value":6500},{"endpoint":"lb/0/hu","value":240},{"endpoint":"lb/0/sa","value":100},{"endpoint":"effect/select","value":"*Solid*"}]}
[2026-07-17 18:30:19.856] 
[2026-07-17 18:30:21.724] free heap: 6301216, minimum free heap: 6033104, Internal 8bit free heap: 72384, 8bit free heap: 6301216The current date/time is: Fri Jul 17 10:30:20 2026
[2026-07-17 18:30:21.724] 
[2026-07-17 18:30:21.724] 
[2026-07-17 18:30:22.715] [0;32mI (22790023) NL_LTPDU: BatchGet 3E0AE0494182: 6 eps, rsp=125 bytes[0m
[2026-07-17 18:30:22.715] 
[2026-07-17 18:30:24.771] [0;32mI (22792079) NL_LTPDU: BatchGet 880A64775B01: 6 eps, rsp=118 bytes[0m
[2026-07-17 18:30:24.771] 
[2026-07-17 18:30:27.600] [0;32mI (22794906) NL_LTPDU: BatchGet 3E0AE0494182: 6 eps, rsp=125 bytes[0m
[2026-07-17 18:30:27.600] 
[2026-07-17 18:30:29.730] free heap: 6301196, minimum free heap: 6033104, Internal 8bit free heap: 72384, 8bit free heap: 6301196The current date/time is: Fri Jul 17 10:30:28 2026
[2026-07-17 18:30:29.730] 
[2026-07-17 18:30:29.730] 
[2026-07-17 18:30:29.962] [0;32mI (22797221) NL_LTPDU: BatchGet 880A64775B01: 6 eps, rsp=118 bytes[0m
[2026-07-17 18:30:29.962] [0;32mI (22797222) TASK_NL: [2] Status changed: on=1 br=90 ct=6500 hu=240 sa=100 eff="*Solid*"[0m
[2026-07-17 18:30:29.962] pTopic:switchlink/B0E9FEC6718C/link_to_nanoleaf_property
[2026-07-17 18:30:29.962] pData:{"msgType":"status","deviceId":"880A64775B01","timestamp":1784284230,"endpoints":[{"endpoint":"lb/0/oo","value":true},{"endpoint":"lb/0/pb","value":90},{"endpoint":"lb/0/ct","value":6500},{"endpoint":"lb/0/hu","value":240},{"endpoint":"lb/0/sa","value":100},{"endpoint":"effect/select","value":"*Solid*"}]}
[2026-07-17 18:30:29.962] 
[2026-07-17 18:30:32.721] [0;32mI (22800021) NL_LTPDU: BatchGet 3E0AE0494182: 6 eps, rsp=125 bytes[0m
[2026-07-17 18:30:32.721] 
[2026-07-17 18:30:35.043] [0;32mI (22802344) NL_LTPDU: BatchGet 880A64775B01: 6 eps, rsp=118 bytes[0m
[2026-07-17 18:30:35.043] 
