[2026-07-20 11:11:19.486] [0;32mI (255644290) NL_LTPDU: BatchGet 3E0AE0494182: 6 eps, rsp=114 bytes[0m
[2026-07-20 11:11:19.486] 
[2026-07-20 11:11:19.548] [0;32mI (255644337) NL_LTPDU: BatchGet 880A64775B01: 6 eps, rsp=118 bytes[0m
[2026-07-20 11:11:19.548] [0;32mI (255644347) NL_LTPDU: BatchGet 6A76B95FD1DB: 6 eps, rsp=118 bytes[0m
[2026-07-20 11:11:19.548] 
[2026-07-20 11:11:21.280] free heap: 6300904, minimum free heap: 6033104, Internal 8bit free heap: 72396, 8bit free heap: 6300904The current date/time is: Mon Jul 20 03:11:16 2026
[2026-07-20 11:11:21.280] 
[2026-07-20 11:11:21.280] 
[2026-07-20 11:11:24.657] [0;32mI (255649450) NL_LTPDU: BatchGet 3E0AE0494182: 6 eps, rsp=114 bytes[0m
[2026-07-20 11:11:24.657] [0;32mI (255649458) NL_LTPDU: BatchGet 880A64775B01: 6 eps, rsp=118 bytes[0m
[2026-07-20 11:11:24.657] [0;32mI (255649465) NL_LTPDU: BatchGet 6A76B95FD1DB: 6 eps, rsp=118 bytes[0m
[2026-07-20 11:11:24.657] 
[2026-07-20 11:11:29.295] free heap: 6300904, minimum free heap: 6033104, Internal 8bit free heap: 72396, 8bit free heap: 6300904The current date/time is: Mon Jul 20 03:11:24 2026
[2026-07-20 11:11:29.295] 
[2026-07-20 11:11:29.295] 
[2026-07-20 11:11:29.728] [0;32mI (255654523) NL_LTPDU: BatchGet 3E0AE0494182: 6 eps, rsp=114 bytes[0m
[2026-07-20 11:11:29.728] 
[2026-07-20 11:11:29.869] [0;32mI (255654673) NL_LTPDU: BatchGet 880A64775B01: 6 eps, rsp=118 bytes[0m
[2026-07-20 11:11:29.869] [0;32mI (255654680) NL_LTPDU: BatchGet 6A76B95FD1DB: 6 eps, rsp=118 bytes[0m
[2026-07-20 11:11:29.869] 
[2026-07-20 11:11:34.542] [0;32mI (255659337) NL_LTPDU: BatchGet 3E0AE0494182: 6 eps, rsp=114 bytes[0m
[2026-07-20 11:11:34.542] 
[2026-07-20 11:11:34.604] [0;32mI (255659404) NL_LTPDU: BatchGet 880A64775B01: 6 eps, rsp=118 bytes[0m
[2026-07-20 11:11:34.604] [0;32mI (255659416) NL_LTPDU: BatchGet 6A76B95FD1DB: 6 eps, rsp=118 bytes[0m
[2026-07-20 11:11:34.604] 
[2026-07-20 11:11:37.311] free heap: 6300772, minimum free heap: 6033104, Internal 8bit free heap: 72264, 8bit free heap: 6300772The current date/time is: Mon Jul 20 03:11:32 2026
[2026-07-20 11:11:37.311] 
[2026-07-20 11:11:37.311] 
[2026-07-20 11:11:38.598] uart: 11 AT+MOTION 0
[2026-07-20 11:11:38.598] 
[2026-07-20 11:11:38.598] 
[2026-07-20 11:11:38.598] btn on press
[2026-07-20 11:11:38.598] uart: 130 AT+BCDS ff04000206a5d91e5 0010B940B0E9FEC6718C48ca43a5b6dc0F098d000a0898404b000000000000ff0cfc00000000000000000000000000000000ff06
[2026-07-20 11:11:38.598] 
[2026-07-20 11:11:38.598] 
[2026-07-20 11:11:38.598] 
[2026-07-20 11:11:38.691] pTopic:$aws/rules/bi_wifi_data_report/switchlink/B0E9FEC6718C/link_to_shadow
[2026-07-20 11:11:38.691] pData:BCD ff04000206a5d91e5 0010B940B0E9FEC6718C48ca43a5b6dc0F098d000a0898404b000000000000ff0cfc00000000000000000000000000000000ff06
[2026-07-20 11:11:38.691] 
[2026-07-20 11:11:39.686] [0;32mI (255664450) NL_LTPDU: BatchGet 3E0AE0494182: 6 eps, rsp=114 bytes[0m
[2026-07-20 11:11:39.686] [0;32mI (255664486) NL_LTPDU: BatchGet 880A64775B01: 6 eps, rsp=118 bytes[0m
[2026-07-20 11:11:39.686] 
[2026-07-20 11:11:39.810] [0;32mI (255664611) NL_LTPDU: BatchGet 6A76B95FD1DB: 6 eps, rsp=118 bytes[0m
[2026-07-20 11:11:39.810] 
[2026-07-20 11:11:43.591] uart: 130 AT+BCDS ff04000206a5d91ea 0010B940B0E9FEC6718C48ca43a5b6dc0F098e000a0898400c000000000000ff0d0100000000000000000000000000000000ff06
[2026-07-20 11:11:43.591] 
[2026-07-20 11:11:43.591] 
[2026-07-20 11:11:43.591] 
[2026-07-20 11:11:43.746] pTopic:$aws/rules/bi_wifi_data_report/switchlink/B0E9FEC6718C/link_to_shadow
[2026-07-20 11:11:43.746] pData:BCD ff04000206a5d91ea 0010B940B0E9FEC6718C48ca43a5b6dc0F098e000a0898400c000000000000ff0d0100000000000000000000000000000000ff06
[2026-07-20 11:11:43.746] 
[2026-07-20 11:11:44.766] [0;32mI (255669570) NL_LTPDU: BatchGet 3E0AE0494182: 6 eps, rsp=114 bytes[0m
[2026-07-20 11:11:44.766] 
[2026-07-20 11:11:44.905] [0;32mI (255669702) NL_LTPDU: BatchGet 880A64775B01: 6 eps, rsp=118 bytes[0m
[2026-07-20 11:11:44.905] 
[2026-07-20 11:11:44.966] [0;32mI (255669773) NL_LTPDU: BatchGet 6A76B95FD1DB: 6 eps, rsp=118 bytes[0m
[2026-07-20 11:11:44.966] 
[2026-07-20 11:11:45.307] free heap: 6300868, minimum free heap: 6033104, Internal 8bit free heap: 72360, 8bit free heap: 6300868The current date/time is: Mon Jul 20 03:11:40 2026
[2026-07-20 11:11:45.307] 
[2026-07-20 11:11:45.307] 
[2026-07-20 11:11:45.849] app_to_link:BCD 7304240307d8216ef 0010b940B0E9FEC6718C1a570f7205010205964b02970396
[2026-07-20 11:11:45.849] uart: 40 AT+BCDI 730424010 0010b940B0E9FEC6718C01
[2026-07-20 11:11:45.849] 
[2026-07-20 11:11:45.849] 
[2026-07-20 11:11:45.849] 
[2026-07-20 11:11:45.976] pTopic:switchlink/B0E9FEC6718C/link_to_app
[2026-07-20 11:11:45.976] pData:BCD 730424010 0010b940B0E9FEC6718C01
[2026-07-20 11:11:45.976] 
[2026-07-20 11:11:49.949] [0;32mI (255674738) NL_LTPDU: BatchGet 3E0AE0494182: 6 eps, rsp=114 bytes[0m
[2026-07-20 11:11:49.949] [0;32mI (255674753) NL_LTPDU: BatchGet 880A64775B01: 6 eps, rsp=118 bytes[0m
[2026-07-20 11:11:49.949] 
[2026-07-20 11:11:50.136] [0;32mI (255674931) NL_LTPDU: BatchGet 6A76B95FD1DB: 6 eps, rsp=118 bytes[0m
[2026-07-20 11:11:50.136] 
[2026-07-20 11:11:53.314] free heap: 6300848, minimum free heap: 6033104, Internal 8bit free heap: 72360, 8bit free heap: 6300848The current date/time is: Mon Jul 20 03:11:48 2026
[2026-07-20 11:11:53.314] 
[2026-07-20 11:11:53.314] 
[2026-07-20 11:11:54.819] [0;32mI (255679572) NL_LTPDU: BatchGet 3E0AE0494182: 6 eps, rsp=114 bytes[0m
[2026-07-20 11:11:54.819] [0;32mI (255679603) NL_LTPDU: BatchGet 880A64775B01: 6 eps, rsp=118 bytes[0m
[2026-07-20 11:11:54.819] [0;32mI (255679622) NL_LTPDU: BatchGet 6A76B95FD1DB: 6 eps, rsp=118 bytes[0m
[2026-07-20 11:11:54.819] 
[2026-07-20 11:11:58.688] uart: 11 AT+MOTION 1
[2026-07-20 11:11:58.688] 
[2026-07-20 11:11:58.688] 
[2026-07-20 11:11:58.688] btn on press
[2026-07-20 11:11:58.688] uart: 130 AT+BCDS ff04000206a5d91f9 0010B940B0E9FEC6718C48ca43a5b6dc0F098f200a0898404c000000000000ff0d0200000000000000000000000000000000ff06
[2026-07-20 11:11:58.688] 
[2026-07-20 11:11:58.688] 
[2026-07-20 11:11:58.688] pTopic:$aws/rules/bi_wifi_data_report/switchlink/B0E9FEC6718C/link_to_shadow
[2026-07-20 11:11:58.688] pData:BCD ff04000206a5d91f9 0010B940B0E9FEC6718C48ca43a5b6dc0F098f200a0898404c000000000000ff0d0200000000000000000000000000000000ff06
[2026-07-20 11:11:58.688] 
[2026-07-20 11:11:59.894] [0;32mI (255684689) NL_LTPDU: BatchGet 3E0AE0494182: 6 eps, rsp=114 bytes[0m
[2026-07-20 11:11:59.894] [0;32mI (255684709) NL_LTPDU: BatchGet 880A64775B01: 6 eps, rsp=118 bytes[0m
[2026-07-20 11:11:59.894] 
[2026-07-20 11:11:59.941] [0;32mI (255684740) NL_LTPDU: BatchGet 6A76B95FD1DB: 6 eps, rsp=118 bytes[0m
[2026-07-20 11:11:59.941] 
[2026-07-20 11:12:01.302] free heap: 6300736, minimum free heap: 6033104, Internal 8bit free heap: 72228, 8bit free heap: 6300736The current date/time is: Mon Jul 20 03:11:56 2026
[2026-07-20 11:12:01.302] 
[2026-07-20 11:12:01.302] 
[2026-07-20 11:12:05.123] [0;32mI (255689922) NL_LTPDU: BatchGet 3E0AE0494182: 6 eps, rsp=114 bytes[0m
[2026-07-20 11:12:05.123] 
[2026-07-20 11:12:05.247] [0;32mI (255690031) NL_LTPDU: BatchGet 880A64775B01: 6 eps, rsp=118 bytes[0m
[2026-07-20 11:12:05.247] [0;32mI (255690050) NL_LTPDU: BatchGet 6A76B95FD1DB: 6 eps, rsp=118 bytes[0m
[2026-07-20 11:12:05.247] 
[2026-07-20 11:12:09.315] free heap: 6300772, minimum free heap: 6033104, Internal 8bit free heap: 72264, 8bit free heap: 6300772The current date/time is: Mon Jul 20 03:12:04 2026
[2026-07-20 11:12:09.315] 
[2026-07-20 11:12:09.315] 
[2026-07-20 11:12:10.196] [0;32mI (255695001) NL_LTPDU: BatchGet 3E0AE0494182: 6 eps, rsp=114 bytes[0m
[2026-07-20 11:12:10.196] 
[2026-07-20 11:12:10.242] [0;32mI (255695050) NL_LTPDU: BatchGet 880A64775B01: 6 eps, rsp=118 bytes[0m
[2026-07-20 11:12:10.242] 
[2026-07-20 11:12:10.427] [0;32mI (255695226) NL_LTPDU: BatchGet 6A76B95FD1DB: 6 eps, rsp=118 bytes[0m
[2026-07-20 11:12:10.427] 
[2026-07-20 11:12:14.982] [0;32mI (255699775) NL_LTPDU: BatchGet 3E0AE0494182: 6 eps, rsp=114 bytes[0m
[2026-07-20 11:12:14.982] [0;32mI (255699796) NL_LTPDU: BatchGet 880A64775B01: 6 eps, rsp=118 bytes[0m
[2026-07-20 11:12:14.982] 
[2026-07-20 11:12:15.075] [0;32mI (255699881) NL_LTPDU: BatchGet 6A76B95FD1DB: 6 eps, rsp=118 bytes[0m
[2026-07-20 11:12:15.075] 
[2026-07-20 11:12:16.555] [0;32mI (255701362) ROUTE_HOOK: Received RIO[0m
[2026-07-20 11:12:16.555] [0;32mI (255701362) ROUTE_HOOK: prefix FDEA:C98F:38B2:1:: lifetime 1800[0m
[2026-07-20 11:12:16.555] 
[2026-07-20 11:12:17.313] free heap: 6300884, minimum free heap: 6033104, Internal 8bit free heap: 72396, 8bit free heap: 6300884The current date/time is: Mon Jul 20 03:12:12 2026
[2026-07-20 11:12:17.313] 
[2026-07-20 11:12:17.313] 
[2026-07-20 11:12:20.152] [0;32mI (255704947) NL_LTPDU: BatchGet 3E0AE0494182: 6 eps, rsp=114 bytes[0m
[2026-07-20 11:12:20.152] [0;32mI (255704956) NL_LTPDU: BatchGet 880A64775B01: 6 eps, rsp=118 bytes[0m
[2026-07-20 11:12:20.152] 
[2026-07-20 11:12:20.200] [0;32mI (255705001) NL_LTPDU: BatchGet 6A76B95FD1DB: 6 eps, rsp=118 bytes[0m
[2026-07-20 11:12:20.200] 
[2026-07-20 11:12:25.211] [0;32mI (255710017) NL_LTPDU: BatchGet 3E0AE0494182: 6 eps, rsp=114 bytes[0m
[2026-07-20 11:12:25.211] 
[2026-07-20 11:12:25.273] [0;32mI (255710071) NL_LTPDU: BatchGet 880A64775B01: 6 eps, rsp=118 bytes[0m
[2026-07-20 11:12:25.273] 
[2026-07-20 11:12:25.335] free heap: 6247608, minimum free heap: 6033104, Internal 8bit free heap: 72360, 8bit free heap: 6247608The current date/time is: Mon Jul 20 03:12:20 2026
[2026-07-20 11:12:25.335] 
[2026-07-20 11:12:25.335] [0;32mI (255710127) NL_LTPDU: BatchGet 6A76B95FD1DB: 6 eps, rsp=118 bytes[0m
[2026-07-20 11:12:25.335] 
[2026-07-20 11:12:30.108] [0;32mI (255714895) NL_LTPDU: BatchGet 3E0AE0494182: 6 eps, rsp=114 bytes[0m
[2026-07-20 11:12:30.108] [0;32mI (255714910) NL_LTPDU: BatchGet 880A64775B01: 6 eps, rsp=118 bytes[0m
[2026-07-20 11:12:30.108] [0;32mI (255714916) NL_LTPDU: BatchGet 6A76B95FD1DB: 6 eps, rsp=118 bytes[0m
[2026-07-20 11:12:30.108] 
[2026-07-20 11:12:33.333] free heap: 6299012, minimum free heap: 6033104, Internal 8bit free heap: 72228, 8bit free heap: 6299012The current date/time is: Mon Jul 20 03:12:28 2026
[2026-07-20 11:12:33.333] 
[2026-07-20 11:12:33.333] 
[2026-07-20 11:12:35.192] [0;32mI (255720000) NL_LTPDU: BatchGet 3E0AE0494182: 6 eps, rsp=114 bytes[0m
[2026-07-20 11:12:35.192] 
[2026-07-20 11:12:35.238] [0;32mI (255720033) NL_LTPDU: BatchGet 880A64775B01: 6 eps, rsp=118 bytes[0m
[2026-07-20 11:12:35.238] [0;32mI (255720048) NL_LTPDU: BatchGet 6A76B95FD1DB: 6 eps, rsp=118 bytes[0m
[2026-07-20 11:12:35.238] 
[2026-07-20 11:12:35.580] uart: 19 AT+TEMPHUMI +246 64
[2026-07-20 11:12:35.580] 
[2026-07-20 11:12:35.580] 
[2026-07-20 11:12:35.580] temp_ep:65535,temp_data:2460 humi_ep:65535,humi_data:6400
[2026-07-20 11:12:35.580] 
[2026-07-20 11:12:35.580] 
[2026-07-20 11:12:41.255] [0;32mI (255726041) NL_LTPDU: BatchGet 3E0AE0494182: 6 eps, rsp=114 bytes[0m
[2026-07-20 11:12:41.255] [0;32mI (255726054) NL_LTPDU: BatchGet 880A64775B01: 6 eps, rsp=118 bytes[0m
[2026-07-20 11:12:41.255] [0;32mI (255726061) NL_LTPDU: BatchGet 6A76B95FD1DB: 6 eps, rsp=118 bytes[0m
[2026-07-20 11:12:41.255] 
[2026-07-20 11:12:41.333] free heap: 6300904, minimum free heap: 6033104, Internal 8bit free heap: 72396, 8bit free heap: 6300904The current date/time is: Mon Jul 20 03:12:36 2026
[2026-07-20 11:12:41.333] 
[2026-07-20 11:12:41.333] 
[2026-07-20 11:12:45.572] [0;32mI (255730333) NL_LTPDU: BatchGet 3E0AE0494182: 6 eps, rsp=114 bytes[0m
[2026-07-20 11:12:45.572] [0;32mI (255730360) NL_LTPDU: BatchGet 880A64775B01: 6 eps, rsp=118 bytes[0m
[2026-07-20 11:12:45.572] [0;32mI (255730391) NL_LTPDU: BatchGet 6A76B95FD1DB: 6 eps, rsp=118 bytes[0m
[2026-07-20 11:12:45.572] 
[2026-07-20 11:12:49.339] free heap: 6300868, minimum free heap: 6033104, Internal 8bit free heap: 72360, 8bit free heap: 6300868The current date/time is: Mon Jul 20 03:12:44 2026
[2026-07-20 11:12:49.339] 
[2026-07-20 11:12:49.339] 
[2026-07-20 11:12:50.374] [0;32mI (255735162) NL_LTPDU: BatchGet 3E0AE0494182: 6 eps, rsp=114 bytes[0m
[2026-07-20 11:12:50.374] [0;32mI (255735170) NL_LTPDU: BatchGet 880A64775B01: 6 eps, rsp=118 bytes[0m
[2026-07-20 11:12:50.374] [0;32mI (255735187) NL_LTPDU: BatchGet 6A76B95FD1DB: 6 eps, rsp=118 bytes[0m
[2026-07-20 11:12:50.374] 
[2026-07-20 11:12:55.496] [0;32mI (255740262) NL_LTPDU: BatchGet 3E0AE0494182: 6 eps, rsp=114 bytes[0m
[2026-07-20 11:12:55.496] [0;32mI (255740289) NL_LTPDU: BatchGet 880A64775B01: 6 eps, rsp=118 bytes[0m
[2026-07-20 11:12:55.496] [0;32mI (255740303) NL_LTPDU: BatchGet 6A76B95FD1DB: 6 eps, rsp=118 bytes[0m
[2026-07-20 11:12:55.496] 
[2026-07-20 11:12:57.338] free heap: 6300904, minimum free heap: 6033104, Internal 8bit free heap: 72396, 8bit free heap: 6300904The current date/time is: Mon Jul 20 03:12:52 2026
[2026-07-20 11:12:57.338] 
[2026-07-20 11:12:57.338] 
[2026-07-20 11:13:00.732] [0;32mI (255745508) NL_LTPDU: BatchGet 3E0AE0494182: 6 eps, rsp=114 bytes[0m
[2026-07-20 11:13:00.732] [0;32mI (255745516) NL_LTPDU: BatchGet 880A64775B01: 6 eps, rsp=118 bytes[0m
[2026-07-20 11:13:00.732] [0;32mI (255745540) NL_LTPDU: BatchGet 6A76B95FD1DB: 6 eps, rsp=118 bytes[0m
[2026-07-20 11:13:00.732] 
[2026-07-20 11:13:05.363] free heap: 6300772, minimum free heap: 6033104, Internal 8bit free heap: 72264, 8bit free heap: 6300772The current date/time is: Mon Jul 20 03:13:00 2026
[2026-07-20 11:13:05.363] 
[2026-07-20 11:13:05.363] 
[2026-07-20 11:13:05.534] [0;32mI (255750310) NL_LTPDU: BatchGet 3E0AE0494182: 6 eps, rsp=114 bytes[0m
[2026-07-20 11:13:05.534] [0;32mI (255750330) NL_LTPDU: BatchGet 880A64775B01: 6 eps, rsp=118 bytes[0m
[2026-07-20 11:13:05.534] [0;32mI (255750347) NL_LTPDU: BatchGet 6A76B95FD1DB: 6 eps, rsp=118 bytes[0m
[2026-07-20 11:13:05.534] 
[2026-07-20 11:13:10.652] [0;32mI (255755430) NL_LTPDU: BatchGet 3E0AE0494182: 6 eps, rsp=114 bytes[0m
[2026-07-20 11:13:10.652] [0;32mI (255755456) NL_LTPDU: BatchGet 880A64775B01: 6 eps, rsp=118 bytes[0m
[2026-07-20 11:13:10.652] [0;32mI (255755462) NL_LTPDU: BatchGet 6A76B95FD1DB: 6 eps, rsp=118 bytes[0m
[2026-07-20 11:13:10.652] 
[2026-07-20 11:13:13.396] free heap: 6300904, minimum free heap: 6033104, Internal 8bit free heap: 72396, 8bit free heap: 6300904The current date/time is: Mon Jul 20 03:13:08 2026
[2026-07-20 11:13:13.396] 
[2026-07-20 11:13:13.396] 
[2026-07-20 11:13:15.713] [0;32mI (255760518) NL_LTPDU: BatchGet 3E0AE0494182: 6 eps, rsp=114 bytes[0m
[2026-07-20 11:13:15.713] 
[2026-07-20 11:13:15.775] [0;32mI (255760568) NL_LTPDU: BatchGet 880A64775B01: 6 eps, rsp=118 bytes[0m
[2026-07-20 11:13:15.775] [0;32mI (255760582) NL_LTPDU: BatchGet 6A76B95FD1DB: 6 eps, rsp=118 bytes[0m
[2026-07-20 11:13:15.775] 
[2026-07-20 11:13:20.626] [0;32mI (255765425) NL_LTPDU: BatchGet 3E0AE0494182: 6 eps, rsp=114 bytes[0m
[2026-07-20 11:13:20.626] [0;32mI (255765440) NL_LTPDU: BatchGet 880A64775B01: 6 eps, rsp=118 bytes[0m
[2026-07-20 11:13:20.626] 
[2026-07-20 11:13:20.656] [0;32mI (255765471) NL_LTPDU: BatchGet 6A76B95FD1DB: 6 eps, rsp=118 bytes[0m
[2026-07-20 11:13:20.656] 
[2026-07-20 11:13:21.411] free heap: 6300904, minimum free heap: 6033104, Internal 8bit free heap: 72396, 8bit free heap: 6300904The current date/time is: Mon Jul 20 03:13:16 2026
[2026-07-20 11:13:21.411] 
[2026-07-20 11:13:21.411] 
[2026-07-20 11:13:25.745] [0;32mI (255770541) NL_LTPDU: BatchGet 3E0AE0494182: 6 eps, rsp=114 bytes[0m
[2026-07-20 11:13:25.745] [0;32mI (255770561) NL_LTPDU: BatchGet 880A64775B01: 6 eps, rsp=118 bytes[0m
[2026-07-20 11:13:25.745] 
[2026-07-20 11:13:25.791] [0;32mI (255770597) NL_LTPDU: BatchGet 6A76B95FD1DB: 6 eps, rsp=118 bytes[0m
[2026-07-20 11:13:25.791] 
[2026-07-20 11:13:29.414] free heap: 6300904, minimum free heap: 6033104, Internal 8bit free heap: 72396, 8bit free heap: 6300904The current date/time is: Mon Jul 20 03:13:24 2026
[2026-07-20 11:13:29.414] 
[2026-07-20 11:13:29.414] 
[2026-07-20 11:13:30.900] [0;32mI (255775706) NL_LTPDU: BatchGet 3E0AE0494182: 6 eps, rsp=114 bytes[0m
[2026-07-20 11:13:30.900] [0;32mI (255775717) NL_LTPDU: BatchGet 880A64775B01: 6 eps, rsp=118 bytes[0m
[2026-07-20 11:13:30.900] [0;32mI (255775724) NL_LTPDU: BatchGet 6A76B95FD1DB: 6 eps, rsp=118 bytes[0m
[2026-07-20 11:13:30.900] 
[2026-07-20 11:13:35.769] [0;32mI (255780577) NL_LTPDU: BatchGet 3E0AE0494182: 6 eps, rsp=114 bytes[0m
[2026-07-20 11:13:35.769] [0;32mI (255780589) NL_LTPDU: BatchGet 880A64775B01: 6 eps, rsp=118 bytes[0m
[2026-07-20 11:13:35.769] 
[2026-07-20 11:13:35.831] [0;32mI (255780639) NL_LTPDU: BatchGet 6A76B95FD1DB: 6 eps, rsp=118 bytes[0m
[2026-07-20 11:13:35.831] 
[2026-07-20 11:13:37.421] free heap: 6300752, minimum free heap: 6033104, Internal 8bit free heap: 72264, 8bit free heap: 6300752The current date/time is: Mon Jul 20 03:13:32 2026
[2026-07-20 11:13:37.421] 
[2026-07-20 11:13:37.421] 
[2026-07-20 11:13:40.900] [0;32mI (255785689) NL_LTPDU: BatchGet 3E0AE0494182: 6 eps, rsp=114 bytes[0m
[2026-07-20 11:13:40.900] [0;32mI (255785709) NL_LTPDU: BatchGet 880A64775B01: 6 eps, rsp=118 bytes[0m
[2026-07-20 11:13:40.900] 
[2026-07-20 11:13:40.946] [0;32mI (255785761) NL_LTPDU: BatchGet 6A76B95FD1DB: 6 eps, rsp=118 bytes[0m
[2026-07-20 11:13:40.946] 
[2026-07-20 11:13:45.424] free heap: 6300868, minimum free heap: 6033104, Internal 8bit free heap: 72360, 8bit free heap: 6300868The current date/time is: Mon Jul 20 03:13:40 2026
[2026-07-20 11:13:45.424] 
[2026-07-20 11:13:45.424] 
[2026-07-20 11:13:46.073] [0;32mI (255790879) NL_LTPDU: BatchGet 3E0AE0494182: 6 eps, rsp=114 bytes[0m
[2026-07-20 11:13:46.073] [0;32mI (255790896) NL_LTPDU: BatchGet 880A64775B01: 6 eps, rsp=118 bytes[0m
[2026-07-20 11:13:46.073] 
[2026-07-20 11:13:46.119] [0;32mI (255790925) NL_LTPDU: BatchGet 6A76B95FD1DB: 6 eps, rsp=118 bytes[0m
[2026-07-20 11:13:46.119] 
[2026-07-20 11:13:48.589] uart: 11 AT+MOTION 0
[2026-07-20 11:13:48.589] 
[2026-07-20 11:13:48.589] 
[2026-07-20 11:13:48.589] btn on press
[2026-07-20 11:13:48.589] uart: 130 AT+BCDS ff04000206a5d9267 0010B940B0E9FEC6718C48ca43a5b6dc0F0990000a0698404c000000000000ff0d0000000000000000000000000000000000ff06
[2026-07-20 11:13:48.589] 
[2026-07-20 11:13:48.589] 
[2026-07-20 11:13:48.589] 
[2026-07-20 11:13:48.712] pTopic:$aws/rules/bi_wifi_data_report/switchlink/B0E9FEC6718C/link_to_shadow
[2026-07-20 11:13:48.712] pData:BCD ff04000206a5d9267 0010B940B0E9FEC6718C48ca43a5b6dc0F0990000a0698404c000000000000ff0d0000000000000000000000000000000000ff06
[2026-07-20 11:13:48.712] 
[2026-07-20 11:13:51.185] [0;32mI (255795980) NL_LTPDU: BatchGet 3E0AE0494182: 6 eps, rsp=114 bytes[0m
[2026-07-20 11:13:51.185] [0;32mI (255796009) NL_LTPDU: BatchGet 880A64775B01: 6 eps, rsp=118 bytes[0m
[2026-07-20 11:13:51.185] 
[2026-07-20 11:13:51.231] [0;32mI (255796041) NL_LTPDU: BatchGet 6A76B95FD1DB: 6 eps, rsp=118 bytes[0m
[2026-07-20 11:13:51.231] 
[2026-07-20 11:13:53.457] free heap: 6300884, minimum free heap: 6033104, Internal 8bit free heap: 72396, 8bit free heap: 6300884The current date/time is: Mon Jul 20 03:13:48 2026
[2026-07-20 11:13:53.457] 
[2026-07-20 11:13:53.457] 
[2026-07-20 11:13:56.007] [0;32mI (255800816) NL_LTPDU: BatchGet 3E0AE0494182: 6 eps, rsp=114 bytes[0m
[2026-07-20 11:13:56.007] [0;32mI (255800827) NL_LTPDU: BatchGet 880A64775B01: 6 eps, rsp=118 bytes[0m
[2026-07-20 11:13:56.007] 
[2026-07-20 11:13:56.069] [0;32mI (255800881) NL_LTPDU: BatchGet 6A76B95FD1DB: 6 eps, rsp=118 bytes[0m
[2026-07-20 11:13:56.069] 
[2026-07-20 11:13:58.893] uart: 11 AT+MOTION 1
[2026-07-20 11:13:58.893] 
[2026-07-20 11:13:58.893] 
[2026-07-20 11:13:58.893] btn on press
[2026-07-20 11:13:58.893] uart: 130 AT+BCDS ff04000206a5d9271 0010B940B0E9FEC6718C48ca43a5b6dc0F0991200a0698404c000000000000ff0d0000000000000000000000000000000000ff06
[2026-07-20 11:13:58.893] 
[2026-07-20 11:13:58.893] 
[2026-07-20 11:13:58.893] 
[2026-07-20 11:13:59.018] pTopic:$aws/rules/bi_wifi_data_report/switchlink/B0E9FEC6718C/link_to_shadow
[2026-07-20 11:13:59.018] pData:BCD ff04000206a5d9271 0010B940B0E9FEC6718C48ca43a5b6dc0F0991200a0698404c000000000000ff0d0000000000000000000000000000000000ff06
[2026-07-20 11:13:59.018] 
[2026-07-20 11:14:01.228] [0;32mI (255806023) NL_LTPDU: BatchGet 3E0AE0494182: 6 eps, rsp=114 bytes[0m
[2026-07-20 11:14:01.228] [0;32mI (255806033) NL_LTPDU: BatchGet 880A64775B01: 6 eps, rsp=118 bytes[0m
[2026-07-20 11:14:01.228] [0;32mI (255806049) NL_LTPDU: BatchGet 6A76B95FD1DB: 6 eps, rsp=118 bytes[0m
[2026-07-20 11:14:01.228] 
[2026-07-20 11:14:01.460] free heap: 6300868, minimum free heap: 6033104, Internal 8bit free heap: 72360, 8bit free heap: 6300868The current date/time is: Mon Jul 20 03:13:56 2026
[2026-07-20 11:14:01.460] 
[2026-07-20 11:14:01.460] 
[2026-07-20 11:14:06.343] [0;32mI (255811136) NL_LTPDU: BatchGet 3E0AE0494182: 6 eps, rsp=114 bytes[0m
[2026-07-20 11:14:06.343] [0;32mI (255811149) NL_LTPDU: BatchGet 880A64775B01: 6 eps, rsp=118 bytes[0m
[2026-07-20 11:14:06.343] [0;32mI (255811169) NL_LTPDU: BatchGet 6A76B95FD1DB: 6 eps, rsp=118 bytes[0m
[2026-07-20 11:14:06.343] 
[2026-07-20 11:14:07.365] uart: 70 AT+TEST shadow BCD|010211017|6a5d9279|63f3a82cc2d008010126060011|38|03
[2026-07-20 11:14:07.365] 
[2026-07-20 11:14:07.365] 
[2026-07-20 11:14:07.365] 
[2026-07-20 11:14:07.519] pTopic:$aws/rules/bi_ble_data_report_arch2/switchlink/B0E9FEC6718C/link_to_status
[2026-07-20 11:14:07.519] pData:{"protocolVersion":1,"count":1,"messages":[{"id":"332b987a-011a-4747-9f23-df0bef6807c2","eventType":"Wo.Device.DataReport","data":{"deviceID":"f3a82cc2d008","createTime":1784517241,"contentVersion":3,"contentType":"hex","content":"63f3a82cc2d008010126060011","seq":56}}]}
[2026-07-20 11:14:07.519] 
[2026-07-20 11:14:09.515] free heap: 6300772, minimum free heap: 6033104, Internal 8bit free heap: 72264, 8bit free heap: 6300772The current date/time is: Mon Jul 20 03:14:04 2026
[2026-07-20 11:14:09.515] 
[2026-07-20 11:14:09.515] 
[2026-07-20 11:14:11.150] [0;32mI (255815956) NL_LTPDU: BatchGet 3E0AE0494182: 6 eps, rsp=114 bytes[0m
[2026-07-20 11:14:11.150] [0;32mI (255815961) NL_LTPDU: BatchGet 880A64775B01: 6 eps, rsp=118 bytes[0m
[2026-07-20 11:14:11.150] [0;32mI (255815974) NL_LTPDU: BatchGet 6A76B95FD1DB: 6 eps, rsp=118 bytes[0m
[2026-07-20 11:14:11.150] 
[2026-07-20 11:14:16.281] [0;32mI (255821075) NL_LTPDU: BatchGet 3E0AE0494182: 6 eps, rsp=114 bytes[0m
[2026-07-20 11:14:16.281] [0;32mI (255821088) NL_LTPDU: BatchGet 880A64775B01: 6 eps, rsp=118 bytes[0m
[2026-07-20 11:14:16.281] [0;32mI (255821096) NL_LTPDU: BatchGet 6A76B95FD1DB: 6 eps, rsp=118 bytes[0m
[2026-07-20 11:14:16.281] 
[2026-07-20 11:14:17.518] free heap: 6300884, minimum free heap: 6033104, Internal 8bit free heap: 72396, 8bit free heap: 6300884The current date/time is: Mon Jul 20 03:14:12 2026
[2026-07-20 11:14:17.518] 
[2026-07-20 11:14:17.518] 
[2026-07-20 11:14:21.394] [0;32mI (255826197) NL_LTPDU: BatchGet 3E0AE0494182: 6 eps, rsp=114 bytes[0m
[2026-07-20 11:14:21.394] [0;32mI (255826204) NL_LTPDU: BatchGet 880A64775B01: 6 eps, rsp=118 bytes[0m
[2026-07-20 11:14:21.394] [0;32mI (255826214) NL_LTPDU: BatchGet 6A76B95FD1DB: 6 eps, rsp=118 bytes[0m
[2026-07-20 11:14:21.394] 
[2026-07-20 11:14:25.532] free heap: 6300904, minimum free heap: 6033104, Internal 8bit free heap: 72396, 8bit free heap: 6300904The current date/time is: Mon Jul 20 03:14:20 2026
[2026-07-20 11:14:25.532] 
[2026-07-20 11:14:25.532] 
[2026-07-20 11:14:26.647] [0;32mI (255831414) NL_LTPDU: BatchGet 3E0AE0494182: 6 eps, rsp=114 bytes[0m
[2026-07-20 11:14:26.647] [0;32mI (255831448) NL_LTPDU: BatchGet 880A64775B01: 6 eps, rsp=118 bytes[0m
[2026-07-20 11:14:26.647] [0;32mI (255831470) NL_LTPDU: BatchGet 6A76B95FD1DB: 6 eps, rsp=118 bytes[0m
[2026-07-20 11:14:26.647] 
[2026-07-20 11:14:29.948] [0;32mI (255834770) ROUTE_HOOK: Received RIO[0m
[2026-07-20 11:14:29.948] [0;32mI (255834771) ROUTE_HOOK: prefix FDEA:C98F:38B2:1:: lifetime 1800[0m
[2026-07-20 11:14:29.948] 
[2026-07-20 11:14:31.341] [0;32mI (255836148) NL_LTPDU: BatchGet 3E0AE0494182: 6 eps, rsp=114 bytes[0m
[2026-07-20 11:14:31.341] [0;32mI (255836160) NL_LTPDU: BatchGet 880A64775B01: 6 eps, rsp=118 bytes[0m
[2026-07-20 11:14:31.341] 
[2026-07-20 11:14:31.621] [0;32mI (255836438) NL_LTPDU: BatchGet 6A76B95FD1DB: 6 eps, rsp=118 bytes[0m
[2026-07-20 11:14:31.621] 
[2026-07-20 11:14:33.536] free heap: 6300752, minimum free heap: 6033104, Internal 8bit free heap: 72264, 8bit free heap: 6300752The current date/time is: Mon Jul 20 03:14:28 2026
[2026-07-20 11:14:33.536] 
[2026-07-20 11:14:33.536] 
[2026-07-20 11:14:35.578] uart: 11 AT+MOTION 0
[2026-07-20 11:14:35.578] 
[2026-07-20 11:14:35.578] 
[2026-07-20 11:14:35.578] btn on press
[2026-07-20 11:14:35.578] uart: 130 AT+BCDS ff04000206a5d9296 0010B940B0E9FEC6718C48ca43a5b6dc0F0992000a0698404c000000000000ff0cff00000000000000000000000000000000ff06
[2026-07-20 11:14:35.578] 
[2026-07-20 11:14:35.578] 
[2026-07-20 11:14:35.578] 
[2026-07-20 11:14:35.779] pTopic:$aws/rules/bi_wifi_data_report/switchlink/B0E9FEC6718C/link_to_shadow
[2026-07-20 11:14:35.779] pData:BCD ff04000206a5d9296 0010B940B0E9FEC6718C48ca43a5b6dc0F0992000a0698404c000000000000ff0cff00000000000000000000000000000000ff06
[2026-07-20 11:14:35.779] 
[2026-07-20 11:14:36.505] [0;32mI (255841325) NL_LTPDU: BatchGet 3E0AE0494182: 6 eps, rsp=114 bytes[0m
[2026-07-20 11:14:36.505] 
[2026-07-20 11:14:36.535] [0;32mI (255841357) NL_LTPDU: BatchGet 880A64775B01: 6 eps, rsp=118 bytes[0m
[2026-07-20 11:14:36.535] 
[2026-07-20 11:14:36.566] [0;32mI (255841389) NL_LTPDU: BatchGet 6A76B95FD1DB: 6 eps, rsp=118 bytes[0m
[2026-07-20 11:14:36.566] 
[2026-07-20 11:14:41.553] free heap: 6247512, minimum free heap: 6033104, Internal 8bit free heap: 72264, 8bit free heap: 6247512The current date/time is: Mon Jul 20 03:14:36 2026
[2026-07-20 11:14:41.553] 
[2026-07-20 11:14:41.553] 
[2026-07-20 11:14:41.707] [0;32mI (255846491) NL_LTPDU: BatchGet 3E0AE0494182: 6 eps, rsp=114 bytes[0m
[2026-07-20 11:14:41.707] [0;32mI (255846523) NL_LTPDU: BatchGet 880A64775B01: 6 eps, rsp=118 bytes[0m
[2026-07-20 11:14:41.707] 
[2026-07-20 11:14:41.769] [0;32mI (255846589) NL_LTPDU: BatchGet 6A76B95FD1DB: 6 eps, rsp=118 bytes[0m
[2026-07-20 11:14:41.769] 
[2026-07-20 11:14:46.679] [0;32mI (255851497) NL_LTPDU: BatchGet 3E0AE0494182: 6 eps, rsp=114 bytes[0m
[2026-07-20 11:14:46.679] 
[2026-07-20 11:14:46.897] [0;32mI (255851692) NL_LTPDU: BatchGet 880A64775B01: 6 eps, rsp=118 bytes[0m
[2026-07-20 11:14:46.897] [0;32mI (255851711) NL_LTPDU: BatchGet 6A76B95FD1DB: 6 eps, rsp=118 bytes[0m
[2026-07-20 11:14:46.897] 
[2026-07-20 11:14:49.554] free heap: 6300904, minimum free heap: 6033104, Internal 8bit free heap: 72396, 8bit free heap: 6300904The current date/time is: Mon Jul 20 03:14:44 2026
[2026-07-20 11:14:49.554] 
[2026-07-20 11:14:49.554] 
[2026-07-20 11:14:51.599] [0;32mI (255856383) NL_LTPDU: BatchGet 3E0AE0494182: 6 eps, rsp=114 bytes[0m
[2026-07-20 11:14:51.599] [0;32mI (255856402) NL_LTPDU: BatchGet 880A64775B01: 6 eps, rsp=118 bytes[0m
[2026-07-20 11:14:51.599] [0;32mI (255856421) NL_LTPDU: BatchGet 6A76B95FD1DB: 6 eps, rsp=118 bytes[0m
[2026-07-20 11:14:51.599] 
[2026-07-20 11:14:56.735] [0;32mI (255861518) NL_LTPDU: BatchGet 3E0AE0494182: 6 eps, rsp=114 bytes[0m
[2026-07-20 11:14:56.735] [0;32mI (255861529) NL_LTPDU: BatchGet 880A64775B01: 6 eps, rsp=118 bytes[0m
[2026-07-20 11:14:56.735] [0;32mI (255861550) NL_LTPDU: BatchGet 6A76B95FD1DB: 6 eps, rsp=118 bytes[0m
[2026-07-20 11:14:56.735] 
[2026-07-20 11:14:57.555] free heap: 6300904, minimum free heap: 6033104, Internal 8bit free heap: 72396, 8bit free heap: 6300904The current date/time is: Mon Jul 20 03:14:52 2026
[2026-07-20 11:14:57.555] 
[2026-07-20 11:14:57.555] 
[2026-07-20 11:15:01.847] [0;32mI (255866644) NL_LTPDU: BatchGet 3E0AE0494182: 6 eps, rsp=114 bytes[0m
[2026-07-20 11:15:01.847] [0;32mI (255866665) NL_LTPDU: BatchGet 880A64775B01: 6 eps, rsp=118 bytes[0m
[2026-07-20 11:15:01.847] [0;32mI (255866672) NL_LTPDU: BatchGet 6A76B95FD1DB: 6 eps, rsp=118 bytes[0m
[2026-07-20 11:15:01.847] 
[2026-07-20 11:15:05.579] free heap: 6300772, minimum free heap: 6033104, Internal 8bit free heap: 72264, 8bit free heap: 6300772The current date/time is: Mon Jul 20 03:15:00 2026
[2026-07-20 11:15:05.579] 
[2026-07-20 11:15:05.579] 
[2026-07-20 11:15:06.338] uart: 9 AT+STATUS
[2026-07-20 11:15:06.338] 
[2026-07-20 11:15:06.338] 
[2026-07-20 11:15:06.338] wifi status is 5 1 2
[2026-07-20 11:15:06.338] 
[2026-07-20 11:15:06.338] wifi ipv4 info:
[2026-07-20 11:15:06.338] 
[2026-07-20 11:15:06.338] 192.168.50.200.
[2026-07-20 11:15:06.338] 
[2026-07-20 11:15:06.338] 255.255.255.0.
[2026-07-20 11:15:06.338] 
[2026-07-20 11:15:06.338] 192.168.50.1.
[2026-07-20 11:15:06.338] 
[2026-07-20 11:15:06.338] 
[2026-07-20 11:15:06.431] uart: 10 AT+GET_UTC
[2026-07-20 11:15:06.431] 
[2026-07-20 11:15:06.431] 
[2026-07-20 11:15:06.431] utc 3, 6a
[2026-07-20 11:15:06.431] 
[2026-07-20 11:15:06.431] utc 2, 5d
[2026-07-20 11:15:06.431] 
[2026-07-20 11:15:06.431] utc 1, 92
[2026-07-20 11:15:06.431] 
[2026-07-20 11:15:06.431] utc 0, b4
[2026-07-20 11:15:06.431] 
[2026-07-20 11:15:06.431] UTC : 6a5d92b4
[2026-07-20 11:15:06.431] 
[2026-07-20 11:15:06.431] 
[2026-07-20 11:15:06.602] [0;32mI (255871413) NL_LTPDU: BatchGet 3E0AE0494182: 6 eps, rsp=114 bytes[0m
[2026-07-20 11:15:06.602] 
[2026-07-20 11:15:06.632] [0;32mI (255871454) NL_LTPDU: BatchGet 880A64775B01: 6 eps, rsp=118 bytes[0m
[2026-07-20 11:15:06.632] [0;32mI (255871462) NL_LTPDU: BatchGet 6A76B95FD1DB: 6 eps, rsp=118 bytes[0m
[2026-07-20 11:15:06.632] 
[2026-07-20 11:15:11.712] [0;32mI (255876527) NL_LTPDU: BatchGet 3E0AE0494182: 6 eps, rsp=114 bytes[0m
[2026-07-20 11:15:11.712] 
[2026-07-20 11:15:11.759] [0;32mI (255876570) NL_LTPDU: BatchGet 880A64775B01: 6 eps, rsp=118 bytes[0m
[2026-07-20 11:15:11.759] [0;32mI (255876581) NL_LTPDU: BatchGet 6A76B95FD1DB: 6 eps, rsp=118 bytes[0m
[2026-07-20 11:15:11.759] 
[2026-07-20 11:15:13.601] free heap: 6300884, minimum free heap: 6033104, Internal 8bit free heap: 72396, 8bit free heap: 6300884The current date/time is: Mon Jul 20 03:15:08 2026
[2026-07-20 11:15:13.601] 
[2026-07-20 11:15:13.601] 
[2026-07-20 11:15:19.427] [0;32mI (255884247) NL_LTPDU: BatchGet 3E0AE0494182: 6 eps, rsp=114 bytes[0m
[2026-07-20 11:15:19.427] 
[2026-07-20 11:15:19.965] [0;32mI (255884786) NL_LTPDU: BatchGet 880A64775B01: 6 eps, rsp=118 bytes[0m
[2026-07-20 11:15:19.965] 
[2026-07-20 11:15:21.077] [0;32mI (255885897) NL_LTPDU: BatchGet 6A76B95FD1DB: 6 eps, rsp=118 bytes[0m
[2026-07-20 11:15:21.077] 
[2026-07-20 11:15:21.618] free heap: 6300904, minimum free heap: 6033104, Internal 8bit free heap: 72396, 8bit free heap: 6300904The current date/time is: Mon Jul 20 03:15:16 2026
[2026-07-20 11:15:21.618] 
[2026-07-20 11:15:21.618] 
[2026-07-20 11:15:22.215] [0;32mI (255887031) NL_LTPDU: BatchGet 3E0AE0494182: 6 eps, rsp=114 bytes[0m
[2026-07-20 11:15:22.215] 
[2026-07-20 11:15:24.466] [0;32mI (255889279) NL_LTPDU: BatchGet 880A64775B01: 6 eps, rsp=118 bytes[0m
[2026-07-20 11:15:24.466] 
[2026-07-20 11:15:25.115] [0;32mI (255889931) NL_LTPDU: BatchGet 6A76B95FD1DB: 6 eps, rsp=118 bytes[0m
[2026-07-20 11:15:25.115] 
[2026-07-20 11:15:26.476] uart: 11 AT+MOTION 1
[2026-07-20 11:15:26.476] 
[2026-07-20 11:15:26.476] 
[2026-07-20 11:15:26.476] btn on press
[2026-07-20 11:15:26.476] uart: 130 AT+BCDS ff04000206a5d92c7 0010B940B0E9FEC6718C48ca43a5b6dc0F0993200a0698404c000000000000ff0cfc00000000000000000000000000000000ff06
[2026-07-20 11:15:26.476] 
[2026-07-20 11:15:26.476] 
[2026-07-20 11:15:26.476] pTopic:$aws/rules/bi_wifi_data_report/switchlink/B0E9FEC6718C/link_to_shadow
[2026-07-20 11:15:26.476] pData:BCD ff04000206a5d92c7 0010B940B0E9FEC6718C48ca43a5b6dc0F0993200a0698404c000000000000ff0cfc00000000000000000000000000000000ff06
[2026-07-20 11:15:26.476] 
[2026-07-20 11:15:27.265] [0;32mI (255892091) NL_LTPDU: BatchGet 3E0AE0494182: 6 eps, rsp=114 bytes[0m
[2026-07-20 11:15:27.265] 
[2026-07-20 11:15:27.635] [0;32mI (255892448) NL_LTPDU: BatchGet 880A64775B01: 6 eps, rsp=118 bytes[0m
[2026-07-20 11:15:27.635] 
[2026-07-20 11:15:28.806] [0;32mI (255893620) NL_LTPDU: BatchGet 6A76B95FD1DB: 6 eps, rsp=118 bytes[0m
[2026-07-20 11:15:28.806] 
[2026-07-20 11:15:29.613] free heap: 6300904, minimum free heap: 6033104, Internal 8bit free heap: 72396, 8bit free heap: 6300904The current date/time is: Mon Jul 20 03:15:24 2026
[2026-07-20 11:15:29.613] 
[2026-07-20 11:15:29.613] 
[2026-07-20 11:15:32.347] [0;32mI (255897161) NL_LTPDU: BatchGet 3E0AE0494182: 6 eps, rsp=114 bytes[0m
[2026-07-20 11:15:32.347] 
[2026-07-20 11:15:32.704] [0;32mI (255897528) NL_LTPDU: BatchGet 880A64775B01: 6 eps, rsp=118 bytes[0m
[2026-07-20 11:15:32.704] 
[2026-07-20 11:15:32.980] [0;32mI (255897798) NL_LTPDU: BatchGet 6A76B95FD1DB: 6 eps, rsp=118 bytes[0m
[2026-07-20 11:15:32.980] 
[2026-07-20 11:15:37.624] free heap: 6247512, minimum free heap: 6033104, Internal 8bit free heap: 72264, 8bit free heap: 6247512The current date/time is: Mon Jul 20 03:15:32 2026
[2026-07-20 11:15:37.624] 
[2026-07-20 11:15:37.624] 
[2026-07-20 11:15:38.227] [0;32mI (255903052) NL_LTPDU: BatchGet 3E0AE0494182: 6 eps, rsp=114 bytes[0m
[2026-07-20 11:15:38.227] 
[2026-07-20 11:15:38.351] [0;32mI (255903167) NL_LTPDU: BatchGet 880A64775B01: 6 eps, rsp=118 bytes[0m
[2026-07-20 11:15:38.351] 
[2026-07-20 11:15:38.553] [0;32mI (255903367) NL_LTPDU: BatchGet 6A76B95FD1DB: 6 eps, rsp=118 bytes[0m
[2026-07-20 11:15:38.553] 
[2026-07-20 11:15:42.414] [0;32mI (255907242) NL_LTPDU: BatchGet 3E0AE0494182: 6 eps, rsp=114 bytes[0m
[2026-07-20 11:15:42.414] 
[2026-07-20 11:15:42.676] [0;32mI (255907500) NL_LTPDU: BatchGet 880A64775B01: 6 eps, rsp=118 bytes[0m
[2026-07-20 11:15:42.676] 
[2026-07-20 11:15:42.862] [0;32mI (255907680) NL_LTPDU: BatchGet 6A76B95FD1DB: 6 eps, rsp=118 bytes[0m
[2026-07-20 11:15:42.862] 
[2026-07-20 11:15:45.632] free heap: 6300772, minimum free heap: 6033104, Internal 8bit free heap: 72264, 8bit free heap: 6300772The current date/time is: Mon Jul 20 03:15:40 2026
[2026-07-20 11:15:45.632] 
[2026-07-20 11:15:45.632] 
[2026-07-20 11:15:47.839] [0;32mI (255912655) NL_LTPDU: BatchGet 3E0AE0494182: 6 eps, rsp=114 bytes[0m
[2026-07-20 11:15:47.839] 
[2026-07-20 11:15:49.887] [0;32mI (255914704) NL_LTPDU: BatchGet 880A64775B01: 6 eps, rsp=118 bytes[0m
[2026-07-20 11:15:49.887] 
[2026-07-20 11:15:50.553] [0;32mI (255915376) NL_LTPDU: BatchGet 6A76B95FD1DB: 6 eps, rsp=118 bytes[0m
[2026-07-20 11:15:50.553] 
[2026-07-20 11:15:53.353] [0;32mI (255918181) NL_LTPDU: BatchGet 3E0AE0494182: 6 eps, rsp=114 bytes[0m
[2026-07-20 11:15:53.353] 
[2026-07-20 11:15:53.631] free heap: 6246032, minimum free heap: 6033104, Internal 8bit free heap: 72360, 8bit free heap: 6246032The current date/time is: Mon Jul 20 03:15:48 2026
[2026-07-20 11:15:53.631] 
[2026-07-20 11:15:53.631] 
[2026-07-20 11:15:54.263] [0;32mI (255919088) NL_LTPDU: BatchGet 880A64775B01: 6 eps, rsp=118 bytes[0m
[2026-07-20 11:15:54.263] 
[2026-07-20 11:15:54.912] [0;32mI (255919740) NL_LTPDU: BatchGet 6A76B95FD1DB: 6 eps, rsp=118 bytes[0m
[2026-07-20 11:15:54.912] 
[2026-07-20 11:15:57.355] [0;32mI (255922154) NL_LTPDU: BatchGet 3E0AE0494182: 6 eps, rsp=114 bytes[0m
[2026-07-20 11:15:57.355] [0;32mI (255922180) NL_LTPDU: BatchGet 880A64775B01: 6 eps, rsp=118 bytes[0m
[2026-07-20 11:15:57.355] 
[2026-07-20 11:15:57.632] [0;32mI (255922453) NL_LTPDU: BatchGet 6A76B95FD1DB: 6 eps, rsp=118 bytes[0m
[2026-07-20 11:15:57.632] 
[2026-07-20 11:16:01.654] free heap: 6300904, minimum free heap: 6033104, Internal 8bit free heap: 72396, 8bit free heap: 6300904The current date/time is: Mon Jul 20 03:15:56 2026
[2026-07-20 11:16:01.654] 
[2026-07-20 11:16:01.654] 
[2026-07-20 11:16:02.351] [0;32mI (255927169) NL_LTPDU: BatchGet 3E0AE0494182: 6 eps, rsp=114 bytes[0m
[2026-07-20 11:16:02.351] 
[2026-07-20 11:16:02.679] [0;32mI (255927498) NL_LTPDU: BatchGet 880A64775B01: 6 eps, rsp=118 bytes[0m
[2026-07-20 11:16:02.679] 
[2026-07-20 11:16:04.923] [0;32mI (255929753) NL_LTPDU: BatchGet 6A76B95FD1DB: 6 eps, rsp=118 bytes[0m
[2026-07-20 11:16:04.923] 
[2026-07-20 11:16:07.535] [0;32mI (255932363) NL_LTPDU: BatchGet 3E0AE0494182: 6 eps, rsp=114 bytes[0m
[2026-07-20 11:16:07.535] 
[2026-07-20 11:16:07.612] [0;32mI (255932441) NL_LTPDU: BatchGet 880A64775B01: 6 eps, rsp=118 bytes[0m
[2026-07-20 11:16:07.612] 
[2026-07-20 11:16:07.906] [0;32mI (255932736) NL_LTPDU: BatchGet 6A76B95FD1DB: 6 eps, rsp=118 bytes[0m
[2026-07-20 11:16:07.906] 
[2026-07-20 11:16:09.669] free heap: 6300784, minimum free heap: 6033104, Internal 8bit free heap: 72264, 8bit free heap: 6300784The current date/time is: Mon Jul 20 03:16:04 2026
[2026-07-20 11:16:09.669] 
[2026-07-20 11:16:09.669] 
[2026-07-20 11:16:12.681] [0;32mI (255937499) NL_LTPDU: BatchGet 3E0AE0494182: 6 eps, rsp=114 bytes[0m
[2026-07-20 11:16:12.681] 
[2026-07-20 11:16:12.726] [0;32mI (255937539) NL_LTPDU: BatchGet 880A64775B01: 6 eps, rsp=118 bytes[0m
[2026-07-20 11:16:12.726] [0;32mI (255937560) NL_LTPDU: BatchGet 6A76B95FD1DB: 6 eps, rsp=118 bytes[0m
[2026-07-20 11:16:12.726] 
[2026-07-20 11:16:17.683] free heap: 6246064, minimum free heap: 6033104, Internal 8bit free heap: 72360, 8bit free heap: 6246064The current date/time is: Mon Jul 20 03:16:12 2026
[2026-07-20 11:16:17.683] 
[2026-07-20 11:16:17.683] 
[2026-07-20 11:16:17.763] [0;32mI (255942584) NL_LTPDU: BatchGet 3E0AE0494182: 6 eps, rsp=114 bytes[0m
[2026-07-20 11:16:17.763] 
[2026-07-20 11:16:18.458] [0;32mI (255943289) NL_LTPDU: BatchGet 880A64775B01: 6 eps, rsp=118 bytes[0m
[2026-07-20 11:16:18.458] 
[2026-07-20 11:16:18.628] [0;32mI (255943451) NL_LTPDU: BatchGet 6A76B95FD1DB: 6 eps, rsp=118 bytes[0m
[2026-07-20 11:16:18.628] 
[2026-07-20 11:16:22.727] [0;32mI (255947548) NL_LTPDU: BatchGet 3E0AE0494182: 6 eps, rsp=114 bytes[0m
[2026-07-20 11:16:22.727] 
[2026-07-20 11:16:23.470] [0;32mI (255948287) NL_LTPDU: BatchGet 880A64775B01: 6 eps, rsp=118 bytes[0m
[2026-07-20 11:16:23.470] 
[2026-07-20 11:16:23.764] [0;32mI (255948584) NL_LTPDU: BatchGet 6A76B95FD1DB: 6 eps, rsp=118 bytes[0m
[2026-07-20 11:16:23.764] 
[2026-07-20 11:16:25.683] free heap: 6300916, minimum free heap: 6033104, Internal 8bit free heap: 72396, 8bit free heap: 6300916The current date/time is: Mon Jul 20 03:16:20 2026
[2026-07-20 11:16:25.683] 
[2026-07-20 11:16:25.683] 
[2026-07-20 11:16:27.677] [0;32mI (255952501) NL_LTPDU: BatchGet 3E0AE0494182: 6 eps, rsp=114 bytes[0m
[2026-07-20 11:16:27.677] 
[2026-07-20 11:16:27.831] [0;32mI (255952660) NL_LTPDU: BatchGet 880A64775B01: 6 eps, rsp=118 bytes[0m
[2026-07-20 11:16:27.831] 
[2026-07-20 11:16:27.985] [0;32mI (255952812) NL_LTPDU: BatchGet 6A76B95FD1DB: 6 eps, rsp=118 bytes[0m
[2026-07-20 11:16:27.985] 
[2026-07-20 11:16:32.450] [0;32mI (255957276) NL_LTPDU: BatchGet 3E0AE0494182: 6 eps, rsp=114 bytes[0m
[2026-07-20 11:16:32.450] 
[2026-07-20 11:16:32.651] [0;32mI (255957471) NL_LTPDU: BatchGet 880A64775B01: 6 eps, rsp=118 bytes[0m
[2026-07-20 11:16:32.651] 
[2026-07-20 11:16:32.697] [0;32mI (255957518) NL_LTPDU: BatchGet 6A76B95FD1DB: 6 eps, rsp=118 bytes[0m
[2026-07-20 11:16:32.697] 
[2026-07-20 11:16:33.684] free heap: 6300896, minimum free heap: 6033104, Internal 8bit free heap: 72396, 8bit free heap: 6300896The current date/time is: Mon Jul 20 03:16:28 2026
[2026-07-20 11:16:33.684] 
[2026-07-20 11:16:33.684] 
[2026-07-20 11:16:37.680] [0;32mI (255962490) NL_LTPDU: BatchGet 3E0AE0494182: 6 eps, rsp=114 bytes[0m
[2026-07-20 11:16:37.680] [0;32mI (255962510) NL_LTPDU: BatchGet 880A64775B01: 6 eps, rsp=118 bytes[0m
[2026-07-20 11:16:37.680] 
[2026-07-20 11:16:37.837] [0;32mI (255962662) NL_LTPDU: BatchGet 6A76B95FD1DB: 6 eps, rsp=118 bytes[0m
[2026-07-20 11:16:37.837] 
[2026-07-20 11:16:41.691] free heap: 6300784, minimum free heap: 6033104, Internal 8bit free heap: 72264, 8bit free heap: 6300784The current date/time is: Mon Jul 20 03:16:36 2026
[2026-07-20 11:16:41.691] 
[2026-07-20 11:16:41.691] 
[2026-07-20 11:16:42.978] [0;32mI (255967808) NL_LTPDU: BatchGet 3E0AE0494182: 6 eps, rsp=114 bytes[0m
[2026-07-20 11:16:42.978] 
[2026-07-20 11:16:43.933] [0;32mI (255968743) NL_LTPDU: BatchGet 880A64775B01: 6 eps, rsp=118 bytes[0m
[2026-07-20 11:16:43.933] [0;32mI (255968764) NL_LTPDU: BatchGet 6A76B95FD1DB: 6 eps, rsp=118 bytes[0m
[2026-07-20 11:16:43.933] 
[2026-07-20 11:16:47.917] [0;32mI (255972735) NL_LTPDU: BatchGet 3E0AE0494182: 6 eps, rsp=114 bytes[0m
[2026-07-20 11:16:47.917] 
[2026-07-20 11:16:48.148] [0;32mI (255972976) NL_LTPDU: BatchGet 880A64775B01: 6 eps, rsp=118 bytes[0m
[2026-07-20 11:16:48.148] 
[2026-07-20 11:16:48.364] [0;32mI (255973196) NL_LTPDU: BatchGet 6A76B95FD1DB: 6 eps, rsp=118 bytes[0m
[2026-07-20 11:16:48.364] 
[2026-07-20 11:16:49.696] free heap: 6300904, minimum free heap: 6033104, Internal 8bit free heap: 72396, 8bit free heap: 6300904The current date/time is: Mon Jul 20 03:16:44 2026
[2026-07-20 11:16:49.696] 
[2026-07-20 11:16:49.696] 
[2026-07-20 11:16:52.998] [0;32mI (255977818) NL_LTPDU: BatchGet 3E0AE0494182: 6 eps, rsp=114 bytes[0m
[2026-07-20 11:16:52.998] 
[2026-07-20 11:16:54.022] [0;32mI (255978851) NL_LTPDU: BatchGet 880A64775B01: 6 eps, rsp=118 bytes[0m
[2026-07-20 11:16:54.022] 
[2026-07-20 11:16:54.176] [0;32mI (255978999) NL_LTPDU: BatchGet 6A76B95FD1DB: 6 eps, rsp=118 bytes[0m
[2026-07-20 11:16:54.176] 
[2026-07-20 11:16:57.699] [0;32mI (255982510) NL_LTPDU: BatchGet 3E0AE0494182: 6 eps, rsp=114 bytes[0m
[2026-07-20 11:16:57.699] free heap: 6247588, minimum free heap: 6033104, Internal 8bit free heap: 72360, 8bit free heap: 6247588The current date/time is: Mon Jul 20 03:16:52 2026
[2026-07-20 11:16:57.699] 
[2026-07-20 11:16:57.699] 
[2026-07-20 11:16:57.930] [0;32mI (255982764) NL_LTPDU: BatchGet 880A64775B01: 6 eps, rsp=118 bytes[0m
[2026-07-20 11:16:57.930] 
[2026-07-20 11:16:58.146] [0;32mI (255982976) NL_LTPDU: BatchGet 6A76B95FD1DB: 6 eps, rsp=118 bytes[0m
[2026-07-20 11:16:58.146] 
[2026-07-20 11:17:02.845] [0;32mI (255987676) NL_LTPDU: BatchGet 3E0AE0494182: 6 eps, rsp=114 bytes[0m
[2026-07-20 11:17:02.845] 
[2026-07-20 11:17:02.967] [0;32mI (255987791) NL_LTPDU: BatchGet 880A64775B01: 6 eps, rsp=118 bytes[0m
[2026-07-20 11:17:02.967] [0;32mI (255987805) NL_LTPDU: BatchGet 6A76B95FD1DB: 6 eps, rsp=118 bytes[0m
[2026-07-20 11:17:02.967] 
[2026-07-20 11:17:03.462] uart: 11 AT+MOTION 0
[2026-07-20 11:17:03.462] 
[2026-07-20 11:17:03.462] 
[2026-07-20 11:17:03.462] btn on press
[2026-07-20 11:17:03.462] uart: 130 AT+BCDS ff04000206a5d9329 0010B940B0E9FEC6718C48ca43a5b6dc0F0994000a0698404c000000000000ff0cfc00000000000000000000000000000000ff06
[2026-07-20 11:17:03.462] 
[2026-07-20 11:17:03.462] 
[2026-07-20 11:17:03.462] 
[2026-07-20 11:17:03.586] pTopic:$aws/rules/bi_wifi_data_report/switchlink/B0E9FEC6718C/link_to_shadow
[2026-07-20 11:17:03.586] pData:BCD ff04000206a5d9329 0010B940B0E9FEC6718C48ca43a5b6dc0F0994000a0698404c000000000000ff0cfc00000000000000000000000000000000ff06
[2026-07-20 11:17:03.586] 
[2026-07-20 11:17:05.705] free heap: 6300868, minimum free heap: 6033104, Internal 8bit free heap: 72360, 8bit free heap: 6300868The current date/time is: Mon Jul 20 03:17:00 2026
[2026-07-20 11:17:05.705] 
[2026-07-20 11:17:05.705] 
[2026-07-20 11:17:07.973] [0;32mI (255992794) NL_LTPDU: BatchGet 3E0AE0494182: 6 eps, rsp=114 bytes[0m
[2026-07-20 11:17:07.973] 
[2026-07-20 11:17:08.190] [0;32mI (255992999) NL_LTPDU: BatchGet 880A64775B01: 6 eps, rsp=118 bytes[0m
[2026-07-20 11:17:08.190] [0;32mI (255993024) NL_LTPDU: BatchGet 6A76B95FD1DB: 6 eps, rsp=118 bytes[0m
[2026-07-20 11:17:08.190] 
[2026-07-20 11:17:12.809] [0;32mI (255997618) NL_LTPDU: BatchGet 3E0AE0494182: 6 eps, rsp=114 bytes[0m
[2026-07-20 11:17:12.809] [0;32mI (255997647) NL_LTPDU: BatchGet 880A64775B01: 6 eps, rsp=118 bytes[0m
[2026-07-20 11:17:12.809] 
[2026-07-20 11:17:12.901] [0;32mI (255997730) NL_LTPDU: BatchGet 6A76B95FD1DB: 6 eps, rsp=118 bytes[0m
[2026-07-20 11:17:12.901] 
[2026-07-20 11:17:13.755] free heap: 6300752, minimum free heap: 6033104, Internal 8bit free heap: 72264, 8bit free heap: 6300752The current date/time is: Mon Jul 20 03:17:08 2026
[2026-07-20 11:17:13.755] 
[2026-07-20 11:17:13.755] 
[2026-07-20 11:17:17.993] [0;32mI (256002819) NL_LTPDU: BatchGet 3E0AE0494182: 6 eps, rsp=114 bytes[0m
[2026-07-20 11:17:17.993] 
[2026-07-20 11:17:18.101] [0;32mI (256002916) NL_LTPDU: BatchGet 880A64775B01: 6 eps, rsp=118 bytes[0m
[2026-07-20 11:17:18.101] [0;32mI (256002940) NL_LTPDU: BatchGet 6A76B95FD1DB: 6 eps, rsp=118 bytes[0m
[2026-07-20 11:17:18.101] 
[2026-07-20 11:17:21.757] free heap: 6300904, minimum free heap: 6033104, Internal 8bit free heap: 72396, 8bit free heap: 6300904The current date/time is: Mon Jul 20 03:17:16 2026
[2026-07-20 11:17:21.757] 
[2026-07-20 11:17:21.757] 
[2026-07-20 11:17:23.108] [0;32mI (256007931) NL_LTPDU: BatchGet 3E0AE0494182: 6 eps, rsp=114 bytes[0m
[2026-07-20 11:17:23.108] 
[2026-07-20 11:17:23.232] [0;32mI (256008063) NL_LTPDU: BatchGet 880A64775B01: 6 eps, rsp=118 bytes[0m
[2026-07-20 11:17:23.232] 
[2026-07-20 11:17:23.278] [0;32mI (256008096) NL_LTPDU: BatchGet 6A76B95FD1DB: 6 eps, rsp=118 bytes[0m
[2026-07-20 11:17:23.278] 
[2026-07-20 11:17:26.295] [0;32mI (256011125) ROUTE_HOOK: Received RIO[0m
[2026-07-20 11:17:26.295] [0;32mI (256011125) ROUTE_HOOK: prefix FDEA:C98F:38B2:1:: lifetime 1800[0m
[2026-07-20 11:17:26.295] 
[2026-07-20 11:17:27.902] [0;32mI (256012739) NL_LTPDU: BatchGet 3E0AE0494182: 6 eps, rsp=114 bytes[0m
[2026-07-20 11:17:27.902] 
[2026-07-20 11:17:27.933] [0;32mI (256012768) NL_LTPDU: BatchGet 880A64775B01: 6 eps, rsp=118 bytes[0m
[2026-07-20 11:17:27.933] 
[2026-07-20 11:17:27.964] [0;32mI (256012798) NL_LTPDU: BatchGet 6A76B95FD1DB: 6 eps, rsp=118 bytes[0m
[2026-07-20 11:17:27.964] 
[2026-07-20 11:17:29.635] uart: 11 AT+MOTION 1
[2026-07-20 11:17:29.635] 
[2026-07-20 11:17:29.635] 
[2026-07-20 11:17:29.635] btn on press
[2026-07-20 11:17:29.635] uart: 130 AT+BCDS ff04000206a5d9343 0010B940B0E9FEC6718C48ca43a5b6dc0F0995200a0698404c000000000000ff0cfe00000000000000000000000000000000ff06
[2026-07-20 11:17:29.635] 
[2026-07-20 11:17:29.635] 
[2026-07-20 11:17:29.635] pTopic:$aws/rules/bi_wifi_data_report/switchlink/B0E9FEC6718C/link_to_shadow
[2026-07-20 11:17:29.635] pData:BCD ff04000206a5d9343 0010B940B0E9FEC6718C48ca43a5b6dc0F0995200a0698404c000000000000ff0cfe00000000000000000000000000000000ff06
[2026-07-20 11:17:29.635] 
[2026-07-20 11:17:29.760] free heap: 6299440, minimum free heap: 6033104, Internal 8bit free heap: 72396, 8bit free heap: 6299440The current date/time is: Mon Jul 20 03:17:24 2026
[2026-07-20 11:17:29.760] 
[2026-07-20 11:17:29.760] 
[2026-07-20 11:17:30.007] uart: 79 AT+TEST shadow BCD|010211038|6a5d9343|35b0e9fe527e8301014a6405993e003b021f00|96
[2026-07-20 11:17:30.007] 
[2026-07-20 11:17:30.007] 
[2026-07-20 11:17:30.007] 
[2026-07-20 11:17:30.069] pTopic:$aws/rules/bi_ble_data_report_arch2/switchlink/B0E9FEC6718C/link_to_status
[2026-07-20 11:17:30.069] pData:{"protocolVersion":1,"count":1,"messages":[{"id":"af06a830-be26-4dcc-bc50-8feaa7105d0f","eventType":"Wo.Device.DataReport","data":{"deviceID":"b0e9fe527e83","createTime":1784517443,"contentVersion":2,"contentType":"hex","content":"35b0e9fe527e8301014a6405993e003b021f00","seq":150}}]}
[2026-07-20 11:17:30.069] 
[2026-07-20 11:17:33.091] [0;32mI (256017882) NL_LTPDU: BatchGet 3E0AE0494182: 6 eps, rsp=114 bytes[0m
[2026-07-20 11:17:33.091] [0;32mI (256017895) NL_LTPDU: BatchGet 880A64775B01: 6 eps, rsp=118 bytes[0m
[2026-07-20 11:17:33.091] [0;32mI (256017923) NL_LTPDU: BatchGet 6A76B95FD1DB: 6 eps, rsp=118 bytes[0m
[2026-07-20 11:17:33.091] 
[2026-07-20 11:17:37.761] free heap: 6300772, minimum free heap: 6033104, Internal 8bit free heap: 72264, 8bit free heap: 6300772The current date/time is: Mon Jul 20 03:17:32 2026
[2026-07-20 11:17:37.761] 
[2026-07-20 11:17:37.761] 
[2026-07-20 11:17:37.977] [0;32mI (256022804) NL_LTPDU: BatchGet 3E0AE0494182: 6 eps, rsp=114 bytes[0m
[2026-07-20 11:17:37.977] [0;32mI (256022811) NL_LTPDU: BatchGet 880A64775B01: 6 eps, rsp=118 bytes[0m
[2026-07-20 11:17:37.977] 
[2026-07-20 11:17:38.209] [0;32mI (256023038) NL_LTPDU: BatchGet 6A76B95FD1DB: 6 eps, rsp=118 bytes[0m
[2026-07-20 11:17:38.209] 
[2026-07-20 11:17:43.070] [0;32mI (256027899) NL_LTPDU: BatchGet 3E0AE0494182: 6 eps, rsp=114 bytes[0m
[2026-07-20 11:17:43.070] 
[2026-07-20 11:17:43.149] [0;32mI (256027986) NL_LTPDU: BatchGet 880A64775B01: 6 eps, rsp=118 bytes[0m
[2026-07-20 11:17:43.149] 
[2026-07-20 11:17:43.414] [0;32mI (256028245) NL_LTPDU: BatchGet 6A76B95FD1DB: 6 eps, rsp=118 bytes[0m
[2026-07-20 11:17:43.414] 
[2026-07-20 11:17:45.766] free heap: 6300752, minimum free heap: 6033104, Internal 8bit free heap: 72264, 8bit free heap: 6300752The current date/time is: Mon Jul 20 03:17:40 2026
[2026-07-20 11:17:45.766] 
[2026-07-20 11:17:45.766] 
[2026-07-20 11:17:48.221] [0;32mI (256033052) NL_LTPDU: BatchGet 3E0AE0494182: 6 eps, rsp=114 bytes[0m
[2026-07-20 11:17:48.221] 
[2026-07-20 11:17:48.267] [0;32mI (256033095) NL_LTPDU: BatchGet 880A64775B01: 6 eps, rsp=118 bytes[0m
[2026-07-20 11:17:48.267] 
[2026-07-20 11:17:48.451] [0;32mI (256033279) NL_LTPDU: BatchGet 6A76B95FD1DB: 6 eps, rsp=118 bytes[0m
[2026-07-20 11:17:48.451] 
[2026-07-20 11:17:53.131] [0;32mI (256037943) NL_LTPDU: BatchGet 3E0AE0494182: 6 eps, rsp=114 bytes[0m
[2026-07-20 11:17:53.131] [0;32mI (256037967) NL_LTPDU: BatchGet 880A64775B01: 6 eps, rsp=118 bytes[0m
[2026-07-20 11:17:53.131] 
[2026-07-20 11:17:53.177] [0;32mI (256038010) NL_LTPDU: BatchGet 6A76B95FD1DB: 6 eps, rsp=118 bytes[0m
[2026-07-20 11:17:53.177] 
[2026-07-20 11:17:53.779] free heap: 6300864, minimum free heap: 6033104, Internal 8bit free heap: 72396, 8bit free heap: 6300864The current date/time is: Mon Jul 20 03:17:48 2026
[2026-07-20 11:17:53.779] 
[2026-07-20 11:17:53.779] 
[2026-07-20 11:17:58.252] [0;32mI (256043088) NL_LTPDU: BatchGet 3E0AE0494182: 6 eps, rsp=114 bytes[0m
[2026-07-20 11:17:58.252] 
[2026-07-20 11:17:58.329] [0;32mI (256043157) NL_LTPDU: BatchGet 880A64775B01: 6 eps, rsp=118 bytes[0m
[2026-07-20 11:17:58.329] 
[2026-07-20 11:17:58.405] [0;32mI (256043230) NL_LTPDU: BatchGet 6A76B95FD1DB: 6 eps, rsp=118 bytes[0m
[2026-07-20 11:17:58.405] 
[2026-07-20 11:18:01.774] free heap: 6300884, minimum free heap: 6033104, Internal 8bit free heap: 72396, 8bit free heap: 6300884The current date/time is: Mon Jul 20 03:17:56 2026
[2026-07-20 11:18:01.774] 
[2026-07-20 11:18:01.774] 
[2026-07-20 11:18:03.485] [0;32mI (256048317) NL_LTPDU: BatchGet 3E0AE0494182: 6 eps, rsp=114 bytes[0m
[2026-07-20 11:18:03.485] 
[2026-07-20 11:18:03.517] [0;32mI (256048353) NL_LTPDU: BatchGet 880A64775B01: 6 eps, rsp=118 bytes[0m
[2026-07-20 11:18:03.517] 
[2026-07-20 11:18:03.563] [0;32mI (256048399) NL_LTPDU: BatchGet 6A76B95FD1DB: 6 eps, rsp=118 bytes[0m
[2026-07-20 11:18:03.563] 
[2026-07-20 11:18:08.238] [0;32mI (256053050) NL_LTPDU: BatchGet 3E0AE0494182: 6 eps, rsp=114 bytes[0m
[2026-07-20 11:18:08.238] [0;32mI (256053069) NL_LTPDU: BatchGet 880A64775B01: 6 eps, rsp=118 bytes[0m
[2026-07-20 11:18:08.238] 
[2026-07-20 11:18:08.315] [0;32mI (256053142) NL_LTPDU: BatchGet 6A76B95FD1DB: 6 eps, rsp=118 bytes[0m
[2026-07-20 11:18:08.315] 
[2026-07-20 11:18:09.785] free heap: 6300716, minimum free heap: 6033104, Internal 8bit free heap: 72228, 8bit free heap: 6300716The current date/time is: Mon Jul 20 03:18:04 2026
[2026-07-20 11:18:09.785] 
[2026-07-20 11:18:09.785] 
[2026-07-20 11:18:12.478] uart: 11 AT+MOTION 0
[2026-07-20 11:18:12.478] 
[2026-07-20 11:18:12.478] 
[2026-07-20 11:18:12.478] btn on press
[2026-07-20 11:18:12.478] uart: 130 AT+BCDS ff04000206a5d936e 0010B940B0E9FEC6718C48ca43a5b6dc0F0996000a0698404c000000000000ff0cfc00000000000000000000000000000000ff06
[2026-07-20 11:18:12.478] 
[2026-07-20 11:18:12.478] 
[2026-07-20 11:18:12.478] pTopic:$aws/rules/bi_wifi_data_report/switchlink/B0E9FEC6718C/link_to_shadow
[2026-07-20 11:18:12.478] pData:BCD ff04000206a5d936e 0010B940B0E9FEC6718C48ca43a5b6dc0F0996000a0698404c000000000000ff0cfc00000000000000000000000000000000ff06
[2026-07-20 11:18:12.478] 
[2026-07-20 11:18:13.729] [0;32mI (256058569) NL_LTPDU: BatchGet 3E0AE0494182: 6 eps, rsp=114 bytes[0m
[2026-07-20 11:18:13.729] 
[2026-07-20 11:18:13.759] [0;32mI (256058597) NL_LTPDU: BatchGet 880A64775B01: 6 eps, rsp=118 bytes[0m
[2026-07-20 11:18:13.759] 
[2026-07-20 11:18:13.883] [0;32mI (256058722) NL_LTPDU: BatchGet 6A76B95FD1DB: 6 eps, rsp=118 bytes[0m
[2026-07-20 11:18:13.883] 
[2026-07-20 11:18:15.969] uart: 11 AT+MOTION 1
[2026-07-20 11:18:15.969] 
[2026-07-20 11:18:15.969] 
[2026-07-20 11:18:15.969] btn on press
[2026-07-20 11:18:15.969] uart: 130 AT+BCDS ff04000206a5d9371 0010B940B0E9FEC6718C48ca43a5b6dc0F0997200a0698404c000000000000ff0cfe00000000000000000000000000000000ff06
[2026-07-20 11:18:15.969] 
[2026-07-20 11:18:15.969] 
[2026-07-20 11:18:15.969] 
[2026-07-20 11:18:16.124] pTopic:$aws/rules/bi_wifi_data_report/switchlink/B0E9FEC6718C/link_to_shadow
[2026-07-20 11:18:16.124] pData:BCD ff04000206a5d9371 0010B940B0E9FEC6718C48ca43a5b6dc0F0997200a0698404c000000000000ff0cfe00000000000000000000000000000000ff06
[2026-07-20 11:18:16.124] 
[2026-07-20 11:18:17.794] free heap: 6300884, minimum free heap: 6033104, Internal 8bit free heap: 72396, 8bit free heap: 6300884The current date/time is: Mon Jul 20 03:18:12 2026
[2026-07-20 11:18:17.794] 
[2026-07-20 11:18:17.794] 
[2026-07-20 11:18:18.549] [0;32mI (256063366) NL_LTPDU: BatchGet 3E0AE0494182: 6 eps, rsp=114 bytes[0m
[2026-07-20 11:18:18.549] [0;32mI (256063378) NL_LTPDU: BatchGet 880A64775B01: 6 eps, rsp=118 bytes[0m
[2026-07-20 11:18:18.549] [0;32mI (256063392) NL_LTPDU: BatchGet 6A76B95FD1DB: 6 eps, rsp=118 bytes[0m
[2026-07-20 11:18:18.549] 
[2026-07-20 11:18:23.670] [0;32mI (256068473) NL_LTPDU: BatchGet 3E0AE0494182: 6 eps, rsp=114 bytes[0m
[2026-07-20 11:18:23.670] [0;32mI (256068503) NL_LTPDU: BatchGet 880A64775B01: 6 eps, rsp=118 bytes[0m
[2026-07-20 11:18:23.670] 
[2026-07-20 11:18:23.747] [0;32mI (256068576) NL_LTPDU: BatchGet 6A76B95FD1DB: 6 eps, rsp=118 bytes[0m
[2026-07-20 11:18:23.747] 
[2026-07-20 11:18:28.686] [0;32mI (256073515) NL_LTPDU: BatchGet 3E0AE0494182: 6 eps, rsp=114 bytes[0m
[2026-07-20 11:18:28.686] 
[2026-07-20 11:18:28.793] free heap: 6246068, minimum free heap: 6033104, Internal 8bit free heap: 72396, 8bit free heap: 6246068The current date/time is: Mon Jul 20 03:18:28 2026
[2026-07-20 11:18:28.793] 
[2026-07-20 11:18:28.793] 
[2026-07-20 11:18:28.855] [0;32mI (256073696) NL_LTPDU: BatchGet 880A64775B01: 6 eps, rsp=118 bytes[0m
[2026-07-20 11:18:28.855] [0;32mI (256073702) NL_LTPDU: BatchGet 6A76B95FD1DB: 6 eps, rsp=118 bytes[0m
[2026-07-20 11:18:28.855] 
[2026-07-20 11:18:33.532] [0;32mI (256078357) NL_LTPDU: BatchGet 3E0AE0494182: 6 eps, rsp=114 bytes[0m
[2026-07-20 11:18:33.532] [0;32mI (256078367) NL_LTPDU: BatchGet 880A64775B01: 6 eps, rsp=118 bytes[0m
[2026-07-20 11:18:33.532] 
[2026-07-20 11:18:33.578] [0;32mI (256078412) NL_LTPDU: BatchGet 6A76B95FD1DB: 6 eps, rsp=118 bytes[0m
[2026-07-20 11:18:33.578] 
[2026-07-20 11:18:36.796] free heap: 6300884, minimum free heap: 6033104, Internal 8bit free heap: 72396, 8bit free heap: 6300884The current date/time is: Mon Jul 20 03:18:36 2026
[2026-07-20 11:18:36.796] 
[2026-07-20 11:18:36.796] 
[2026-07-20 11:18:38.713] [0;32mI (256083500) NL_LTPDU: BatchGet 3E0AE0494182: 6 eps, rsp=114 bytes[0m
[2026-07-20 11:18:38.713] [0;32mI (256083534) NL_LTPDU: BatchGet 880A64775B01: 6 eps, rsp=118 bytes[0m
[2026-07-20 11:18:38.713] [0;32mI (256083554) NL_LTPDU: BatchGet 6A76B95FD1DB: 6 eps, rsp=118 bytes[0m
[2026-07-20 11:18:38.713] 
[2026-07-20 11:18:43.811] [0;32mI (256088642) NL_LTPDU: BatchGet 3E0AE0494182: 6 eps, rsp=114 bytes[0m
[2026-07-20 11:18:43.811] 
[2026-07-20 11:18:43.872] [0;32mI (256088685) NL_LTPDU: BatchGet 880A64775B01: 6 eps, rsp=118 bytes[0m
[2026-07-20 11:18:43.872] [0;32mI (256088710) NL_LTPDU: BatchGet 6A76B95FD1DB: 6 eps, rsp=118 bytes[0m
[2026-07-20 11:18:43.872] 
[2026-07-20 11:18:44.798] free heap: 6300716, minimum free heap: 6033104, Internal 8bit free heap: 72228, 8bit free heap: 6300716The current date/time is: Mon Jul 20 03:18:44 2026
[2026-07-20 11:18:44.798] 
[2026-07-20 11:18:44.798] 
[2026-07-20 11:18:48.919] [0;32mI (256093749) NL_LTPDU: BatchGet 3E0AE0494182: 6 eps, rsp=114 bytes[0m
[2026-07-20 11:18:48.919] 
[2026-07-20 11:18:48.997] [0;32mI (256093806) NL_LTPDU: BatchGet 880A64775B01: 6 eps, rsp=118 bytes[0m
[2026-07-20 11:18:48.997] [0;32mI (256093830) NL_LTPDU: BatchGet 6A76B95FD1DB: 6 eps, rsp=118 bytes[0m
[2026-07-20 11:18:48.997] 
[2026-07-20 11:18:52.819] free heap: 6300864, minimum free heap: 6033104, Internal 8bit free heap: 72396, 8bit free heap: 6300864The current date/time is: Mon Jul 20 03:18:52 2026
[2026-07-20 11:18:52.819] 
[2026-07-20 11:18:52.819] 
[2026-07-20 11:18:53.844] [0;32mI (256098684) NL_LTPDU: BatchGet 3E0AE0494182: 6 eps, rsp=114 bytes[0m
[2026-07-20 11:18:53.844] 
[2026-07-20 11:18:54.122] [0;32mI (256098958) NL_LTPDU: BatchGet 880A64775B01: 6 eps, rsp=118 bytes[0m
[2026-07-20 11:18:54.122] 
[2026-07-20 11:18:54.198] [0;32mI (256099041) NL_LTPDU: BatchGet 6A76B95FD1DB: 6 eps, rsp=118 bytes[0m
[2026-07-20 11:18:54.198] 
[2026-07-20 11:18:58.901] [0;32mI (256103679) NL_LTPDU: BatchGet 3E0AE0494182: 6 eps, rsp=114 bytes[0m
[2026-07-20 11:18:58.901] [0;32mI (256103706) NL_LTPDU: BatchGet 880A64775B01: 6 eps, rsp=118 bytes[0m
[2026-07-20 11:18:58.901] [0;32mI (256103738) NL_LTPDU: BatchGet 6A76B95FD1DB: 6 eps, rsp=118 bytes[0m
[2026-07-20 11:18:58.901] 
[2026-07-20 11:19:00.838] free heap: 6300884, minimum free heap: 6033104, Internal 8bit free heap: 72396, 8bit free heap: 6300884The current date/time is: Mon Jul 20 03:19:00 2026
[2026-07-20 11:19:00.838] 
[2026-07-20 11:19:00.838] 
[2026-07-20 11:19:03.985] [0;32mI (256108811) NL_LTPDU: BatchGet 3E0AE0494182: 6 eps, rsp=114 bytes[0m
[2026-07-20 11:19:03.985] [0;32mI (256108825) NL_LTPDU: BatchGet 880A64775B01: 6 eps, rsp=118 bytes[0m
[2026-07-20 11:19:03.985] 
[2026-07-20 11:19:04.016] [0;32mI (256108859) NL_LTPDU: BatchGet 6A76B95FD1DB: 6 eps, rsp=118 bytes[0m
[2026-07-20 11:19:04.016] 
[2026-07-20 11:19:08.849] [0;32mI (256113637) NL_LTPDU: BatchGet 3E0AE0494182: 6 eps, rsp=114 bytes[0m
[2026-07-20 11:19:08.849] [0;32mI (256113647) NL_LTPDU: BatchGet 880A64775B01: 6 eps, rsp=118 bytes[0m
[2026-07-20 11:19:08.849] [0;32mI (256113655) NL_LTPDU: BatchGet 6A76B95FD1DB: 6 eps, rsp=118 bytes[0m
[2026-07-20 11:19:08.849] free heap: 6300716, minimum free heap: 6033104, Internal 8bit free heap: 72228, 8bit free heap: 6300716The current date/time is: Mon Jul 20 03:19:08 2026
[2026-07-20 11:19:08.849] 
[2026-07-20 11:19:08.849] 
[2026-07-20 11:19:13.942] [0;32mI (256118755) NL_LTPDU: BatchGet 3E0AE0494182: 6 eps, rsp=114 bytes[0m
[2026-07-20 11:19:13.942] [0;32mI (256118768) NL_LTPDU: BatchGet 880A64775B01: 6 eps, rsp=118 bytes[0m
[2026-07-20 11:19:13.942] [0;32mI (256118777) NL_LTPDU: BatchGet 6A76B95FD1DB: 6 eps, rsp=118 bytes[0m
[2026-07-20 11:19:13.942] 
[2026-07-20 11:19:16.882] free heap: 6300732, minimum free heap: 6033104, Internal 8bit free heap: 72264, 8bit free heap: 6300732The current date/time is: Mon Jul 20 03:19:16 2026
[2026-07-20 11:19:16.882] 
[2026-07-20 11:19:16.882] 
[2026-07-20 11:19:19.156] [0;32mI (256123976) NL_LTPDU: BatchGet 3E0AE0494182: 6 eps, rsp=114 bytes[0m
[2026-07-20 11:19:19.156] [0;32mI (256123984) NL_LTPDU: BatchGet 880A64775B01: 6 eps, rsp=118 bytes[0m
[2026-07-20 11:19:19.156] [0;32mI (256123993) NL_LTPDU: BatchGet 6A76B95FD1DB: 6 eps, rsp=118 bytes[0m
[2026-07-20 11:19:19.156] 
[2026-07-20 11:19:23.906] [0;32mI (256128746) NL_LTPDU: BatchGet 3E0AE0494182: 6 eps, rsp=114 bytes[0m
[2026-07-20 11:19:23.906] 
[2026-07-20 11:19:23.953] [0;32mI (256128786) NL_LTPDU: BatchGet 880A64775B01: 6 eps, rsp=118 bytes[0m
[2026-07-20 11:19:23.953] [0;32mI (256128798) NL_LTPDU: BatchGet 6A76B95FD1DB: 6 eps, rsp=118 bytes[0m
[2026-07-20 11:19:23.953] 
[2026-07-20 11:19:24.894] free heap: 6300904, minimum free heap: 6033104, Internal 8bit free heap: 72396, 8bit free heap: 6300904The current date/time is: Mon Jul 20 03:19:24 2026
[2026-07-20 11:19:24.894] 
[2026-07-20 11:19:24.894] 
[2026-07-20 11:19:29.069] [0;32mI (256133901) NL_LTPDU: BatchGet 3E0AE0494182: 6 eps, rsp=114 bytes[0m
[2026-07-20 11:19:29.069] [0;32mI (256133909) NL_LTPDU: BatchGet 880A64775B01: 6 eps, rsp=118 bytes[0m
[2026-07-20 11:19:29.069] [0;32mI (256133918) NL_LTPDU: BatchGet 6A76B95FD1DB: 6 eps, rsp=118 bytes[0m
[2026-07-20 11:19:29.069] 
[2026-07-20 11:19:30.077] [0;32mI (256134909) ROUTE_HOOK: Received RIO[0m
[2026-07-20 11:19:30.077] [0;32mI (256134910) ROUTE_HOOK: prefix FDEA:C98F:38B2:1:: lifetime 1800[0m
[2026-07-20 11:19:30.077] 
[2026-07-20 11:19:32.899] free heap: 6300884, minimum free heap: 6033104, Internal 8bit free heap: 72396, 8bit free heap: 6300884The current date/time is: Mon Jul 20 03:19:32 2026
[2026-07-20 11:19:32.899] 
[2026-07-20 11:19:32.899] 
[2026-07-20 11:19:33.938] [0;32mI (256138770) NL_LTPDU: BatchGet 3E0AE0494182: 6 eps, rsp=114 bytes[0m
[2026-07-20 11:19:33.938] [0;32mI (256138784) NL_LTPDU: BatchGet 880A64775B01: 6 eps, rsp=118 bytes[0m
[2026-07-20 11:19:33.938] 
[2026-07-20 11:19:34.000] [0;32mI (256138833) NL_LTPDU: BatchGet 6A76B95FD1DB: 6 eps, rsp=118 bytes[0m
[2026-07-20 11:19:34.000] 
[2026-07-20 11:19:39.111] [0;32mI (256143923) NL_LTPDU: BatchGet 3E0AE0494182: 6 eps, rsp=118 bytes[0m
[2026-07-20 11:19:39.111] [0;32mI (256143924) TASK_NL: [0] Status changed: on=1 br=41 ct=3795 hu=27 sa=41 eff="*Solid*"[0m
[2026-07-20 11:19:39.111] [0;32mI (256143953) NL_LTPDU: BatchGet 880A64775B01: 6 eps, rsp=118 bytes[0m
[2026-07-20 11:19:39.111] [0;32mI (256143962) NL_LTPDU: BatchGet 6A76B95FD1DB: 6 eps, rsp=118 bytes[0m
[2026-07-20 11:19:39.111] 
[2026-07-20 11:19:39.296] pTopic:switchlink/B0E9FEC6718C/link_to_nanoleaf_property
[2026-07-20 11:19:39.296] pData:{"msgType":"status","deviceId":"3E0AE0494182","timestamp":1784517578,"endpoints":[{"endpoint":"lb/0/oo","value":true},{"endpoint":"lb/0/pb","value":41},{"endpoint":"lb/0/ct","value":3795},{"endpoint":"lb/0/hu","value":27},{"endpoint":"lb/0/sa","value":41},{"endpoint":"effect/select","value":"*Solid*"}]}
[2026-07-20 11:19:39.296] 
[2026-07-20 11:19:40.922] free heap: 6300736, minimum free heap: 6033104, Internal 8bit free heap: 72228, 8bit free heap: 6300736The current date/time is: Mon Jul 20 03:19:40 2026
[2026-07-20 11:19:40.922] 
[2026-07-20 11:19:40.922] 
[2026-07-20 11:19:44.253] [0;32mI (256149069) NL_LTPDU: BatchGet 3E0AE0494182: 6 eps, rsp=118 bytes[0m
[2026-07-20 11:19:44.253] [0;32mI (256149070) TASK_NL: [0] Status changed: on=1 br=41 ct=6500 hu=48 sa=2 eff="*Solid*"[0m
[2026-07-20 11:19:44.253] [0;32mI (256149082) NL_LTPDU: BatchGet 880A64775B01: 6 eps, rsp=118 bytes[0m
[2026-07-20 11:19:44.253] [0;32mI (256149099) NL_LTPDU: BatchGet 6A76B95FD1DB: 6 eps, rsp=118 bytes[0m
[2026-07-20 11:19:44.253] 
[2026-07-20 11:19:44.362] pTopic:switchlink/B0E9FEC6718C/link_to_nanoleaf_property
[2026-07-20 11:19:44.362] pData:{"msgType":"status","deviceId":"3E0AE0494182","timestamp":1784517584,"endpoints":[{"endpoint":"lb/0/oo","value":true},{"endpoint":"lb/0/pb","value":41},{"endpoint":"lb/0/ct","value":6500},{"endpoint":"lb/0/hu","value":48},{"endpoint":"lb/0/sa","value":2},{"endpoint":"effect/select","value":"*Solid*"}]}
[2026-07-20 11:19:44.362] 
[2026-07-20 11:19:48.915] free heap: 6300904, minimum free heap: 6033104, Internal 8bit free heap: 72396, 8bit free heap: 6300904The current date/time is: Mon Jul 20 03:19:48 2026
[2026-07-20 11:19:48.915] 
[2026-07-20 11:19:48.915] 
[2026-07-20 11:19:49.321] [0;32mI (256154164) NL_LTPDU: BatchGet 3E0AE0494182: 6 eps, rsp=118 bytes[0m
[2026-07-20 11:19:49.321] 
[2026-07-20 11:19:49.397] [0;32mI (256154207) NL_LTPDU: BatchGet 880A64775B01: 6 eps, rsp=118 bytes[0m
[2026-07-20 11:19:49.397] [0;32mI (256154238) NL_LTPDU: BatchGet 6A76B95FD1DB: 6 eps, rsp=118 bytes[0m
[2026-07-20 11:19:49.397] 
[2026-07-20 11:19:54.171] [0;32mI (256158998) NL_LTPDU: BatchGet 3E0AE0494182: 6 eps, rsp=118 bytes[0m
[2026-07-20 11:19:54.171] [0;32mI (256159020) NL_LTPDU: BatchGet 880A64775B01: 6 eps, rsp=118 bytes[0m
[2026-07-20 11:19:54.171] 
[2026-07-20 11:19:54.216] [0;32mI (256159058) NL_LTPDU: BatchGet 6A76B95FD1DB: 6 eps, rsp=118 bytes[0m
[2026-07-20 11:19:54.216] 
[2026-07-20 11:19:56.919] free heap: 6300904, minimum free heap: 6033104, Internal 8bit free heap: 72396, 8bit free heap: 6300904The current date/time is: Mon Jul 20 03:19:56 2026
[2026-07-20 11:19:56.919] 
[2026-07-20 11:19:56.919] 
[2026-07-20 11:19:59.382] [0;32mI (256164221) NL_LTPDU: BatchGet 3E0AE0494182: 6 eps, rsp=118 bytes[0m
[2026-07-20 11:19:59.382] 
[2026-07-20 11:19:59.490] [0;32mI (256164339) NL_LTPDU: BatchGet 880A64775B01: 6 eps, rsp=118 bytes[0m
[2026-07-20 11:19:59.490] 
[2026-07-20 11:19:59.875] [0;32mI (256164724) NL_LTPDU: BatchGet 6A76B95FD1DB: 6 eps, rsp=118 bytes[0m
[2026-07-20 11:19:59.875] 
[2026-07-20 11:20:04.399] [0;32mI (256169236) NL_LTPDU: BatchGet 3E0AE0494182: 6 eps, rsp=118 bytes[0m
[2026-07-20 11:20:04.399] [0;32mI (256169252) NL_LTPDU: BatchGet 880A64775B01: 6 eps, rsp=118 bytes[0m
[2026-07-20 11:20:04.399] 
[2026-07-20 11:20:04.445] [0;32mI (256169290) NL_LTPDU: BatchGet 6A76B95FD1DB: 6 eps, rsp=118 bytes[0m
[2026-07-20 11:20:04.445] 
[2026-07-20 11:20:04.940] free heap: 6300916, minimum free heap: 6033104, Internal 8bit free heap: 72396, 8bit free heap: 6300916The current date/time is: Mon Jul 20 03:20:04 2026
[2026-07-20 11:20:04.940] 
[2026-07-20 11:20:04.940] 
[2026-07-20 11:20:09.641] [0;32mI (256174449) NL_LTPDU: BatchGet 3E0AE0494182: 6 eps, rsp=118 bytes[0m
[2026-07-20 11:20:09.641] [0;32mI (256174470) NL_LTPDU: BatchGet 880A64775B01: 6 eps, rsp=118 bytes[0m
[2026-07-20 11:20:09.641] [0;32mI (256174485) NL_LTPDU: BatchGet 6A76B95FD1DB: 6 eps, rsp=118 bytes[0m
[2026-07-20 11:20:09.641] 
[2026-07-20 11:20:11.449] uart: 11 AT+MOTION 0
[2026-07-20 11:20:11.449] 
[2026-07-20 11:20:11.449] 
[2026-07-20 11:20:11.449] btn on press
[2026-07-20 11:20:11.449] uart: 130 AT+BCDS ff04000206a5d93e5 0010B940B0E9FEC6718C48ca43a5b6dc0F0998000a0698404c000000000000ff0cfb00000000000000000000000000000000ff06
[2026-07-20 11:20:11.449] 
[2026-07-20 11:20:11.449] 
[2026-07-20 11:20:11.449] 
[2026-07-20 11:20:11.633] pTopic:$aws/rules/bi_wifi_data_report/switchlink/B0E9FEC6718C/link_to_shadow
[2026-07-20 11:20:11.633] pData:BCD ff04000206a5d93e5 0010B940B0E9FEC6718C48ca43a5b6dc0F0998000a0698404c000000000000ff0cfb00000000000000000000000000000000ff06
[2026-07-20 11:20:11.633] 
[2026-07-20 11:20:12.948] free heap: 6300764, minimum free heap: 6033104, Internal 8bit free heap: 72264, 8bit free heap: 6300764The current date/time is: Mon Jul 20 03:20:12 2026
[2026-07-20 11:20:12.948] 
[2026-07-20 11:20:12.948] 
[2026-07-20 11:20:14.326] [0;32mI (256179172) NL_LTPDU: BatchGet 3E0AE0494182: 6 eps, rsp=118 bytes[0m
[2026-07-20 11:20:14.326] [0;32mI (256179180) NL_LTPDU: BatchGet 880A64775B01: 6 eps, rsp=118 bytes[0m
[2026-07-20 11:20:14.326] 
[2026-07-20 11:20:14.435] [0;32mI (256179277) NL_LTPDU: BatchGet 6A76B95FD1DB: 6 eps, rsp=118 bytes[0m
[2026-07-20 11:20:14.435] 
[2026-07-20 11:20:19.573] [0;32mI (256184385) NL_LTPDU: BatchGet 3E0AE0494182: 6 eps, rsp=118 bytes[0m
[2026-07-20 11:20:19.573] [0;32mI (256184404) NL_LTPDU: BatchGet 880A64775B01: 6 eps, rsp=118 bytes[0m
[2026-07-20 11:20:19.573] [0;32mI (256184416) NL_LTPDU: BatchGet 6A76B95FD1DB: 6 eps, rsp=118 bytes[0m
[2026-07-20 11:20:19.573] 
[2026-07-20 11:20:20.957] free heap: 6300916, minimum free heap: 6033104, Internal 8bit free heap: 72396, 8bit free heap: 6300916The current date/time is: Mon Jul 20 03:20:20 2026
[2026-07-20 11:20:20.957] 
[2026-07-20 11:20:20.957] 
[2026-07-20 11:20:24.687] [0;32mI (256189510) NL_LTPDU: BatchGet 3E0AE0494182: 6 eps, rsp=118 bytes[0m
[2026-07-20 11:20:24.687] [0;32mI (256189534) NL_LTPDU: BatchGet 880A64775B01: 6 eps, rsp=118 bytes[0m
[2026-07-20 11:20:24.687] 
[2026-07-20 11:20:24.734] [0;32mI (256189581) NL_LTPDU: BatchGet 6A76B95FD1DB: 6 eps, rsp=118 bytes[0m
[2026-07-20 11:20:24.734] 
[2026-07-20 11:20:25.568] uart: 11 AT+MOTION 1
[2026-07-20 11:20:25.568] 
[2026-07-20 11:20:25.568] 
[2026-07-20 11:20:25.568] btn on press
[2026-07-20 11:20:25.568] uart: 130 AT+BCDS ff04000206a5d93f3 0010B940B0E9FEC6718C48ca43a5b6dc0F0999200a0698404c000000000000ff0cfe00000000000000000000000000000000ff06
[2026-07-20 11:20:25.568] 
[2026-07-20 11:20:25.568] 
[2026-07-20 11:20:25.568] pTopic:$aws/rules/bi_wifi_data_report/switchlink/B0E9FEC6718C/link_to_shadow
[2026-07-20 11:20:25.568] pData:BCD ff04000206a5d93f3 0010B940B0E9FEC6718C48ca43a5b6dc0F0999200a0698404c000000000000ff0cfe00000000000000000000000000000000ff06
[2026-07-20 11:20:25.568] 
[2026-07-20 11:20:28.965] free heap: 6300916, minimum free heap: 6033104, Internal 8bit free heap: 72396, 8bit free heap: 6300916The current date/time is: Mon Jul 20 03:20:28 2026
[2026-07-20 11:20:28.965] 
[2026-07-20 11:20:28.965] 
[2026-07-20 11:20:29.800] [0;32mI (256194626) NL_LTPDU: BatchGet 3E0AE0494182: 6 eps, rsp=118 bytes[0m
[2026-07-20 11:20:29.800] [0;32mI (256194654) NL_LTPDU: BatchGet 880A64775B01: 6 eps, rsp=118 bytes[0m
[2026-07-20 11:20:29.800] 
[2026-07-20 11:20:29.847] [0;32mI (256194685) NL_LTPDU: BatchGet 6A76B95FD1DB: 6 eps, rsp=118 bytes[0m
[2026-07-20 11:20:29.847] 
[2026-07-20 11:20:34.882] [0;32mI (256199719) NL_LTPDU: BatchGet 3E0AE0494182: 6 eps, rsp=118 bytes[0m
[2026-07-20 11:20:34.882] 
[2026-07-20 11:20:35.100] [0;32mI (256199947) NL_LTPDU: BatchGet 880A64775B01: 6 eps, rsp=118 bytes[0m
[2026-07-20 11:20:35.100] 
[2026-07-20 11:20:35.408] [0;32mI (256200258) NL_LTPDU: BatchGet 6A76B95FD1DB: 6 eps, rsp=118 bytes[0m
[2026-07-20 11:20:35.408] 
[2026-07-20 11:20:36.970] free heap: 6300916, minimum free heap: 6033104, Internal 8bit free heap: 72396, 8bit free heap: 6300916The current date/time is: Mon Jul 20 03:20:36 2026
[2026-07-20 11:20:36.970] 
[2026-07-20 11:20:36.970] 
[2026-07-20 11:20:39.569] [0;32mI (256204407) NL_LTPDU: BatchGet 3E0AE0494182: 6 eps, rsp=118 bytes[0m
[2026-07-20 11:20:39.569] 
[2026-07-20 11:20:39.724] [0;32mI (256204564) NL_LTPDU: BatchGet 880A64775B01: 6 eps, rsp=118 bytes[0m
[2026-07-20 11:20:39.724] [0;32mI (256204571) NL_LTPDU: BatchGet 6A76B95FD1DB: 6 eps, rsp=118 bytes[0m
[2026-07-20 11:20:39.724] 
[2026-07-20 11:20:44.671] [0;32mI (256209518) NL_LTPDU: BatchGet 3E0AE0494182: 6 eps, rsp=118 bytes[0m
[2026-07-20 11:20:44.671] 
[2026-07-20 11:20:44.935] [0;32mI (256209762) NL_LTPDU: BatchGet 880A64775B01: 6 eps, rsp=118 bytes[0m
[2026-07-20 11:20:44.935] [0;32mI (256209792) NL_LTPDU: BatchGet 6A76B95FD1DB: 6 eps, rsp=118 bytes[0m
[2026-07-20 11:20:44.935] 
[2026-07-20 11:20:44.981] free heap: 6300736, minimum free heap: 6033104, Internal 8bit free heap: 72228, 8bit free heap: 6300736The current date/time is: Mon Jul 20 03:20:44 2026
[2026-07-20 11:20:44.981] 
[2026-07-20 11:20:44.981] 
[2026-07-20 11:20:49.855] [0;32mI (256214697) NL_LTPDU: BatchGet 3E0AE0494182: 6 eps, rsp=118 bytes[0m
[2026-07-20 11:20:49.855] 
[2026-07-20 11:20:49.964] [0;32mI (256214808) NL_LTPDU: BatchGet 880A64775B01: 6 eps, rsp=118 bytes[0m
[2026-07-20 11:20:49.964] 
[2026-07-20 11:20:50.056] [0;32mI (256214906) NL_LTPDU: BatchGet 6A76B95FD1DB: 6 eps, rsp=118 bytes[0m
[2026-07-20 11:20:50.056] 
[2026-07-20 11:20:52.982] free heap: 6300896, minimum free heap: 6033104, Internal 8bit free heap: 72396, 8bit free heap: 6300896The current date/time is: Mon Jul 20 03:20:52 2026
[2026-07-20 11:20:52.982] 
[2026-07-20 11:20:52.982] 
[2026-07-20 11:20:54.717] [0;32mI (256219552) NL_LTPDU: BatchGet 3E0AE0494182: 6 eps, rsp=118 bytes[0m
[2026-07-20 11:20:54.717] [0;32mI (256219570) NL_LTPDU: BatchGet 880A64775B01: 6 eps, rsp=118 bytes[0m
[2026-07-20 11:20:54.717] 
[2026-07-20 11:20:54.764] [0;32mI (256219617) NL_LTPDU: BatchGet 6A76B95FD1DB: 6 eps, rsp=118 bytes[0m
[2026-07-20 11:20:54.764] 
[2026-07-20 11:20:59.931] [0;32mI (256224744) NL_LTPDU: BatchGet 3E0AE0494182: 6 eps, rsp=118 bytes[0m
[2026-07-20 11:20:59.931] [0;32mI (256224762) NL_LTPDU: BatchGet 880A64775B01: 6 eps, rsp=118 bytes[0m
[2026-07-20 11:20:59.931] [0;32mI (256224786) NL_LTPDU: BatchGet 6A76B95FD1DB: 6 eps, rsp=118 bytes[0m
[2026-07-20 11:20:59.931] 
[2026-07-20 11:21:00.999] free heap: 6300904, minimum free heap: 6033104, Internal 8bit free heap: 72396, 8bit free heap: 6300904The current date/time is: Mon Jul 20 03:21:00 2026
[2026-07-20 11:21:00.999] 
[2026-07-20 11:21:00.999] 
[2026-07-20 11:21:05.282] [0;32mI (256230124) NL_LTPDU: BatchGet 3E0AE0494182: 6 eps, rsp=118 bytes[0m
[2026-07-20 11:21:05.282] 
[2026-07-20 11:21:05.452] [0;32mI (256230285) NL_LTPDU: BatchGet 880A64775B01: 6 eps, rsp=118 bytes[0m
[2026-07-20 11:21:05.452] [0;32mI (256230310) NL_LTPDU: BatchGet 6A76B95FD1DB: 6 eps, rsp=118 bytes[0m
[2026-07-20 11:21:05.452] 
[2026-07-20 11:21:06.446] uart: 11 AT+MOTION 0
[2026-07-20 11:21:06.446] 
[2026-07-20 11:21:06.446] 
[2026-07-20 11:21:06.446] btn on press
[2026-07-20 11:21:06.446] uart: 130 AT+BCDS ff04000206a5d941c 0010B940B0E9FEC6718C48ca43a5b6dc0F099a000a0698404c000000000000ff0cfc00000000000000000000000000000000ff06
[2026-07-20 11:21:06.446] 
[2026-07-20 11:21:06.446] 
[2026-07-20 11:21:06.446] 
[2026-07-20 11:21:06.554] pTopic:$aws/rules/bi_wifi_data_report/switchlink/B0E9FEC6718C/link_to_shadow
[2026-07-20 11:21:06.554] pData:BCD ff04000206a5d941c 0010B940B0E9FEC6718C48ca43a5b6dc0F099a000a0698404c000000000000ff0cfc00000000000000000000000000000000ff06
[2026-07-20 11:21:06.554] 
[2026-07-20 11:21:09.001] free heap: 6300772, minimum free heap: 6033104, Internal 8bit free heap: 72264, 8bit free heap: 6300772The current date/time is: Mon Jul 20 03:21:08 2026
[2026-07-20 11:21:09.001] 
[2026-07-20 11:21:09.001] 
[2026-07-20 11:21:09.852] [0;32mI (256234680) NL_LTPDU: BatchGet 3E0AE0494182: 6 eps, rsp=118 bytes[0m
[2026-07-20 11:21:09.852] [0;32mI (256234693) NL_LTPDU: BatchGet 880A64775B01: 6 eps, rsp=118 bytes[0m
[2026-07-20 11:21:09.852] [0;32mI (256234707) NL_LTPDU: BatchGet 6A76B95FD1DB: 6 eps, rsp=118 bytes[0m
[2026-07-20 11:21:09.852] 
[2026-07-20 11:21:15.084] [0;32mI (256239899) NL_LTPDU: BatchGet 3E0AE0494182: 6 eps, rsp=118 bytes[0m
[2026-07-20 11:21:15.084] [0;32mI (256239909) NL_LTPDU: BatchGet 880A64775B01: 6 eps, rsp=118 bytes[0m
[2026-07-20 11:21:15.084] [0;32mI (256239934) NL_LTPDU: BatchGet 6A76B95FD1DB: 6 eps, rsp=118 bytes[0m
[2026-07-20 11:21:15.084] 
[2026-07-20 11:21:17.028] free heap: 6300772, minimum free heap: 6033104, Internal 8bit free heap: 72264, 8bit free heap: 6300772The current date/time is: Mon Jul 20 03:21:16 2026
[2026-07-20 11:21:17.028] 
[2026-07-20 11:21:17.028] 
[2026-07-20 11:21:20.193] [0;32mI (256244993) NL_LTPDU: BatchGet 3E0AE0494182: 6 eps, rsp=118 bytes[0m
[2026-07-20 11:21:20.193] [0;32mI (256245027) NL_LTPDU: BatchGet 880A64775B01: 6 eps, rsp=118 bytes[0m
[2026-07-20 11:21:20.193] [0;32mI (256245053) NL_LTPDU: BatchGet 6A76B95FD1DB: 6 eps, rsp=118 bytes[0m
[2026-07-20 11:21:20.193] 
[2026-07-20 11:21:25.033] free heap: 6247620, minimum free heap: 6033104, Internal 8bit free heap: 72360, 8bit free heap: 6247620The current date/time is: Mon Jul 20 03:21:24 2026
[2026-07-20 11:21:25.033] 
[2026-07-20 11:21:25.033] 
[2026-07-20 11:21:25.294] [0;32mI (256250128) NL_LTPDU: BatchGet 3E0AE0494182: 6 eps, rsp=118 bytes[0m
[2026-07-20 11:21:25.294] [0;32mI (256250144) NL_LTPDU: BatchGet 880A64775B01: 6 eps, rsp=118 bytes[0m
[2026-07-20 11:21:25.294] 
[2026-07-20 11:21:25.341] [0;32mI (256250181) NL_LTPDU: BatchGet 6A76B95FD1DB: 6 eps, rsp=118 bytes[0m
[2026-07-20 11:21:25.341] 
[2026-07-20 11:21:30.034] [0;32mI (256254842) NL_LTPDU: BatchGet 3E0AE0494182: 6 eps, rsp=118 bytes[0m
[2026-07-20 11:21:30.034] [0;32mI (256254853) NL_LTPDU: BatchGet 880A64775B01: 6 eps, rsp=118 bytes[0m
[2026-07-20 11:21:30.034] [0;32mI (256254885) NL_LTPDU: BatchGet 6A76B95FD1DB: 6 eps, rsp=118 bytes[0m
[2026-07-20 11:21:30.034] 
[2026-07-20 11:21:31.457] uart: 11 AT+MOTION 1
[2026-07-20 11:21:31.457] 
[2026-07-20 11:21:31.457] 
[2026-07-20 11:21:31.457] btn on press
[2026-07-20 11:21:31.457] uart: 130 AT+BCDS ff04000206a5d9435 0010B940B0E9FEC6718C48ca43a5b6dc0F099b200a0698404c000000000000ff0cfb00000000000000000000000000000000ff06
[2026-07-20 11:21:31.457] 
[2026-07-20 11:21:31.457] 
[2026-07-20 11:21:31.457] 
[2026-07-20 11:21:31.596] pTopic:$aws/rules/bi_wifi_data_report/switchlink/B0E9FEC6718C/link_to_shadow
[2026-07-20 11:21:31.596] pData:BCD ff04000206a5d9435 0010B940B0E9FEC6718C48ca43a5b6dc0F099b200a0698404c000000000000ff0cfb00000000000000000000000000000000ff06
[2026-07-20 11:21:31.596] 
[2026-07-20 11:21:33.025] free heap: 6300860, minimum free heap: 6033104, Internal 8bit free heap: 72360, 8bit free heap: 6300860The current date/time is: Mon Jul 20 03:21:32 2026
[2026-07-20 11:21:33.025] 
[2026-07-20 11:21:33.025] 
[2026-07-20 11:21:35.252] [0;32mI (256260093) NL_LTPDU: BatchGet 3E0AE0494182: 6 eps, rsp=118 bytes[0m
[2026-07-20 11:21:35.252] [0;32mI (256260113) NL_LTPDU: BatchGet 880A64775B01: 6 eps, rsp=118 bytes[0m
[2026-07-20 11:21:35.252] 
[2026-07-20 11:21:35.408] [0;32mI (256260264) NL_LTPDU: BatchGet 6A76B95FD1DB: 6 eps, rsp=118 bytes[0m
[2026-07-20 11:21:35.408] 
[2026-07-20 11:21:40.089] [0;32mI (256264903) NL_LTPDU: BatchGet 3E0AE0494182: 6 eps, rsp=118 bytes[0m
[2026-07-20 11:21:40.089] [0;32mI (256264940) NL_LTPDU: BatchGet 880A64775B01: 6 eps, rsp=118 bytes[0m
[2026-07-20 11:21:40.089] 
[2026-07-20 11:21:40.136] [0;32mI (256264991) NL_LTPDU: BatchGet 6A76B95FD1DB: 6 eps, rsp=118 bytes[0m
[2026-07-20 11:21:40.136] 
[2026-07-20 11:21:41.035] free heap: 6300784, minimum free heap: 6033104, Internal 8bit free heap: 72264, 8bit free heap: 6300784The current date/time is: Mon Jul 20 03:21:40 2026
[2026-07-20 11:21:41.035] 
[2026-07-20 11:21:41.035] 
[2026-07-20 11:21:45.770] [0;32mI (256270616) NL_LTPDU: BatchGet 3E0AE0494182: 6 eps, rsp=118 bytes[0m
[2026-07-20 11:21:45.770] [0;32mI (256270630) NL_LTPDU: BatchGet 880A64775B01: 6 eps, rsp=118 bytes[0m
[2026-07-20 11:21:45.770] 
[2026-07-20 11:21:46.264] [0;32mI (256271114) NL_LTPDU: BatchGet 6A76B95FD1DB: 6 eps, rsp=118 bytes[0m
[2026-07-20 11:21:46.264] 
[2026-07-20 11:21:49.052] free heap: 6300784, minimum free heap: 6033104, Internal 8bit free heap: 72264, 8bit free heap: 6300784The current date/time is: Mon Jul 20 03:21:48 2026
[2026-07-20 11:21:49.052] 
[2026-07-20 11:21:49.052] 
[2026-07-20 11:21:50.986] [0;32mI (256275844) NL_LTPDU: BatchGet 3E0AE0494182: 6 eps, rsp=118 bytes[0m
[2026-07-20 11:21:50.986] 
[2026-07-20 11:21:51.434] [0;32mI (256276285) NL_LTPDU: BatchGet 880A64775B01: 6 eps, rsp=118 bytes[0m
[2026-07-20 11:21:51.434] 
[2026-07-20 11:21:52.284] [0;32mI (256277134) NL_LTPDU: BatchGet 6A76B95FD1DB: 6 eps, rsp=118 bytes[0m
[2026-07-20 11:21:52.284] 
[2026-07-20 11:21:55.315] [0;32mI (256280144) NL_LTPDU: BatchGet 3E0AE0494182: 6 eps, rsp=118 bytes[0m
[2026-07-20 11:21:55.315] [0;32mI (256280168) NL_LTPDU: BatchGet 880A64775B01: 6 eps, rsp=118 bytes[0m
[2026-07-20 11:21:55.315] 
[2026-07-20 11:21:55.794] [0;32mI (256280643) NL_LTPDU: BatchGet 6A76B95FD1DB: 6 eps, rsp=118 bytes[0m
[2026-07-20 11:21:55.794] 
[2026-07-20 11:21:57.046] free heap: 6300916, minimum free heap: 6033104, Internal 8bit free heap: 72396, 8bit free heap: 6300916The current date/time is: Mon Jul 20 03:21:56 2026
[2026-07-20 11:21:57.046] 
[2026-07-20 11:21:57.046] 
[2026-07-20 11:22:00.744] [0;32mI (256285589) NL_LTPDU: BatchGet 3E0AE0494182: 6 eps, rsp=118 bytes[0m
[2026-07-20 11:22:00.744] 
[2026-07-20 11:22:01.425] [0;32mI (256286278) NL_LTPDU: BatchGet 880A64775B01: 6 eps, rsp=118 bytes[0m
[2026-07-20 11:22:01.425] 
[2026-07-20 11:22:02.959] [0;32mI (256287806) NL_LTPDU: BatchGet 6A76B95FD1DB: 6 eps, rsp=118 bytes[0m
[2026-07-20 11:22:02.959] 
[2026-07-20 11:22:05.048] free heap: 6300904, minimum free heap: 6033104, Internal 8bit free heap: 72396, 8bit free heap: 6300904The current date/time is: Mon Jul 20 03:22:04 2026
[2026-07-20 11:22:05.048] 
[2026-07-20 11:22:05.048] 
[2026-07-20 11:22:06.014] [0;32mI (256290862) NL_LTPDU: BatchGet 3E0AE0494182: 6 eps, rsp=118 bytes[0m
[2026-07-20 11:22:06.014] 
[2026-07-20 11:22:06.262] [0;32mI (256291117) NL_LTPDU: BatchGet 880A64775B01: 6 eps, rsp=118 bytes[0m
[2026-07-20 11:22:06.262] 
[2026-07-20 11:22:08.993] [0;32mI (256293851) NL_LTPDU: BatchGet 6A76B95FD1DB: 6 eps, rsp=118 bytes[0m
[2026-07-20 11:22:08.993] 
[2026-07-20 11:22:10.386] [0;32mI (256295243) NL_LTPDU: BatchGet 3E0AE0494182: 6 eps, rsp=118 bytes[0m
[2026-07-20 11:22:10.386] 
[2026-07-20 11:22:10.634] [0;32mI (256295491) NL_LTPDU: BatchGet 880A64775B01: 6 eps, rsp=118 bytes[0m
[2026-07-20 11:22:10.634] 
[2026-07-20 11:22:11.317] [0;32mI (256296163) NL_LTPDU: BatchGet 6A76B95FD1DB: 6 eps, rsp=118 bytes[0m
[2026-07-20 11:22:11.317] 
[2026-07-20 11:22:13.050] free heap: 6300772, minimum free heap: 6033104, Internal 8bit free heap: 72264, 8bit free heap: 6300772The current date/time is: Mon Jul 20 03:22:12 2026
[2026-07-20 11:22:13.050] 
[2026-07-20 11:22:13.050] 
[2026-07-20 11:22:15.699] [0;32mI (256300524) NL_LTPDU: BatchGet 3E0AE0494182: 6 eps, rsp=118 bytes[0m
[2026-07-20 11:22:15.699] [0;32mI (256300539) NL_LTPDU: BatchGet 880A64775B01: 6 eps, rsp=118 bytes[0m
[2026-07-20 11:22:15.699] [0;32mI (256300563) NL_LTPDU: BatchGet 6A76B95FD1DB: 6 eps, rsp=118 bytes[0m
[2026-07-20 11:22:15.699] 
[2026-07-20 11:22:16.457] uart: 11 AT+MOTION 0
[2026-07-20 11:22:16.457] 
[2026-07-20 11:22:16.457] 
[2026-07-20 11:22:16.457] btn on press
[2026-07-20 11:22:16.457] uart: 130 AT+BCDS ff04000206a5d9462 0010B940B0E9FEC6718C48ca43a5b6dc0F099c000a0698404c000000000000ff0cff00000000000000000000000000000000ff06
[2026-07-20 11:22:16.457] 
[2026-07-20 11:22:16.457] 
[2026-07-20 11:22:16.457] 
[2026-07-20 11:22:16.626] pTopic:$aws/rules/bi_wifi_data_report/switchlink/B0E9FEC6718C/link_to_shadow
[2026-07-20 11:22:16.626] pData:BCD ff04000206a5d9462 0010B940B0E9FEC6718C48ca43a5b6dc0F099c000a0698404c000000000000ff0cff00000000000000000000000000000000ff06
[2026-07-20 11:22:16.626] 
[2026-07-20 11:22:20.790] [0;32mI (256305636) NL_LTPDU: BatchGet 3E0AE0494182: 6 eps, rsp=118 bytes[0m
[2026-07-20 11:22:20.790] 
[2026-07-20 11:22:20.882] [0;32mI (256305729) NL_LTPDU: BatchGet 880A64775B01: 6 eps, rsp=118 bytes[0m
[2026-07-20 11:22:20.882] 
[2026-07-20 11:22:21.005] [0;32mI (256305862) NL_LTPDU: BatchGet 6A76B95FD1DB: 6 eps, rsp=118 bytes[0m
[2026-07-20 11:22:21.005] 
[2026-07-20 11:22:21.083] free heap: 6300880, minimum free heap: 6033104, Internal 8bit free heap: 72360, 8bit free heap: 6300880The current date/time is: Mon Jul 20 03:22:20 2026
[2026-07-20 11:22:21.083] 
[2026-07-20 11:22:21.083] 
[2026-07-20 11:22:25.913] [0;32mI (256310759) NL_LTPDU: BatchGet 3E0AE0494182: 6 eps, rsp=118 bytes[0m
[2026-07-20 11:22:25.913] [0;32mI (256310776) NL_LTPDU: BatchGet 880A64775B01: 6 eps, rsp=118 bytes[0m
[2026-07-20 11:22:25.913] 
[2026-07-20 11:22:26.114] [0;32mI (256310964) NL_LTPDU: BatchGet 6A76B95FD1DB: 6 eps, rsp=118 bytes[0m
[2026-07-20 11:22:26.114] 
[2026-07-20 11:22:27.827] [0;32mI (256312673) ROUTE_HOOK: Received RIO[0m
[2026-07-20 11:22:27.827] [0;32mI (256312673) ROUTE_HOOK: prefix FDEA:C98F:38B2:1:: lifetime 1800[0m
[2026-07-20 11:22:27.827] 
[2026-07-20 11:22:29.079] free heap: 6300904, minimum free heap: 6033104, Internal 8bit free heap: 72396, 8bit free heap: 6300904The current date/time is: Mon Jul 20 03:22:28 2026
[2026-07-20 11:22:29.079] 
[2026-07-20 11:22:29.079] 
[2026-07-20 11:22:30.863] [0;32mI (256315723) NL_LTPDU: BatchGet 3E0AE0494182: 6 eps, rsp=118 bytes[0m
[2026-07-20 11:22:30.863] 
[2026-07-20 11:22:31.047] [0;32mI (256315899) NL_LTPDU: BatchGet 880A64775B01: 6 eps, rsp=118 bytes[0m
[2026-07-20 11:22:31.047] 
[2026-07-20 11:22:31.231] [0;32mI (256316084) NL_LTPDU: BatchGet 6A76B95FD1DB: 6 eps, rsp=118 bytes[0m
[2026-07-20 11:22:31.231] 
[2026-07-20 11:22:35.474] [0;32mI (256320331) NL_LTPDU: BatchGet 3E0AE0494182: 6 eps, rsp=118 bytes[0m
[2026-07-20 11:22:35.474] [0;32mI (256320338) NL_LTPDU: BatchGet 880A64775B01: 6 eps, rsp=118 bytes[0m
[2026-07-20 11:22:35.474] 
[2026-07-20 11:22:35.520] [0;32mI (256320374) NL_LTPDU: BatchGet 6A76B95FD1DB: 6 eps, rsp=118 bytes[0m
[2026-07-20 11:22:35.520] 
[2026-07-20 11:22:37.085] free heap: 6300904, minimum free heap: 6033104, Internal 8bit free heap: 72396, 8bit free heap: 6300904The current date/time is: Mon Jul 20 03:22:36 2026
[2026-07-20 11:22:37.085] 
[2026-07-20 11:22:37.085] 
[2026-07-20 11:22:40.606] [0;32mI (256325445) NL_LTPDU: BatchGet 3E0AE0494182: 6 eps, rsp=118 bytes[0m
[2026-07-20 11:22:40.606] [0;32mI (256325445) TASK_NL: [0] Status changed: on=1 br=41 ct=6500 hu=0 sa=100 eff="*Solid*"[0m
[2026-07-20 11:22:40.606] [0;32mI (256325458) NL_LTPDU: BatchGet 880A64775B01: 6 eps, rsp=118 bytes[0m
[2026-07-20 11:22:40.606] 
[2026-07-20 11:22:40.683] pTopic:switchlink/B0E9FEC6718C/link_to_nanoleaf_property
[2026-07-20 11:22:40.683] pData:{"msgType":"status","deviceId":"3E0AE0494182","timestamp":1784517760,"endpoints":[{"endpoint":"lb/0/oo","value":true},{"endpoint":"lb/0/pb","value":41},{"endpoint":"lb/0/ct","value":6500},{"endpoint":"lb/0/hu","value":0},{"endpoint":"lb/0/sa","value":100},{"endpoint":"effect/select","value":"*Solid*"}]}
[2026-07-20 11:22:40.683] [0;32mI (256325511) NL_LTPDU: BatchGet 6A76B95FD1DB: 6 eps, rsp=118 bytes[0m
[2026-07-20 11:22:40.683] 
[2026-07-20 11:22:45.081] free heap: 6300784, minimum free heap: 6033104, Internal 8bit free heap: 72264, 8bit free heap: 6300784The current date/time is: Mon Jul 20 03:22:44 2026
[2026-07-20 11:22:45.081] 
[2026-07-20 11:22:45.081] 
[2026-07-20 11:22:45.732] [0;32mI (256330564) NL_LTPDU: BatchGet 3E0AE0494182: 6 eps, rsp=118 bytes[0m
[2026-07-20 11:22:45.732] [0;32mI (256330584) NL_LTPDU: BatchGet 880A64775B01: 6 eps, rsp=118 bytes[0m
[2026-07-20 11:22:45.732] 
[2026-07-20 11:22:45.778] [0;32mI (256330628) NL_LTPDU: BatchGet 6A76B95FD1DB: 6 eps, rsp=118 bytes[0m
[2026-07-20 11:22:45.778] 
[2026-07-20 11:22:50.852] [0;32mI (256335714) NL_LTPDU: BatchGet 3E0AE0494182: 6 eps, rsp=118 bytes[0m
[2026-07-20 11:22:50.852] 
[2026-07-20 11:22:50.913] [0;32mI (256335747) NL_LTPDU: BatchGet 880A64775B01: 6 eps, rsp=118 bytes[0m
[2026-07-20 11:22:50.913] [0;32mI (256335777) NL_LTPDU: BatchGet 6A76B95FD1DB: 6 eps, rsp=118 bytes[0m
[2026-07-20 11:22:50.913] 
[2026-07-20 11:22:53.098] free heap: 6300896, minimum free heap: 6033104, Internal 8bit free heap: 72396, 8bit free heap: 6300896The current date/time is: Mon Jul 20 03:22:52 2026
[2026-07-20 11:22:53.098] 
[2026-07-20 11:22:53.098] 
[2026-07-20 11:22:55.724] [0;32mI (256340547) NL_LTPDU: BatchGet 3E0AE0494182: 6 eps, rsp=118 bytes[0m
[2026-07-20 11:22:55.724] [0;32mI (256340556) NL_LTPDU: BatchGet 880A64775B01: 6 eps, rsp=118 bytes[0m
[2026-07-20 11:22:55.724] [0;32mI (256340576) NL_LTPDU: BatchGet 6A76B95FD1DB: 6 eps, rsp=118 bytes[0m
[2026-07-20 11:22:55.724] 
[2026-07-20 11:23:00.924] [0;32mI (256345749) NL_LTPDU: BatchGet 3E0AE0494182: 6 eps, rsp=118 bytes[0m
[2026-07-20 11:23:00.924] [0;32mI (256345780) NL_LTPDU: BatchGet 880A64775B01: 6 eps, rsp=118 bytes[0m
[2026-07-20 11:23:00.924] [0;32mI (256345787) NL_LTPDU: BatchGet 6A76B95FD1DB: 6 eps, rsp=118 bytes[0m
[2026-07-20 11:23:00.924] 
[2026-07-20 11:23:01.110] free heap: 6300916, minimum free heap: 6033104, Internal 8bit free heap: 72396, 8bit free heap: 6300916The current date/time is: Mon Jul 20 03:23:00 2026
[2026-07-20 11:23:01.110] 
[2026-07-20 11:23:01.110] 
[2026-07-20 11:23:05.678] [0;32mI (256350533) NL_LTPDU: BatchGet 3E0AE0494182: 6 eps, rsp=118 bytes[0m
[2026-07-20 11:23:05.678] [0;32mI (256350541) NL_LTPDU: BatchGet 880A64775B01: 6 eps, rsp=118 bytes[0m
[2026-07-20 11:23:05.678] 
[2026-07-20 11:23:05.724] [0;32mI (256350578) NL_LTPDU: BatchGet 6A76B95FD1DB: 6 eps, rsp=118 bytes[0m
[2026-07-20 11:23:05.724] 
[2026-07-20 11:23:09.112] free heap: 6300916, minimum free heap: 6033104, Internal 8bit free heap: 72396, 8bit free heap: 6300916The current date/time is: Mon Jul 20 03:23:08 2026
[2026-07-20 11:23:09.112] 
[2026-07-20 11:23:09.112] 
[2026-07-20 11:23:09.992] uart: 11 AT+MOTION 1
[2026-07-20 11:23:09.992] 
[2026-07-20 11:23:09.992] 
[2026-07-20 11:23:09.992] btn on press
[2026-07-20 11:23:09.992] uart: 130 AT+BCDS ff04000206a5d9497 0010B940B0E9FEC6718C48ca43a5b6dc0F099d200a0698404c000000000000ff0cfc00000000000000000000000000000000ff06
[2026-07-20 11:23:09.992] 
[2026-07-20 11:23:09.992] 
[2026-07-20 11:23:09.992] 
[2026-07-20 11:23:10.146] pTopic:$aws/rules/bi_wifi_data_report/switchlink/B0E9FEC6718C/link_to_shadow
[2026-07-20 11:23:10.146] pData:BCD ff04000206a5d9497 0010B940B0E9FEC6718C48ca43a5b6dc0F099d200a0698404c000000000000ff0cfc00000000000000000000000000000000ff06
[2026-07-20 11:23:10.146] 
[2026-07-20 11:23:10.810] [0;32mI (256355642) NL_LTPDU: BatchGet 3E0AE0494182: 6 eps, rsp=118 bytes[0m
[2026-07-20 11:23:10.810] [0;32mI (256355662) NL_LTPDU: BatchGet 880A64775B01: 6 eps, rsp=118 bytes[0m
[2026-07-20 11:23:10.810] [0;32mI (256355675) NL_LTPDU: BatchGet 6A76B95FD1DB: 6 eps, rsp=118 bytes[0m
[2026-07-20 11:23:10.810] 
[2026-07-20 11:23:15.938] [0;32mI (256360771) NL_LTPDU: BatchGet 3E0AE0494182: 6 eps, rsp=118 bytes[0m
[2026-07-20 11:23:15.938] [0;32mI (256360782) NL_LTPDU: BatchGet 880A64775B01: 6 eps, rsp=118 bytes[0m
[2026-07-20 11:23:15.938] [0;32mI (256360802) NL_LTPDU: BatchGet 6A76B95FD1DB: 6 eps, rsp=118 bytes[0m
[2026-07-20 11:23:15.938] 
[2026-07-20 11:23:17.100] free heap: 6300784, minimum free heap: 6033104, Internal 8bit free heap: 72264, 8bit free heap: 6300784The current date/time is: Mon Jul 20 03:23:16 2026
[2026-07-20 11:23:17.100] 
[2026-07-20 11:23:17.100] 
[2026-07-20 11:23:21.100] [0;32mI (256365921) NL_LTPDU: BatchGet 3E0AE0494182: 6 eps, rsp=118 bytes[0m
[2026-07-20 11:23:21.100] [0;32mI (256365952) NL_LTPDU: BatchGet 880A64775B01: 6 eps, rsp=118 bytes[0m
[2026-07-20 11:23:21.100] [0;32mI (256365960) NL_LTPDU: BatchGet 6A76B95FD1DB: 6 eps, rsp=118 bytes[0m
[2026-07-20 11:23:21.100] 
[2026-07-20 11:23:25.112] free heap: 6300904, minimum free heap: 6033104, Internal 8bit free heap: 72396, 8bit free heap: 6300904The current date/time is: Mon Jul 20 03:23:24 2026
[2026-07-20 11:23:25.112] 
[2026-07-20 11:23:25.112] 
[2026-07-20 11:23:25.965] [0;32mI (256370806) NL_LTPDU: BatchGet 3E0AE0494182: 6 eps, rsp=118 bytes[0m
[2026-07-20 11:23:25.965] [0;32mI (256370817) NL_LTPDU: BatchGet 880A64775B01: 6 eps, rsp=118 bytes[0m
[2026-07-20 11:23:25.965] [0;32mI (256370828) NL_LTPDU: BatchGet 6A76B95FD1DB: 6 eps, rsp=118 bytes[0m
[2026-07-20 11:23:25.965] 
[2026-07-20 11:23:32.245] [0;32mI (256377102) NL_LTPDU: BatchGet 3E0AE0494182: 6 eps, rsp=118 bytes[0m
[2026-07-20 11:23:32.245] 
[2026-07-20 11:23:32.415] [0;32mI (256377272) NL_LTPDU: BatchGet 880A64775B01: 6 eps, rsp=118 bytes[0m
[2026-07-20 11:23:32.415] 
[2026-07-20 11:23:32.445] [0;32mI (256377308) NL_LTPDU: BatchGet 6A76B95FD1DB: 6 eps, rsp=118 bytes[0m
[2026-07-20 11:23:32.445] 
[2026-07-20 11:23:33.107] free heap: 6300896, minimum free heap: 6033104, Internal 8bit free heap: 72396, 8bit free heap: 6300896The current date/time is: Mon Jul 20 03:23:32 2026
[2026-07-20 11:23:33.107] 
[2026-07-20 11:23:33.107] 
[2026-07-20 11:23:36.346] [0;32mI (256381205) NL_LTPDU: BatchGet 3E0AE0494182: 6 eps, rsp=118 bytes[0m
[2026-07-20 11:23:36.346] [0;32mI (256381212) NL_LTPDU: BatchGet 880A64775B01: 6 eps, rsp=118 bytes[0m
[2026-07-20 11:23:36.346] 
[2026-07-20 11:23:36.455] [0;32mI (256381309) NL_LTPDU: BatchGet 6A76B95FD1DB: 6 eps, rsp=118 bytes[0m
[2026-07-20 11:23:36.455] 
[2026-07-20 11:23:41.111] free heap: 6245920, minimum free heap: 6033104, Internal 8bit free heap: 72228, 8bit free heap: 6245920The current date/time is: Mon Jul 20 03:23:40 2026
[2026-07-20 11:23:41.111] 
[2026-07-20 11:23:41.111] 
[2026-07-20 11:23:41.156] [0;32mI (256386008) NL_LTPDU: BatchGet 3E0AE0494182: 6 eps, rsp=118 bytes[0m
[2026-07-20 11:23:41.156] 
[2026-07-20 11:23:41.250] [0;32mI (256386114) NL_LTPDU: BatchGet 880A64775B01: 6 eps, rsp=118 bytes[0m
[2026-07-20 11:23:41.250] 
[2026-07-20 11:23:41.312] [0;32mI (256386171) NL_LTPDU: BatchGet 6A76B95FD1DB: 6 eps, rsp=118 bytes[0m
[2026-07-20 11:23:41.312] 
[2026-07-20 11:23:46.384] [0;32mI (256391247) NL_LTPDU: BatchGet 3E0AE0494182: 6 eps, rsp=118 bytes[0m
[2026-07-20 11:23:46.384] 
[2026-07-20 11:23:46.444] [0;32mI (256391293) NL_LTPDU: BatchGet 880A64775B01: 6 eps, rsp=118 bytes[0m
[2026-07-20 11:23:46.444] [0;32mI (256391302) NL_LTPDU: BatchGet 6A76B95FD1DB: 6 eps, rsp=118 bytes[0m
[2026-07-20 11:23:46.444] 
[2026-07-20 11:23:49.115] free heap: 6300736, minimum free heap: 6033104, Internal 8bit free heap: 72228, 8bit free heap: 6300736The current date/time is: Mon Jul 20 03:23:48 2026
[2026-07-20 11:23:49.115] 
[2026-07-20 11:23:49.115] 
[2026-07-20 11:23:51.397] [0;32mI (256396250) NL_LTPDU: BatchGet 3E0AE0494182: 6 eps, rsp=118 bytes[0m
[2026-07-20 11:23:51.397] 
[2026-07-20 11:23:51.522] [0;32mI (256396382) NL_LTPDU: BatchGet 880A64775B01: 6 eps, rsp=118 bytes[0m
[2026-07-20 11:23:51.522] 
[2026-07-20 11:23:51.600] [0;32mI (256396464) NL_LTPDU: BatchGet 6A76B95FD1DB: 6 eps, rsp=118 bytes[0m
[2026-07-20 11:23:51.600] 
[2026-07-20 11:23:56.257] [0;32mI (256401118) NL_LTPDU: BatchGet 3E0AE0494182: 6 eps, rsp=118 bytes[0m
[2026-07-20 11:23:56.257] [0;32mI (256401125) NL_LTPDU: BatchGet 880A64775B01: 6 eps, rsp=118 bytes[0m
[2026-07-20 11:23:56.257] 
[2026-07-20 11:23:56.304] [0;32mI (256401166) NL_LTPDU: BatchGet 6A76B95FD1DB: 6 eps, rsp=118 bytes[0m
[2026-07-20 11:23:56.304] 
[2026-07-20 11:23:57.135] free heap: 6300904, minimum free heap: 6033104, Internal 8bit free heap: 72396, 8bit free heap: 6300904The current date/time is: Mon Jul 20 03:23:56 2026
[2026-07-20 11:23:57.135] 
[2026-07-20 11:23:57.135] 
[2026-07-20 11:24:01.456] [0;32mI (256406284) NL_LTPDU: BatchGet 3E0AE0494182: 6 eps, rsp=118 bytes[0m
[2026-07-20 11:24:01.456] [0;32mI (256406300) NL_LTPDU: BatchGet 880A64775B01: 6 eps, rsp=118 bytes[0m
[2026-07-20 11:24:01.456] [0;32mI (256406319) NL_LTPDU: BatchGet 6A76B95FD1DB: 6 eps, rsp=118 bytes[0m
[2026-07-20 11:24:01.456] 
[2026-07-20 11:24:05.136] free heap: 6300916, minimum free heap: 6033104, Internal 8bit free heap: 72396, 8bit free heap: 6300916The current date/time is: Mon Jul 20 03:24:04 2026
[2026-07-20 11:24:05.136] 
[2026-07-20 11:24:05.136] 
[2026-07-20 11:24:06.528] [0;32mI (256411386) NL_LTPDU: BatchGet 3E0AE0494182: 6 eps, rsp=118 bytes[0m
[2026-07-20 11:24:06.528] 
[2026-07-20 11:24:06.574] [0;32mI (256411422) NL_LTPDU: BatchGet 880A64775B01: 6 eps, rsp=118 bytes[0m
[2026-07-20 11:24:06.574] [0;32mI (256411443) NL_LTPDU: BatchGet 6A76B95FD1DB: 6 eps, rsp=118 bytes[0m
[2026-07-20 11:24:06.574] 
[2026-07-20 11:24:11.634] [0;32mI (256416499) NL_LTPDU: BatchGet 3E0AE0494182: 6 eps, rsp=118 bytes[0m
[2026-07-20 11:24:11.634] 
[2026-07-20 11:24:11.836] [0;32mI (256416659) NL_LTPDU: BatchGet 880A64775B01: 6 eps, rsp=118 bytes[0m
[2026-07-20 11:24:11.836] [0;32mI (256416697) NL_LTPDU: BatchGet 6A76B95FD1DB: 6 eps, rsp=118 bytes[0m
[2026-07-20 11:24:11.836] 
[2026-07-20 11:24:13.136] free heap: 6300764, minimum free heap: 6033104, Internal 8bit free heap: 72264, 8bit free heap: 6300764The current date/time is: Mon Jul 20 03:24:12 2026
[2026-07-20 11:24:13.136] 
[2026-07-20 11:24:13.136] 
[2026-07-20 11:24:16.321] [0;32mI (256421188) NL_LTPDU: BatchGet 3E0AE0494182: 6 eps, rsp=118 bytes[0m
[2026-07-20 11:24:16.321] 
[2026-07-20 11:24:16.521] [0;32mI (256421352) NL_LTPDU: BatchGet 880A64775B01: 6 eps, rsp=118 bytes[0m
[2026-07-20 11:24:16.521] [0;32mI (256421384) NL_LTPDU: BatchGet 6A76B95FD1DB: 6 eps, rsp=118 bytes[0m
[2026-07-20 11:24:16.521] 
[2026-07-20 11:24:21.149] free heap: 6300916, minimum free heap: 6033104, Internal 8bit free heap: 72396, 8bit free heap: 6300916The current date/time is: Mon Jul 20 03:24:20 2026
[2026-07-20 11:24:21.149] 
[2026-07-20 11:24:21.149] 
[2026-07-20 11:24:21.442] [0;32mI (256426307) NL_LTPDU: BatchGet 3E0AE0494182: 6 eps, rsp=118 bytes[0m
[2026-07-20 11:24:21.442] 
[2026-07-20 11:24:21.659] [0;32mI (256426515) NL_LTPDU: BatchGet 880A64775B01: 6 eps, rsp=118 bytes[0m
[2026-07-20 11:24:21.659] 
[2026-07-20 11:24:21.704] [0;32mI (256426564) NL_LTPDU: BatchGet 6A76B95FD1DB: 6 eps, rsp=118 bytes[0m
[2026-07-20 11:24:21.704] 
[2026-07-20 11:24:26.627] [0;32mI (256431484) NL_LTPDU: BatchGet 3E0AE0494182: 6 eps, rsp=118 bytes[0m
[2026-07-20 11:24:26.627] 
[2026-07-20 11:24:26.736] [0;32mI (256431591) NL_LTPDU: BatchGet 880A64775B01: 6 eps, rsp=118 bytes[0m
[2026-07-20 11:24:26.736] 
[2026-07-20 11:24:26.905] [0;32mI (256431759) NL_LTPDU: BatchGet 6A76B95FD1DB: 6 eps, rsp=118 bytes[0m
[2026-07-20 11:24:26.905] 
[2026-07-20 11:24:29.152] free heap: 6300880, minimum free heap: 6033104, Internal 8bit free heap: 72360, 8bit free heap: 6300880The current date/time is: Mon Jul 20 03:24:28 2026
[2026-07-20 11:24:29.152] 
[2026-07-20 11:24:29.152] 
[2026-07-20 11:24:30.194] [0;32mI (256435058) ROUTE_HOOK: Received RIO[0m
[2026-07-20 11:24:30.194] [0;32mI (256435059) ROUTE_HOOK: prefix FDEA:C98F:38B2:1:: lifetime 1800[0m
[2026-07-20 11:24:30.194] 
[2026-07-20 11:24:32.147] [0;32mI (256437002) NL_LTPDU: BatchGet 3E0AE0494182: 6 eps, rsp=118 bytes[0m
[2026-07-20 11:24:32.147] 
[2026-07-20 11:24:32.735] [0;32mI (256437601) NL_LTPDU: BatchGet 880A64775B01: 6 eps, rsp=118 bytes[0m
[2026-07-20 11:24:32.735] 
[2026-07-20 11:24:34.158] [0;32mI (256439020) NL_LTPDU: BatchGet 6A76B95FD1DB: 6 eps, rsp=118 bytes[0m
[2026-07-20 11:24:34.158] 
[2026-07-20 11:24:36.804] [0;32mI (256441665) NL_LTPDU: BatchGet 3E0AE0494182: 6 eps, rsp=118 bytes[0m
[2026-07-20 11:24:36.804] 
[2026-07-20 11:24:37.052] [0;32mI (256441917) NL_LTPDU: BatchGet 880A64775B01: 6 eps, rsp=118 bytes[0m
[2026-07-20 11:24:37.052] 
[2026-07-20 11:24:37.098] [0;32mI (256441951) NL_LTPDU: BatchGet 6A76B95FD1DB: 6 eps, rsp=118 bytes[0m
[2026-07-20 11:24:37.098] 
[2026-07-20 11:24:37.160] free heap: 6300860, minimum free heap: 6033104, Internal 8bit free heap: 72360, 8bit free heap: 6300860The current date/time is: Mon Jul 20 03:24:36 2026
[2026-07-20 11:24:37.160] 
[2026-07-20 11:24:37.160] 
[2026-07-20 11:24:41.716] [0;32mI (256446584) NL_LTPDU: BatchGet 3E0AE0494182: 6 eps, rsp=118 bytes[0m
[2026-07-20 11:24:41.716] 
[2026-07-20 11:24:41.761] [0;32mI (256446614) NL_LTPDU: BatchGet 880A64775B01: 6 eps, rsp=118 bytes[0m
[2026-07-20 11:24:41.761] 
[2026-07-20 11:24:41.808] [0;32mI (256446675) NL_LTPDU: BatchGet 6A76B95FD1DB: 6 eps, rsp=118 bytes[0m
[2026-07-20 11:24:41.808] 
[2026-07-20 11:24:45.151] free heap: 6300772, minimum free heap: 6033104, Internal 8bit free heap: 72264, 8bit free heap: 6300772The current date/time is: Mon Jul 20 03:24:44 2026
[2026-07-20 11:24:45.151] 
[2026-07-20 11:24:45.151] 
[2026-07-20 11:24:47.098] [0;32mI (256451954) NL_LTPDU: BatchGet 3E0AE0494182: 6 eps, rsp=118 bytes[0m
[2026-07-20 11:24:47.098] 
[2026-07-20 11:24:47.823] [0;32mI (256452687) NL_LTPDU: BatchGet 880A64775B01: 6 eps, rsp=118 bytes[0m
[2026-07-20 11:24:47.823] 
[2026-07-20 11:24:48.194] [0;32mI (256453064) NL_LTPDU: BatchGet 6A76B95FD1DB: 6 eps, rsp=118 bytes[0m
[2026-07-20 11:24:48.194] 
[2026-07-20 11:24:51.757] [0;32mI (256456611) NL_LTPDU: BatchGet 3E0AE0494182: 6 eps, rsp=118 bytes[0m
[2026-07-20 11:24:51.757] [0;32mI (256456626) NL_LTPDU: BatchGet 880A64775B01: 6 eps, rsp=118 bytes[0m
[2026-07-20 11:24:51.757] 
[2026-07-20 11:24:52.621] [0;32mI (256457485) NL_LTPDU: BatchGet 6A76B95FD1DB: 6 eps, rsp=118 bytes[0m
[2026-07-20 11:24:52.621] 
[2026-07-20 11:24:53.180] free heap: 6300860, minimum free heap: 6033104, Internal 8bit free heap: 72360, 8bit free heap: 6300860The current date/time is: Mon Jul 20 03:24:52 2026
[2026-07-20 11:24:53.180] 
[2026-07-20 11:24:53.180] 
[2026-07-20 11:24:57.033] [0;32mI (256461890) NL_LTPDU: BatchGet 3E0AE0494182: 6 eps, rsp=118 bytes[0m
[2026-07-20 11:24:57.033] 
[2026-07-20 11:24:57.079] [0;32mI (256461946) NL_LTPDU: BatchGet 880A64775B01: 6 eps, rsp=118 bytes[0m
[2026-07-20 11:24:57.079] 
[2026-07-20 11:24:57.342] [0;32mI (256462202) NL_LTPDU: BatchGet 6A76B95FD1DB: 6 eps, rsp=118 bytes[0m
[2026-07-20 11:24:57.342] 
[2026-07-20 11:25:01.171] free heap: 6300904, minimum free heap: 6033104, Internal 8bit free heap: 72396, 8bit free heap: 6300904The current date/time is: Mon Jul 20 03:25:00 2026
[2026-07-20 11:25:01.171] 
[2026-07-20 11:25:01.171] 
[2026-07-20 11:25:02.035] [0;32mI (256466903) NL_LTPDU: BatchGet 3E0AE0494182: 6 eps, rsp=118 bytes[0m
[2026-07-20 11:25:02.035] 
[2026-07-20 11:25:02.206] [0;32mI (256467068) NL_LTPDU: BatchGet 880A64775B01: 6 eps, rsp=118 bytes[0m
[2026-07-20 11:25:02.206] [0;32mI (256467078) NL_LTPDU: BatchGet 6A76B95FD1DB: 6 eps, rsp=118 bytes[0m
[2026-07-20 11:25:02.206] 
[2026-07-20 11:25:07.180] [0;32mI (256472029) NL_LTPDU: BatchGet 3E0AE0494182: 6 eps, rsp=118 bytes[0m
[2026-07-20 11:25:07.180] uart: 9 AT+STATUS
[2026-07-20 11:25:07.180] 
[2026-07-20 11:25:07.180] 
[2026-07-20 11:25:07.180] wifi status is 5 1 2
[2026-07-20 11:25:07.180] 
[2026-07-20 11:25:07.180] wifi ipv4 info:
[2026-07-20 11:25:07.180] 
[2026-07-20 11:25:07.180] 192.168.50.200.
[2026-07-20 11:25:07.180] 
[2026-07-20 11:25:07.180] 255.255.255.0.
[2026-07-20 11:25:07.180] 
[2026-07-20 11:25:07.180] 192.168.50.1.
[2026-07-20 11:25:07.180] 
[2026-07-20 11:25:07.180] 
[2026-07-20 11:25:07.288] uart: 10 AT+GET_UTC
[2026-07-20 11:25:07.288] 
[2026-07-20 11:25:07.288] 
[2026-07-20 11:25:07.288] utc 3, 6a
[2026-07-20 11:25:07.288] 
[2026-07-20 11:25:07.288] utc 2, 5d
[2026-07-20 11:25:07.288] 
[2026-07-20 11:25:07.288] utc 1, 95
[2026-07-20 11:25:07.288] 
[2026-07-20 11:25:07.288] utc 0, 12
[2026-07-20 11:25:07.288] 
[2026-07-20 11:25:07.288] UTC : 6a5d9512
[2026-07-20 11:25:07.288] 
[2026-07-20 11:25:07.288] 
[2026-07-20 11:25:07.381] [0;32mI (256472238) NL_LTPDU: BatchGet 880A64775B01: 6 eps, rsp=118 bytes[0m
[2026-07-20 11:25:07.381] [0;32mI (256472251) NL_LTPDU: BatchGet 6A76B95FD1DB: 6 eps, rsp=118 bytes[0m
[2026-07-20 11:25:07.381] 
[2026-07-20 11:25:09.174] free heap: 6300904, minimum free heap: 6033104, Internal 8bit free heap: 72396, 8bit free heap: 6300904The current date/time is: Mon Jul 20 03:25:08 2026
[2026-07-20 11:25:09.174] 
[2026-07-20 11:25:09.174] 
[2026-07-20 11:25:13.052] [0;32mI (256477913) NL_LTPDU: BatchGet 3E0AE0494182: 6 eps, rsp=118 bytes[0m
[2026-07-20 11:25:13.052] 
[2026-07-20 11:25:13.268] [0;32mI (256478131) NL_LTPDU: BatchGet 880A64775B01: 6 eps, rsp=118 bytes[0m
[2026-07-20 11:25:13.268] 
[2026-07-20 11:25:13.779] [0;32mI (256478640) NL_LTPDU: BatchGet 6A76B95FD1DB: 6 eps, rsp=118 bytes[0m
[2026-07-20 11:25:13.779] 
[2026-07-20 11:25:17.052] [0;32mI (256481909) NL_LTPDU: BatchGet 3E0AE0494182: 6 eps, rsp=118 bytes[0m
[2026-07-20 11:25:17.052] 
[2026-07-20 11:25:17.192] free heap: 6245900, minimum free heap: 6033104, Internal 8bit free heap: 72228, 8bit free heap: 6245900The current date/time is: Mon Jul 20 03:25:16 2026
[2026-07-20 11:25:17.192] 
[2026-07-20 11:25:17.192] [0;32mI (256482058) NL_LTPDU: BatchGet 880A64775B01: 6 eps, rsp=118 bytes[0m
[2026-07-20 11:25:17.192] 
[2026-07-20 11:25:17.254] [0;32mI (256482115) NL_LTPDU: BatchGet 6A76B95FD1DB: 6 eps, rsp=118 bytes[0m
[2026-07-20 11:25:17.254] 
[2026-07-20 11:25:22.221] [0;32mI (256487079) NL_LTPDU: BatchGet 3E0AE0494182: 6 eps, rsp=118 bytes[0m
[2026-07-20 11:25:22.221] 
[2026-07-20 11:25:22.437] [0;32mI (256487308) NL_LTPDU: BatchGet 880A64775B01: 6 eps, rsp=118 bytes[0m
[2026-07-20 11:25:22.437] 
[2026-07-20 11:25:23.647] [0;32mI (256488518) NL_LTPDU: BatchGet 6A76B95FD1DB: 6 eps, rsp=118 bytes[0m
[2026-07-20 11:25:23.647] 
[2026-07-20 11:25:25.190] free heap: 6300916, minimum free heap: 6033104, Internal 8bit free heap: 72396, 8bit free heap: 6300916The current date/time is: Mon Jul 20 03:25:24 2026
[2026-07-20 11:25:25.190] 
[2026-07-20 11:25:25.190] 
[2026-07-20 11:25:27.242] [0;32mI (256492106) NL_LTPDU: BatchGet 3E0AE0494182: 6 eps, rsp=118 bytes[0m
[2026-07-20 11:25:27.242] 
[2026-07-20 11:25:27.272] [0;32mI (256492142) NL_LTPDU: BatchGet 880A64775B01: 6 eps, rsp=118 bytes[0m
[2026-07-20 11:25:27.272] 
[2026-07-20 11:25:27.490] [0;32mI (256492355) NL_LTPDU: BatchGet 6A76B95FD1DB: 6 eps, rsp=118 bytes[0m
[2026-07-20 11:25:27.490] 
[2026-07-20 11:25:32.397] [0;32mI (256497230) NL_LTPDU: BatchGet 3E0AE0494182: 6 eps, rsp=118 bytes[0m
[2026-07-20 11:25:32.397] [0;32mI (256497230) TASK_NL: [0] Status changed: on=0 br=41 ct=6500 hu=0 sa=100 eff="*Solid*"[0m
[2026-07-20 11:25:32.397] [0;32mI (256497262) NL_LTPDU: BatchGet 880A64775B01: 6 eps, rsp=118 bytes[0m
[2026-07-20 11:25:32.397] 
[2026-07-20 11:25:32.488] pTopic:switchlink/B0E9FEC6718C/link_to_nanoleaf_property
[2026-07-20 11:25:32.488] pData:{"msgType":"status","deviceId":"3E0AE0494182","timestamp":1784517932,"endpoints":[{"endpoint":"lb/0/oo","value":false},{"endpoint":"lb/0/pb","value":41},{"endpoint":"lb/0/ct","value":6500},{"endpoint":"lb/0/hu","value":0},{"endpoint":"lb/0/sa","value":100},{"endpoint":"effect/select","value":"*Solid*"}]}
[2026-07-20 11:25:32.488] 
[2026-07-20 11:25:32.721] [0;32mI (256497581) NL_LTPDU: BatchGet 6A76B95FD1DB: 6 eps, rsp=118 bytes[0m
[2026-07-20 11:25:32.721] 
[2026-07-20 11:25:33.186] free heap: 6299440, minimum free heap: 6033104, Internal 8bit free heap: 72396, 8bit free heap: 6299440The current date/time is: Mon Jul 20 03:25:32 2026
[2026-07-20 11:25:33.186] 
[2026-07-20 11:25:33.186] 
[2026-07-20 11:25:37.245] [0;32mI (256502113) NL_LTPDU: BatchGet 3E0AE0494182: 6 eps, rsp=118 bytes[0m
[2026-07-20 11:25:37.245] 
[2026-07-20 11:25:37.586] [0;32mI (256502445) NL_LTPDU: BatchGet 880A64775B01: 6 eps, rsp=118 bytes[0m
[2026-07-20 11:25:37.586] 
[2026-07-20 11:25:37.820] [0;32mI (256502684) NL_LTPDU: BatchGet 6A76B95FD1DB: 6 eps, rsp=118 bytes[0m
[2026-07-20 11:25:37.820] 
[2026-07-20 11:25:41.187] free heap: 6300784, minimum free heap: 6033104, Internal 8bit free heap: 72264, 8bit free heap: 6300784The current date/time is: Mon Jul 20 03:25:40 2026
[2026-07-20 11:25:41.187] 
[2026-07-20 11:25:41.187] 
[2026-07-20 11:25:42.099] [0;32mI (256506959) NL_LTPDU: BatchGet 3E0AE0494182: 6 eps, rsp=118 bytes[0m
[2026-07-20 11:25:42.099] 
[2026-07-20 11:25:42.237] [0;32mI (256507106) NL_LTPDU: BatchGet 880A64775B01: 6 eps, rsp=118 bytes[0m
[2026-07-20 11:25:42.237] 
[2026-07-20 11:25:42.284] [0;32mI (256507145) NL_LTPDU: BatchGet 6A76B95FD1DB: 6 eps, rsp=118 bytes[0m
[2026-07-20 11:25:42.284] 
[2026-07-20 11:25:47.653] [0;32mI (256512513) NL_LTPDU: BatchGet 3E0AE0494182: 6 eps, rsp=118 bytes[0m
[2026-07-20 11:25:47.653] 
[2026-07-20 11:25:48.222] [0;32mI (256513087) NL_LTPDU: BatchGet 880A64775B01: 6 eps, rsp=118 bytes[0m
[2026-07-20 11:25:48.222] 
[2026-07-20 11:25:49.245] free heap: 6245968, minimum free heap: 6033104, Internal 8bit free heap: 72264, 8bit free heap: 6245968The current date/time is: Mon Jul 20 03:25:48 2026
[2026-07-20 11:25:49.245] 
[2026-07-20 11:25:49.245] 
[2026-07-20 11:25:49.770] [0;32mI (256514633) NL_LTPDU: BatchGet 6A76B95FD1DB: 6 eps, rsp=118 bytes[0m
[2026-07-20 11:25:49.770] 
[2026-07-20 11:25:53.479] [0;32mI (256518341) NL_LTPDU: BatchGet 3E0AE0494182: 6 eps, rsp=118 bytes[0m
[2026-07-20 11:25:53.479] 
[2026-07-20 11:25:53.786] [0;32mI (256518650) NL_LTPDU: BatchGet 880A64775B01: 6 eps, rsp=118 bytes[0m
[2026-07-20 11:25:53.786] 
[2026-07-20 11:25:53.924] [0;32mI (256518786) NL_LTPDU: BatchGet 6A76B95FD1DB: 6 eps, rsp=118 bytes[0m
[2026-07-20 11:25:53.924] 
[2026-07-20 11:25:57.242] [0;32mI (256522072) NL_LTPDU: BatchGet 3E0AE0494182: 6 eps, rsp=118 bytes[0m
[2026-07-20 11:25:57.242] free heap: 6246064, minimum free heap: 6033104, Internal 8bit free heap: 72360, 8bit free heap: 6246064The current date/time is: Mon Jul 20 03:25:56 2026
[2026-07-20 11:25:57.242] 
[2026-07-20 11:25:57.242] 
[2026-07-20 11:25:57.366] [0;32mI (256522230) NL_LTPDU: BatchGet 880A64775B01: 6 eps, rsp=118 bytes[0m
[2026-07-20 11:25:57.366] 
[2026-07-20 11:25:58.048] [0;32mI (256522916) NL_LTPDU: BatchGet 6A76B95FD1DB: 6 eps, rsp=118 bytes[0m
[2026-07-20 11:25:58.048] 
[2026-07-20 11:26:02.653] [0;32mI (256527526) NL_LTPDU: BatchGet 3E0AE0494182: 6 eps, rsp=118 bytes[0m
[2026-07-20 11:26:02.653] 
[2026-07-20 11:26:03.771] [0;32mI (256528634) NL_LTPDU: BatchGet 880A64775B01: 6 eps, rsp=118 bytes[0m
[2026-07-20 11:26:03.771] 
[2026-07-20 11:26:03.941] [0;32mI (256528813) NL_LTPDU: BatchGet 6A76B95FD1DB: 6 eps, rsp=118 bytes[0m
[2026-07-20 11:26:03.941] 
[2026-07-20 11:26:05.243] free heap: 6300916, minimum free heap: 6033104, Internal 8bit free heap: 72396, 8bit free heap: 6300916The current date/time is: Mon Jul 20 03:26:04 2026
[2026-07-20 11:26:05.243] 
[2026-07-20 11:26:05.243] 
[2026-07-20 11:26:07.543] [0;32mI (256532403) NL_LTPDU: BatchGet 3E0AE0494182: 6 eps, rsp=118 bytes[0m
[2026-07-20 11:26:07.543] 
[2026-07-20 11:26:07.667] [0;32mI (256532537) NL_LTPDU: BatchGet 880A64775B01: 6 eps, rsp=118 bytes[0m
[2026-07-20 11:26:07.667] 
[2026-07-20 11:26:07.885] [0;32mI (256532748) NL_LTPDU: BatchGet 6A76B95FD1DB: 6 eps, rsp=118 bytes[0m
[2026-07-20 11:26:07.885] 
[2026-07-20 11:26:12.349] [0;32mI (256537216) NL_LTPDU: BatchGet 3E0AE0494182: 6 eps, rsp=118 bytes[0m
[2026-07-20 11:26:12.349] 
[2026-07-20 11:26:12.967] [0;32mI (256537799) NL_LTPDU: BatchGet 880A64775B01: 6 eps, rsp=118 bytes[0m
[2026-07-20 11:26:12.967] [0;32mI (256537836) NL_LTPDU: BatchGet 6A76B95FD1DB: 6 eps, rsp=118 bytes[0m
[2026-07-20 11:26:12.967] 
[2026-07-20 11:26:13.244] free heap: 6300748, minimum free heap: 6033104, Internal 8bit free heap: 72228, 8bit free heap: 6300748The current date/time is: Mon Jul 20 03:26:12 2026
[2026-07-20 11:26:13.244] 
[2026-07-20 11:26:13.244] 
[2026-07-20 11:26:17.319] uart: 11 AT+MOTION 0
[2026-07-20 11:26:17.319] 
[2026-07-20 11:26:17.319] 
[2026-07-20 11:26:17.319] btn on press
[2026-07-20 11:26:17.319] uart: 130 AT+BCDS ff04000206a5d9558 0010B940B0E9FEC6718C48ca43a5b6dc0F099e000a0698404c000000000000ff0cfd00000000000000000000000000000000ff06
[2026-07-20 11:26:17.319] 
[2026-07-20 11:26:17.319] 
[2026-07-20 11:26:17.319] 
[2026-07-20 11:26:17.503] pTopic:$aws/rules/bi_wifi_data_report/switchlink/B0E9FEC6718C/link_to_shadow
[2026-07-20 11:26:17.503] pData:BCD ff04000206a5d9558 0010B940B0E9FEC6718C48ca43a5b6dc0F099e000a0698404c000000000000ff0cfd00000000000000000000000000000000ff06
[2026-07-20 11:26:17.503] 
[2026-07-20 11:26:17.641] [0;32mI (256542504) NL_LTPDU: BatchGet 3E0AE0494182: 6 eps, rsp=118 bytes[0m
[2026-07-20 11:26:17.641] 
[2026-07-20 11:26:18.026] [0;32mI (256542896) NL_LTPDU: BatchGet 880A64775B01: 6 eps, rsp=118 bytes[0m
[2026-07-20 11:26:18.026] 
[2026-07-20 11:26:18.072] [0;32mI (256542944) NL_LTPDU: BatchGet 6A76B95FD1DB: 6 eps, rsp=118 bytes[0m
[2026-07-20 11:26:18.072] 
[2026-07-20 11:26:21.257] free heap: 6300784, minimum free heap: 6033104, Internal 8bit free heap: 72264, 8bit free heap: 6300784The current date/time is: Mon Jul 20 03:26:20 2026
[2026-07-20 11:26:21.257] 
[2026-07-20 11:26:21.257] 
[2026-07-20 11:26:22.527] [0;32mI (256547391) NL_LTPDU: BatchGet 3E0AE0494182: 6 eps, rsp=118 bytes[0m
[2026-07-20 11:26:22.527] 
[2026-07-20 11:26:22.635] [0;32mI (256547505) NL_LTPDU: BatchGet 880A64775B01: 6 eps, rsp=118 bytes[0m
[2026-07-20 11:26:22.635] 
[2026-07-20 11:26:22.836] [0;32mI (256547703) NL_LTPDU: BatchGet 6A76B95FD1DB: 6 eps, rsp=118 bytes[0m
[2026-07-20 11:26:22.836] 
[2026-07-20 11:26:27.708] [0;32mI (256552575) NL_LTPDU: BatchGet 3E0AE0494182: 6 eps, rsp=118 bytes[0m
[2026-07-20 11:26:27.708] 
[2026-07-20 11:26:28.173] [0;32mI (256553035) NL_LTPDU: BatchGet 880A64775B01: 6 eps, rsp=118 bytes[0m
[2026-07-20 11:26:28.173] 
[2026-07-20 11:26:28.358] [0;32mI (256553226) NL_LTPDU: BatchGet 6A76B95FD1DB: 6 eps, rsp=118 bytes[0m
[2026-07-20 11:26:28.358] 
[2026-07-20 11:26:29.258] free heap: 6300880, minimum free heap: 6033104, Internal 8bit free heap: 72360, 8bit free heap: 6300880The current date/time is: Mon Jul 20 03:26:28 2026
[2026-07-20 11:26:29.258] 
[2026-07-20 11:26:29.258] 
[2026-07-20 11:26:31.845] [0;32mI (256556708) ROUTE_HOOK: Ignore invalid ICMP packet[0m
[2026-07-20 11:26:31.845] 
[2026-07-20 11:26:32.556] [0;32mI (256557427) ROUTE_HOOK: Received RIO[0m
[2026-07-20 11:26:32.556] [0;32mI (256557427) ROUTE_HOOK: prefix FDEA:C98F:38B2:1:: lifetime 1800[0m
[2026-07-20 11:26:32.556] 
[2026-07-20 11:26:34.223] [0;32mI (256559080) NL_LTPDU: BatchGet 3E0AE0494182: 6 eps, rsp=118 bytes[0m
[2026-07-20 11:26:34.223] [0;32mI (256559100) NL_LTPDU: BatchGet 880A64775B01: 6 eps, rsp=118 bytes[0m
[2026-07-20 11:26:34.223] 
[2026-07-20 11:26:34.858] [0;32mI (256559728) NL_LTPDU: BatchGet 6A76B95FD1DB: 6 eps, rsp=118 bytes[0m
[2026-07-20 11:26:34.858] 
[2026-07-20 11:26:37.278] free heap: 6300916, minimum free heap: 6033104, Internal 8bit free heap: 72396, 8bit free heap: 6300916The current date/time is: Mon Jul 20 03:26:36 2026
[2026-07-20 11:26:37.278] 
[2026-07-20 11:26:37.278] 
[2026-07-20 11:26:37.791] [0;32mI (256562658) NL_LTPDU: BatchGet 3E0AE0494182: 6 eps, rsp=118 bytes[0m
[2026-07-20 11:26:37.791] 
[2026-07-20 11:26:38.410] [0;32mI (256563278) NL_LTPDU: BatchGet 880A64775B01: 6 eps, rsp=118 bytes[0m
[2026-07-20 11:26:38.410] 
[2026-07-20 11:26:38.641] [0;32mI (256563516) NL_LTPDU: BatchGet 6A76B95FD1DB: 6 eps, rsp=118 bytes[0m
[2026-07-20 11:26:38.641] 
[2026-07-20 11:26:42.960] [0;32mI (256567831) NL_LTPDU: BatchGet 3E0AE0494182: 6 eps, rsp=118 bytes[0m
[2026-07-20 11:26:42.960] 
[2026-07-20 11:26:44.083] [0;32mI (256568955) NL_LTPDU: BatchGet 880A64775B01: 6 eps, rsp=118 bytes[0m
[2026-07-20 11:26:44.083] 
[2026-07-20 11:26:45.289] free heap: 6245920, minimum free heap: 6033104, Internal 8bit free heap: 72228, 8bit free heap: 6245920The current date/time is: Mon Jul 20 03:26:44 2026
[2026-07-20 11:26:45.289] 
[2026-07-20 11:26:45.289] 
[2026-07-20 11:26:45.788] [0;32mI (256570661) NL_LTPDU: BatchGet 6A76B95FD1DB: 6 eps, rsp=118 bytes[0m
[2026-07-20 11:26:45.788] 
[2026-07-20 11:26:48.351] [0;32mI (256573200) NL_LTPDU: BatchGet 3E0AE0494182: 6 eps, rsp=118 bytes[0m
[2026-07-20 11:26:48.351] [0;32mI (256573231) NL_LTPDU: BatchGet 880A64775B01: 6 eps, rsp=118 bytes[0m
[2026-07-20 11:26:48.351] 
[2026-07-20 11:26:48.566] [0;32mI (256573430) NL_LTPDU: BatchGet 6A76B95FD1DB: 6 eps, rsp=118 bytes[0m
[2026-07-20 11:26:48.566] 
[2026-07-20 11:26:52.817] [0;32mI (256577680) NL_LTPDU: BatchGet 3E0AE0494182: 6 eps, rsp=118 bytes[0m
[2026-07-20 11:26:52.817] 
[2026-07-20 11:26:53.249] [0;32mI (256578116) NL_LTPDU: BatchGet 880A64775B01: 6 eps, rsp=118 bytes[0m
[2026-07-20 11:26:53.249] 
[2026-07-20 11:26:53.295] free heap: 6246032, minimum free heap: 6033104, Internal 8bit free heap: 72360, 8bit free heap: 6246032The current date/time is: Mon Jul 20 03:26:52 2026
[2026-07-20 11:26:53.295] 
[2026-07-20 11:26:53.295] 
[2026-07-20 11:26:53.619] [0;32mI (256578482) NL_LTPDU: BatchGet 6A76B95FD1DB: 6 eps, rsp=118 bytes[0m
[2026-07-20 11:26:53.619] 
[2026-07-20 11:26:57.972] [0;32mI (256582837) NL_LTPDU: BatchGet 3E0AE0494182: 6 eps, rsp=118 bytes[0m
[2026-07-20 11:26:57.972] 
[2026-07-20 11:26:58.310] [0;32mI (256583184) NL_LTPDU: BatchGet 880A64775B01: 6 eps, rsp=118 bytes[0m
[2026-07-20 11:26:58.310] 
[2026-07-20 11:26:58.387] [0;32mI (256583254) NL_LTPDU: BatchGet 6A76B95FD1DB: 6 eps, rsp=118 bytes[0m
[2026-07-20 11:26:58.387] 
[2026-07-20 11:27:01.291] free heap: 6300904, minimum free heap: 6033104, Internal 8bit free heap: 72396, 8bit free heap: 6300904The current date/time is: Mon Jul 20 03:27:00 2026
[2026-07-20 11:27:01.291] 
[2026-07-20 11:27:01.291] 
[2026-07-20 11:27:03.029] [0;32mI (256587903) NL_LTPDU: BatchGet 3E0AE0494182: 6 eps, rsp=118 bytes[0m
[2026-07-20 11:27:03.029] 
[2026-07-20 11:27:03.480] [0;32mI (256588348) NL_LTPDU: BatchGet 880A64775B01: 6 eps, rsp=118 bytes[0m
[2026-07-20 11:27:03.480] [0;32mI (256588356) NL_LTPDU: BatchGet 6A76B95FD1DB: 6 eps, rsp=118 bytes[0m
[2026-07-20 11:27:03.480] 
[2026-07-20 11:27:08.221] [0;32mI (256593092) NL_LTPDU: BatchGet 3E0AE0494182: 6 eps, rsp=118 bytes[0m
[2026-07-20 11:27:08.221] 
[2026-07-20 11:27:08.639] [0;32mI (256593513) NL_LTPDU: BatchGet 880A64775B01: 6 eps, rsp=118 bytes[0m
[2026-07-20 11:27:08.639] 
[2026-07-20 11:27:09.306] free heap: 6246052, minimum free heap: 6033104, Internal 8bit free heap: 72360, 8bit free heap: 6246052The current date/time is: Mon Jul 20 03:27:08 2026
[2026-07-20 11:27:09.306] 
[2026-07-20 11:27:09.306] 
[2026-07-20 11:27:10.358] [0;32mI (256595227) NL_LTPDU: BatchGet 6A76B95FD1DB: 6 eps, rsp=118 bytes[0m
[2026-07-20 11:27:10.358] 
[2026-07-20 11:27:14.792] [0;32mI (256599662) NL_LTPDU: BatchGet 3E0AE0494182: 6 eps, rsp=118 bytes[0m
[2026-07-20 11:27:14.792] 
[2026-07-20 11:27:17.225] [0;32mI (256602088) NL_LTPDU: BatchGet 880A64775B01: 6 eps, rsp=118 bytes[0m
[2026-07-20 11:27:17.225] 
[2026-07-20 11:27:17.317] free heap: 6245920, minimum free heap: 6033104, Internal 8bit free heap: 72228, 8bit free heap: 6245920The current date/time is: Mon Jul 20 03:27:16 2026
[2026-07-20 11:27:17.317] 
[2026-07-20 11:27:17.317] 
[2026-07-20 11:27:19.487] [0;32mI (256604360) NL_LTPDU: BatchGet 6A76B95FD1DB: 6 eps, rsp=118 bytes[0m
[2026-07-20 11:27:19.487] 
[2026-07-20 11:27:21.652] [0;32mI (256606522) NL_LTPDU: BatchGet 3E0AE0494182: 6 eps, rsp=118 bytes[0m
[2026-07-20 11:27:21.652] 
[2026-07-20 11:27:21.729] [0;32mI (256606602) NL_LTPDU: BatchGet 880A64775B01: 6 eps, rsp=118 bytes[0m
[2026-07-20 11:27:21.729] 
[2026-07-20 11:27:22.995] [0;32mI (256607868) NL_LTPDU: BatchGet 6A76B95FD1DB: 6 eps, rsp=118 bytes[0m
[2026-07-20 11:27:22.995] 
[2026-07-20 11:27:25.359] free heap: 6246064, minimum free heap: 6033104, Internal 8bit free heap: 72360, 8bit free heap: 6246064The current date/time is: Mon Jul 20 03:27:24 2026
[2026-07-20 11:27:25.359] 
[2026-07-20 11:27:25.359] 
[2026-07-20 11:27:25.606] [0;32mI (256610479) NL_LTPDU: BatchGet 3E0AE0494182: 6 eps, rsp=118 bytes[0m
[2026-07-20 11:27:25.606] 
[2026-07-20 11:27:25.806] [0;32mI (256610682) NL_LTPDU: BatchGet 880A64775B01: 6 eps, rsp=118 bytes[0m
[2026-07-20 11:27:25.806] 
[2026-07-20 11:27:29.312] [0;32mI (256614186) NL_LTPDU: BatchGet 6A76B95FD1DB: 6 eps, rsp=118 bytes[0m
[2026-07-20 11:27:29.312] 
[2026-07-20 11:27:30.258] [0;32mI (256615125) NL_LTPDU: BatchGet 3E0AE0494182: 6 eps, rsp=118 bytes[0m
[2026-07-20 11:27:30.258] 
[2026-07-20 11:27:30.382] [0;32mI (256615251) NL_LTPDU: BatchGet 880A64775B01: 6 eps, rsp=118 bytes[0m
[2026-07-20 11:27:30.382] 
[2026-07-20 11:27:30.676] uart: 11 AT+MOTION 1
[2026-07-20 11:27:30.676] 
[2026-07-20 11:27:30.676] 
[2026-07-20 11:27:30.676] btn on press
[2026-07-20 11:27:30.676] uart: 130 AT+BCDS ff04000206a5d95a1 0010B940B0E9FEC6718C48ca43a5b6dc0F099f200a0698404c000000000000ff0cfd00000000000000000000000000000000ff06
[2026-07-20 11:27:30.676] 
[2026-07-20 11:27:30.676] 
[2026-07-20 11:27:30.676] 
[2026-07-20 11:27:30.799] pTopic:$aws/rules/bi_wifi_data_report/switchlink/B0E9FEC6718C/link_to_shadow
[2026-07-20 11:27:30.799] pData:BCD ff04000206a5d95a1 0010B940B0E9FEC6718C48ca43a5b6dc0F099f200a0698404c000000000000ff0cfd00000000000000000000000000000000ff06
[2026-07-20 11:27:30.799] 
[2026-07-20 11:27:31.821] [0;32mI (256616690) NL_LTPDU: BatchGet 6A76B95FD1DB: 6 eps, rsp=118 bytes[0m
[2026-07-20 11:27:31.821] 
[2026-07-20 11:27:33.349] free heap: 6300860, minimum free heap: 6033104, Internal 8bit free heap: 72360, 8bit free heap: 6300860The current date/time is: Mon Jul 20 03:27:32 2026
[2026-07-20 11:27:33.349] 
[2026-07-20 11:27:33.349] 
[2026-07-20 11:27:35.529] [0;32mI (256620406) NL_LTPDU: BatchGet 3E0AE0494182: 6 eps, rsp=118 bytes[0m
[2026-07-20 11:27:35.529] 
[2026-07-20 11:27:36.021] [0;32mI (256620887) NL_LTPDU: BatchGet 880A64775B01: 6 eps, rsp=118 bytes[0m
[2026-07-20 11:27:36.021] 
[2026-07-20 11:27:39.047] [0;32mI (256623916) NL_LTPDU: BatchGet 6A76B95FD1DB: 6 eps, rsp=118 bytes[0m
[2026-07-20 11:27:39.047] 
[2026-07-20 11:27:40.038] I (256624908) wifi:sta rx csa, newchan=11, old=10
[2026-07-20 11:27:40.038] 
[2026-07-20 11:27:40.115] I (256624989) wifi:sta rx csa, newchan=11, old=10
[2026-07-20 11:27:40.115] 
[2026-07-20 11:27:40.239] I (256625092) wifi:sta rx csa, newchan=11, old=10
[2026-07-20 11:27:40.239] [0;32mI (256625110) NL_LTPDU: BatchGet 3E0AE0494182: 6 eps, rsp=118 bytes[0m
[2026-07-20 11:27:40.239] 
[2026-07-20 11:27:40.347] I (256625219) wifi:sta rx csa, newchan=11, old=10
[2026-07-20 11:27:40.347] 
[2026-07-20 11:27:40.425] [0;32mI (256625265) NL_LTPDU: BatchGet 880A64775B01: 6 eps, rsp=118 bytes[0m
[2026-07-20 11:27:40.425] I (256625299) wifi:sta rx csa, newchan=11, old=10
[2026-07-20 11:27:40.425] 
[2026-07-20 11:27:40.564] I (256625431) wifi:sta rx csa, newchan=11, old=10
[2026-07-20 11:27:40.564] 
[2026-07-20 11:27:40.626] I (256625500) wifi:sta rx csa, newchan=11, old=10
[2026-07-20 11:27:40.626] 
[2026-07-20 11:27:40.735] [0;32mI (256625601) NL_LTPDU: BatchGet 6A76B95FD1DB: 6 eps, rsp=118 bytes[0m
[2026-07-20 11:27:40.735] I (256625611) wifi:sta rx csa, newchan=11, old=10
[2026-07-20 11:27:40.735] 
[2026-07-20 11:27:40.843] I (256625711) wifi:sta rx csa, newchan=11, old=10
[2026-07-20 11:27:40.843] 
[2026-07-20 11:27:40.935] I (256625808) wifi:sta rx csa, newchan=11, old=10
[2026-07-20 11:27:40.935] 
[2026-07-20 11:27:41.137] I (256626008) wifi:switch to channel 11
[2026-07-20 11:27:41.137] I (256626009) wifi:new:<11,0>, old:<10,0>, ap:<255,255>, sta:<11,0>, prof:1, snd_ch_cfg:0x0
[2026-07-20 11:27:41.137] 
[2026-07-20 11:27:41.370] free heap: 6300880, minimum free heap: 6033104, Internal 8bit free heap: 72360, 8bit free heap: 6300880The current date/time is: Mon Jul 20 03:27:40 2026
[2026-07-20 11:27:41.370] 
[2026-07-20 11:27:41.370] 
[2026-07-20 11:27:45.297] [0;32mI (256630170) NL_LTPDU: BatchGet 3E0AE0494182: 6 eps, rsp=118 bytes[0m
[2026-07-20 11:27:45.297] 
[2026-07-20 11:27:45.823] [0;32mI (256630701) NL_LTPDU: BatchGet 880A64775B01: 6 eps, rsp=118 bytes[0m
[2026-07-20 11:27:45.823] 
[2026-07-20 11:27:45.932] [0;32mI (256630799) NL_LTPDU: BatchGet 6A76B95FD1DB: 6 eps, rsp=118 bytes[0m
[2026-07-20 11:27:45.932] 
[2026-07-20 11:27:49.372] free heap: 6300784, minimum free heap: 6033104, Internal 8bit free heap: 72264, 8bit free heap: 6300784The current date/time is: Mon Jul 20 03:27:48 2026
[2026-07-20 11:27:49.372] 
[2026-07-20 11:27:49.372] 
[2026-07-20 11:27:50.314] [0;32mI (256635190) NL_LTPDU: BatchGet 3E0AE0494182: 6 eps, rsp=118 bytes[0m
[2026-07-20 11:27:50.314] 
[2026-07-20 11:27:50.622] [0;32mI (256635501) NL_LTPDU: BatchGet 880A64775B01: 6 eps, rsp=118 bytes[0m
[2026-07-20 11:27:50.622] 
[2026-07-20 11:27:50.731] [0;32mI (256635597) NL_LTPDU: BatchGet 6A76B95FD1DB: 6 eps, rsp=118 bytes[0m
[2026-07-20 11:27:50.731] [0;32mI (256635598) TASK_NL: [2] Status changed: on=1 br=63 ct=2700 hu=28 sa=66 eff="*Solid*"[0m
[2026-07-20 11:27:50.731] 
[2026-07-20 11:27:50.809] pTopic:switchlink/B0E9FEC6718C/link_to_nanoleaf_property
[2026-07-20 11:27:50.809] pData:{"msgType":"status","deviceId":"6A76B95FD1DB","timestamp":1784518070,"endpoints":[{"endpoint":"lb/0/oo","value":true},{"endpoint":"lb/0/pb","value":63},{"endpoint":"lb/0/ct","value":2700},{"endpoint":"lb/0/hu","value":28},{"endpoint":"lb/0/sa","value":66},{"endpoint":"effect/select","value":"*Solid*"}]}
[2026-07-20 11:27:50.809] 
[2026-07-20 11:27:56.592] [0;32mI (256641458) NL_LTPDU: BatchGet 3E0AE0494182: 6 eps, rsp=118 bytes[0m
[2026-07-20 11:27:56.592] 
[2026-07-20 11:27:57.392] free heap: 6246100, minimum free heap: 6033104, Internal 8bit free heap: 72396, 8bit free heap: 6246100The current date/time is: Mon Jul 20 03:27:56 2026
[2026-07-20 11:27:57.392] 
[2026-07-20 11:27:57.392] 
[2026-07-20 11:27:57.778] [0;32mI (256642658) NL_LTPDU: BatchGet 880A64775B01: 6 eps, rsp=118 bytes[0m
[2026-07-20 11:27:57.778] 
[2026-07-20 11:27:58.302] [0;32mI (256643179) NL_LTPDU: BatchGet 6A76B95FD1DB: 6 eps, rsp=118 bytes[0m
[2026-07-20 11:27:58.302] 
[2026-07-20 11:28:00.135] [0;32mI (256645003) NL_LTPDU: BatchGet 3E0AE0494182: 6 eps, rsp=118 bytes[0m
[2026-07-20 11:28:00.135] [0;32mI (256645017) NL_LTPDU: BatchGet 880A64775B01: 6 eps, rsp=118 bytes[0m
[2026-07-20 11:28:00.135] 
[2026-07-20 11:28:00.198] [0;32mI (256645076) NL_LTPDU: BatchGet 6A76B95FD1DB: 6 eps, rsp=118 bytes[0m
[2026-07-20 11:28:00.198] 
[2026-07-20 11:28:05.270] [0;32mI (256650139) NL_LTPDU: BatchGet 3E0AE0494182: 6 eps, rsp=118 bytes[0m
[2026-07-20 11:28:05.270] [0;32mI (256650153) NL_LTPDU: BatchGet 880A64775B01: 6 eps, rsp=118 bytes[0m
[2026-07-20 11:28:05.270] 
[2026-07-20 11:28:05.392] [0;32mI (256650250) NL_LTPDU: BatchGet 6A76B95FD1DB: 6 eps, rsp=118 bytes[0m
[2026-07-20 11:28:05.392] free heap: 6300880, minimum free heap: 6033104, Internal 8bit free heap: 72360, 8bit free heap: 6300880The current date/time is: Mon Jul 20 03:28:04 2026
[2026-07-20 11:28:05.392] 
[2026-07-20 11:28:05.392] 
[2026-07-20 11:28:10.393] [0;32mI (256655261) NL_LTPDU: BatchGet 3E0AE0494182: 6 eps, rsp=118 bytes[0m
[2026-07-20 11:28:10.393] 
[2026-07-20 11:28:10.611] [0;32mI (256655453) NL_LTPDU: BatchGet 880A64775B01: 6 eps, rsp=118 bytes[0m
[2026-07-20 11:28:10.611] [0;32mI (256655483) NL_LTPDU: BatchGet 6A76B95FD1DB: 6 eps, rsp=118 bytes[0m
[2026-07-20 11:28:10.611] 
[2026-07-20 11:28:13.409] free heap: 6300880, minimum free heap: 6033104, Internal 8bit free heap: 72360, 8bit free heap: 6300880The current date/time is: Mon Jul 20 03:28:12 2026
[2026-07-20 11:28:13.409] 
[2026-07-20 11:28:13.409] 
[2026-07-20 11:28:15.278] [0;32mI (256660158) NL_LTPDU: BatchGet 3E0AE0494182: 6 eps, rsp=118 bytes[0m
[2026-07-20 11:28:15.278] 
[2026-07-20 11:28:15.324] [0;32mI (256660188) NL_LTPDU: BatchGet 880A64775B01: 6 eps, rsp=118 bytes[0m
[2026-07-20 11:28:15.324] [0;32mI (256660199) NL_LTPDU: BatchGet 6A76B95FD1DB: 6 eps, rsp=118 bytes[0m
[2026-07-20 11:28:15.324] 
[2026-07-20 11:28:20.536] [0;32mI (256665370) NL_LTPDU: BatchGet 3E0AE0494182: 6 eps, rsp=118 bytes[0m
[2026-07-20 11:28:20.536] [0;32mI (256665388) NL_LTPDU: BatchGet 880A64775B01: 6 eps, rsp=118 bytes[0m
[2026-07-20 11:28:20.536] [0;32mI (256665409) NL_LTPDU: BatchGet 6A76B95FD1DB: 6 eps, rsp=118 bytes[0m
[2026-07-20 11:28:20.536] 
[2026-07-20 11:28:21.402] free heap: 6300784, minimum free heap: 6033104, Internal 8bit free heap: 72264, 8bit free heap: 6300784The current date/time is: Mon Jul 20 03:28:20 2026
[2026-07-20 11:28:21.402] 
[2026-07-20 11:28:21.402] 
[2026-07-20 11:28:25.619] [0;32mI (256670491) NL_LTPDU: BatchGet 3E0AE0494182: 6 eps, rsp=118 bytes[0m
[2026-07-20 11:28:25.619] 
[2026-07-20 11:28:25.713] [0;32mI (256670595) NL_LTPDU: BatchGet 880A64775B01: 6 eps, rsp=118 bytes[0m
[2026-07-20 11:28:25.713] 
[2026-07-20 11:28:25.851] [0;32mI (256670725) NL_LTPDU: BatchGet 6A76B95FD1DB: 6 eps, rsp=118 bytes[0m
[2026-07-20 11:28:25.851] 
[2026-07-20 11:28:29.404] free heap: 6300916, minimum free heap: 6033104, Internal 8bit free heap: 72396, 8bit free heap: 6300916The current date/time is: Mon Jul 20 03:28:28 2026
[2026-07-20 11:28:29.404] 
[2026-07-20 11:28:29.404] 
[2026-07-20 11:28:30.718] [0;32mI (256675593) NL_LTPDU: BatchGet 3E0AE0494182: 6 eps, rsp=118 bytes[0m
[2026-07-20 11:28:30.718] 
[2026-07-20 11:28:30.888] [0;32mI (256675761) NL_LTPDU: BatchGet 880A64775B01: 6 eps, rsp=118 bytes[0m
[2026-07-20 11:28:30.888] 
[2026-07-20 11:28:30.935] [0;32mI (256675813) NL_LTPDU: BatchGet 6A76B95FD1DB: 6 eps, rsp=118 bytes[0m
[2026-07-20 11:28:30.935] 
[2026-07-20 11:28:35.843] [0;32mI (256680720) NL_LTPDU: BatchGet 3E0AE0494182: 6 eps, rsp=118 bytes[0m
[2026-07-20 11:28:35.843] 
[2026-07-20 11:28:35.952] [0;32mI (256680828) NL_LTPDU: BatchGet 880A64775B01: 6 eps, rsp=118 bytes[0m
[2026-07-20 11:28:35.952] 
[2026-07-20 11:28:36.150] [0;32mI (256681029) NL_LTPDU: BatchGet 6A76B95FD1DB: 6 eps, rsp=118 bytes[0m
[2026-07-20 11:28:36.150] 
[2026-07-20 11:28:37.401] free heap: 6300860, minimum free heap: 6033104, Internal 8bit free heap: 72360, 8bit free heap: 6300860The current date/time is: Mon Jul 20 03:28:36 2026
[2026-07-20 11:28:37.401] 
[2026-07-20 11:28:37.401] 
[2026-07-20 11:28:40.579] [0;32mI (256685461) NL_LTPDU: BatchGet 3E0AE0494182: 6 eps, rsp=118 bytes[0m
[2026-07-20 11:28:40.579] 
[2026-07-20 11:28:40.718] [0;32mI (256685588) NL_LTPDU: BatchGet 880A64775B01: 6 eps, rsp=118 bytes[0m
[2026-07-20 11:28:40.718] 
[2026-07-20 11:28:40.780] [0;32mI (256685657) NL_LTPDU: BatchGet 6A76B95FD1DB: 6 eps, rsp=118 bytes[0m
[2026-07-20 11:28:40.780] 
[2026-07-20 11:28:45.417] free heap: 6300784, minimum free heap: 6033104, Internal 8bit free heap: 72264, 8bit free heap: 6300784The current date/time is: Mon Jul 20 03:28:44 2026
[2026-07-20 11:28:45.417] 
[2026-07-20 11:28:45.417] 
[2026-07-20 11:28:45.710] [0;32mI (256690585) NL_LTPDU: BatchGet 3E0AE0494182: 6 eps, rsp=118 bytes[0m
[2026-07-20 11:28:45.710] 
[2026-07-20 11:28:45.894] [0;32mI (256690766) NL_LTPDU: BatchGet 880A64775B01: 6 eps, rsp=118 bytes[0m
[2026-07-20 11:28:45.894] 
[2026-07-20 11:28:46.388] [0;32mI (256691266) NL_LTPDU: BatchGet 6A76B95FD1DB: 6 eps, rsp=118 bytes[0m
[2026-07-20 11:28:46.388] 
[2026-07-20 11:28:48.486] Nanoleaf MQTT payload: {"msgType":"control","requestID":"ad99838d-5760-405e-af26-aeffd8e34a8b","deviceId":"6A76B95FD1DB","endpoint":"lb/0/oo","method":"POST","value":false}
[2026-07-20 11:28:48.486] [0;32mI (256693366) NL_LTPDU: SendCmd POST → 6A76B95FD1DB ep=lb/0/oo[0m
[2026-07-20 11:28:48.486] 
[2026-07-20 11:28:49.010] [0;32mI (256693826) NL_LTPDU: BatchGet 6A76B95FD1DB: 6 eps, rsp=118 bytes[0m
[2026-07-20 11:28:49.010] [0;32mI (256693826) TASK_NL: [2] Status changed: on=0 br=63 ct=2700 hu=28 sa=66 eff="*Solid*"[0m
[2026-07-20 11:28:49.010] pTopic:switchlink/B0E9FEC6718C/link_to_nanoleaf_func_resp
[2026-07-20 11:28:49.010] pData:{"msgType":"respond","requestID":"ad99838d-5760-405e-af26-aeffd8e34a8b","deviceId":"6A76B95FD1DB","success":true,"errorCode":0,"errorMsg":""}
[2026-07-20 11:28:49.010] pTopic:switchlink/B0E9FEC6718C/link_to_nanoleaf_property
[2026-07-20 11:28:49.010] pData:{"msgType":"status","deviceId":"6A76B95FD1DB","timestamp":1784518128,"endpoints":[{"endpoint":"lb/0/oo","value":false},{"endpoint":"lb/0/pb","value":63},{"endpoint":"lb/0/ct","value":2700},{"endpoint":"lb/0/hu","value":28},{"endpoint":"lb/0/sa","value":66},{"endpoint":"effect/select","value":"*Solid*"}]}
[2026-07-20 11:28:49.010] 
[2026-07-20 11:28:50.542] [0;32mI (256695422) NL_LTPDU: BatchGet 3E0AE0494182: 6 eps, rsp=118 bytes[0m
[2026-07-20 11:28:50.542] 
[2026-07-20 11:28:50.604] [0;32mI (256695485) NL_LTPDU: BatchGet 880A64775B01: 6 eps, rsp=118 bytes[0m
[2026-07-20 11:28:50.604] 
[2026-07-20 11:28:53.416] free heap: 6300784, minimum free heap: 6033104, Internal 8bit free heap: 72264, 8bit free heap: 6300784The current date/time is: Mon Jul 20 03:28:52 2026
[2026-07-20 11:28:53.416] 
[2026-07-20 11:28:53.416] 
[2026-07-20 11:28:54.207] [0;32mI (256699087) NL_LTPDU: BatchGet 6A76B95FD1DB: 6 eps, rsp=118 bytes[0m
[2026-07-20 11:28:54.207] 
[2026-07-20 11:28:55.661] [0;32mI (256700541) NL_LTPDU: BatchGet 3E0AE0494182: 6 eps, rsp=118 bytes[0m
[2026-07-20 11:28:55.661] 
[2026-07-20 11:28:55.801] [0;32mI (256700683) NL_LTPDU: BatchGet 880A64775B01: 6 eps, rsp=118 bytes[0m
[2026-07-20 11:28:55.801] 
[2026-07-20 11:28:57.307] uart: 19 AT+TEMPHUMI +244 64
[2026-07-20 11:28:57.307] 
[2026-07-20 11:28:57.307] 
[2026-07-20 11:28:57.307] temp_ep:65535,temp_data:2440 humi_ep:65535,humi_data:6400
[2026-07-20 11:28:57.307] 
[2026-07-20 11:28:57.307] 
[2026-07-20 11:28:59.289] [0;32mI (256704169) NL_LTPDU: BatchGet 6A76B95FD1DB: 6 eps, rsp=118 bytes[0m
[2026-07-20 11:28:59.289] 
[2026-07-20 11:29:00.823] [0;32mI (256705706) NL_LTPDU: BatchGet 3E0AE0494182: 6 eps, rsp=118 bytes[0m
[2026-07-20 11:29:00.823] 
[2026-07-20 11:29:00.931] [0;32mI (256705812) NL_LTPDU: BatchGet 880A64775B01: 6 eps, rsp=118 bytes[0m
[2026-07-20 11:29:00.931] 
[2026-07-20 11:29:01.440] free heap: 6300916, minimum free heap: 6033104, Internal 8bit free heap: 72396, 8bit free heap: 6300916The current date/time is: Mon Jul 20 03:29:00 2026
[2026-07-20 11:29:01.440] 
[2026-07-20 11:29:01.440] 
[2026-07-20 11:29:04.024] [0;32mI (256708909) NL_LTPDU: BatchGet 6A76B95FD1DB: 6 eps, rsp=118 bytes[0m
[2026-07-20 11:29:04.024] 
[2026-07-20 11:29:05.690] [0;32mI (256710550) NL_LTPDU: BatchGet 3E0AE0494182: 6 eps, rsp=118 bytes[0m
[2026-07-20 11:29:05.690] [0;32mI (256710570) NL_LTPDU: BatchGet 880A64775B01: 6 eps, rsp=118 bytes[0m
[2026-07-20 11:29:05.690] 
[2026-07-20 11:29:09.224] [0;32mI (256714100) NL_LTPDU: BatchGet 6A76B95FD1DB: 6 eps, rsp=118 bytes[0m
[2026-07-20 11:29:09.224] 
[2026-07-20 11:29:09.457] free heap: 6300916, minimum free heap: 6033104, Internal 8bit free heap: 72396, 8bit free heap: 6300916The current date/time is: Mon Jul 20 03:29:08 2026
[2026-07-20 11:29:09.457] 
[2026-07-20 11:29:09.457] 
[2026-07-20 11:29:10.797] [0;32mI (256715669) NL_LTPDU: BatchGet 3E0AE0494182: 6 eps, rsp=118 bytes[0m
[2026-07-20 11:29:10.797] 
[2026-07-20 11:29:10.938] [0;32mI (256715812) NL_LTPDU: BatchGet 880A64775B01: 6 eps, rsp=118 bytes[0m
[2026-07-20 11:29:10.938] 
[2026-07-20 11:29:14.064] [0;32mI (256718935) NL_LTPDU: BatchGet 6A76B95FD1DB: 6 eps, rsp=118 bytes[0m
[2026-07-20 11:29:14.064] 
[2026-07-20 11:29:15.978] [0;32mI (256720857) NL_LTPDU: BatchGet 3E0AE0494182: 6 eps, rsp=118 bytes[0m
[2026-07-20 11:29:15.978] 
[2026-07-20 11:29:16.149] [0;32mI (256721019) NL_LTPDU: BatchGet 880A64775B01: 6 eps, rsp=118 bytes[0m
[2026-07-20 11:29:16.149] 
[2026-07-20 11:29:17.467] free heap: 6300784, minimum free heap: 6033104, Internal 8bit free heap: 72264, 8bit free heap: 6300784The current date/time is: Mon Jul 20 03:29:16 2026
[2026-07-20 11:29:17.467] 
[2026-07-20 11:29:17.467] 
[2026-07-20 11:29:19.173] [0;32mI (256724043) NL_LTPDU: BatchGet 6A76B95FD1DB: 6 eps, rsp=118 bytes[0m
[2026-07-20 11:29:19.173] 
[2026-07-20 11:29:19.390] Nanoleaf MQTT payload: {"msgType":"control","requestID":"cc5cabcd-20ae-4c76-bd09-8309573a5c61","deviceId":"880A64775B01","endpoint":"lb/0/oo","method":"POST","value":true}
[2026-07-20 11:29:19.390] 
[2026-07-20 11:29:19.466] [0;32mI (256724343) NL_LTPDU: SendCmd POST → 880A64775B01 ep=lb/0/oo[0m
[2026-07-20 11:29:19.466] 
[2026-07-20 11:29:19.696] pTopic:switchlink/B0E9FEC6718C/link_to_nanoleaf_func_resp
[2026-07-20 11:29:19.696] pData:{"msgType":"respond","requestID":"cc5cabcd-20ae-4c76-bd09-8309573a5c61","deviceId":"880A64775B01","success":true,"errorCode":0,"errorMsg":""}
[2026-07-20 11:29:19.696] 
[2026-07-20 11:29:19.975] [0;32mI (256724854) NL_LTPDU: BatchGet 880A64775B01: 6 eps, rsp=118 bytes[0m
[2026-07-20 11:29:19.975] [0;32mI (256724854) TASK_NL: [1] Status changed: on=1 br=15 ct=2187 hu=30 sa=89 eff="*Solid*"[0m
[2026-07-20 11:29:19.975] 
[2026-07-20 11:29:20.128] pTopic:switchlink/B0E9FEC6718C/link_to_nanoleaf_property
[2026-07-20 11:29:20.128] pData:{"msgType":"status","deviceId":"880A64775B01","timestamp":1784518159,"endpoints":[{"endpoint":"lb/0/oo","value":true},{"endpoint":"lb/0/pb","value":15},{"endpoint":"lb/0/ct","value":2187},{"endpoint":"lb/0/hu","value":30},{"endpoint":"lb/0/sa","value":89},{"endpoint":"effect/select","value":"*Solid*"}]}
[2026-07-20 11:29:20.128] 
[2026-07-20 11:29:21.059] [0;32mI (256725933) NL_LTPDU: BatchGet 3E0AE0494182: 6 eps, rsp=118 bytes[0m
[2026-07-20 11:29:21.059] 
[2026-07-20 11:29:24.368] [0;32mI (256729251) NL_LTPDU: BatchGet 6A76B95FD1DB: 6 eps, rsp=118 bytes[0m
[2026-07-20 11:29:24.368] 
[2026-07-20 11:29:25.112] [0;32mI (256729984) NL_LTPDU: BatchGet 880A64775B01: 6 eps, rsp=118 bytes[0m
[2026-07-20 11:29:25.112] 
[2026-07-20 11:29:25.470] free heap: 6300784, minimum free heap: 6033104, Internal 8bit free heap: 72264, 8bit free heap: 6300784The current date/time is: Mon Jul 20 03:29:24 2026
[2026-07-20 11:29:25.470] 
[2026-07-20 11:29:25.470] 
[2026-07-20 11:29:25.963] [0;32mI (256730836) NL_LTPDU: BatchGet 3E0AE0494182: 6 eps, rsp=118 bytes[0m
[2026-07-20 11:29:25.963] 
[2026-07-20 11:29:29.124] [0;32mI (256733998) NL_LTPDU: BatchGet 6A76B95FD1DB: 6 eps, rsp=118 bytes[0m
[2026-07-20 11:29:29.124] 
[2026-07-20 11:29:29.868] [0;32mI (256734744) NL_LTPDU: BatchGet 880A64775B01: 6 eps, rsp=118 bytes[0m
[2026-07-20 11:29:29.868] 
[2026-07-20 11:29:31.091] [0;32mI (256735968) NL_LTPDU: BatchGet 3E0AE0494182: 6 eps, rsp=118 bytes[0m
[2026-07-20 11:29:31.091] 
[2026-07-20 11:29:32.501] Nanoleaf MQTT payload: {"msgType":"control","requestID":"ecee69a9-817f-4c85-9ecc-784258a0f5af","deviceId":"880A64775B01","endpoint":"di","method":"GET","value":""}
[2026-07-20 11:29:32.501] 
[2026-07-20 11:29:32.594] [0;32mI (256737468) NL_LTPDU: SendCmd POST → 880A64775B01 ep=di[0m
[2026-07-20 11:29:32.594] 
[2026-07-20 11:29:32.671] [0;32mI (256737519) TASK_NL: [1] Cmd rsp(43): [0m
[2026-07-20 11:29:32.671] [0;32mI (256737519) NL_MQTT: PublishRespondData: len=294, pushing to MQTT queue[0m
[2026-07-20 11:29:32.671] pTopic:switchlink/B0E9FEC6718C/link_to_nanoleaf_func_resp
[2026-07-20 11:29:32.671] pData:{"msgType":"respond","requestID":"ecee69a9-817f-4c85-9ecc-784258a0f5af","deviceId":"880A64775B01","success":true,"errorCode":0,"errorMsg":"","endpoints":[{"endpoint":"di","value":"{\"hwVer\":\"1.6-0\",\"serialNo\":\"S26110H3131\",\"model\":\"2201\",\"boardRev\":\"42\",\"fwVer\":\"12.2.0\"}"}]}
[2026-07-20 11:29:32.671] 
[2026-07-20 11:29:32.871] [0;32mI (256737753) NL_LTPDU: BatchGet 880A64775B01: 6 eps, rsp=118 bytes[0m
[2026-07-20 11:29:32.871] 
[2026-07-20 11:29:33.459] free heap: 6300860, minimum free heap: 6033104, Internal 8bit free heap: 72360, 8bit free heap: 6300860The current date/time is: Mon Jul 20 03:29:32 2026
[2026-07-20 11:29:33.459] 
[2026-07-20 11:29:33.459] 
[2026-07-20 11:29:33.816] Nanoleaf MQTT payload: {"msgType":"control","requestID":"fe04e4ec-9918-4180-939b-ff2919ade9c1","deviceId":"880A64775B01","endpoint":"fwu/check","method":"POST","value":"1"}
[2026-07-20 11:29:33.816] 
[2026-07-20 11:29:33.878] [0;32mI (256738753) NL_LTPDU: SendCmd POST → 880A64775B01 ep=fwu/check[0m
[2026-07-20 11:29:33.878] 
[2026-07-20 11:29:34.093] pTopic:switchlink/B0E9FEC6718C/link_to_nanoleaf_func_resp
[2026-07-20 11:29:34.093] pData:{"msgType":"respond","requestID":"fe04e4ec-9918-4180-939b-ff2919ade9c1","deviceId":"880A64775B01","success":true,"errorCode":0,"errorMsg":""}
[2026-07-20 11:29:34.093] 
[2026-07-20 11:29:34.401] [0;32mI (256739284) NL_LTPDU: BatchGet 880A64775B01: 6 eps, rsp=118 bytes[0m
[2026-07-20 11:29:34.401] 
[2026-07-20 11:29:34.773] [0;32mI (256739656) NL_LTPDU: BatchGet 6A76B95FD1DB: 6 eps, rsp=118 bytes[0m
[2026-07-20 11:29:34.773] 
[2026-07-20 11:29:36.186] [0;32mI (256741070) NL_LTPDU: BatchGet 3E0AE0494182: 6 eps, rsp=118 bytes[0m
[2026-07-20 11:29:36.186] 
[2026-07-20 11:29:37.222] Nanoleaf MQTT payload: {"msgType":"control","requestID":"bcdfc100-9c2c-4816-8c39-a2e35372f649","deviceId":"880A64775B01","endpoint":"fwu/avail","method":"GET","value":""}
[2026-07-20 11:29:37.222] [0;32mI (256742070) NL_LTPDU: SendCmd POST → 880A64775B01 ep=fwu/avail[0m
[2026-07-20 11:29:37.222] [0;32mI (256742100) TASK_NL: [1] Cmd rsp(1): [0m
[2026-07-20 11:29:37.222] [0;32mI (256742100) NL_MQTT: PublishRespondData: len=192, pushing to MQTT queue[0m
[2026-07-20 11:29:37.222] 
[2026-07-20 11:29:37.329] pTopic:switchlink/B0E9FEC6718C/link_to_nanoleaf_func_resp
[2026-07-20 11:29:37.329] pData:{"msgType":"respond","requestID":"bcdfc100-9c2c-4816-8c39-a2e35372f649","deviceId":"880A64775B01","success":true,"errorCode":0,"errorMsg":"","endpoints":[{"endpoint":"fwu/avail","value":"1"}]}
[2026-07-20 11:29:37.329] 
[2026-07-20 11:29:37.530] [0;32mI (256742415) NL_LTPDU: BatchGet 880A64775B01: 6 eps, rsp=118 bytes[0m
[2026-07-20 11:29:37.530] 
[2026-07-20 11:29:38.737] Nanoleaf MQTT payload: {"msgType":"control","requestID":"2a742bdb-049a-4cb0-9801-134fa7f83d36","deviceId":"880A64775B01","endpoint":"fwu/version","method":"GET","value":""}
[2026-07-20 11:29:38.737] [0;32mI (256743616) NL_LTPDU: SendCmd POST → 880A64775B01 ep=fwu/version[0m
[2026-07-20 11:29:38.737] 
[2026-07-20 11:29:38.845] [0;32mI (256743722) TASK_NL: [1] Cmd rsp(6): 12.1.1[0m
[2026-07-20 11:29:38.845] [0;32mI (256743723) NL_MQTT: PublishRespondData: len=199, pushing to MQTT queue[0m
[2026-07-20 11:29:38.845] 
[2026-07-20 11:29:38.968] pTopic:switchlink/B0E9FEC6718C/link_to_nanoleaf_func_resp
[2026-07-20 11:29:38.968] pData:{"msgType":"respond","requestID":"2a742bdb-049a-4cb0-9801-134fa7f83d36","deviceId":"880A64775B01","success":true,"errorCode":0,"errorMsg":"","endpoints":[{"endpoint":"fwu/version","value":"12.1.1"}]}
[2026-07-20 11:29:38.968] 
[2026-07-20 11:29:39.138] [0;32mI (256744014) NL_LTPDU: BatchGet 880A64775B01: 6 eps, rsp=118 bytes[0m
[2026-07-20 11:29:39.138] 
[2026-07-20 11:29:39.848] [0;32mI (256744721) NL_LTPDU: BatchGet 6A76B95FD1DB: 6 eps, rsp=118 bytes[0m
[2026-07-20 11:29:39.848] 
[2026-07-20 11:29:41.100] [0;32mI (256745975) NL_LTPDU: BatchGet 3E0AE0494182: 6 eps, rsp=118 bytes[0m
[2026-07-20 11:29:41.100] 
[2026-07-20 11:29:41.472] free heap: 6300916, minimum free heap: 6033104, Internal 8bit free heap: 72396, 8bit free heap: 6300916The current date/time is: Mon Jul 20 03:29:40 2026
[2026-07-20 11:29:41.472] 
[2026-07-20 11:29:41.472] 
[2026-07-20 11:29:43.932] [0;32mI (256748812) NL_LTPDU: BatchGet 880A64775B01: 6 eps, rsp=118 bytes[0m
[2026-07-20 11:29:43.932] 
[2026-07-20 11:29:44.710] [0;32mI (256749584) NL_LTPDU: BatchGet 6A76B95FD1DB: 6 eps, rsp=118 bytes[0m
[2026-07-20 11:29:44.710] 
[2026-07-20 11:29:46.306] [0;32mI (256751177) NL_LTPDU: BatchGet 3E0AE0494182: 6 eps, rsp=118 bytes[0m
[2026-07-20 11:29:46.306] 
[2026-07-20 11:29:49.274] [0;32mI (256754159) NL_LTPDU: BatchGet 880A64775B01: 6 eps, rsp=118 bytes[0m
[2026-07-20 11:29:49.274] 
[2026-07-20 11:29:49.473] free heap: 6300620, minimum free heap: 6033104, Internal 8bit free heap: 72100, 8bit free heap: 6300620The current date/time is: Mon Jul 20 03:29:48 2026
[2026-07-20 11:29:49.473] 
[2026-07-20 11:29:49.473] 
[2026-07-20 11:29:49.889] [0;32mI (256754764) NL_LTPDU: BatchGet 6A76B95FD1DB: 6 eps, rsp=118 bytes[0m
[2026-07-20 11:29:49.889] 
[2026-07-20 11:29:51.412] [0;32mI (256756287) NL_LTPDU: BatchGet 3E0AE0494182: 6 eps, rsp=118 bytes[0m
[2026-07-20 11:29:51.412] 
[2026-07-20 11:29:53.921] [0;32mI (256758805) NL_LTPDU: BatchGet 880A64775B01: 6 eps, rsp=118 bytes[0m
[2026-07-20 11:29:53.921] 
[2026-07-20 11:29:54.799] [0;32mI (256759677) NL_LTPDU: BatchGet 6A76B95FD1DB: 6 eps, rsp=118 bytes[0m
[2026-07-20 11:29:54.799] 
[2026-07-20 11:29:56.243] [0;32mI (256761123) NL_LTPDU: BatchGet 3E0AE0494182: 6 eps, rsp=118 bytes[0m
[2026-07-20 11:29:56.243] 
[2026-07-20 11:29:57.465] free heap: 6300916, minimum free heap: 6033104, Internal 8bit free heap: 72396, 8bit free heap: 6300916The current date/time is: Mon Jul 20 03:29:56 2026
[2026-07-20 11:29:57.465] 
[2026-07-20 11:29:57.465] 
[2026-07-20 11:29:59.151] [0;32mI (256764032) NL_LTPDU: BatchGet 880A64775B01: 6 eps, rsp=118 bytes[0m
[2026-07-20 11:29:59.151] 
[2026-07-20 11:29:59.306] uart: 11 AT+MOTION 0
[2026-07-20 11:29:59.306] 
[2026-07-20 11:29:59.306] 
[2026-07-20 11:29:59.306] btn on press
[2026-07-20 11:29:59.306] uart: 130 AT+BCDS ff04000206a5d9636 0010B940B0E9FEC6718C48ca43a5b6dc0F09a0000a0498404c000000000000ff0cfe00000000000000000000000000000000ff06
[2026-07-20 11:29:59.306] 
[2026-07-20 11:29:59.306] 
[2026-07-20 11:29:59.306] 
[2026-07-20 11:29:59.353] pTopic:$aws/rules/bi_wifi_data_report/switchlink/B0E9FEC6718C/link_to_shadow
[2026-07-20 11:29:59.353] pData:BCD ff04000206a5d9636 0010B940B0E9FEC6718C48ca43a5b6dc0F09a0000a0498404c000000000000ff0cfe00000000000000000000000000000000ff06
[2026-07-20 11:29:59.353] 
[2026-07-20 11:29:59.910] [0;32mI (256764796) NL_LTPDU: BatchGet 6A76B95FD1DB: 6 eps, rsp=118 bytes[0m
[2026-07-20 11:29:59.910] 
[2026-07-20 11:30:01.451] [0;32mI (256766325) NL_LTPDU: BatchGet 3E0AE0494182: 6 eps, rsp=118 bytes[0m
[2026-07-20 11:30:01.451] 
[2026-07-20 11:30:04.212] [0;32mI (256769099) NL_LTPDU: BatchGet 880A64775B01: 6 eps, rsp=118 bytes[0m
[2026-07-20 11:30:04.212] 
[2026-07-20 11:30:05.049] [0;32mI (256769926) NL_LTPDU: BatchGet 6A76B95FD1DB: 6 eps, rsp=118 bytes[0m
[2026-07-20 11:30:05.049] 
[2026-07-20 11:30:05.471] free heap: 6300916, minimum free heap: 6033104, Internal 8bit free heap: 72396, 8bit free heap: 6300916The current date/time is: Mon Jul 20 03:30:04 2026
[2026-07-20 11:30:05.471] 
[2026-07-20 11:30:05.471] 
[2026-07-20 11:30:05.935] uart: 11 AT+MOTION 1
[2026-07-20 11:30:05.935] 
[2026-07-20 11:30:05.935] 
[2026-07-20 11:30:05.935] btn on press
[2026-07-20 11:30:05.935] 
[2026-07-20 11:30:05.982] uart: 130 AT+BCDS ff04000206a5d963c 0010B940B0E9FEC6718C48ca43a5b6dc0F09a1200a0498404c000000000000ff0cfb00000000000000000000000000000000ff06
[2026-07-20 11:30:05.982] 
[2026-07-20 11:30:05.982] 
[2026-07-20 11:30:05.982] 
[2026-07-20 11:30:06.028] pTopic:$aws/rules/bi_wifi_data_report/switchlink/B0E9FEC6718C/link_to_shadow
[2026-07-20 11:30:06.028] pData:BCD ff04000206a5d963c 0010B940B0E9FEC6718C48ca43a5b6dc0F09a1200a0498404c000000000000ff0cfb00000000000000000000000000000000ff06
[2026-07-20 11:30:06.028] 
[2026-07-20 11:30:06.524] [0;32mI (256771400) NL_LTPDU: BatchGet 3E0AE0494182: 6 eps, rsp=118 bytes[0m
[2026-07-20 11:30:06.524] 
[2026-07-20 11:30:09.026] [0;32mI (256773911) NL_LTPDU: BatchGet 880A64775B01: 6 eps, rsp=118 bytes[0m
[2026-07-20 11:30:09.026] 
[2026-07-20 11:30:09.844] [0;32mI (256774723) NL_LTPDU: BatchGet 6A76B95FD1DB: 6 eps, rsp=118 bytes[0m
[2026-07-20 11:30:09.844] 
[2026-07-20 11:30:11.436] [0;32mI (256776315) NL_LTPDU: BatchGet 3E0AE0494182: 6 eps, rsp=118 bytes[0m
[2026-07-20 11:30:11.436] 
[2026-07-20 11:30:13.472] free heap: 6300896, minimum free heap: 6033104, Internal 8bit free heap: 72396, 8bit free heap: 6300896The current date/time is: Mon Jul 20 03:30:12 2026
[2026-07-20 11:30:13.472] 
[2026-07-20 11:30:13.472] 
[2026-07-20 11:30:14.152] [0;32mI (256779031) NL_LTPDU: BatchGet 880A64775B01: 6 eps, rsp=118 bytes[0m
[2026-07-20 11:30:14.152] [0;32mI (256779031) TASK_NL: [1] Status changed: on=1 br=20 ct=2187 hu=30 sa=89 eff="*Solid*"[0m
[2026-07-20 11:30:14.152] 
[2026-07-20 11:30:14.322] pTopic:switchlink/B0E9FEC6718C/link_to_nanoleaf_property
[2026-07-20 11:30:14.322] pData:{"msgType":"status","deviceId":"880A64775B01","timestamp":1784518213,"endpoints":[{"endpoint":"lb/0/oo","value":true},{"endpoint":"lb/0/pb","value":20},{"endpoint":"lb/0/ct","value":2187},{"endpoint":"lb/0/hu","value":30},{"endpoint":"lb/0/sa","value":89},{"endpoint":"effect/select","value":"*Solid*"}]}
[2026-07-20 11:30:14.322] 
[2026-07-20 11:30:14.955] [0;32mI (256779844) NL_LTPDU: BatchGet 6A76B95FD1DB: 6 eps, rsp=118 bytes[0m
[2026-07-20 11:30:14.955] 
[2026-07-20 11:30:16.593] [0;32mI (256781482) NL_LTPDU: BatchGet 3E0AE0494182: 6 eps, rsp=118 bytes[0m
[2026-07-20 11:30:16.593] 
[2026-07-20 11:30:19.397] [0;32mI (256784241) NL_LTPDU: BatchGet 880A64775B01: 6 eps, rsp=118 bytes[0m
[2026-07-20 11:30:19.397] [0;32mI (256784241) TASK_NL: [1] Status changed: on=1 br=38 ct=2187 hu=30 sa=89 eff="*Solid*"[0m
[2026-07-20 11:30:19.397] pTopic:switchlink/B0E9FEC6718C/link_to_nanoleaf_property
[2026-07-20 11:30:19.397] pData:{"msgType":"status","deviceId":"880A64775B01","timestamp":1784518219,"endpoints":[{"endpoint":"lb/0/oo","value":true},{"endpoint":"lb/0/pb","value":38},{"endpoint":"lb/0/ct","value":2187},{"endpoint":"lb/0/hu","value":30},{"endpoint":"lb/0/sa","value":89},{"endpoint":"effect/select","value":"*Solid*"}]}
[2026-07-20 11:30:19.397] 
[2026-07-20 11:30:20.187] [0;32mI (256785071) NL_LTPDU: BatchGet 6A76B95FD1DB: 6 eps, rsp=118 bytes[0m
[2026-07-20 11:30:20.187] 
[2026-07-20 11:30:21.487] free heap: 6247488, minimum free heap: 6033104, Internal 8bit free heap: 72228, 8bit free heap: 6247488The current date/time is: Mon Jul 20 03:30:20 2026
[2026-07-20 11:30:21.487] 
[2026-07-20 11:30:21.487] 
[2026-07-20 11:30:21.829] [0;32mI (256786704) NL_LTPDU: BatchGet 3E0AE0494182: 6 eps, rsp=118 bytes[0m
[2026-07-20 11:30:21.829] 
[2026-07-20 11:30:24.477] [0;32mI (256789358) NL_LTPDU: BatchGet 880A64775B01: 6 eps, rsp=118 bytes[0m
[2026-07-20 11:30:24.477] 
[2026-07-20 11:30:24.927] [0;32mI (256789803) NL_LTPDU: BatchGet 6A76B95FD1DB: 6 eps, rsp=118 bytes[0m
[2026-07-20 11:30:24.927] 
[2026-07-20 11:30:26.944] [0;32mI (256791828) NL_LTPDU: BatchGet 3E0AE0494182: 6 eps, rsp=118 bytes[0m
[2026-07-20 11:30:26.944] 
[2026-07-20 11:30:29.236] [0;32mI (256794117) NL_LTPDU: BatchGet 880A64775B01: 6 eps, rsp=118 bytes[0m
[2026-07-20 11:30:29.236] 
[2026-07-20 11:30:29.483] free heap: 6300880, minimum free heap: 6033104, Internal 8bit free heap: 72360, 8bit free heap: 6300880The current date/time is: Mon Jul 20 03:30:28 2026
[2026-07-20 11:30:29.483] 
[2026-07-20 11:30:29.483] 
[2026-07-20 11:30:30.119] [0;32mI (256794996) NL_LTPDU: BatchGet 6A76B95FD1DB: 6 eps, rsp=118 bytes[0m
[2026-07-20 11:30:30.119] 
[2026-07-20 11:30:31.666] [0;32mI (256796542) NL_LTPDU: BatchGet 3E0AE0494182: 6 eps, rsp=118 bytes[0m
[2026-07-20 11:30:31.666] 
[2026-07-20 11:30:33.700] Nanoleaf MQTT payload: {"msgType":"control","requestID":"538ca70b-432b-4825-a058-c3fcc2676e4b","deviceId":"880A64775B01","endpoint":"fwu/avail","method":"GET","value":""}
[2026-07-20 11:30:33.700] 
[2026-07-20 11:30:33.762] [0;32mI (256798642) NL_LTPDU: SendCmd POST → 880A64775B01 ep=fwu/avail[0m
[2026-07-20 11:30:33.762] 
[2026-07-20 11:30:33.932] [0;32mI (256798817) TASK_NL: [1] Cmd rsp(1): [0m
[2026-07-20 11:30:33.932] [0;32mI (256798817) NL_MQTT: PublishRespondData: len=192, pushing to MQTT queue[0m
[2026-07-20 11:30:33.932] 
[2026-07-20 11:30:34.163] pTopic:switchlink/B0E9FEC6718C/link_to_nanoleaf_func_resp
[2026-07-20 11:30:34.163] pData:{"msgType":"respond","requestID":"538ca70b-432b-4825-a058-c3fcc2676e4b","deviceId":"880A64775B01","success":true,"errorCode":0,"errorMsg":"","endpoints":[{"endpoint":"fwu/avail","value":"1"}]}
[2026-07-20 11:30:34.163] [0;32mI (256799049) NL_LTPDU: BatchGet 880A64775B01: 6 eps, rsp=118 bytes[0m
[2026-07-20 11:30:34.163] 
[2026-07-20 11:30:35.247] [0;32mI (256800129) NL_LTPDU: BatchGet 6A76B95FD1DB: 6 eps, rsp=118 bytes[0m
[2026-07-20 11:30:35.247] 
[2026-07-20 11:30:35.649] Nanoleaf MQTT payload: {"msgType":"control","requestID":"4dbb44b8-2bda-4ceb-81d0-125c93e50f91","deviceId":"880A64775B01","endpoint":"fwu/version","method":"GET","value":""}
[2026-07-20 11:30:35.649] 
[2026-07-20 11:30:35.773] [0;32mI (256800629) NL_LTPDU: SendCmd POST → 880A64775B01 ep=fwu/version[0m
[2026-07-20 11:30:35.773] Nanoleaf MQTT payload: {"msgType":"control","requestID":"0205c370-9f0e-4184-b835-2d08b966829c","deviceId":"880A64775B01","endpoint":"fwu/version","method":"GET","value":""}
[2026-07-20 11:30:35.773] [0;32mI (256800644) TASK_NL: [1] Cmd rsp(6): 12.1.1[0m
[2026-07-20 11:30:35.773] [0;32mI (256800646) NL_MQTT: PublishRespondData: len=199, pushing to MQTT queue[0m
[2026-07-20 11:30:35.773] [0;32mI (256800654) NL_LTPDU: SendCmd POST → 880A64775B01 ep=fwu/version[0m
[2026-07-20 11:30:35.773] 
[2026-07-20 11:30:36.006] [0;32mI (256800842) TASK_NL: [1] Cmd rsp(6): 12.1.1[0m
[2026-07-20 11:30:36.006] [0;32mI (256800842) NL_MQTT: PublishRespondData: len=199, pushing to MQTT queue[0m
[2026-07-20 11:30:36.006] pTopic:switchlink/B0E9FEC6718C/link_to_nanoleaf_func_resp
[2026-07-20 11:30:36.006] pData:{"msgType":"respond","requestID":"4dbb44b8-2bda-4ceb-81d0-125c93e50f91","deviceId":"880A64775B01","success":true,"errorCode":0,"errorMsg":"","endpoints":[{"endpoint":"fwu/version","value":"12.1.1"}]}
[2026-07-20 11:30:36.006] pTopic:switchlink/B0E9FEC6718C/link_to_nanoleaf_func_resp
[2026-07-20 11:30:36.006] pData:{"msgType":"respond","requestID":"0205c370-9f0e-4184-b835-2d08b966829c","deviceId":"880A64775B01","success":true,"errorCode":0,"errorMsg":"","endpoints":[{"endpoint":"fwu/version","value":"12.1.1"}]}
[2026-07-20 11:30:36.006] 
[2026-07-20 11:30:36.252] [0;32mI (256801137) NL_LTPDU: BatchGet 880A64775B01: 6 eps, rsp=118 bytes[0m
[2026-07-20 11:30:36.252] [0;32mI (256801137) TASK_NL: [1] Status changed: on=1 br=37 ct=2187 hu=30 sa=89 eff="*Solid*"[0m
[2026-07-20 11:30:36.252] 
[2026-07-20 11:30:36.438] pTopic:switchlink/B0E9FEC6718C/link_to_nanoleaf_property
[2026-07-20 11:30:36.438] pData:{"msgType":"status","deviceId":"880A64775B01","timestamp":1784518236,"endpoints":[{"endpoint":"lb/0/oo","value":true},{"endpoint":"lb/0/pb","value":37},{"endpoint":"lb/0/ct","value":2187},{"endpoint":"lb/0/hu","value":30},{"endpoint":"lb/0/sa","value":89},{"endpoint":"effect/select","value":"*Solid*"}]}
[2026-07-20 11:30:36.438] 
[2026-07-20 11:30:36.869] [0;32mI (256801755) NL_LTPDU: BatchGet 3E0AE0494182: 6 eps, rsp=118 bytes[0m
[2026-07-20 11:30:36.869] 
[2026-07-20 11:30:37.284] uart: 79 AT+TEST shadow BCD|010211038|6a5d965b|35b0e9fe527e8301014a6405993d003b01e400|97
[2026-07-20 11:30:37.284] 
[2026-07-20 11:30:37.284] 
[2026-07-20 11:30:37.284] 
[2026-07-20 11:30:37.500] pTopic:$aws/rules/bi_ble_data_report_arch2/switchlink/B0E9FEC6718C/link_to_status
[2026-07-20 11:30:37.500] pData:{"protocolVersion":1,"count":1,"messages":[{"id":"de42bfd0-4738-4971-9f57-1d6a6cc05e24","eventType":"Wo.Device.DataReport","data":{"deviceID":"b0e9fe527e83","createTime":1784518235,"contentVersion":2,"contentType":"hex","content":"35b0e9fe527e8301014a6405993d003b01e400","seq":151}}]}
[2026-07-20 11:30:37.500] free heap: 6299384, minimum free heap: 6033104, Internal 8bit free heap: 72360, 8bit free heap: 6299384The current date/time is: Mon Jul 20 03:30:36 2026
[2026-07-20 11:30:37.500] 
[2026-07-20 11:30:37.500] 
[2026-07-20 11:30:37.700] Nanoleaf MQTT payload: {"msgType":"control","requestID":"448cf42c-e82d-4339-be58-cbc15b9446a5","deviceId":"880A64775B01","endpoint":"fwu/trigger","method":"POST","value":"1"}
[2026-07-20 11:30:37.700] 
[2026-07-20 11:30:37.776] [0;32mI (256802655) NL_LTPDU: SendCmd POST → 880A64775B01 ep=fwu/trigger[0m
[2026-07-20 11:30:37.776] 
[2026-07-20 11:30:38.083] pTopic:switchlink/B0E9FEC6718C/link_to_nanoleaf_func_resp
[2026-07-20 11:30:38.083] pData:{"msgType":"respond","requestID":"448cf42c-e82d-4339-be58-cbc15b9446a5","deviceId":"880A64775B01","success":true,"errorCode":0,"errorMsg":""}
[2026-07-20 11:30:38.083] 
[2026-07-20 11:30:38.315] [0;32mI (256803196) NL_LTPDU: BatchGet 880A64775B01: 6 eps, rsp=118 bytes[0m
[2026-07-20 11:30:38.315] [0;32mI (256803197) TASK_NL: [1] Status changed: on=1 br=36 ct=2187 hu=30 sa=89 eff="*Solid*"[0m
[2026-07-20 11:30:38.315] 
[2026-07-20 11:30:38.501] pTopic:switchlink/B0E9FEC6718C/link_to_nanoleaf_property
[2026-07-20 11:30:38.501] pData:{"msgType":"status","deviceId":"880A64775B01","timestamp":1784518238,"endpoints":[{"endpoint":"lb/0/oo","value":true},{"endpoint":"lb/0/pb","value":36},{"endpoint":"lb/0/ct","value":2187},{"endpoint":"lb/0/hu","value":30},{"endpoint":"lb/0/sa","value":89},{"endpoint":"effect/select","value":"*Solid*"}]}
[2026-07-20 11:30:38.501] 
[2026-07-20 11:30:40.356] [0;32mI (256805233) NL_LTPDU: BatchGet 6A76B95FD1DB: 6 eps, rsp=118 bytes[0m
[2026-07-20 11:30:40.356] 
[2026-07-20 11:30:41.992] [0;32mI (256806875) NL_LTPDU: BatchGet 3E0AE0494182: 6 eps, rsp=118 bytes[0m
[2026-07-20 11:30:41.992] 
[2026-07-20 11:30:43.430] [0;32mI (256808313) NL_LTPDU: BatchGet 880A64775B01: 6 eps, rsp=118 bytes[0m
[2026-07-20 11:30:43.430] [0;32mI (256808313) TASK_NL: [1] Status changed: on=1 br=37 ct=2187 hu=30 sa=89 eff="*Solid*"[0m
[2026-07-20 11:30:43.430] 
[2026-07-20 11:30:43.569] pTopic:switchlink/B0E9FEC6718C/link_to_nanoleaf_property
[2026-07-20 11:30:43.569] pData:{"msgType":"status","deviceId":"880A64775B01","timestamp":1784518243,"endpoints":[{"endpoint":"lb/0/oo","value":true},{"endpoint":"lb/0/pb","value":37},{"endpoint":"lb/0/ct","value":2187},{"endpoint":"lb/0/hu","value":30},{"endpoint":"lb/0/sa","value":89},{"endpoint":"effect/select","value":"*Solid*"}]}
[2026-07-20 11:30:43.569] 
[2026-07-20 11:30:45.089] [0;32mI (256809967) NL_LTPDU: BatchGet 6A76B95FD1DB: 6 eps, rsp=118 bytes[0m
[2026-07-20 11:30:45.089] 
[2026-07-20 11:30:45.492] free heap: 6300904, minimum free heap: 6033104, Internal 8bit free heap: 72396, 8bit free heap: 6300904The current date/time is: Mon Jul 20 03:30:44 2026
[2026-07-20 11:30:45.492] 
[2026-07-20 11:30:45.492] 
[2026-07-20 11:30:47.101] [0;32mI (256811989) NL_LTPDU: BatchGet 3E0AE0494182: 6 eps, rsp=118 bytes[0m
[2026-07-20 11:30:47.101] 
[2026-07-20 11:30:48.246] [0;32mI (256813075) NL_LTPDU: BatchGet 880A64775B01: 6 eps, rsp=118 bytes[0m
[2026-07-20 11:30:48.246] [0;32mI (256813075) TASK_NL: [1] Status changed: on=1 br=38 ct=2187 hu=30 sa=89 eff="*Solid*"[0m
[2026-07-20 11:30:48.246] pTopic:switchlink/B0E9FEC6718C/link_to_nanoleaf_property
[2026-07-20 11:30:48.246] pData:{"msgType":"status","deviceId":"880A64775B01","timestamp":1784518248,"endpoints":[{"endpoint":"lb/0/oo","value":true},{"endpoint":"lb/0/pb","value":38},{"endpoint":"lb/0/ct","value":2187},{"endpoint":"lb/0/hu","value":30},{"endpoint":"lb/0/sa","value":89},{"endpoint":"effect/select","value":"*Solid*"}]}
[2026-07-20 11:30:48.246] 
[2026-07-20 11:30:50.206] [0;32mI (256815092) NL_LTPDU: BatchGet 6A76B95FD1DB: 6 eps, rsp=118 bytes[0m
[2026-07-20 11:30:50.206] 
[2026-07-20 11:30:52.237] [0;32mI (256817126) NL_LTPDU: BatchGet 3E0AE0494182: 6 eps, rsp=118 bytes[0m
[2026-07-20 11:30:52.237] 
[2026-07-20 11:30:53.350] [0;32mI (256818238) NL_LTPDU: BatchGet 880A64775B01: 6 eps, rsp=118 bytes[0m
[2026-07-20 11:30:53.350] 
[2026-07-20 11:30:53.520] free heap: 6300752, minimum free heap: 6033104, Internal 8bit free heap: 72264, 8bit free heap: 6300752The current date/time is: Mon Jul 20 03:30:52 2026
[2026-07-20 11:30:53.520] 
[2026-07-20 11:30:53.520] 
[2026-07-20 11:30:55.471] [0;32mI (256820349) NL_LTPDU: BatchGet 6A76B95FD1DB: 6 eps, rsp=118 bytes[0m
[2026-07-20 11:30:55.471] 
[2026-07-20 11:30:57.051] [0;32mI (256821935) NL_LTPDU: BatchGet 3E0AE0494182: 6 eps, rsp=118 bytes[0m
[2026-07-20 11:30:57.051] 
[2026-07-20 11:30:58.227] [0;32mI (256823111) NL_LTPDU: BatchGet 880A64775B01: 6 eps, rsp=118 bytes[0m
[2026-07-20 11:30:58.227] 
[2026-07-20 11:31:00.237] [0;32mI (256825122) NL_LTPDU: BatchGet 6A76B95FD1DB: 6 eps, rsp=118 bytes[0m
[2026-07-20 11:31:00.237] 
[2026-07-20 11:31:01.520] free heap: 6300904, minimum free heap: 6033104, Internal 8bit free heap: 72396, 8bit free heap: 6300904The current date/time is: Mon Jul 20 03:31:00 2026
[2026-07-20 11:31:01.520] 
[2026-07-20 11:31:01.520] 
[2026-07-20 11:31:02.167] [0;32mI (256827058) NL_LTPDU: BatchGet 3E0AE0494182: 6 eps, rsp=118 bytes[0m
[2026-07-20 11:31:02.167] 
[2026-07-20 11:31:03.313] [0;32mI (256828202) NL_LTPDU: BatchGet 880A64775B01: 6 eps, rsp=118 bytes[0m
[2026-07-20 11:31:03.313] [0;32mI (256828202) TASK_NL: [1] Status changed: on=1 br=37 ct=2187 hu=30 sa=89 eff="*Solid*"[0m
[2026-07-20 11:31:03.313] 
[2026-07-20 11:31:03.405] pTopic:switchlink/B0E9FEC6718C/link_to_nanoleaf_property
[2026-07-20 11:31:03.405] pData:{"msgType":"status","deviceId":"880A64775B01","timestamp":1784518263,"endpoints":[{"endpoint":"lb/0/oo","value":true},{"endpoint":"lb/0/pb","value":37},{"endpoint":"lb/0/ct","value":2187},{"endpoint":"lb/0/hu","value":30},{"endpoint":"lb/0/sa","value":89},{"endpoint":"effect/select","value":"*Solid*"}]}
[2026-07-20 11:31:03.405] 
[2026-07-20 11:31:05.390] [0;32mI (256830275) NL_LTPDU: BatchGet 6A76B95FD1DB: 6 eps, rsp=118 bytes[0m
[2026-07-20 11:31:05.390] 
[2026-07-20 11:31:07.280] [0;32mI (256832170) NL_LTPDU: BatchGet 3E0AE0494182: 6 eps, rsp=118 bytes[0m
[2026-07-20 11:31:07.280] 
[2026-07-20 11:31:08.227] [0;32mI (256833112) NL_LTPDU: BatchGet 880A64775B01: 6 eps, rsp=118 bytes[0m
[2026-07-20 11:31:08.227] 
[2026-07-20 11:31:09.529] free heap: 6300904, minimum free heap: 6033104, Internal 8bit free heap: 72396, 8bit free heap: 6300904The current date/time is: Mon Jul 20 03:31:08 2026
[2026-07-20 11:31:09.529] 
[2026-07-20 11:31:09.529] 
[2026-07-20 11:31:10.568] [0;32mI (256835460) NL_LTPDU: BatchGet 6A76B95FD1DB: 6 eps, rsp=118 bytes[0m
[2026-07-20 11:31:10.568] 
[2026-07-20 11:31:12.394] [0;32mI (256837285) NL_LTPDU: BatchGet 3E0AE0494182: 6 eps, rsp=118 bytes[0m
[2026-07-20 11:31:12.394] 
[2026-07-20 11:31:13.554] [0;32mI (256838434) NL_LTPDU: BatchGet 880A64775B01: 6 eps, rsp=118 bytes[0m
[2026-07-20 11:31:13.554] 
[2026-07-20 11:31:15.407] [0;32mI (256840286) NL_LTPDU: BatchGet 6A76B95FD1DB: 6 eps, rsp=118 bytes[0m
[2026-07-20 11:31:15.407] 
[2026-07-20 11:31:17.135] [0;32mI (256842027) NL_LTPDU: BatchGet 3E0AE0494182: 6 eps, rsp=118 bytes[0m
[2026-07-20 11:31:17.135] 
[2026-07-20 11:31:17.522] free heap: 6300752, minimum free heap: 6033104, Internal 8bit free heap: 72264, 8bit free heap: 6300752The current date/time is: Mon Jul 20 03:31:16 2026
[2026-07-20 11:31:17.522] 
[2026-07-20 11:31:17.522] 
[2026-07-20 11:31:18.373] [0;32mI (256843256) NL_LTPDU: BatchGet 880A64775B01: 6 eps, rsp=118 bytes[0m
[2026-07-20 11:31:18.373] 
[2026-07-20 11:31:20.585] [0;32mI (256845478) NL_LTPDU: BatchGet 6A76B95FD1DB: 6 eps, rsp=118 bytes[0m
[2026-07-20 11:31:20.585] 
[2026-07-20 11:31:22.329] [0;32mI (256847215) NL_LTPDU: BatchGet 3E0AE0494182: 6 eps, rsp=118 bytes[0m
[2026-07-20 11:31:22.329] 
[2026-07-20 11:31:23.512] [0;32mI (256848390) NL_LTPDU: BatchGet 880A64775B01: 6 eps, rsp=118 bytes[0m
[2026-07-20 11:31:23.512] 
[2026-07-20 11:31:25.423] [0;32mI (256850314) NL_LTPDU: BatchGet 6A76B95FD1DB: 6 eps, rsp=118 bytes[0m
[2026-07-20 11:31:25.423] 
[2026-07-20 11:31:25.548] free heap: 6300784, minimum free heap: 6033104, Internal 8bit free heap: 72264, 8bit free heap: 6300784The current date/time is: Mon Jul 20 03:31:24 2026
[2026-07-20 11:31:25.548] 
[2026-07-20 11:31:25.548] 
[2026-07-20 11:31:27.449] [0;32mI (256852335) NL_LTPDU: BatchGet 3E0AE0494182: 6 eps, rsp=118 bytes[0m
[2026-07-20 11:31:27.449] 
[2026-07-20 11:31:28.378] [0;32mI (256853269) NL_LTPDU: BatchGet 880A64775B01: 6 eps, rsp=118 bytes[0m
[2026-07-20 11:31:28.378] 
[2026-07-20 11:31:30.537] [0;32mI (256855430) NL_LTPDU: BatchGet 6A76B95FD1DB: 6 eps, rsp=118 bytes[0m
[2026-07-20 11:31:30.537] 
[2026-07-20 11:31:32.301] [0;32mI (256857182) NL_LTPDU: BatchGet 3E0AE0494182: 6 eps, rsp=118 bytes[0m
[2026-07-20 11:31:32.301] 
[2026-07-20 11:31:33.510] [0;32mI (256858389) NL_LTPDU: BatchGet 880A64775B01: 6 eps, rsp=118 bytes[0m
[2026-07-20 11:31:33.510] 
[2026-07-20 11:31:33.572] free heap: 6300752, minimum free heap: 6033104, Internal 8bit free heap: 72232, 8bit free heap: 6300752The current date/time is: Mon Jul 20 03:31:32 2026
[2026-07-20 11:31:33.572] 
[2026-07-20 11:31:33.572] 
[2026-07-20 11:31:35.663] [0;32mI (256860549) NL_LTPDU: BatchGet 6A76B95FD1DB: 6 eps, rsp=118 bytes[0m
[2026-07-20 11:31:35.663] 
[2026-07-20 11:31:37.502] [0;32mI (256862384) NL_LTPDU: BatchGet 3E0AE0494182: 6 eps, rsp=118 bytes[0m
[2026-07-20 11:31:37.502] 
[2026-07-20 11:31:38.419] [0;32mI (256863308) NL_LTPDU: BatchGet 880A64775B01: 6 eps, rsp=118 bytes[0m
[2026-07-20 11:31:38.419] 
[2026-07-20 11:31:40.655] [0;32mI (256865545) NL_LTPDU: BatchGet 6A76B95FD1DB: 6 eps, rsp=118 bytes[0m
[2026-07-20 11:31:40.655] 
[2026-07-20 11:31:41.584] free heap: 6300916, minimum free heap: 6033104, Internal 8bit free heap: 72396, 8bit free heap: 6300916The current date/time is: Mon Jul 20 03:31:40 2026
[2026-07-20 11:31:41.584] 
[2026-07-20 11:31:41.584] 
[2026-07-20 11:31:42.619] [0;32mI (256867502) NL_LTPDU: BatchGet 3E0AE0494182: 6 eps, rsp=118 bytes[0m
[2026-07-20 11:31:42.619] 
[2026-07-20 11:31:43.855] [0;32mI (256868749) NL_LTPDU: BatchGet 880A64775B01: 6 eps, rsp=118 bytes[0m
[2026-07-20 11:31:43.855] 
[2026-07-20 11:31:45.679] [0;32mI (256870564) NL_LTPDU: BatchGet 6A76B95FD1DB: 6 eps, rsp=118 bytes[0m
[2026-07-20 11:31:45.679] 
[2026-07-20 11:31:47.423] [0;32mI (256872311) NL_LTPDU: BatchGet 3E0AE0494182: 6 eps, rsp=118 bytes[0m
[2026-07-20 11:31:47.423] 
[2026-07-20 11:31:48.504] [0;32mI (256873391) NL_LTPDU: BatchGet 880A64775B01: 6 eps, rsp=118 bytes[0m
[2026-07-20 11:31:48.504] 
[2026-07-20 11:31:49.604] free heap: 6300780, minimum free heap: 6033104, Internal 8bit free heap: 72260, 8bit free heap: 6300780The current date/time is: Mon Jul 20 03:31:48 2026
[2026-07-20 11:31:49.604] 
[2026-07-20 11:31:49.604] 
[2026-07-20 11:31:50.793] [0;32mI (256875686) NL_LTPDU: BatchGet 6A76B95FD1DB: 6 eps, rsp=118 bytes[0m
[2026-07-20 11:31:50.793] 
[2026-07-20 11:31:52.650] [0;32mI (256877531) NL_LTPDU: BatchGet 3E0AE0494182: 6 eps, rsp=118 bytes[0m
[2026-07-20 11:31:52.650] 
[2026-07-20 11:31:53.452] [0;33mW (256878332) NL_LTPDU: socket 57: peer closed (FIN detected)[0m
[2026-07-20 11:31:53.452] [0;33mW (256878333) TASK_NL: [1] TCP fail → re-auth (CISS)[0m
[2026-07-20 11:31:53.452] 
[2026-07-20 11:31:53.498] [0;32mI (256878383) NL_LTPDU: CISS: recovered session to 192.168.50.119 (counter=6096, ver=V3.0)[0m
[2026-07-20 11:31:53.498] 
[2026-07-20 11:31:56.318] [0;32mI (256881211) NL_LTPDU: BatchGet 6A76B95FD1DB: 6 eps, rsp=118 bytes[0m
[2026-07-20 11:31:56.318] 
[2026-07-20 11:31:57.598] free heap: 6192804, minimum free heap: 6033104, Internal 8bit free heap: 72360, 8bit free heap: 6192804The current date/time is: Mon Jul 20 03:31:56 2026
[2026-07-20 11:31:57.598] 
[2026-07-20 11:31:57.598] 
[2026-07-20 11:31:57.737] [0;32mI (256882633) NL_LTPDU: BatchGet 3E0AE0494182: 6 eps, rsp=118 bytes[0m
[2026-07-20 11:31:57.737] 
[2026-07-20 11:31:58.496] [0;31mE (256883384) NL_LTPDU: recv failed: no data (errno=11, timeout=5000ms)[0m
[2026-07-20 11:31:58.496] [0;33mW (256883384) TASK_NL: [1] CISS TCP fail, skip SRP → yield[0m
[2026-07-20 11:31:58.496] [0;33mW (256883386) TASK_NL: [1] Auth failed (err=3, retry=1/3)[0m
[2026-07-20 11:31:58.496] 
[2026-07-20 11:32:00.828] [0;32mI (256885721) NL_LTPDU: BatchGet 6A76B95FD1DB: 6 eps, rsp=118 bytes[0m
[2026-07-20 11:32:00.828] 
[2026-07-20 11:32:02.886] [0;32mI (256887774) NL_LTPDU: BatchGet 3E0AE0494182: 6 eps, rsp=118 bytes[0m
[2026-07-20 11:32:02.886] 
[2026-07-20 11:32:05.603] free heap: 6300460, minimum free heap: 6033104, Internal 8bit free heap: 72396, 8bit free heap: 6300460The current date/time is: Mon Jul 20 03:32:04 2026
[2026-07-20 11:32:05.603] 
[2026-07-20 11:32:05.603] 
[2026-07-20 11:32:05.943] [0;32mI (256890835) NL_LTPDU: BatchGet 6A76B95FD1DB: 6 eps, rsp=118 bytes[0m
[2026-07-20 11:32:05.943] 
[2026-07-20 11:32:07.644] [0;32mI (256892532) NL_LTPDU: BatchGet 3E0AE0494182: 6 eps, rsp=118 bytes[0m
[2026-07-20 11:32:07.644] 
[2026-07-20 11:32:10.776] [0;32mI (256895662) NL_LTPDU: BatchGet 6A76B95FD1DB: 6 eps, rsp=118 bytes[0m
[2026-07-20 11:32:10.776] 
[2026-07-20 11:32:12.839] [0;32mI (256897728) NL_LTPDU: BatchGet 3E0AE0494182: 6 eps, rsp=118 bytes[0m
[2026-07-20 11:32:12.839] 
[2026-07-20 11:32:13.610] free heap: 6300404, minimum free heap: 6033104, Internal 8bit free heap: 72360, 8bit free heap: 6300404The current date/time is: Mon Jul 20 03:32:12 2026
[2026-07-20 11:32:13.610] 
[2026-07-20 11:32:13.610] 
[2026-07-20 11:32:15.895] [0;32mI (256900783) NL_LTPDU: BatchGet 6A76B95FD1DB: 6 eps, rsp=118 bytes[0m
[2026-07-20 11:32:15.895] 
[2026-07-20 11:32:16.636] [0;31mE (256901509) NL_LTPDU: CISS: connect 192.168.50.119:12566 failed: errno=113[0m
[2026-07-20 11:32:16.636] [0;33mW (256901509) TASK_NL: [1] CISS connect TCP fail, skip SRP → yield[0m
[2026-07-20 11:32:16.636] [0;33mW (256901513) TASK_NL: [1] Auth failed (err=3, retry=2/3)[0m
[2026-07-20 11:32:16.636] 
[2026-07-20 11:32:17.644] [0;32mI (256902535) NL_LTPDU: BatchGet 3E0AE0494182: 6 eps, rsp=118 bytes[0m
[2026-07-20 11:32:17.644] 
[2026-07-20 11:32:21.018] [0;32mI (256905903) NL_LTPDU: BatchGet 6A76B95FD1DB: 6 eps, rsp=118 bytes[0m
[2026-07-20 11:32:21.018] 
[2026-07-20 11:32:21.624] free heap: 6300992, minimum free heap: 6033104, Internal 8bit free heap: 72516, 8bit free heap: 6300992The current date/time is: Mon Jul 20 03:32:20 2026
[2026-07-20 11:32:21.624] 
[2026-07-20 11:32:21.624] 
[2026-07-20 11:32:22.838] [0;32mI (256907733) NL_LTPDU: BatchGet 3E0AE0494182: 6 eps, rsp=118 bytes[0m
[2026-07-20 11:32:22.838] 
[2026-07-20 11:32:26.232] [0;32mI (256911119) NL_LTPDU: BatchGet 6A76B95FD1DB: 6 eps, rsp=118 bytes[0m
[2026-07-20 11:32:26.232] 
[2026-07-20 11:32:27.672] [0;32mI (256912560) NL_LTPDU: BatchGet 3E0AE0494182: 6 eps, rsp=118 bytes[0m
[2026-07-20 11:32:27.672] 
[2026-07-20 11:32:29.618] free heap: 6300328, minimum free heap: 6033104, Internal 8bit free heap: 72264, 8bit free heap: 6300328The current date/time is: Mon Jul 20 03:32:28 2026
[2026-07-20 11:32:29.618] 
[2026-07-20 11:32:29.618] 
[2026-07-20 11:32:30.979] [0;32mI (256915874) NL_LTPDU: BatchGet 6A76B95FD1DB: 6 eps, rsp=118 bytes[0m
[2026-07-20 11:32:30.979] 
[2026-07-20 11:32:31.303] uart: 11 AT+MOTION 0
[2026-07-20 11:32:31.303] 
[2026-07-20 11:32:31.303] 
[2026-07-20 11:32:31.303] btn on press
[2026-07-20 11:32:31.303] uart: 130 AT+BCDS ff04000206a5d96ce 0010B940B0E9FEC6718C48ca43a5b6dc0F09a2000a0498404c000000000000ff0cfe00000000000000000000000000000000ff06
[2026-07-20 11:32:31.303] 
[2026-07-20 11:32:31.303] 
[2026-07-20 11:32:31.303] 
[2026-07-20 11:32:31.442] pTopic:$aws/rules/bi_wifi_data_report/switchlink/B0E9FEC6718C/link_to_shadow
[2026-07-20 11:32:31.442] pData:BCD ff04000206a5d96ce 0010B940B0E9FEC6718C48ca43a5b6dc0F09a2000a0498404c000000000000ff0cfe00000000000000000000000000000000ff06
[2026-07-20 11:32:31.442] 
[2026-07-20 11:32:32.913] [0;32mI (256917803) NL_LTPDU: BatchGet 3E0AE0494182: 6 eps, rsp=118 bytes[0m
[2026-07-20 11:32:32.913] 
[2026-07-20 11:32:36.156] [0;32mI (256921050) NL_LTPDU: BatchGet 6A76B95FD1DB: 6 eps, rsp=118 bytes[0m
[2026-07-20 11:32:36.156] 
[2026-07-20 11:32:37.625] free heap: 6300292, minimum free heap: 6033104, Internal 8bit free heap: 72228, 8bit free heap: 6300292The current date/time is: Mon Jul 20 03:32:36 2026
[2026-07-20 11:32:37.625] 
[2026-07-20 11:32:37.625] 
[2026-07-20 11:32:37.994] [0;32mI (256922886) NL_LTPDU: BatchGet 3E0AE0494182: 6 eps, rsp=118 bytes[0m
[2026-07-20 11:32:37.994] 
[2026-07-20 11:32:41.270] [0;32mI (256926167) NL_LTPDU: BatchGet 6A76B95FD1DB: 6 eps, rsp=118 bytes[0m
[2026-07-20 11:32:41.270] 
[2026-07-20 11:32:43.121] [0;32mI (256928007) NL_LTPDU: BatchGet 3E0AE0494182: 6 eps, rsp=118 bytes[0m
[2026-07-20 11:32:43.121] 
[2026-07-20 11:32:45.634] [0;31mE (256930509) NL_LTPDU: CISS: connect 192.168.50.119:12566 failed: errno=113[0m
[2026-07-20 11:32:45.634] [0;33mW (256930509) TASK_NL: [1] CISS connect TCP fail, skip SRP → yield[0m
[2026-07-20 11:32:45.634] [0;33mW (256930513) TASK_NL: [1] Auth failed (err=3, retry=3/3)[0m
[2026-07-20 11:32:45.634] free heap: 6300860, minimum free heap: 6033104, Internal 8bit free heap: 72384, 8bit free heap: 6300860The current date/time is: Mon Jul 20 03:32:44 2026
[2026-07-20 11:32:45.634] 
[2026-07-20 11:32:45.634] 
[2026-07-20 11:32:45.773] pTopic:switchlink/B0E9FEC6718C/link_to_nanoleaf_property
[2026-07-20 11:32:45.773] pData:{"msgType":"online","deviceId":"880A64775B01","timestamp":1784518365,"online":false,"reason":"tcp_disconnected"}
[2026-07-20 11:32:45.773] 
[2026-07-20 11:32:46.393] [0;32mI (256931290) NL_LTPDU: BatchGet 6A76B95FD1DB: 6 eps, rsp=118 bytes[0m
[2026-07-20 11:32:46.393] 
[2026-07-20 11:32:47.856] [0;32mI (256932741) NL_LTPDU: BatchGet 3E0AE0494182: 6 eps, rsp=118 bytes[0m
[2026-07-20 11:32:47.856] 
[2026-07-20 11:32:51.168] [0;32mI (256936055) NL_LTPDU: BatchGet 6A76B95FD1DB: 6 eps, rsp=118 bytes[0m
[2026-07-20 11:32:51.168] 
[2026-07-20 11:32:53.170] [0;32mI (256938060) NL_LTPDU: BatchGet 3E0AE0494182: 6 eps, rsp=118 bytes[0m
[2026-07-20 11:32:53.170] 
[2026-07-20 11:32:53.644] free heap: 6300792, minimum free heap: 6033104, Internal 8bit free heap: 72348, 8bit free heap: 6300792The current date/time is: Mon Jul 20 03:32:52 2026
[2026-07-20 11:32:53.644] 
[2026-07-20 11:32:53.644] 
[2026-07-20 11:32:56.283] [0;32mI (256941175) NL_LTPDU: BatchGet 6A76B95FD1DB: 6 eps, rsp=118 bytes[0m
[2026-07-20 11:32:56.283] 
[2026-07-20 11:32:58.303] [0;32mI (256943198) NL_LTPDU: BatchGet 3E0AE0494182: 6 eps, rsp=118 bytes[0m
[2026-07-20 11:32:58.303] 
[2026-07-20 11:33:01.456] [0;32mI (256946354) NL_LTPDU: BatchGet 6A76B95FD1DB: 6 eps, rsp=118 bytes[0m
[2026-07-20 11:33:01.456] 
[2026-07-20 11:33:01.641] free heap: 6300824, minimum free heap: 6033104, Internal 8bit free heap: 72348, 8bit free heap: 6300824The current date/time is: Mon Jul 20 03:33:00 2026
[2026-07-20 11:33:01.641] 
[2026-07-20 11:33:01.641] 
[2026-07-20 11:33:03.290] [0;32mI (256948187) NL_LTPDU: BatchGet 3E0AE0494182: 6 eps, rsp=118 bytes[0m
[2026-07-20 11:33:03.290] 
[2026-07-20 11:33:05.750] [0;32mI (256950641) ROUTE_HOOK: Received RIO[0m
[2026-07-20 11:33:05.750] [0;32mI (256950641) ROUTE_HOOK: prefix FDEA:C98F:38B2:1:: lifetime 1800[0m
[2026-07-20 11:33:05.750] 
[2026-07-20 11:33:06.321] [0;32mI (256951208) NL_LTPDU: BatchGet 6A76B95FD1DB: 6 eps, rsp=118 bytes[0m
[2026-07-20 11:33:06.321] 
[2026-07-20 11:33:06.878] uart: 11 AT+MOTION 1
[2026-07-20 11:33:06.878] 
[2026-07-20 11:33:06.878] 
[2026-07-20 11:33:06.878] btn on press
[2026-07-20 11:33:06.878] uart: 130 AT+BCDS ff04000206a5d96f1 0010B940B0E9FEC6718C48ca43a5b6dc0F09a3200a0498404c000000000000ff0cff00000000000000000000000000000000ff06
[2026-07-20 11:33:06.878] 
[2026-07-20 11:33:06.878] 
[2026-07-20 11:33:06.878] 
[2026-07-20 11:33:06.986] pTopic:$aws/rules/bi_wifi_data_report/switchlink/B0E9FEC6718C/link_to_shadow
[2026-07-20 11:33:06.986] pData:BCD ff04000206a5d96f1 0010B940B0E9FEC6718C48ca43a5b6dc0F09a3200a0498404c000000000000ff0cff00000000000000000000000000000000ff06
[2026-07-20 11:33:06.986] 
[2026-07-20 11:33:08.053] [0;32mI (256952947) NL_LTPDU: BatchGet 3E0AE0494182: 6 eps, rsp=118 bytes[0m
[2026-07-20 11:33:08.053] 
[2026-07-20 11:33:09.650] free heap: 6300860, minimum free heap: 6033104, Internal 8bit free heap: 72384, 8bit free heap: 6300860The current date/time is: Mon Jul 20 03:33:08 2026
[2026-07-20 11:33:09.650] 
[2026-07-20 11:33:09.650] 
[2026-07-20 11:33:11.427] [0;32mI (256956319) NL_LTPDU: BatchGet 6A76B95FD1DB: 6 eps, rsp=118 bytes[0m
[2026-07-20 11:33:11.427] 
[2026-07-20 11:33:13.267] [0;32mI (256958164) NL_LTPDU: BatchGet 3E0AE0494182: 6 eps, rsp=118 bytes[0m
[2026-07-20 11:33:13.267] 
[2026-07-20 11:33:16.552] [0;32mI (256961441) NL_LTPDU: BatchGet 6A76B95FD1DB: 6 eps, rsp=118 bytes[0m
[2026-07-20 11:33:16.552] 
[2026-07-20 11:33:17.648] free heap: 6300828, minimum free heap: 6033104, Internal 8bit free heap: 72384, 8bit free heap: 6300828The current date/time is: Mon Jul 20 03:33:16 2026
[2026-07-20 11:33:17.648] 
[2026-07-20 11:33:17.648] 
[2026-07-20 11:33:18.344] [0;32mI (256963240) NL_LTPDU: BatchGet 3E0AE0494182: 6 eps, rsp=118 bytes[0m
[2026-07-20 11:33:18.344] 
[2026-07-20 11:33:21.724] [0;32mI (256966612) NL_LTPDU: BatchGet 6A76B95FD1DB: 6 eps, rsp=118 bytes[0m
[2026-07-20 11:33:21.724] 
[2026-07-20 11:33:23.101] [0;32mI (256968001) NL_LTPDU: BatchGet 3E0AE0494182: 6 eps, rsp=118 bytes[0m
[2026-07-20 11:33:23.101] 
[2026-07-20 11:33:25.669] free heap: 6300848, minimum free heap: 6033104, Internal 8bit free heap: 72384, 8bit free heap: 6300848The current date/time is: Mon Jul 20 03:33:24 2026
[2026-07-20 11:33:25.669] 
[2026-07-20 11:33:25.669] 
[2026-07-20 11:33:26.856] [0;32mI (256971746) NL_LTPDU: BatchGet 6A76B95FD1DB: 6 eps, rsp=118 bytes[0m
[2026-07-20 11:33:26.856] 
[2026-07-20 11:33:28.240] [0;32mI (256973127) NL_LTPDU: BatchGet 3E0AE0494182: 6 eps, rsp=118 bytes[0m
[2026-07-20 11:33:28.240] 
[2026-07-20 11:33:31.560] [0;32mI (256976459) NL_LTPDU: BatchGet 6A76B95FD1DB: 6 eps, rsp=118 bytes[0m
[2026-07-20 11:33:31.560] 
[2026-07-20 11:33:33.399] [0;32mI (256978292) NL_LTPDU: BatchGet 3E0AE0494182: 6 eps, rsp=118 bytes[0m
[2026-07-20 11:33:33.399] 
[2026-07-20 11:33:33.693] free heap: 6300664, minimum free heap: 6033104, Internal 8bit free heap: 72220, 8bit free heap: 6300664The current date/time is: Mon Jul 20 03:33:32 2026
[2026-07-20 11:33:33.693] 
[2026-07-20 11:33:33.693] 
[2026-07-20 11:33:36.778] [0;32mI (256981679) NL_LTPDU: BatchGet 6A76B95FD1DB: 6 eps, rsp=118 bytes[0m
[2026-07-20 11:33:36.778] 
[2026-07-20 11:33:37.708] [0;32mI (256982601) TASK_NL: ExecuteScan: trigger=scheduled[0m
[2026-07-20 11:33:37.708] 
[2026-07-20 11:33:40.757] [0;32mI (256985622) TASK_NL: Scan[0]: name=Lines B5D2 ip=192.168.50.201 id=3E:0A:E0:49:41:82 model=NL59 fw=12.2.3[0m
[2026-07-20 11:33:40.757] [0;32mI (256985623) TASK_NL: Scan[1]: name=Elements 88E6 ip=192.168.50.16 id=85:85:4B:47:63:79 model=NL52 fw=12.2.3[0m
[2026-07-20 11:33:40.757] [0;32mI (256985632) TASK_NL: Scan[2]: name=4D FEB8 ip=192.168.50.160 id=6A:76:B9:5F:D1:DB model=NL69 fw=12.3.6[0m
[2026-07-20 11:33:40.757] [0;32mI (256985643) TASK_NL: ExecuteScan: found 3 devices, publishing[0m
[2026-07-20 11:33:40.757] 
[2026-07-20 11:33:40.974] pTopic:switchlink/B0E9FEC6718C/link_to_nanoleaf_property
[2026-07-20 11:33:40.974] pData:{"msgType":"online","deviceId":"880A64775B01","timestamp":1784518420,"online":false,"reason":"mdns_lost"}
[2026-07-20 11:33:40.974] pTopic:switchlink/B0E9FEC6718C/link_to_nanoleaf_maint
[2026-07-20 11:33:40.974] pData:{"msgType":"nanoleaf_scan","trigger":"scheduled","timestamp":1784518420,"managed":{"total":3,"devices":[{"deviceId":"3E0AE0494182","clientId":1,"state":"active","online":1},{"deviceId":"880A64775B01","clientId":1,"state":"retry_wait","online":0},{"deviceId":"6A76B95FD1DB","clientId":5,"state":"active","online":1}]},"devices":[{"deviceId":"3E:0A:E0:49:41:82","ip":"192.168.50.201","port":12566,"model":"NL59","firmware":"12.2.3"},{"deviceId":"85:85:4B:47:63:79","ip":"192.168.50.16","port":12566,"model":"NL52","firmware":"12.2.3"},{"deviceId":"6A:76:B9:5F:D1:DB","ip":"192.168.50.160","port":12566,"model":"NL69","firmware":"12.3.6"}]}
[2026-07-20 11:33:40.974] [0;32mI (256985824) NL_LTPDU: BatchGet 3E0AE0494182: 6 eps, rsp=118 bytes[0m
[2026-07-20 11:33:40.974] 
[2026-07-20 11:33:41.685] free heap: 6246108, minimum free heap: 6033104, Internal 8bit free heap: 72348, 8bit free heap: 6246108The current date/time is: Mon Jul 20 03:33:40 2026
[2026-07-20 11:33:41.685] 
[2026-07-20 11:33:41.685] 
[2026-07-20 11:33:41.901] [0;32mI (256986801) NL_LTPDU: BatchGet 6A76B95FD1DB: 6 eps, rsp=118 bytes[0m
[2026-07-20 11:33:41.901] 
[2026-07-20 11:33:46.117] [0;32mI (256991011) NL_LTPDU: BatchGet 3E0AE0494182: 6 eps, rsp=118 bytes[0m
[2026-07-20 11:33:46.117] 
[2026-07-20 11:33:47.013] [0;32mI (256991914) NL_LTPDU: BatchGet 6A76B95FD1DB: 6 eps, rsp=118 bytes[0m
[2026-07-20 11:33:47.013] 
[2026-07-20 11:33:49.690] free heap: 6300960, minimum free heap: 6033104, Internal 8bit free heap: 72384, 8bit free heap: 6300960The current date/time is: Mon Jul 20 03:33:48 2026
[2026-07-20 11:33:49.690] 
[2026-07-20 11:33:49.690] 
[2026-07-20 11:33:51.217] [0;32mI (256996104) NL_LTPDU: BatchGet 3E0AE0494182: 6 eps, rsp=118 bytes[0m
[2026-07-20 11:33:51.217] 
[2026-07-20 11:33:51.850] [0;32mI (256996734) NL_LTPDU: BatchGet 6A76B95FD1DB: 6 eps, rsp=118 bytes[0m
[2026-07-20 11:33:51.850] Nanoleaf MQTT payload: {"msgType":"scan_trigger","requestID":"008c4697-58d2-4393-85a4-776ac6f281a4","timestamp":1784518431571}
[2026-07-20 11:33:51.850] [0;32mI (256996741) NL_MQTT: scan_trigger enqueued[0m
[2026-07-20 11:33:51.850] 
[2026-07-20 11:33:51.943] [0;32mI (256996834) TASK_NL: scan_trigger: 手动触发 mDNS 扫描[0m
[2026-07-20 11:33:51.943] [0;32mI (256996834) TASK_NL: ExecuteScan: trigger=manual[0m
[2026-07-20 11:33:51.943] 
[2026-07-20 11:33:55.048] [0;32mI (256999922) TASK_NL: Scan[0]: name=Elements 88E6 ip=192.168.50.16 id=85:85:4B:47:63:79 model=NL52 fw=12.2.3[0m
[2026-07-20 11:33:55.048] [0;32mI (256999923) TASK_NL: Scan[1]: name=4D FEB8 ip=192.168.50.160 id=6A:76:B9:5F:D1:DB model=NL69 fw=12.3.6[0m
[2026-07-20 11:33:55.048] [0;32mI (256999932) TASK_NL: Scan[2]: name=Lines B5D2 ip=192.168.50.201 id=3E:0A:E0:49:41:82 model=NL59 fw=12.2.3[0m
[2026-07-20 11:33:55.048] [0;32mI (256999943) TASK_NL: ExecuteScan: found 3 devices, publishing[0m
[2026-07-20 11:33:55.048] 
[2026-07-20 11:33:55.173] pTopic:switchlink/B0E9FEC6718C/link_to_nanoleaf_property
[2026-07-20 11:33:55.173] pData:{"msgType":"online","deviceId":"880A64775B01","timestamp":1784518434,"online":false,"reason":"mdns_lost"}
[2026-07-20 11:33:55.173] pTopic:switchlink/B0E9FEC6718C/link_to_nanoleaf_maint
[2026-07-20 11:33:55.173] pData:{"msgType":"nanoleaf_scan","trigger":"manual","timestamp":1784518434,"managed":{"total":3,"devices":[{"deviceId":"3E0AE0494182","clientId":1,"state":"active","online":1},{"deviceId":"880A64775B01","clientId":1,"state":"retry_wait","online":0},{"deviceId":"6A76B95FD1DB","clientId":5,"state":"active","online":1}]},"devices":[{"deviceId":"85:85:4B:47:63:79","ip":"192.168.50.16","port":12566,"model":"NL52","firmware":"12.2.3"},{"deviceId":"6A:76:B9:5F:D1:DB","ip":"192.168.50.160","port":12566,"model":"NL69","firmware":"12.3.6"},{"deviceId":"3E:0A:E0:49:41:82","ip":"192.168.50.201","port":12566,"model":"NL59","firmware":"12.2.3"}]}
[2026-07-20 11:33:55.173] 
[2026-07-20 11:33:55.297] uart: 11 AT+MOTION 0
[2026-07-20 11:33:55.297] 
[2026-07-20 11:33:55.297] 
[2026-07-20 11:33:55.297] btn on press
[2026-07-20 11:33:55.297] uart: 130 AT+BCDS ff04000206a5d9722 0010B940B0E9FEC6718C48ca43a5b6dc0F09a4000a0498404c000000000000ff0cff00000000000000000000000000000000ff06
[2026-07-20 11:33:55.297] 
[2026-07-20 11:33:55.297] 
[2026-07-20 11:33:55.297] 
[2026-07-20 11:33:55.374] pTopic:$aws/rules/bi_wifi_data_report/switchlink/B0E9FEC6718C/link_to_shadow
[2026-07-20 11:33:55.374] pData:BCD ff04000206a5d9722 0010B940B0E9FEC6718C48ca43a5b6dc0F09a4000a0498404c000000000000ff0cff00000000000000000000000000000000ff06
[2026-07-20 11:33:55.374] 
[2026-07-20 11:33:55.993] [0;32mI (257000891) NL_LTPDU: BatchGet 3E0AE0494182: 6 eps, rsp=118 bytes[0m
[2026-07-20 11:33:55.993] 
[2026-07-20 11:33:57.124] [0;32mI (257001955) NL_LTPDU: BatchGet 6A76B95FD1DB: 6 eps, rsp=118 bytes[0m
[2026-07-20 11:33:57.124] Nanoleaf MQTT payload: {"msgType":"list_sync","requestID":"1dc09b01-fdb9-4c8e-a298-2222d919503e","timestamp":1784518436720,"action":"full","seq":11,"devices":[{"deviceId":"3E0AE0494182","deviceType":"WoNanoleaf","clientId":1,"authToken":"38624d7a4f58505058754e426b773057736d53654a37366c445271773737564b"},{"deviceId":"6A76B95FD1DB","deviceType":"WoNanoleaf","clientId":5,"authToken":"526c53426a57595a56564946774c306639635a416b6746555058327842644c30"},{"deviceId":"880A64775B01","deviceType":"WoNanoleaf","clientId":1,"authToken":"36596634496d4441737959597336494b7a636b706154554b6c6557684a72754f"},{"deviceId":"85854B476379","deviceType":"WoNanoleaf","clientId":1,"authToken":"426b63717a6c65546c4a496d4c54306a49646c375335647959354831524e7064"}]}
[2026-07-20 11:33:57.124] [0;32mI (257002016) NL_MQTT: list_sync action=full, count=4[0m
[2026-07-20 11:33:57.124] [0;32mI (257002021) NL_DEV: SyncFull: added new 85854B476379[0m
[2026-07-20 11:33:57.124] 
[2026-07-20 11:33:57.216] [0;32mI (257002115) NL_DEV: SyncFull: done, total=4 devices[0m
[2026-07-20 11:33:57.216] 
[2026-07-20 11:33:57.263] [0;32mI (257002155) TASK_NL: CacheMatch [3] 85854B476379 -> 192.168.50.16 (name=Elements 88E6)[0m
[2026-07-20 11:33:57.263] [0;32mI (257002155) NL_LTPDU: SRP reconnect: device=Elements 88E6 clientId=1[0m
[2026-07-20 11:33:57.263] 
[2026-07-20 11:33:57.294] [0;32mI (257002195) NL_LTPDU:   pubA[0:4]=77D412A2[0m
[2026-07-20 11:33:57.294] 
[2026-07-20 11:33:57.371] [0;32mI (257002264) NL_LTPDU: TCP connected to 192.168.50.16:12566[0m
[2026-07-20 11:33:57.371] 
[2026-07-20 11:33:57.741] free heap: 6299908, minimum free heap: 6033104, Internal 8bit free heap: 72096, 8bit free heap: 6299908The current date/time is: Mon Jul 20 03:33:56 2026
[2026-07-20 11:33:57.741] 
[2026-07-20 11:33:57.741] [0;32mI (257002614) NL_LTPDU:   step1 rsp: salt len=4, salt[0:4]=3585C0C4[0m
[2026-07-20 11:33:57.741] [0;32mI (257002614) NL_LTPDU:   step1 rsp: B[0:4]=25EFB453, B len=256[0m
[2026-07-20 11:33:57.741] [0;32mI (257002617) NL_LTPDU:   session_version: len=0 val=FFFF[0m
[2026-07-20 11:33:57.741] [0;32mI (257002623) NL_SRP:   k[0:8]=4CBA3FB2923E01FB[0m
[2026-07-20 11:33:57.741] [0;32mI (257002628) NL_SRP:   szA=256, szB=256[0m
[2026-07-20 11:33:57.741] [0;32mI (257002633) NL_SRP:   u[0:8]=9031B8310DBDB767[0m
[2026-07-20 11:33:57.741] [0;32mI (257002638) NL_SRP:   x[0:8]=5A9A9537096B0DC4[0m
[2026-07-20 11:33:57.741] 
[2026-07-20 11:33:57.848] [0;32mI (257002736) NL_SRP: SrpComputeSecret OK[0m
[2026-07-20 11:33:57.848] [0;32mI (257002736) NL_LTPDU:   SrpComputeSecret OK[0m
[2026-07-20 11:33:57.848] 
[2026-07-20 11:33:57.939] [0;33mW (257002818) NL_LTPDU: SRP auth done: iSock=57 (fd assigned)[0m
[2026-07-20 11:33:57.939] [0;32mI (257002819) NL_LTPDU:   using session ver: V3.0[0m
[2026-07-20 11:33:57.939] [0;32mI (257002819) NL_LTPDU: SRP token reconnect OK, ClientId=1[0m
[2026-07-20 11:33:57.939] [0;32mI (257002825) TASK_NL: [3] Auth OK → ACTIVE (192.168.50.16)[0m
[2026-07-20 11:33:57.939] 
[2026-07-20 11:33:58.032] pTopic:switchlink/B0E9FEC6718C/link_to_nanoleaf_property
[2026-07-20 11:33:58.032] pData:{"msgType":"online","deviceId":"85854B476379","timestamp":1784518437,"online":true,"reason":"srp_connected"}
[2026-07-20 11:33:58.032] 
[2026-07-20 11:33:58.201] [0;32mI (257003094) NL_LTPDU: BatchGet 85854B476379: 6 eps, rsp=118 bytes[0m
[2026-07-20 11:33:58.201] [0;32mI (257003094) TASK_NL: [3] Status changed: on=1 br=100 ct=2378 hu=29 sa=80 eff="*Solid*"[0m
[2026-07-20 11:33:58.201] 
[2026-07-20 11:33:58.262] pTopic:switchlink/B0E9FEC6718C/link_to_nanoleaf_property
[2026-07-20 11:33:58.262] pData:{"msgType":"status","deviceId":"85854B476379","timestamp":1784518438,"endpoints":[{"endpoint":"lb/0/oo","value":true},{"endpoint":"lb/0/pb","value":100},{"endpoint":"lb/0/ct","value":2378},{"endpoint":"lb/0/hu","value":29},{"endpoint":"lb/0/sa","value":80},{"endpoint":"effect/select","value":"*Solid*"}]}
[2026-07-20 11:33:58.262] 
[2026-07-20 11:34:01.170] [0;32mI (257006072) NL_LTPDU: BatchGet 3E0AE0494182: 6 eps, rsp=118 bytes[0m
[2026-07-20 11:34:01.170] 
[2026-07-20 11:34:02.192] [0;32mI (257007086) NL_LTPDU: BatchGet 6A76B95FD1DB: 6 eps, rsp=118 bytes[0m
[2026-07-20 11:34:02.192] 
[2026-07-20 11:34:03.014] [0;32mI (257007913) NL_LTPDU: BatchGet 85854B476379: 6 eps, rsp=118 bytes[0m
[2026-07-20 11:34:03.014] 
[2026-07-20 11:34:05.720] free heap: 6300760, minimum free heap: 6033104, Internal 8bit free heap: 72132, 8bit free heap: 6300760The current date/time is: Mon Jul 20 03:34:04 2026
[2026-07-20 11:34:05.720] 
[2026-07-20 11:34:05.720] 
[2026-07-20 11:34:06.291] [0;32mI (257011186) NL_LTPDU: BatchGet 3E0AE0494182: 6 eps, rsp=118 bytes[0m
[2026-07-20 11:34:06.291] 
[2026-07-20 11:34:07.298] [0;32mI (257012189) NL_LTPDU: BatchGet 6A76B95FD1DB: 6 eps, rsp=118 bytes[0m
[2026-07-20 11:34:07.298] 
[2026-07-20 11:34:08.132] [0;32mI (257013026) NL_LTPDU: BatchGet 85854B476379: 6 eps, rsp=118 bytes[0m
[2026-07-20 11:34:08.132] 
[2026-07-20 11:34:11.099] [0;32mI (257015997) NL_LTPDU: BatchGet 3E0AE0494182: 6 eps, rsp=118 bytes[0m
[2026-07-20 11:34:11.099] 
[2026-07-20 11:34:12.413] [0;32mI (257017309) NL_LTPDU: BatchGet 6A76B95FD1DB: 6 eps, rsp=118 bytes[0m
[2026-07-20 11:34:12.413] [0;32mI (257017309) TASK_NL: [2] Status changed: on=1 br=63 ct=2700 hu=28 sa=66 eff="*Solid*"[0m
[2026-07-20 11:34:12.413] 
[2026-07-20 11:34:12.615] pTopic:switchlink/B0E9FEC6718C/link_to_nanoleaf_property
[2026-07-20 11:34:12.615] pData:{"msgType":"status","deviceId":"6A76B95FD1DB","timestamp":1784518452,"endpoints":[{"endpoint":"lb/0/oo","value":true},{"endpoint":"lb/0/pb","value":63},{"endpoint":"lb/0/ct","value":2700},{"endpoint":"lb/0/hu","value":28},{"endpoint":"lb/0/sa","value":66},{"endpoint":"effect/select","value":"*Solid*"}]}
[2026-07-20 11:34:12.615] 
[2026-07-20 11:34:13.345] [0;32mI (257018245) NL_LTPDU: BatchGet 85854B476379: 6 eps, rsp=118 bytes[0m
[2026-07-20 11:34:13.345] 
[2026-07-20 11:34:13.720] free heap: 6300696, minimum free heap: 6033104, Internal 8bit free heap: 72096, 8bit free heap: 6300696The current date/time is: Mon Jul 20 03:34:12 2026
[2026-07-20 11:34:13.720] 
[2026-07-20 11:34:13.720] 
[2026-07-20 11:34:16.217] [0;32mI (257021114) NL_LTPDU: BatchGet 3E0AE0494182: 6 eps, rsp=118 bytes[0m
[2026-07-20 11:34:16.217] [0;32mI (257021114) TASK_NL: [0] Status changed: on=1 br=41 ct=6500 hu=0 sa=100 eff="*Solid*"[0m
[2026-07-20 11:34:16.217] 
[2026-07-20 11:34:16.279] pTopic:switchlink/B0E9FEC6718C/link_to_nanoleaf_property
[2026-07-20 11:34:16.279] pData:{"msgType":"status","deviceId":"3E0AE0494182","timestamp":1784518456,"endpoints":[{"endpoint":"lb/0/oo","value":true},{"endpoint":"lb/0/pb","value":41},{"endpoint":"lb/0/ct","value":6500},{"endpoint":"lb/0/hu","value":0},{"endpoint":"lb/0/sa","value":100},{"endpoint":"effect/select","value":"*Solid*"}]}
[2026-07-20 11:34:16.279] 
[2026-07-20 11:34:17.143] [0;32mI (257022033) NL_LTPDU: BatchGet 6A76B95FD1DB: 6 eps, rsp=118 bytes[0m
[2026-07-20 11:34:17.143] 
[2026-07-20 11:34:18.104] [0;32mI (257022993) NL_LTPDU: BatchGet 85854B476379: 6 eps, rsp=118 bytes[0m
[2026-07-20 11:34:18.104] 
[2026-07-20 11:34:21.143] [0;32mI (257026029) NL_LTPDU: BatchGet 3E0AE0494182: 6 eps, rsp=118 bytes[0m
[2026-07-20 11:34:21.143] [0;32mI (257026029) TASK_NL: [0] Status changed: on=0 br=41 ct=6500 hu=0 sa=100 eff="*Solid*"[0m
[2026-07-20 11:34:21.143] 
[2026-07-20 11:34:21.342] pTopic:switchlink/B0E9FEC6718C/link_to_nanoleaf_property
[2026-07-20 11:34:21.342] pData:{"msgType":"status","deviceId":"3E0AE0494182","timestamp":1784518460,"endpoints":[{"endpoint":"lb/0/oo","value":false},{"endpoint":"lb/0/pb","value":41},{"endpoint":"lb/0/ct","value":6500},{"endpoint":"lb/0/hu","value":0},{"endpoint":"lb/0/sa","value":100},{"endpoint":"effect/select","value":"*Solid*"}]}
[2026-07-20 11:34:21.342] 
[2026-07-20 11:34:21.730] free heap: 6300760, minimum free heap: 6033104, Internal 8bit free heap: 72132, 8bit free heap: 6300760The current date/time is: Mon Jul 20 03:34:20 2026
[2026-07-20 11:34:21.730] 
[2026-07-20 11:34:21.730] 
[2026-07-20 11:34:22.269] [0;32mI (257027159) NL_LTPDU: BatchGet 6A76B95FD1DB: 6 eps, rsp=118 bytes[0m
[2026-07-20 11:34:22.269] [0;32mI (257027159) TASK_NL: [2] Status changed: on=0 br=63 ct=2700 hu=28 sa=66 eff="*Solid*"[0m
[2026-07-20 11:34:22.269] 
[2026-07-20 11:34:22.376] pTopic:switchlink/B0E9FEC6718C/link_to_nanoleaf_property
[2026-07-20 11:34:22.376] pData:{"msgType":"status","deviceId":"6A76B95FD1DB","timestamp":1784518462,"endpoints":[{"endpoint":"lb/0/oo","value":false},{"endpoint":"lb/0/pb","value":63},{"endpoint":"lb/0/ct","value":2700},{"endpoint":"lb/0/hu","value":28},{"endpoint":"lb/0/sa","value":66},{"endpoint":"effect/select","value":"*Solid*"}]}
[2026-07-20 11:34:22.376] 
[2026-07-20 11:34:23.257] [0;32mI (257028158) NL_LTPDU: BatchGet 85854B476379: 6 eps, rsp=118 bytes[0m
[2026-07-20 11:34:23.257] 
[2026-07-20 11:34:26.331] [0;32mI (257031235) NL_LTPDU: BatchGet 3E0AE0494182: 6 eps, rsp=118 bytes[0m
[2026-07-20 11:34:26.331] 
[2026-07-20 11:34:27.057] [0;32mI (257031959) NL_LTPDU: BatchGet 6A76B95FD1DB: 6 eps, rsp=118 bytes[0m
[2026-07-20 11:34:27.057] 
[2026-07-20 11:34:28.336] [0;32mI (257033232) NL_LTPDU: BatchGet 85854B476379: 6 eps, rsp=118 bytes[0m
[2026-07-20 11:34:28.336] [0;32mI (257033233) TASK_NL: [3] Status changed: on=0 br=100 ct=2378 hu=29 sa=80 eff="*Solid*"[0m
[2026-07-20 11:34:28.336] 
[2026-07-20 11:34:28.460] pTopic:switchlink/B0E9FEC6718C/link_to_nanoleaf_property
[2026-07-20 11:34:28.460] pData:{"msgType":"status","deviceId":"85854B476379","timestamp":1784518468,"endpoints":[{"endpoint":"lb/0/oo","value":false},{"endpoint":"lb/0/pb","value":100},{"endpoint":"lb/0/ct","value":2378},{"endpoint":"lb/0/hu","value":29},{"endpoint":"lb/0/sa","value":80},{"endpoint":"effect/select","value":"*Solid*"}]}
[2026-07-20 11:34:28.460] 
[2026-07-20 11:34:29.733] free heap: 6300628, minimum free heap: 6033104, Internal 8bit free heap: 72000, 8bit free heap: 6300628The current date/time is: Mon Jul 20 03:34:28 2026
[2026-07-20 11:34:29.733] 
[2026-07-20 11:34:29.733] 
[2026-07-20 11:34:31.393] [0;32mI (257036294) NL_LTPDU: BatchGet 3E0AE0494182: 6 eps, rsp=118 bytes[0m
[2026-07-20 11:34:31.393] 
[2026-07-20 11:34:32.272] [0;32mI (257037174) NL_LTPDU: BatchGet 6A76B95FD1DB: 6 eps, rsp=118 bytes[0m
[2026-07-20 11:34:32.272] 
[2026-07-20 11:34:33.216] [0;32mI (257038115) NL_LTPDU: BatchGet 85854B476379: 6 eps, rsp=118 bytes[0m
[2026-07-20 11:34:33.216] 
[2026-07-20 11:34:36.523] [0;32mI (257041421) NL_LTPDU: BatchGet 3E0AE0494182: 6 eps, rsp=118 bytes[0m
[2026-07-20 11:34:36.523] 
[2026-07-20 11:34:37.403] [0;32mI (257042295) NL_LTPDU: BatchGet 6A76B95FD1DB: 6 eps, rsp=118 bytes[0m
[2026-07-20 11:34:37.403] 
[2026-07-20 11:34:37.620] uart: 11 AT+MOTION 1
[2026-07-20 11:34:37.620] 
[2026-07-20 11:34:37.620] 
[2026-07-20 11:34:37.620] btn on press
[2026-07-20 11:34:37.620] uart: 130 AT+BCDS ff04000206a5d974c 0010B940B0E9FEC6718C48ca43a5b6dc0F09a5200a0498404c000000000000ff0cf800000000000000000000000000000000ff06
[2026-07-20 11:34:37.620] 
[2026-07-20 11:34:37.620] 
[2026-07-20 11:34:37.620] 
[2026-07-20 11:34:37.758] free heap: 6300696, minimum free heap: 6033104, Internal 8bit free heap: 72096, 8bit free heap: 6300696The current date/time is: Mon Jul 20 03:34:36 2026
[2026-07-20 11:34:37.758] 
[2026-07-20 11:34:37.758] pTopic:$aws/rules/bi_wifi_data_report/switchlink/B0E9FEC6718C/link_to_shadow
[2026-07-20 11:34:37.758] pData:BCD ff04000206a5d974c 0010B940B0E9FEC6718C48ca43a5b6dc0F09a5200a0498404c000000000000ff0cf800000000000000000000000000000000ff06
[2026-07-20 11:34:37.758] 
[2026-07-20 11:34:38.422] [0;32mI (257043320) NL_LTPDU: BatchGet 85854B476379: 6 eps, rsp=118 bytes[0m
[2026-07-20 11:34:38.422] 
[2026-07-20 11:34:40.262] Nanoleaf MQTT payload: {"msgType":"control","requestID":"34459a0e-5e44-4b98-ae46-91e023808791","deviceId":"880A64775B01","endpoint":"di","method":"GET","value":""}
[2026-07-20 11:34:40.262] 
[2026-07-20 11:34:40.324] [0;32mI (257045220) TASK_NL: [1] Cmd triggers reconnect for 880A64775B01 (→AUTH)[0m
[2026-07-20 11:34:40.324] [0;32mI (257045220) TASK_NL: ExecuteScan: trigger=cmd_reconnect[0m
[2026-07-20 11:34:40.324] 
[2026-07-20 11:34:43.462] [0;32mI (257048322) TASK_NL: Scan[0]: name=4D FEB8 ip=192.168.50.160 id=6A:76:B9:5F:D1:DB model=NL69 fw=12.3.6[0m
[2026-07-20 11:34:43.462] [0;32mI (257048323) TASK_NL: Scan[1]: name=Shapes 2201 ip=192.168.50.119 id=88:0A:64:77:5B:01 model=NL42 fw=12.1.1[0m
[2026-07-20 11:34:43.462] [0;32mI (257048332) TASK_NL: Scan[2]: name=Elements 88E6 ip=192.168.50.16 id=85:85:4B:47:63:79 model=NL52 fw=12.2.3[0m
[2026-07-20 11:34:43.462] [0;32mI (257048343) TASK_NL: Scan[3]: name=Lines B5D2 ip=192.168.50.201 id=3E:0A:E0:49:41:82 model=NL59 fw=12.2.3[0m
[2026-07-20 11:34:43.462] [0;32mI (257048354) TASK_NL: ExecuteScan: found 4 devices, publishing[0m
[2026-07-20 11:34:43.462] 
[2026-07-20 11:34:43.709] pTopic:switchlink/B0E9FEC6718C/link_to_nanoleaf_property
[2026-07-20 11:34:43.709] pData:{"msgType":"online","deviceId":"880A64775B01","timestamp":1784518483,"online":false,"reason":"mdns_lost"}
[2026-07-20 11:34:43.709] pTopic:switchlink/B0E9FEC6718C/link_to_nanoleaf_maint
[2026-07-20 11:34:43.709] pData:{"msgType":"nanoleaf_scan","trigger":"cmd_reconnect","timestamp":1784518483,"managed":{"total":4,"devices":[{"deviceId":"3E0AE0494182","clientId":1,"state":"active","online":1},{"deviceId":"880A64775B01","clientId":1,"state":"auth","online":0},{"deviceId":"6A76B95FD1DB","clientId":5,"state":"active","online":1},{"deviceId":"85854B476379","clientId":1,"state":"active","online":1}]},"devices":[{"deviceId":"6A:76:B9:5F:D1:DB","ip":"192.168.50.160","port":12566,"model":"NL69","firmware":"12.3.6"},{"deviceId":"88:0A:64:77:5B:01","ip":"192.168.50.119","port":12566,"model":"NL42","firmware":"12.1.1"},{"deviceId":"85:85:4B:47:63:79","ip":"192.168.50.16","port":12566,"model":"NL52","firmware":"12.2.3"},{"deviceId":"3E:0A:E0:49:41:82","ip":"192.168.50.201","port":12566,"model":"NL59","firmware":"12.2.3"}]}
[2026-07-20 11:34:43.709] pTopic:switchlink/B0E9FEC6718C/link_to_nanoleaf_func_resp
[2026-07-20 11:34:43.709] pData:{"msgType":"respond","requestID":"34459a0e-5e44-4b98-ae46-91e023808791","deviceId":"880A64775B01","success":false,"errorCode":2,"errorMsg":"device_not_connected"}
[2026-07-20 11:34:43.709] 
[2026-07-20 11:34:43.771] [0;32mI (257048662) NL_LTPDU: BatchGet 3E0AE0494182: 6 eps, rsp=118 bytes[0m
[2026-07-20 11:34:43.771] 
[2026-07-20 11:34:43.863] [0;32mI (257048751) NL_LTPDU: BatchGet 6A76B95FD1DB: 6 eps, rsp=118 bytes[0m
[2026-07-20 11:34:43.863] [0;32mI (257048770) NL_LTPDU: BatchGet 85854B476379: 6 eps, rsp=118 bytes[0m
[2026-07-20 11:34:43.863] 
[2026-07-20 11:34:43.955] [0;32mI (257048853) NL_LTPDU: CISS: recovered session to 192.168.50.119 (counter=6096, ver=V3.0)[0m
[2026-07-20 11:34:43.955] 
[2026-07-20 11:34:44.125] [0;33mW (257048999) TASK_NL: [1] CISS verify failed (err=9), fallback SRP[0m
[2026-07-20 11:34:44.125] [0;32mI (257049000) NL_LTPDU: SRP reconnect: device=Shapes 2201 clientId=1[0m
[2026-07-20 11:34:44.125] [0;32mI (257049038) NL_LTPDU:   pubA[0:4]=1A07D65F[0m
[2026-07-20 11:34:44.125] 
[2026-07-20 11:34:44.187] [0;32mI (257049079) NL_LTPDU: TCP connected to 192.168.50.119:12566[0m
[2026-07-20 11:34:44.187] 
[2026-07-20 11:34:44.695] [0;32mI (257049561) NL_LTPDU:   step1 rsp: salt len=4, salt[0:4]=BE9C69B0[0m
[2026-07-20 11:34:44.695] [0;32mI (257049561) NL_LTPDU:   step1 rsp: B[0:4]=5873416E, B len=256[0m
[2026-07-20 11:34:44.695] [0;32mI (257049564) NL_LTPDU:   session_version: len=0 val=FFFF[0m
[2026-07-20 11:34:44.695] [0;32mI (257049570) NL_SRP:   k[0:8]=4CBA3FB2923E01FB[0m
[2026-07-20 11:34:44.695] [0;32mI (257049575) NL_SRP:   szA=256, szB=256[0m
[2026-07-20 11:34:44.695] [0;32mI (257049580) NL_SRP:   u[0:8]=A91F67AE809B8E9F[0m
[2026-07-20 11:34:44.695] [0;32mI (257049585) NL_SRP:   x[0:8]=3A3E9517A035403A[0m
[2026-07-20 11:34:44.695] 
[2026-07-20 11:34:44.787] [0;32mI (257049683) NL_SRP: SrpComputeSecret OK[0m
[2026-07-20 11:34:44.787] [0;32mI (257049683) NL_LTPDU:   SrpComputeSecret OK[0m
[2026-07-20 11:34:44.787] 
[2026-07-20 11:34:44.973] [0;33mW (257049864) NL_LTPDU: SRP auth done: iSock=58 (fd assigned)[0m
[2026-07-20 11:34:44.973] [0;32mI (257049864) NL_LTPDU:   using session ver: V3.0[0m
[2026-07-20 11:34:44.973] [0;32mI (257049865) NL_LTPDU: SRP token reconnect OK, ClientId=1[0m
[2026-07-20 11:34:44.973] [0;32mI (257049871) TASK_NL: [1] Auth OK → ACTIVE (192.168.50.119)[0m
[2026-07-20 11:34:44.973] 
[2026-07-20 11:34:45.142] pTopic:switchlink/B0E9FEC6718C/link_to_nanoleaf_property
[2026-07-20 11:34:45.142] pData:{"msgType":"online","deviceId":"880A64775B01","timestamp":1784518484,"online":true,"reason":"srp_connected"}
[2026-07-20 11:34:45.142] [0;32mI (257050029) NL_LTPDU: BatchGet 880A64775B01: 6 eps, rsp=118 bytes[0m
[2026-07-20 11:34:45.142] [0;32mI (257050033) TASK_NL: [1] Status changed: on=1 br=15 ct=2187 hu=30 sa=89 eff="*Solid*"[0m
[2026-07-20 11:34:45.142] 
[2026-07-20 11:34:45.358] pTopic:switchlink/B0E9FEC6718C/link_to_nanoleaf_property
[2026-07-20 11:34:45.358] pData:{"msgType":"status","deviceId":"880A64775B01","timestamp":1784518484,"endpoints":[{"endpoint":"lb/0/oo","value":true},{"endpoint":"lb/0/pb","value":15},{"endpoint":"lb/0/ct","value":2187},{"endpoint":"lb/0/hu","value":30},{"endpoint":"lb/0/sa","value":89},{"endpoint":"effect/select","value":"*Solid*"}]}
[2026-07-20 11:34:45.358] 
[2026-07-20 11:34:45.758] free heap: 6299784, minimum free heap: 6033104, Internal 8bit free heap: 72108, 8bit free heap: 6299784The current date/time is: Mon Jul 20 03:34:44 2026
[2026-07-20 11:34:45.758] 
[2026-07-20 11:34:45.758] 
[2026-07-20 11:34:48.596] [0;32mI (257053469) NL_LTPDU: BatchGet 3E0AE0494182: 6 eps, rsp=118 bytes[0m
[2026-07-20 11:34:48.596] [0;32mI (257053486) NL_LTPDU: BatchGet 6A76B95FD1DB: 6 eps, rsp=118 bytes[0m
[2026-07-20 11:34:48.596] [0;32mI (257053497) NL_LTPDU: BatchGet 85854B476379: 6 eps, rsp=118 bytes[0m
[2026-07-20 11:34:48.596] 
[2026-07-20 11:34:50.305] [0;32mI (257055203) NL_LTPDU: BatchGet 880A64775B01: 6 eps, rsp=118 bytes[0m
[2026-07-20 11:34:50.305] 
[2026-07-20 11:34:50.924] Nanoleaf MQTT payload: {"msgType":"control","requestID":"eac8e3e9-439f-4f33-9fcc-0d1bb3596d7d","deviceId":"880A64775B01","endpoint":"di","method":"GET","value":""}
[2026-07-20 11:34:50.924] 
[2026-07-20 11:34:51.015] [0;32mI (257055914) NL_LTPDU: SendCmd POST → 880A64775B01 ep=di[0m
[2026-07-20 11:34:51.015] 
[2026-07-20 11:34:51.833] [0;32mI (257056724) TASK_NL: [1] Cmd rsp(43): [0m
[2026-07-20 11:34:51.833] [0;32mI (257056725) NL_MQTT: PublishRespondData: len=294, pushing to MQTT queue[0m
[2026-07-20 11:34:51.833] 
[2026-07-20 11:34:51.878] [0;32mI (257056774) NL_LTPDU: BatchGet 880A64775B01: 6 eps, rsp=118 bytes[0m
[2026-07-20 11:34:51.878] 
[2026-07-20 11:34:52.033] pTopic:switchlink/B0E9FEC6718C/link_to_nanoleaf_func_resp
[2026-07-20 11:34:52.033] pData:{"msgType":"respond","requestID":"eac8e3e9-439f-4f33-9fcc-0d1bb3596d7d","deviceId":"880A64775B01","success":true,"errorCode":0,"errorMsg":"","endpoints":[{"endpoint":"di","value":"{\"hwVer\":\"1.6-0\",\"serialNo\":\"S26110H3131\",\"model\":\"2201\",\"boardRev\":\"42\",\"fwVer\":\"12.1.1\"}"}]}
[2026-07-20 11:34:52.033] 
[2026-07-20 11:34:53.773] free heap: 6246496, minimum free heap: 6033104, Internal 8bit free heap: 72108, 8bit free heap: 6246496The current date/time is: Mon Jul 20 03:34:52 2026
[2026-07-20 11:34:53.773] 
[2026-07-20 11:34:53.773] [0;32mI (257058681) NL_LTPDU: BatchGet 3E0AE0494182: 6 eps, rsp=118 bytes[0m
[2026-07-20 11:34:53.773] 
[2026-07-20 11:34:53.819] [0;32mI (257058716) NL_LTPDU: BatchGet 6A76B95FD1DB: 6 eps, rsp=118 bytes[0m
[2026-07-20 11:34:53.819] 
[2026-07-20 11:34:53.896] [0;32mI (257058797) NL_LTPDU: BatchGet 85854B476379: 6 eps, rsp=118 bytes[0m
[2026-07-20 11:34:53.896] 
[2026-07-20 11:34:57.048] [0;32mI (257061952) NL_LTPDU: BatchGet 880A64775B01: 6 eps, rsp=118 bytes[0m
[2026-07-20 11:34:57.048] 
[2026-07-20 11:34:58.889] [0;32mI (257063789) NL_LTPDU: BatchGet 3E0AE0494182: 6 eps, rsp=118 bytes[0m
[2026-07-20 11:34:58.889] 
[2026-07-20 11:34:58.999] [0;32mI (257063901) NL_LTPDU: BatchGet 6A76B95FD1DB: 6 eps, rsp=118 bytes[0m
[2026-07-20 11:34:58.999] 
[2026-07-20 11:34:59.046] [0;32mI (257063949) NL_LTPDU: BatchGet 85854B476379: 6 eps, rsp=118 bytes[0m
[2026-07-20 11:34:59.046] 
[2026-07-20 11:35:01.813] free heap: 6299688, minimum free heap: 6033104, Internal 8bit free heap: 72012, 8bit free heap: 6299688The current date/time is: Mon Jul 20 03:35:00 2026
[2026-07-20 11:35:01.813] 
[2026-07-20 11:35:01.813] 
[2026-07-20 11:35:02.169] [0;32mI (257067073) NL_LTPDU: BatchGet 880A64775B01: 6 eps, rsp=118 bytes[0m
[2026-07-20 11:35:02.169] 
[2026-07-20 11:35:03.763] [0;32mI (257068637) NL_LTPDU: BatchGet 3E0AE0494182: 6 eps, rsp=118 bytes[0m
[2026-07-20 11:35:03.763] [0;32mI (257068647) NL_LTPDU: BatchGet 6A76B95FD1DB: 6 eps, rsp=118 bytes[0m
[2026-07-20 11:35:03.763] [0;32mI (257068661) NL_LTPDU: BatchGet 85854B476379: 6 eps, rsp=118 bytes[0m
[2026-07-20 11:35:03.763] 
[2026-07-20 11:35:07.016] [0;32mI (257071914) NL_LTPDU: BatchGet 880A64775B01: 6 eps, rsp=118 bytes[0m
[2026-07-20 11:35:07.016] 
[2026-07-20 11:35:08.035] uart: 9 AT+STATUS
[2026-07-20 11:35:08.035] 
[2026-07-20 11:35:08.035] 
[2026-07-20 11:35:08.035] wifi status is 5 1 2
[2026-07-20 11:35:08.035] 
[2026-07-20 11:35:08.035] wifi ipv4 info:
[2026-07-20 11:35:08.035] 
[2026-07-20 11:35:08.035] 192.168.50.200.
[2026-07-20 11:35:08.035] 
[2026-07-20 11:35:08.035] 255.255.255.0.
[2026-07-20 11:35:08.035] 
[2026-07-20 11:35:08.035] 192.168.50.1.
[2026-07-20 11:35:08.035] 
[2026-07-20 11:35:08.035] 
[2026-07-20 11:35:08.144] uart: 10 AT+GET_UTC
[2026-07-20 11:35:08.144] 
[2026-07-20 11:35:08.144] 
[2026-07-20 11:35:08.144] utc 3, 6a
[2026-07-20 11:35:08.144] 
[2026-07-20 11:35:08.144] utc 2, 5d
[2026-07-20 11:35:08.144] 
[2026-07-20 11:35:08.144] utc 1, 97
[2026-07-20 11:35:08.144] 
[2026-07-20 11:35:08.144] utc 0, 6a
[2026-07-20 11:35:08.144] 
[2026-07-20 11:35:08.144] UTC : 6a5d976a
[2026-07-20 11:35:08.144] 
[2026-07-20 11:35:08.144] 
[2026-07-20 11:35:08.948] [0;32mI (257073835) NL_LTPDU: BatchGet 3E0AE0494182: 6 eps, rsp=118 bytes[0m
[2026-07-20 11:35:08.948] [0;32mI (257073846) NL_LTPDU: BatchGet 6A76B95FD1DB: 6 eps, rsp=118 bytes[0m
[2026-07-20 11:35:08.948] [0;32mI (257073860) NL_LTPDU: BatchGet 85854B476379: 6 eps, rsp=118 bytes[0m
[2026-07-20 11:35:08.948] 
[2026-07-20 11:35:09.814] free heap: 6300148, minimum free heap: 6033104, Internal 8bit free heap: 72144, 8bit free heap: 6300148The current date/time is: Mon Jul 20 03:35:08 2026
[2026-07-20 11:35:09.814] 
[2026-07-20 11:35:09.814] 
[2026-07-20 11:35:11.220] uart: 11 AT+MOTION 0
[2026-07-20 11:35:11.220] 
[2026-07-20 11:35:11.220] 
[2026-07-20 11:35:11.220] btn on press
[2026-07-20 11:35:11.220] uart: 130 AT+BCDS ff04000206a5d976d 0010B940B0E9FEC6718C48ca43a5b6dc0F09a6000a0498404c000000000000ff0cff00000000000000000000000000000000ff06
[2026-07-20 11:35:11.220] 
[2026-07-20 11:35:11.220] 
[2026-07-20 11:35:11.220] pTopic:$aws/rules/bi_wifi_data_report/switchlink/B0E9FEC6718C/link_to_shadow
[2026-07-20 11:35:11.220] pData:BCD ff04000206a5d976d 0010B940B0E9FEC6718C48ca43a5b6dc0F09a6000a0498404c000000000000ff0cff00000000000000000000000000000000ff06
[2026-07-20 11:35:11.220] 
[2026-07-20 11:35:12.208] [0;32mI (257077103) NL_LTPDU: BatchGet 880A64775B01: 6 eps, rsp=118 bytes[0m
[2026-07-20 11:35:12.208] 
[2026-07-20 11:35:14.077] [0;32mI (257078953) NL_LTPDU: BatchGet 3E0AE0494182: 6 eps, rsp=118 bytes[0m
[2026-07-20 11:35:14.077] [0;32mI (257078972) NL_LTPDU: BatchGet 6A76B95FD1DB: 6 eps, rsp=118 bytes[0m
[2026-07-20 11:35:14.077] [0;32mI (257078986) NL_LTPDU: BatchGet 85854B476379: 6 eps, rsp=118 bytes[0m
[2026-07-20 11:35:14.077] 
[2026-07-20 11:35:17.032] [0;32mI (257081937) NL_LTPDU: BatchGet 880A64775B01: 6 eps, rsp=118 bytes[0m
[2026-07-20 11:35:17.032] 
[2026-07-20 11:35:17.818] free heap: 6299996, minimum free heap: 6033104, Internal 8bit free heap: 72012, 8bit free heap: 6299996The current date/time is: Mon Jul 20 03:35:16 2026
[2026-07-20 11:35:17.818] 
[2026-07-20 11:35:17.818] 
[2026-07-20 11:35:18.899] [0;32mI (257083767) NL_LTPDU: BatchGet 3E0AE0494182: 6 eps, rsp=118 bytes[0m
[2026-07-20 11:35:18.899] [0;32mI (257083777) NL_LTPDU: BatchGet 6A76B95FD1DB: 6 eps, rsp=118 bytes[0m
[2026-07-20 11:35:18.899] [0;32mI (257083797) NL_LTPDU: BatchGet 85854B476379: 6 eps, rsp=118 bytes[0m
[2026-07-20 11:35:18.899] 
[2026-07-20 11:35:22.148] [0;32mI (257087052) NL_LTPDU: BatchGet 880A64775B01: 6 eps, rsp=118 bytes[0m
[2026-07-20 11:35:22.148] 
[2026-07-20 11:35:24.021] [0;32mI (257088886) NL_LTPDU: BatchGet 3E0AE0494182: 6 eps, rsp=118 bytes[0m
[2026-07-20 11:35:24.021] [0;32mI (257088905) NL_LTPDU: BatchGet 6A76B95FD1DB: 6 eps, rsp=118 bytes[0m
[2026-07-20 11:35:24.021] [0;32mI (257088925) NL_LTPDU: BatchGet 85854B476379: 6 eps, rsp=118 bytes[0m
[2026-07-20 11:35:24.021] 
[2026-07-20 11:35:25.848] free heap: 6300160, minimum free heap: 6033104, Internal 8bit free heap: 72144, 8bit free heap: 6300160The current date/time is: Mon Jul 20 03:35:24 2026
[2026-07-20 11:35:25.848] 
[2026-07-20 11:35:25.848] 
[2026-07-20 11:35:27.365] [0;32mI (257092264) NL_LTPDU: BatchGet 880A64775B01: 6 eps, rsp=118 bytes[0m
[2026-07-20 11:35:27.365] 
[2026-07-20 11:35:29.158] [0;32mI (257094031) NL_LTPDU: BatchGet 3E0AE0494182: 6 eps, rsp=118 bytes[0m
[2026-07-20 11:35:29.158] [0;32mI (257094047) NL_LTPDU: BatchGet 6A76B95FD1DB: 6 eps, rsp=118 bytes[0m
[2026-07-20 11:35:29.158] [0;32mI (257094065) NL_LTPDU: BatchGet 85854B476379: 6 eps, rsp=118 bytes[0m
[2026-07-20 11:35:29.158] 
[2026-07-20 11:35:32.497] [0;32mI (257097405) NL_LTPDU: BatchGet 880A64775B01: 6 eps, rsp=118 bytes[0m
[2026-07-20 11:35:32.497] 
[2026-07-20 11:35:33.704] uart: 79 AT+TEST shadow BCD|010211038|6a5d9783|35b0e9fe527e8301014a6403993d003b01e400|98
[2026-07-20 11:35:33.704] 
[2026-07-20 11:35:33.704] 
[2026-07-20 11:35:33.704] 
[2026-07-20 11:35:33.860] pTopic:$aws/rules/bi_ble_data_report_arch2/switchlink/B0E9FEC6718C/link_to_status
[2026-07-20 11:35:33.860] pData:{"protocolVersion":1,"count":1,"messages":[{"id":"44e22f15-a72b-451e-984a-362ae6ac4fdd","eventType":"Wo.Device.DataReport","data":{"deviceID":"b0e9fe527e83","createTime":1784518531,"contentVersion":2,"contentType":"hex","content":"35b0e9fe527e8301014a6403993d003b01e400","seq":152}}]}
[2026-07-20 11:35:33.860] free heap: 6300268, minimum free heap: 6033104, Internal 8bit free heap: 72280, 8bit free heap: 6300268The current date/time is: Mon Jul 20 03:35:32 2026
[2026-07-20 11:35:33.860] 
[2026-07-20 11:35:33.860] 
[2026-07-20 11:35:33.936] [0;32mI (257098829) NL_LTPDU: BatchGet 3E0AE0494182: 6 eps, rsp=118 bytes[0m
[2026-07-20 11:35:33.936] 
[2026-07-20 11:35:33.983] [0;32mI (257098879) NL_LTPDU: BatchGet 6A76B95FD1DB: 6 eps, rsp=118 bytes[0m
[2026-07-20 11:35:33.983] 
[2026-07-20 11:35:34.044] [0;32mI (257098950) NL_LTPDU: BatchGet 85854B476379: 6 eps, rsp=118 bytes[0m
[2026-07-20 11:35:34.044] 
[2026-07-20 11:35:37.610] [0;32mI (257102506) NL_LTPDU: BatchGet 880A64775B01: 6 eps, rsp=118 bytes[0m
[2026-07-20 11:35:37.610] 
[2026-07-20 11:35:39.173] [0;32mI (257104035) NL_LTPDU: BatchGet 3E0AE0494182: 6 eps, rsp=118 bytes[0m
[2026-07-20 11:35:39.173] [0;32mI (257104050) NL_LTPDU: BatchGet 6A76B95FD1DB: 6 eps, rsp=118 bytes[0m
[2026-07-20 11:35:39.173] [0;32mI (257104073) NL_LTPDU: BatchGet 85854B476379: 6 eps, rsp=118 bytes[0m
[2026-07-20 11:35:39.173] 
[2026-07-20 11:35:41.883] free heap: 6299992, minimum free heap: 6033104, Internal 8bit free heap: 71976, 8bit free heap: 6299992The current date/time is: Mon Jul 20 03:35:40 2026
[2026-07-20 11:35:41.883] 
[2026-07-20 11:35:41.883] 
[2026-07-20 11:35:42.361] [0;32mI (257107269) NL_LTPDU: BatchGet 880A64775B01: 6 eps, rsp=118 bytes[0m
[2026-07-20 11:35:42.361] 
[2026-07-20 11:35:43.291] uart: 11 AT+MOTION 1
[2026-07-20 11:35:43.291] 
[2026-07-20 11:35:43.291] 
[2026-07-20 11:35:43.291] btn on press
[2026-07-20 11:35:43.291] uart: 130 AT+BCDS ff04000206a5d978d 0010B940B0E9FEC6718C48ca43a5b6dc0F09a7200a0498404c000000000000ff0d0000000000000000000000000000000000ff06
[2026-07-20 11:35:43.291] 
[2026-07-20 11:35:43.291] 
[2026-07-20 11:35:43.291] 
[2026-07-20 11:35:43.353] pTopic:$aws/rules/bi_wifi_data_report/switchlink/B0E9FEC6718C/link_to_shadow
[2026-07-20 11:35:43.353] pData:BCD ff04000206a5d978d 0010B940B0E9FEC6718C48ca43a5b6dc0F09a7200a0498404c000000000000ff0d0000000000000000000000000000000000ff06
[2026-07-20 11:35:43.353] 
[2026-07-20 11:35:44.308] [0;32mI (257109164) NL_LTPDU: BatchGet 3E0AE0494182: 6 eps, rsp=118 bytes[0m
[2026-07-20 11:35:44.308] [0;32mI (257109179) NL_LTPDU: BatchGet 6A76B95FD1DB: 6 eps, rsp=118 bytes[0m
[2026-07-20 11:35:44.308] [0;32mI (257109210) NL_LTPDU: BatchGet 85854B476379: 6 eps, rsp=118 bytes[0m
[2026-07-20 11:35:44.308] 
[2026-07-20 11:35:47.488] [0;32mI (257112391) NL_LTPDU: BatchGet 880A64775B01: 6 eps, rsp=118 bytes[0m
[2026-07-20 11:35:47.488] 
[2026-07-20 11:35:49.020] [0;32mI (257113908) NL_LTPDU: BatchGet 3E0AE0494182: 6 eps, rsp=118 bytes[0m
[2026-07-20 11:35:49.020] [0;32mI (257113924) NL_LTPDU: BatchGet 6A76B95FD1DB: 6 eps, rsp=118 bytes[0m
[2026-07-20 11:35:49.020] 
[2026-07-20 11:35:49.066] [0;32mI (257113970) NL_LTPDU: BatchGet 85854B476379: 6 eps, rsp=118 bytes[0m
[2026-07-20 11:35:49.066] 
[2026-07-20 11:35:49.901] free heap: 6300160, minimum free heap: 6033104, Internal 8bit free heap: 72144, 8bit free heap: 6300160The current date/time is: Mon Jul 20 03:35:48 2026
[2026-07-20 11:35:49.901] 
[2026-07-20 11:35:49.901] 
[2026-07-20 11:35:52.649] [0;32mI (257117555) NL_LTPDU: BatchGet 880A64775B01: 6 eps, rsp=118 bytes[0m
[2026-07-20 11:35:52.649] 
[2026-07-20 11:35:54.139] [0;32mI (257119034) NL_LTPDU: BatchGet 3E0AE0494182: 6 eps, rsp=118 bytes[0m
[2026-07-20 11:35:54.139] [0;32mI (257119047) NL_LTPDU: BatchGet 6A76B95FD1DB: 6 eps, rsp=118 bytes[0m
[2026-07-20 11:35:54.139] 
[2026-07-20 11:35:54.185] [0;32mI (257119090) NL_LTPDU: BatchGet 85854B476379: 6 eps, rsp=118 bytes[0m
[2026-07-20 11:35:54.185] 
[2026-07-20 11:35:57.483] [0;32mI (257122378) NL_LTPDU: BatchGet 880A64775B01: 6 eps, rsp=118 bytes[0m
[2026-07-20 11:35:57.483] 
[2026-07-20 11:35:57.915] free heap: 6300160, minimum free heap: 6033104, Internal 8bit free heap: 72144, 8bit free heap: 6300160The current date/time is: Mon Jul 20 03:35:56 2026
[2026-07-20 11:35:57.915] 
[2026-07-20 11:35:57.915] 
[2026-07-20 11:35:59.338] [0;32mI (257124212) NL_LTPDU: BatchGet 3E0AE0494182: 6 eps, rsp=118 bytes[0m
[2026-07-20 11:35:59.338] [0;32mI (257124227) NL_LTPDU: BatchGet 6A76B95FD1DB: 6 eps, rsp=118 bytes[0m
[2026-07-20 11:35:59.338] [0;32mI (257124242) NL_LTPDU: BatchGet 85854B476379: 6 eps, rsp=118 bytes[0m
[2026-07-20 11:35:59.338] 
[2026-07-20 11:36:02.618] [0;32mI (257127518) NL_LTPDU: BatchGet 880A64775B01: 6 eps, rsp=118 bytes[0m
[2026-07-20 11:36:02.618] 
[2026-07-20 11:36:04.133] [0;32mI (257129033) NL_LTPDU: BatchGet 3E0AE0494182: 6 eps, rsp=118 bytes[0m
[2026-07-20 11:36:04.133] 
[2026-07-20 11:36:04.179] [0;32mI (257129075) NL_LTPDU: BatchGet 6A76B95FD1DB: 6 eps, rsp=118 bytes[0m
[2026-07-20 11:36:04.179] [0;32mI (257129083) NL_LTPDU: BatchGet 85854B476379: 6 eps, rsp=118 bytes[0m
[2026-07-20 11:36:04.179] 
[2026-07-20 11:36:05.911] free heap: 6299948, minimum free heap: 6033104, Internal 8bit free heap: 71952, 8bit free heap: 6299948The current date/time is: Mon J
[2026-07-20 11:36:05.947] ul 20 03:36:04 2026
[2026-07-20 11:36:05.947] 
[2026-07-20 11:36:05.947] 
[2026-07-20 11:36:07.802] [0;32mI (257132712) NL_LTPDU: BatchGet 880A64775B01: 6 eps, rsp=118 bytes[0m
[2026-07-20 11:36:07.802] 
[2026-07-20 11:36:09.259] [0;32mI (257134165) NL_LTPDU: BatchGet 3E0AE0494182: 6 eps, rsp=118 bytes[0m
[2026-07-20 11:36:09.259] 
[2026-07-20 11:36:09.289] [0;32mI (257134196) NL_LTPDU: BatchGet 6A76B95FD1DB: 6 eps, rsp=118 bytes[0m
[2026-07-20 11:36:09.289] [0;32mI (257134204) NL_LTPDU: BatchGet 85854B476379: 6 eps, rsp=118 bytes[0m
[2026-07-20 11:36:09.289] 
[2026-07-20 11:36:12.928] [0;32mI (257137833) NL_LTPDU: BatchGet 880A64775B01: 6 eps, rsp=118 bytes[0m
[2026-07-20 11:36:12.928] 
[2026-07-20 11:36:13.960] free heap: 6300132, minimum free heap: 6033104, Internal 8bit free heap: 72144, 8bit free heap: 6300132The current date/time is: Mon Jul 20 03:36:12 2026
[2026-07-20 11:36:13.960] 
[2026-07-20 11:36:13.960] 
[2026-07-20 11:36:14.513] [0;32mI (257139401) NL_LTPDU: BatchGet 3E0AE0494182: 6 eps, rsp=118 bytes[0m
[2026-07-20 11:36:14.513] [0;32mI (257139425) NL_LTPDU: BatchGet 6A76B95FD1DB: 6 eps, rsp=118 bytes[0m
[2026-07-20 11:36:14.513] 
[2026-07-20 11:36:14.776] [0;32mI (257139678) NL_LTPDU: BatchGet 85854B476379: 6 eps, rsp=118 bytes[0m
[2026-07-20 11:36:14.776] 
[2026-07-20 11:36:15.178] uart: 11 AT+MOTION 0
[2026-07-20 11:36:15.178] 
[2026-07-20 11:36:15.178] 
[2026-07-20 11:36:15.178] btn on press
[2026-07-20 11:36:15.178] uart: 130 AT+BCDS ff04000206a5d97ad 0010B940B0E9FEC6718C48ca43a5b6dc0F09a8000a0498404c000000000000ff0cff00000000000000000000000000000000ff06
[2026-07-20 11:36:15.178] 
[2026-07-20 11:36:15.178] 
[2026-07-20 11:36:15.178] 
[2026-07-20 11:36:15.256] pTopic:$aws/rules/bi_wifi_data_report/switchlink/B0E9FEC6718C/link_to_shadow
[2026-07-20 11:36:15.256] pData:BCD ff04000206a5d97ad 0010B940B0E9FEC6718C48ca43a5b6dc0F09a8000a0498404c000000000000ff0cff00000000000000000000000000000000ff06
[2026-07-20 11:36:15.256] 
[2026-07-20 11:36:18.058] [0;32mI (257142954) NL_LTPDU: BatchGet 880A64775B01: 6 eps, rsp=118 bytes[0m
[2026-07-20 11:36:18.058] 
[2026-07-20 11:36:19.281] [0;32mI (257144179) NL_LTPDU: BatchGet 3E0AE0494182: 6 eps, rsp=118 bytes[0m
[2026-07-20 11:36:19.281] [0;32mI (257144192) NL_LTPDU: BatchGet 6A76B95FD1DB: 6 eps, rsp=118 bytes[0m
[2026-07-20 11:36:19.281] 
[2026-07-20 11:36:19.326] [0;32mI (257144223) NL_LTPDU: BatchGet 85854B476379: 6 eps, rsp=118 bytes[0m
[2026-07-20 11:36:19.326] 
[2026-07-20 11:36:21.970] free heap: 6300140, minimum free heap: 6033104, Internal 8bit free heap: 72144, 8bit free heap: 6300140The current date/time is: Mon Jul 20 03:36:20 2026
[2026-07-20 11:36:21.970] 
[2026-07-20 11:36:21.970] 
[2026-07-20 11:36:22.806] [0;32mI (257147715) NL_LTPDU: BatchGet 880A64775B01: 6 eps, rsp=118 bytes[0m
[2026-07-20 11:36:22.806] 
[2026-07-20 11:36:24.035] uart: 11 AT+MOTION 1
[2026-07-20 11:36:24.035] 
[2026-07-20 11:36:24.035] 
[2026-07-20 11:36:24.035] btn on press
[2026-07-20 11:36:24.035] uart: 130 AT+BCDS ff04000206a5d97b5 0010B940B0E9FEC6718C48ca43a5b6dc0F09a9200a0498404c000000000000ff0cfe00000000000000000000000000000000ff06
[2026-07-20 11:36:24.035] 
[2026-07-20 11:36:24.035] 
[2026-07-20 11:36:24.035] 
[2026-07-20 11:36:24.142] pTopic:$aws/rules/bi_wifi_data_report/switchlink/B0E9FEC6718C/link_to_shadow
[2026-07-20 11:36:24.142] pData:BCD ff04000206a5d97b5 0010B940B0E9FEC6718C48ca43a5b6dc0F09a9200a0498404c000000000000ff0cfe00000000000000000000000000000000ff06
[2026-07-20 11:36:24.142] 
[2026-07-20 11:36:24.529] [0;32mI (257149399) NL_LTPDU: BatchGet 3E0AE0494182: 6 eps, rsp=118 bytes[0m
[2026-07-20 11:36:24.529] [0;32mI (257149412) NL_LTPDU: BatchGet 6A76B95FD1DB: 6 eps, rsp=118 bytes[0m
[2026-07-20 11:36:24.529] [0;32mI (257149434) NL_LTPDU: BatchGet 85854B476379: 6 eps, rsp=118 bytes[0m
[2026-07-20 11:36:24.529] 
[2026-07-20 11:36:27.993] [0;32mI (257152893) NL_LTPDU: BatchGet 880A64775B01: 6 eps, rsp=118 bytes[0m
[2026-07-20 11:36:27.993] 
[2026-07-20 11:36:29.634] [0;32mI (257154519) NL_LTPDU: BatchGet 3E0AE0494182: 6 eps, rsp=118 bytes[0m
[2026-07-20 11:36:29.634] [0;32mI (257154531) NL_LTPDU: BatchGet 6A76B95FD1DB: 6 eps, rsp=118 bytes[0m
[2026-07-20 11:36:29.634] [0;32mI (257154543) NL_LTPDU: BatchGet 85854B476379: 6 eps, rsp=118 bytes[0m
[2026-07-20 11:36:29.634] 
[2026-07-20 11:36:30.004] free heap: 6299984, minimum free heap: 6033104, Internal 8bit free heap: 71976, 8bit free heap: 6299984The current date/time is: Mon Jul 20 03:36:28 2026
[2026-07-20 11:36:30.004] 
[2026-07-20 11:36:30.004] 
[2026-07-20 11:36:32.850] [0;32mI (257157750) NL_LTPDU: BatchGet 880A64775B01: 6 eps, rsp=118 bytes[0m
[2026-07-20 11:36:32.850] 
[2026-07-20 11:36:34.762] [0;32mI (257159642) NL_LTPDU: BatchGet 3E0AE0494182: 6 eps, rsp=118 bytes[0m
[2026-07-20 11:36:34.762] [0;32mI (257159652) NL_LTPDU: BatchGet 6A76B95FD1DB: 6 eps, rsp=118 bytes[0m
[2026-07-20 11:36:34.762] [0;32mI (257159668) NL_LTPDU: BatchGet 85854B476379: 6 eps, rsp=118 bytes[0m
[2026-07-20 11:36:34.762] 
[2026-07-20 11:36:37.963] [0;32mI (257162861) NL_LTPDU: BatchGet 880A64775B01: 6 eps, rsp=118 bytes[0m
[2026-07-20 11:36:37.963] 
[2026-07-20 11:36:38.008] free heap: 6299972, minimum free heap: 6033104, Internal 8bit free heap: 71976, 8bit free heap: 6299972The current date/time is: Mon Jul 20 03:36:36 2026
[2026-07-20 11:36:38.008] 
[2026-07-20 11:36:38.008] 
[2026-07-20 11:36:39.867] [0;32mI (257164763) NL_LTPDU: BatchGet 3E0AE0494182: 6 eps, rsp=118 bytes[0m
[2026-07-20 11:36:39.867] [0;32mI (257164781) NL_LTPDU: BatchGet 6A76B95FD1DB: 6 eps, rsp=118 bytes[0m
[2026-07-20 11:36:39.867] 
[2026-07-20 11:36:40.467] [0;32mI (257165374) NL_LTPDU: BatchGet 85854B476379: 6 eps, rsp=118 bytes[0m
[2026-07-20 11:36:40.467] 
[2026-07-20 11:36:41.730] Nanoleaf MQTT payload: {"msgType":"control","requestID":"1ADF3193-4DD9-4455-8DB1-CC0C573E76DD","deviceId":"880A64775B01","endpoint":"lb/0/oo","method":"POST","value":false}
[2026-07-20 11:36:41.730] 
[2026-07-20 11:36:41.807] [0;32mI (257166717) NL_LTPDU: SendCmd POST → 880A64775B01 ep=lb/0/oo[0m
[2026-07-20 11:36:41.807] 
[2026-07-20 11:36:42.130] pTopic:switchlink/B0E9FEC6718C/link_to_nanoleaf_func_resp
[2026-07-20 11:36:42.130] pData:{"msgType":"respond","requestID":"1ADF3193-4DD9-4455-8DB1-CC0C573E76DD","deviceId":"880A64775B01","success":true,"errorCode":0,"errorMsg":""}
[2026-07-20 11:36:42.130] 
[2026-07-20 11:36:42.346] [0;32mI (257167214) NL_LTPDU: BatchGet 880A64775B01: 6 eps, rsp=118 bytes[0m
[2026-07-20 11:36:42.346] [0;32mI (257167215) TASK_NL: [1] Status changed: on=0 br=15 ct=2187 hu=30 sa=89 eff="*Solid*"[0m
[2026-07-20 11:36:42.346] pTopic:switchlink/B0E9FEC6718C/link_to_nanoleaf_property
[2026-07-20 11:36:42.346] pData:{"msgType":"status","deviceId":"880A64775B01","timestamp":1784518602,"endpoints":[{"endpoint":"lb/0/oo","value":false},{"endpoint":"lb/0/pb","value":15},{"endpoint":"lb/0/ct","value":2187},{"endpoint":"lb/0/hu","value":30},{"endpoint":"lb/0/sa","value":89},{"endpoint":"effect/select","value":"*Solid*"}]}
[2026-07-20 11:36:42.346] 
[2026-07-20 11:36:44.526] [0;32mI (257169426) NL_LTPDU: BatchGet 3E0AE0494182: 6 eps, rsp=118 bytes[0m
[2026-07-20 11:36:44.526] 
[2026-07-20 11:36:44.680] [0;32mI (257169577) NL_LTPDU: BatchGet 6A76B95FD1DB: 6 eps, rsp=118 bytes[0m
[2026-07-20 11:36:44.680] [0;32mI (257169595) NL_LTPDU: BatchGet 85854B476379: 6 eps, rsp=118 bytes[0m
[2026-07-20 11:36:44.680] 
[2026-07-20 11:36:46.010] free heap: 6300372, minimum free heap: 6033104, Internal 8bit free heap: 72144, 8bit free heap: 6300372The current date/time is: Mon Jul 20 03:36:44 2026
[2026-07-20 11:36:46.010] 
[2026-07-20 11:36:46.010] 
[2026-07-20 11:36:47.448] [0;32mI (257172355) NL_LTPDU: BatchGet 880A64775B01: 6 eps, rsp=118 bytes[0m
[2026-07-20 11:36:47.448] 
[2026-07-20 11:36:49.633] [0;32mI (257174546) NL_LTPDU: BatchGet 3E0AE0494182: 6 eps, rsp=118 bytes[0m
[2026-07-20 11:36:49.633] 
[2026-07-20 11:36:49.802] [0;32mI (257174691) NL_LTPDU: BatchGet 6A76B95FD1DB: 6 eps, rsp=118 bytes[0m
[2026-07-20 11:36:49.802] [0;32mI (257174716) NL_LTPDU: BatchGet 85854B476379: 6 eps, rsp=118 bytes[0m
[2026-07-20 11:36:49.802] 
[2026-07-20 11:36:52.210] [0;32mI (257177112) NL_LTPDU: BatchGet 880A64775B01: 6 eps, rsp=118 bytes[0m
[2026-07-20 11:36:52.210] 
[2026-07-20 11:36:54.032] free heap: 6300212, minimum free heap: 6033104, Internal 8bit free heap: 72012, 8bit free heap: 6300212The current date/time is: Mon Jul 20 03:36:52 2026
[2026-07-20 11:36:54.032] 
[2026-07-20 11:36:54.032] 
[2026-07-20 11:36:54.836] [0;32mI (257179747) NL_LTPDU: BatchGet 3E0AE0494182: 6 eps, rsp=118 bytes[0m
[2026-07-20 11:36:54.836] 
[2026-07-20 11:36:54.913] [0;32mI (257179815) NL_LTPDU: BatchGet 6A76B95FD1DB: 6 eps, rsp=118 bytes[0m
[2026-07-20 11:36:54.913] 
[2026-07-20 11:36:54.975] [0;32mI (257179877) NL_LTPDU: BatchGet 85854B476379: 6 eps, rsp=118 bytes[0m
[2026-07-20 11:36:54.975] 
[2026-07-20 11:36:57.370] [0;32mI (257182281) NL_LTPDU: BatchGet 880A64775B01: 6 eps, rsp=118 bytes[0m
[2026-07-20 11:36:57.370] 
[2026-07-20 11:36:59.931] [0;32mI (257184829) NL_LTPDU: BatchGet 3E0AE0494182: 6 eps, rsp=118 bytes[0m
[2026-07-20 11:36:59.931] 
[2026-07-20 11:37:00.038] [0;32mI (257184940) NL_LTPDU: BatchGet 6A76B95FD1DB: 6 eps, rsp=118 bytes[0m
[2026-07-20 11:37:00.038] 
[2026-07-20 11:37:00.084] [0;32mI (257184993) NL_LTPDU: BatchGet 85854B476379: 6 eps, rsp=118 bytes[0m
[2026-07-20 11:37:00.084] 
[2026-07-20 11:37:02.042] free heap: 6300372, minimum free heap: 6033104, Internal 8bit free heap: 72144, 8bit free heap: 6300372The current date/time is: Mon Jul 20 03:37:00 2026
[2026-07-20 11:37:02.042] 
[2026-07-20 11:37:02.042] 
[2026-07-20 11:37:02.243] [0;32mI (257187146) NL_LTPDU: BatchGet 880A64775B01: 6 eps, rsp=118 bytes[0m
[2026-07-20 11:37:02.243] 
[2026-07-20 11:37:04.794] [0;32mI (257189658) NL_LTPDU: BatchGet 3E0AE0494182: 6 eps, rsp=118 bytes[0m
[2026-07-20 11:37:04.794] [0;32mI (257189679) NL_LTPDU: BatchGet 6A76B95FD1DB: 6 eps, rsp=118 bytes[0m
[2026-07-20 11:37:04.794] [0;32mI (257189702) NL_LTPDU: BatchGet 85854B476379: 6 eps, rsp=118 bytes[0m
[2026-07-20 11:37:04.794] 
[2026-07-20 11:37:07.351] [0;32mI (257192261) NL_LTPDU: BatchGet 880A64775B01: 6 eps, rsp=118 bytes[0m
[2026-07-20 11:37:07.351] 
[2026-07-20 11:37:09.961] [0;32mI (257194868) NL_LTPDU: BatchGet 3E0AE0494182: 6 eps, rsp=118 bytes[0m
[2026-07-20 11:37:09.961] 
[2026-07-20 11:37:10.038] free heap: 6245512, minimum free heap: 6033104, Internal 8bit free heap: 72108, 8bit free heap: 6245512The current date/time is: Mon Jul 20 03:37:08 2026
[2026-07-20 11:37:10.038] 
[2026-07-20 11:37:10.038] 
[2026-07-20 11:37:10.177] [0;32mI (257195077) NL_LTPDU: BatchGet 6A76B95FD1DB: 6 eps, rsp=118 bytes[0m
[2026-07-20 11:37:10.177] 
[2026-07-20 11:37:10.393] [0;32mI (257195294) NL_LTPDU: BatchGet 85854B476379: 6 eps, rsp=118 bytes[0m
[2026-07-20 11:37:10.393] 
[2026-07-20 11:37:12.516] [0;32mI (257197423) NL_LTPDU: BatchGet 880A64775B01: 6 eps, rsp=118 bytes[0m
[2026-07-20 11:37:12.516] 
[2026-07-20 11:37:15.090] [0;32mI (257199993) NL_LTPDU: BatchGet 3E0AE0494182: 6 eps, rsp=118 bytes[0m
[2026-07-20 11:37:15.090] 
[2026-07-20 11:37:15.137] [0;32mI (257200051) NL_LTPDU: BatchGet 6A76B95FD1DB: 6 eps, rsp=118 bytes[0m
[2026-07-20 11:37:15.137] 
[2026-07-20 11:37:15.198] [0;32mI (257200110) NL_LTPDU: BatchGet 85854B476379: 6 eps, rsp=118 bytes[0m
[2026-07-20 11:37:15.198] 
[2026-07-20 11:37:17.636] [0;32mI (257202545) NL_LTPDU: BatchGet 880A64775B01: 6 eps, rsp=118 bytes[0m
[2026-07-20 11:37:17.636] 
[2026-07-20 11:37:18.067] free heap: 6300240, minimum free heap: 6033104, Internal 8bit free heap: 72012, 8bit free heap: 6300240The current date/time is: Mon Jul 20 03:37:16 2026
[2026-07-20 11:37:18.067] 
[2026-07-20 11:37:18.067] 
[2026-07-20 11:37:19.183] uart: 11 AT+MOTION 0
[2026-07-20 11:37:19.183] 
[2026-07-20 11:37:19.183] 
[2026-07-20 11:37:19.183] btn on press
[2026-07-20 11:37:19.183] uart: 130 AT+BCDS ff04000206a5d97ed 0010B940B0E9FEC6718C48ca43a5b6dc0F09aa000a0498404c000000000000ff0cff00000000000000000000000000000000ff06
[2026-07-20 11:37:19.183] 
[2026-07-20 11:37:19.183] 
[2026-07-20 11:37:19.183] 
[2026-07-20 11:37:19.307] pTopic:$aws/rules/bi_wifi_data_report/switchlink/B0E9FEC6718C/link_to_shadow
[2026-07-20 11:37:19.307] pData:BCD ff04000206a5d97ed 0010B940B0E9FEC6718C48ca43a5b6dc0F09aa000a0498404c000000000000ff0cff00000000000000000000000000000000ff06
[2026-07-20 11:37:19.307] 
[2026-07-20 11:37:19.866] [0;32mI (257204768) NL_LTPDU: BatchGet 3E0AE0494182: 6 eps, rsp=118 bytes[0m
[2026-07-20 11:37:19.866] 
[2026-07-20 11:37:19.927] [0;32mI (257204810) NL_LTPDU: BatchGet 6A76B95FD1DB: 6 eps, rsp=118 bytes[0m
[2026-07-20 11:37:19.927] [0;32mI (257204834) NL_LTPDU: BatchGet 85854B476379: 6 eps, rsp=118 bytes[0m
[2026-07-20 11:37:19.927] 
[2026-07-20 11:37:22.492] [0;32mI (257207393) NL_LTPDU: BatchGet 880A64775B01: 6 eps, rsp=118 bytes[0m
[2026-07-20 11:37:22.492] 
[2026-07-20 11:37:25.014] [0;32mI (257209920) NL_LTPDU: BatchGet 3E0AE0494182: 6 eps, rsp=118 bytes[0m
[2026-07-20 11:37:25.014] 
[2026-07-20 11:37:25.122] [0;32mI (257210020) NL_LTPDU: BatchGet 6A76B95FD1DB: 6 eps, rsp=118 bytes[0m
[2026-07-20 11:37:25.122] [0;32mI (257210042) NL_LTPDU: BatchGet 85854B476379: 6 eps, rsp=118 bytes[0m
[2026-07-20 11:37:25.122] 
[2026-07-20 11:37:26.078] free heap: 6300352, minimum free heap: 6033104, Internal 8bit free heap: 72144, 8bit free heap: 6300352The current date/time is: Mon Jul 20 03:37:24 2026
[2026-07-20 11:37:26.078] 
[2026-07-20 11:37:26.078] 
[2026-07-20 11:37:27.609] [0;32mI (257212524) NL_LTPDU: BatchGet 880A64775B01: 6 eps, rsp=118 bytes[0m
[2026-07-20 11:37:27.609] 
[2026-07-20 11:37:30.131] [0;32mI (257215037) NL_LTPDU: BatchGet 3E0AE0494182: 6 eps, rsp=118 bytes[0m
[2026-07-20 11:37:30.131] 
[2026-07-20 11:37:30.193] [0;32mI (257215107) NL_LTPDU: BatchGet 6A76B95FD1DB: 6 eps, rsp=118 bytes[0m
[2026-07-20 11:37:30.193] 
[2026-07-20 11:37:30.240] [0;32mI (257215155) NL_LTPDU: BatchGet 85854B476379: 6 eps, rsp=118 bytes[0m
[2026-07-20 11:37:30.240] 
[2026-07-20 11:37:32.189] Nanoleaf MQTT payload: {"msgType":"control","requestID":"a28bfdf0-5f7b-46cf-8894-98c8c7fcb25a","deviceId":"880A64775B01","endpoint":"lb/0/oo","method":"POST","value":true}
[2026-07-20 11:37:32.189] [0;32mI (257217099) NL_LTPDU: SendCmd POST → 880A64775B01 ep=lb/0/oo[0m
[2026-07-20 11:37:32.189] 
[2026-07-20 11:37:32.653] pTopic:switchlink/B0E9FEC6718C/link_to_nanoleaf_func_resp
[2026-07-20 11:37:32.653] pData:{"msgType":"respond","requestID":"a28bfdf0-5f7b-46cf-8894-98c8c7fcb25a","deviceId":"880A64775B01","success":true,"errorCode":0,"errorMsg":""}
[2026-07-20 11:37:32.653] 
[2026-07-20 11:37:32.699] [0;32mI (257217603) NL_LTPDU: BatchGet 880A64775B01: 6 eps, rsp=118 bytes[0m
[2026-07-20 11:37:32.699] [0;32mI (257217604) TASK_NL: [1] Status changed: on=1 br=15 ct=2187 hu=30 sa=89 eff="*Solid*"[0m
[2026-07-20 11:37:32.699] 
[2026-07-20 11:37:32.868] pTopic:switchlink/B0E9FEC6718C/link_to_nanoleaf_property
[2026-07-20 11:37:32.868] pData:{"msgType":"status","deviceId":"880A64775B01","timestamp":1784518652,"endpoints":[{"endpoint":"lb/0/oo","value":true},{"endpoint":"lb/0/pb","value":15},{"endpoint":"lb/0/ct","value":2187},{"endpoint":"lb/0/hu","value":30},{"endpoint":"lb/0/sa","value":89},{"endpoint":"effect/select","value":"*Solid*"}]}
[2026-07-20 11:37:32.868] 
[2026-07-20 11:37:34.081] free heap: 6300220, minimum free heap: 6033104, Internal 8bit free heap: 72012, 8bit free heap: 6300220The current date/time is: Mon Jul 20 03:37:32 2026
[2026-07-20 11:37:34.081] 
[2026-07-20 11:37:34.081] 
[2026-07-20 11:37:35.417] [0;32mI (257220321) NL_LTPDU: BatchGet 3E0AE0494182: 6 eps, rsp=118 bytes[0m
[2026-07-20 11:37:35.417] 
[2026-07-20 11:37:35.478] [0;32mI (257220368) NL_LTPDU: BatchGet 6A76B95FD1DB: 6 eps, rsp=118 bytes[0m
[2026-07-20 11:37:35.478] [0;32mI (257220392) NL_LTPDU: BatchGet 85854B476379: 6 eps, rsp=118 bytes[0m
[2026-07-20 11:37:35.478] 
[2026-07-20 11:37:36.316] Nanoleaf MQTT payload: {"msgType":"control","requestID":"4f2ae895-9d29-4a44-b891-dec072346c92","deviceId":"880A64775B01","endpoint":"lb/0/oo","method":"POST","value":false}
[2026-07-20 11:37:36.316] [0;32mI (257221224) NL_LTPDU: SendCmd POST → 880A64775B01 ep=lb/0/oo[0m
[2026-07-20 11:37:36.316] 
[2026-07-20 11:37:36.920] pTopic:switchlink/B0E9FEC6718C/link_to_nanoleaf_func_resp
[2026-07-20 11:37:36.920] pData:{"msgType":"respond","requestID":"4f2ae895-9d29-4a44-b891-dec072346c92","deviceId":"880A64775B01","success":true,"errorCode":0,"errorMsg":""}
[2026-07-20 11:37:36.920] 
[2026-07-20 11:37:37.199] [0;32mI (257222106) NL_LTPDU: BatchGet 880A64775B01: 6 eps, rsp=118 bytes[0m
[2026-07-20 11:37:37.199] [0;32mI (257222107) TASK_NL: [1] Status changed: on=0 br=15 ct=2187 hu=30 sa=89 eff="*Solid*"[0m
[2026-07-20 11:37:37.199] 
[2026-07-20 11:37:37.339] pTopic:switchlink/B0E9FEC6718C/link_to_nanoleaf_property
[2026-07-20 11:37:37.339] pData:{"msgType":"status","deviceId":"880A64775B01","timestamp":1784518657,"endpoints":[{"endpoint":"lb/0/oo","value":false},{"endpoint":"lb/0/pb","value":15},{"endpoint":"lb/0/ct","value":2187},{"endpoint":"lb/0/hu","value":30},{"endpoint":"lb/0/sa","value":89},{"endpoint":"effect/select","value":"*Solid*"}]}
[2026-07-20 11:37:37.339] 
[2026-07-20 11:37:40.211] [0;32mI (257225120) NL_LTPDU: BatchGet 3E0AE0494182: 6 eps, rsp=118 bytes[0m
[2026-07-20 11:37:40.211] 
[2026-07-20 11:37:40.272] [0;32mI (257225177) NL_LTPDU: BatchGet 6A76B95FD1DB: 6 eps, rsp=118 bytes[0m
[2026-07-20 11:37:40.272] 
[2026-07-20 11:37:40.784] [0;32mI (257225699) NL_LTPDU: BatchGet 85854B476379: 6 eps, rsp=118 bytes[0m
[2026-07-20 11:37:40.784] 
[2026-07-20 11:37:42.109] free heap: 6247056, minimum free heap: 6033104, Internal 8bit free heap: 72108, 8bit free heap: 6247056The current date/time is: Mon Jul 20 03:37:40 2026
[2026-07-20 11:37:42.109] 
[2026-07-20 11:37:42.109] [0;32mI (257227018) NL_LTPDU: BatchGet 880A64775B01: 6 eps, rsp=118 bytes[0m
[2026-07-20 11:37:42.109] 
[2026-07-20 11:37:45.291] [0;32mI (257230193) NL_LTPDU: BatchGet 3E0AE0494182: 6 eps, rsp=118 bytes[0m
[2026-07-20 11:37:45.291] 
[2026-07-20 11:37:45.383] [0;32mI (257230298) NL_LTPDU: BatchGet 6A76B95FD1DB: 6 eps, rsp=118 bytes[0m
[2026-07-20 11:37:45.383] 
[2026-07-20 11:37:45.490] [0;32mI (257230402) NL_LTPDU: BatchGet 85854B476379: 6 eps, rsp=118 bytes[0m
[2026-07-20 11:37:45.490] 
[2026-07-20 11:37:46.831] [0;32mI (257231741) NL_LTPDU: BatchGet 880A64775B01: 6 eps, rsp=118 bytes[0m
[2026-07-20 11:37:46.831] 
[2026-07-20 11:37:50.098] free heap: 6300352, minimum free heap: 6033104, Internal 8bit free heap: 72144, 8bit free heap: 6300352The current date/time is: Mon Jul 20 03:37:48 2026
[2026-07-20 11:37:50.098] 
[2026-07-20 11:37:50.098] 
[2026-07-20 11:37:50.394] [0;32mI (257235310) NL_LTPDU: BatchGet 3E0AE0494182: 6 eps, rsp=118 bytes[0m
[2026-07-20 11:37:50.394] 
[2026-07-20 11:37:50.516] [0;32mI (257235421) NL_LTPDU: BatchGet 6A76B95FD1DB: 6 eps, rsp=118 bytes[0m
[2026-07-20 11:37:50.516] 
[2026-07-20 11:37:50.578] [0;32mI (257235485) NL_LTPDU: BatchGet 85854B476379: 6 eps, rsp=118 bytes[0m
[2026-07-20 11:37:50.578] 
[2026-07-20 11:37:51.940] [0;32mI (257236856) NL_LTPDU: BatchGet 880A64775B01: 6 eps, rsp=118 bytes[0m
[2026-07-20 11:37:51.940] 
[2026-07-20 11:37:55.547] [0;32mI (257240455) NL_LTPDU: BatchGet 3E0AE0494182: 6 eps, rsp=118 bytes[0m
[2026-07-20 11:37:55.547] 
[2026-07-20 11:37:55.593] [0;32mI (257240496) NL_LTPDU: BatchGet 6A76B95FD1DB: 6 eps, rsp=118 bytes[0m
[2026-07-20 11:37:55.593] 
[2026-07-20 11:37:55.734] [0;32mI (257240636) NL_LTPDU: BatchGet 85854B476379: 6 eps, rsp=118 bytes[0m
[2026-07-20 11:37:55.734] 
[2026-07-20 11:37:57.157] [0;32mI (257242066) NL_LTPDU: BatchGet 880A64775B01: 6 eps, rsp=118 bytes[0m
[2026-07-20 11:37:57.157] 
[2026-07-20 11:37:58.101] free heap: 6300220, minimum free heap: 6033104, Internal 8bit free heap: 72012, 8bit free heap: 6300220The current date/time is: Mon Jul 20 03:37:56 2026
[2026-07-20 11:37:58.101] 
[2026-07-20 11:37:58.101] 
[2026-07-20 11:38:00.196] [0;32mI (257245106) NL_LTPDU: BatchGet 3E0AE0494182: 6 eps, rsp=118 bytes[0m
[2026-07-20 11:38:00.196] 
[2026-07-20 11:38:00.289] [0;32mI (257245205) NL_LTPDU: BatchGet 6A76B95FD1DB: 6 eps, rsp=118 bytes[0m
[2026-07-20 11:38:00.289] 
[2026-07-20 11:38:00.398] [0;32mI (257245312) NL_LTPDU: BatchGet 85854B476379: 6 eps, rsp=118 bytes[0m
[2026-07-20 11:38:00.398] 
[2026-07-20 11:38:02.390] [0;32mI (257247300) NL_LTPDU: BatchGet 880A64775B01: 6 eps, rsp=118 bytes[0m
[2026-07-20 11:38:02.390] 
[2026-07-20 11:38:05.379] [0;32mI (257250287) NL_LTPDU: BatchGet 3E0AE0494182: 6 eps, rsp=118 bytes[0m
[2026-07-20 11:38:05.379] 
[2026-07-20 11:38:05.426] [0;32mI (257250327) NL_LTPDU: BatchGet 6A76B95FD1DB: 6 eps, rsp=118 bytes[0m
[2026-07-20 11:38:05.426] 
[2026-07-20 11:38:05.519] [0;32mI (257250433) NL_LTPDU: BatchGet 85854B476379: 6 eps, rsp=118 bytes[0m
[2026-07-20 11:38:05.519] 
[2026-07-20 11:38:06.109] free heap: 6300372, minimum free heap: 6033104, Internal 8bit free heap: 72144, 8bit free heap: 6300372The current date/time is: Mon Jul 20 03:38:04 2026
[2026-07-20 11:38:06.109] 
[2026-07-20 11:38:06.109] 
[2026-07-20 11:38:07.089] [0;32mI (257251993) NL_LTPDU: BatchGet 880A64775B01: 6 eps, rsp=118 bytes[0m
[2026-07-20 11:38:07.089] 
[2026-07-20 11:38:08.162] uart: 19 AT+TEMPHUMI +242 64
[2026-07-20 11:38:08.162] 
[2026-07-20 11:38:08.162] 
[2026-07-20 11:38:08.162] temp_ep:65535,temp_data:2420 humi_ep:65535,humi_data:6400
[2026-07-20 11:38:08.162] 
[2026-07-20 11:38:08.162] 
[2026-07-20 11:38:10.473] [0;32mI (257255389) NL_LTPDU: BatchGet 3E0AE0494182: 6 eps, rsp=118 bytes[0m
[2026-07-20 11:38:10.473] 
[2026-07-20 11:38:10.534] [0;32mI (257255446) NL_LTPDU: BatchGet 6A76B95FD1DB: 6 eps, rsp=118 bytes[0m
[2026-07-20 11:38:10.534] 
[2026-07-20 11:38:10.643] [0;32mI (257255554) NL_LTPDU: BatchGet 85854B476379: 6 eps, rsp=118 bytes[0m
[2026-07-20 11:38:10.643] 
[2026-07-20 11:38:12.318] [0;32mI (257257232) NL_LTPDU: BatchGet 880A64775B01: 6 eps, rsp=118 bytes[0m
[2026-07-20 11:38:12.318] 
[2026-07-20 11:38:14.103] free heap: 6300372, minimum free heap: 6033104, Internal 8bit free heap: 72144, 8bit free heap: 6300372The current date/time is: Mon Jul 20 03:38:12 2026
[2026-07-20 11:38:14.103] 
[2026-07-20 11:38:14.103] 
[2026-07-20 11:38:15.354] [0;32mI (257260257) NL_LTPDU: BatchGet 3E0AE0494182: 6 eps, rsp=118 bytes[0m
[2026-07-20 11:38:15.354] [0;32mI (257260267) NL_LTPDU: BatchGet 6A76B95FD1DB: 6 eps, rsp=118 bytes[0m
[2026-07-20 11:38:15.354] 
[2026-07-20 11:38:15.400] [0;32mI (257260305) NL_LTPDU: BatchGet 85854B476379: 6 eps, rsp=118 bytes[0m
[2026-07-20 11:38:15.400] 
[2026-07-20 11:38:17.439] [0;32mI (257262351) NL_LTPDU: BatchGet 880A64775B01: 6 eps, rsp=118 bytes[0m
[2026-07-20 11:38:17.439] 
[2026-07-20 11:38:20.528] [0;32mI (257265426) NL_LTPDU: BatchGet 3E0AE0494182: 6 eps, rsp=118 bytes[0m
[2026-07-20 11:38:20.528] [0;32mI (257265450) NL_LTPDU: BatchGet 6A76B95FD1DB: 6 eps, rsp=118 bytes[0m
[2026-07-20 11:38:20.528] 
[2026-07-20 11:38:20.730] [0;32mI (257265645) NL_LTPDU: BatchGet 85854B476379: 6 eps, rsp=118 bytes[0m
[2026-07-20 11:38:20.730] 
[2026-07-20 11:38:22.122] free heap: 6300204, minimum free heap: 6033104, Internal 8bit free heap: 71976, 8bit free heap: 6300204The current date/time is: Mon Jul 20 03:38:20 2026
[2026-07-20 11:38:22.122] 
[2026-07-20 11:38:22.122] 
[2026-07-20 11:38:22.184] [0;32mI (257267101) NL_LTPDU: BatchGet 880A64775B01: 6 eps, rsp=118 bytes[0m
[2026-07-20 11:38:22.184] 
[2026-07-20 11:38:25.657] [0;32mI (257270539) NL_LTPDU: BatchGet 3E0AE0494182: 6 eps, rsp=118 bytes[0m
[2026-07-20 11:38:25.657] [0;32mI (257270568) NL_LTPDU: BatchGet 6A76B95FD1DB: 6 eps, rsp=118 bytes[0m
[2026-07-20 11:38:25.657] 
[2026-07-20 11:38:25.687] [0;32mI (257270604) NL_LTPDU: BatchGet 85854B476379: 6 eps, rsp=118 bytes[0m
[2026-07-20 11:38:25.687] 
[2026-07-20 11:38:26.444] uart: 11 AT+MOTION 1
[2026-07-20 11:38:26.444] 
[2026-07-20 11:38:26.444] 
[2026-07-20 11:38:26.444] btn on press
[2026-07-20 11:38:26.444] uart: 130 AT+BCDS ff04000206a5d9830 0010B940B0E9FEC6718C48ca43a5b6dc0F09ab200a0298404c000000000000ff0d0000000000000000000000000000000000ff06
[2026-07-20 11:38:26.444] 
[2026-07-20 11:38:26.444] 
[2026-07-20 11:38:26.444] 
[2026-07-20 11:38:26.614] pTopic:$aws/rules/bi_wifi_data_report/switchlink/B0E9FEC6718C/link_to_shadow
[2026-07-20 11:38:26.614] pData:BCD ff04000206a5d9830 0010B940B0E9FEC6718C48ca43a5b6dc0F09ab200a0298404c000000000000ff0d0000000000000000000000000000000000ff06
[2026-07-20 11:38:26.614] 
[2026-07-20 11:38:27.312] [0;32mI (257272217) NL_LTPDU: BatchGet 880A64775B01: 6 eps, rsp=118 bytes[0m
[2026-07-20 11:38:27.312] 
[2026-07-20 11:38:30.146] free heap: 6300372, minimum free heap: 6033104, Internal 8bit free heap: 72144, 8bit free heap: 6300372The current date/time is: Mon Jul 20 03:38:28 2026
[2026-07-20 11:38:30.146] 
[2026-07-20 11:38:30.146] 
[2026-07-20 11:38:30.843] [0;32mI (257275757) NL_LTPDU: BatchGet 3E0AE0494182: 6 eps, rsp=118 bytes[0m
[2026-07-20 11:38:30.843] 
[2026-07-20 11:38:30.965] [0;32mI (257275882) NL_LTPDU: BatchGet 6A76B95FD1DB: 6 eps, rsp=118 bytes[0m
[2026-07-20 11:38:30.965] 
[2026-07-20 11:38:31.911] [0;32mI (257276823) NL_LTPDU: BatchGet 85854B476379: 6 eps, rsp=118 bytes[0m
[2026-07-20 11:38:31.911] 
[2026-07-20 11:38:32.529] [0;32mI (257277444) NL_LTPDU: BatchGet 880A64775B01: 6 eps, rsp=118 bytes[0m
[2026-07-20 11:38:32.529] 
[2026-07-20 11:38:35.591] [0;32mI (257280508) NL_LTPDU: BatchGet 3E0AE0494182: 6 eps, rsp=118 bytes[0m
[2026-07-20 11:38:35.591] 
[2026-07-20 11:38:35.762] [0;32mI (257280674) NL_LTPDU: BatchGet 6A76B95FD1DB: 6 eps, rsp=118 bytes[0m
[2026-07-20 11:38:35.762] 
[2026-07-20 11:38:35.964] [0;32mI (257280878) NL_LTPDU: BatchGet 85854B476379: 6 eps, rsp=118 bytes[0m
[2026-07-20 11:38:35.964] 
[2026-07-20 11:38:37.305] [0;32mI (257282216) NL_LTPDU: BatchGet 880A64775B01: 6 eps, rsp=118 bytes[0m
[2026-07-20 11:38:37.305] 
[2026-07-20 11:38:38.139] free heap: 6300344, minimum free heap: 6033104, Internal 8bit free heap: 72144, 8bit free heap: 6300344The current date/time is: Mon Jul 20 03:38:36 2026
[2026-07-20 11:38:38.139] 
[2026-07-20 11:38:38.139] 
[2026-07-20 11:38:40.705] [0;32mI (257285624) NL_LTPDU: BatchGet 3E0AE0494182: 6 eps, rsp=118 bytes[0m
[2026-07-20 11:38:40.705] 
[2026-07-20 11:38:40.845] [0;32mI (257285762) NL_LTPDU: BatchGet 6A76B95FD1DB: 6 eps, rsp=118 bytes[0m
[2026-07-20 11:38:40.845] 
[2026-07-20 11:38:41.094] [0;32mI (257285999) NL_LTPDU: BatchGet 85854B476379: 6 eps, rsp=118 bytes[0m
[2026-07-20 11:38:41.094] 
[2026-07-20 11:38:42.561] [0;32mI (257287473) NL_LTPDU: BatchGet 880A64775B01: 6 eps, rsp=118 bytes[0m
[2026-07-20 11:38:42.561] 
[2026-07-20 11:38:45.939] [0;32mI (257290816) NL_LTPDU: BatchGet 3E0AE0494182: 6 eps, rsp=118 bytes[0m
[2026-07-20 11:38:45.939] [0;32mI (257290836) NL_LTPDU: BatchGet 6A76B95FD1DB: 6 eps, rsp=118 bytes[0m
[2026-07-20 11:38:45.939] [0;32mI (257290853) NL_LTPDU: BatchGet 85854B476379: 6 eps, rsp=118 bytes[0m
[2026-07-20 11:38:45.939] 
[2026-07-20 11:38:46.155] free heap: 6300196, minimum free heap: 6033104, Internal 8bit free heap: 71976, 8bit free heap: 6300196The current date/time is: Mon Jul 20 03:38:44 2026
[2026-07-20 11:38:46.155] 
[2026-07-20 11:38:46.155] 
[2026-07-20 11:38:47.642] [0;32mI (257292552) NL_LTPDU: BatchGet 880A64775B01: 6 eps, rsp=118 bytes[0m
[2026-07-20 11:38:47.642] 
[2026-07-20 11:38:51.054] [0;32mI (257295931) NL_LTPDU: BatchGet 3E0AE0494182: 6 eps, rsp=118 bytes[0m
[2026-07-20 11:38:51.054] [0;32mI (257295961) NL_LTPDU: BatchGet 6A76B95FD1DB: 6 eps, rsp=118 bytes[0m
[2026-07-20 11:38:51.054] [0;32mI (257295977) NL_LTPDU: BatchGet 85854B476379: 6 eps, rsp=118 bytes[0m
[2026-07-20 11:38:51.054] 
[2026-07-20 11:38:52.417] [0;32mI (257297330) NL_LTPDU: BatchGet 880A64775B01: 6 eps, rsp=118 bytes[0m
[2026-07-20 11:38:52.417] 
[2026-07-20 11:38:54.210] free heap: 6300344, minimum free heap: 6033104, Internal 8bit free heap: 72144, 8bit free heap: 6300344The current date/time is: Mon Jul 20 03:38:52 2026
[2026-07-20 11:38:54.210] 
[2026-07-20 11:38:54.210] 
[2026-07-20 11:38:55.898] [0;32mI (257300803) NL_LTPDU: BatchGet 3E0AE0494182: 6 eps, rsp=118 bytes[0m
[2026-07-20 11:38:55.898] [0;32mI (257300811) NL_LTPDU: BatchGet 6A76B95FD1DB: 6 eps, rsp=118 bytes[0m
[2026-07-20 11:38:55.898] 
[2026-07-20 11:38:56.655] [0;32mI (257301573) NL_LTPDU: BatchGet 85854B476379: 6 eps, rsp=118 bytes[0m
[2026-07-20 11:38:56.655] 
[2026-07-20 11:38:57.526] [0;32mI (257302443) NL_LTPDU: BatchGet 880A64775B01: 6 eps, rsp=118 bytes[0m
[2026-07-20 11:38:57.526] 
[2026-07-20 11:38:59.165] uart: 11 AT+MOTION 0
[2026-07-20 11:38:59.165] 
[2026-07-20 11:38:59.165] 
[2026-07-20 11:38:59.165] btn on press
[2026-07-20 11:38:59.165] uart: 130 AT+BCDS ff04000206a5d9851 0010B940B0E9FEC6718C48ca43a5b6dc0F09ac000a0298404c000000000000ff0cfb00000000000000000000000000000000ff06
[2026-07-20 11:38:59.165] 
[2026-07-20 11:38:59.165] 
[2026-07-20 11:38:59.165] 
[2026-07-20 11:38:59.321] pTopic:$aws/rules/bi_wifi_data_report/switchlink/B0E9FEC6718C/link_to_shadow
[2026-07-20 11:38:59.321] pData:BCD ff04000206a5d9851 0010B940B0E9FEC6718C48ca43a5b6dc0F09ac000a0298404c000000000000ff0cfb00000000000000000000000000000000ff06
[2026-07-20 11:38:59.321] 
[2026-07-20 11:39:01.053] [0;32mI (257305965) NL_LTPDU: BatchGet 3E0AE0494182: 6 eps, rsp=118 bytes[0m
[2026-07-20 11:39:01.053] 
[2026-07-20 11:39:01.114] [0;32mI (257306024) NL_LTPDU: BatchGet 6A76B95FD1DB: 6 eps, rsp=118 bytes[0m
[2026-07-20 11:39:01.114] [0;32mI (257306038) NL_LTPDU: BatchGet 85854B476379: 6 eps, rsp=118 bytes[0m
[2026-07-20 11:39:01.114] 
[2026-07-20 11:39:02.201] free heap: 6300352, minimum free heap: 6033104, Internal 8bit free heap: 72144, 8bit free heap: 6300352The current date/time is: Mon Jul 20 03:39:00 2026
[2026-07-20 11:39:02.201] 
[2026-07-20 11:39:02.201] 
[2026-07-20 11:39:02.651] [0;32mI (257307561) NL_LTPDU: BatchGet 880A64775B01: 6 eps, rsp=118 bytes[0m
[2026-07-20 11:39:02.651] 
[2026-07-20 11:39:05.916] [0;32mI (257310793) NL_LTPDU: BatchGet 3E0AE0494182: 6 eps, rsp=118 bytes[0m
[2026-07-20 11:39:05.916] [0;32mI (257310827) NL_LTPDU: BatchGet 6A76B95FD1DB: 6 eps, rsp=118 bytes[0m
[2026-07-20 11:39:05.916] 
[2026-07-20 11:39:05.978] [0;32mI (257310890) NL_LTPDU: BatchGet 85854B476379: 6 eps, rsp=118 bytes[0m
[2026-07-20 11:39:05.978] 
[2026-07-20 11:39:07.826] [0;32mI (257312735) NL_LTPDU: BatchGet 880A64775B01: 6 eps, rsp=118 bytes[0m
[2026-07-20 11:39:07.826] 
[2026-07-20 11:39:08.695] uart: 11 AT+MOTION 1
[2026-07-20 11:39:08.695] 
[2026-07-20 11:39:08.695] 
[2026-07-20 11:39:08.695] btn on press
[2026-07-20 11:39:08.695] uart: 130 AT+BCDS ff04000206a5d985a 0010B940B0E9FEC6718C48ca43a5b6dc0F09ad200a0298404c000000000000ff0d0000000000000000000000000000000000ff06
[2026-07-20 11:39:08.695] 
[2026-07-20 11:39:08.695] 
[2026-07-20 11:39:08.695] 
[2026-07-20 11:39:08.818] pTopic:$aws/rules/bi_wifi_data_report/switchlink/B0E9FEC6718C/link_to_shadow
[2026-07-20 11:39:08.818] pData:BCD ff04000206a5d985a 0010B940B0E9FEC6718C48ca43a5b6dc0F09ad200a0298404c000000000000ff0d0000000000000000000000000000000000ff06
[2026-07-20 11:39:08.818] 
[2026-07-20 11:39:10.215] free heap: 6300220, minimum free heap: 6033104, Internal 8bit free heap: 72012, 8bit free heap: 6300220The current date/time is: Mon Jul 20 03:39:08 2026
[2026-07-20 11:39:10.215] 
[2026-07-20 11:39:10.215] 
[2026-07-20 11:39:11.096] [0;32mI (257316004) NL_LTPDU: BatchGet 3E0AE0494182: 6 eps, rsp=118 bytes[0m
[2026-07-20 11:39:11.096] [0;32mI (257316012) NL_LTPDU: BatchGet 6A76B95FD1DB: 6 eps, rsp=118 bytes[0m
[2026-07-20 11:39:11.096] 
[2026-07-20 11:39:11.252] [0;32mI (257316173) NL_LTPDU: BatchGet 85854B476379: 6 eps, rsp=118 bytes[0m
[2026-07-20 11:39:11.252] 
[2026-07-20 11:39:13.047] [0;32mI (257317958) NL_LTPDU: BatchGet 880A64775B01: 6 eps, rsp=118 bytes[0m
[2026-07-20 11:39:13.047] 
[2026-07-20 11:39:16.204] [0;32mI (257321125) NL_LTPDU: BatchGet 3E0AE0494182: 6 eps, rsp=118 bytes[0m
[2026-07-20 11:39:16.204] [0;32mI (257321132) NL_LTPDU: BatchGet 6A76B95FD1DB: 6 eps, rsp=118 bytes[0m
[2026-07-20 11:39:16.204] 
[2026-07-20 11:39:16.375] [0;32mI (257321284) NL_LTPDU: BatchGet 85854B476379: 6 eps, rsp=118 bytes[0m
[2026-07-20 11:39:16.375] 
[2026-07-20 11:39:17.705] [0;32mI (257322625) NL_LTPDU: BatchGet 880A64775B01: 6 eps, rsp=118 bytes[0m
[2026-07-20 11:39:17.705] 
[2026-07-20 11:39:18.214] free heap: 6300352, minimum free heap: 6033104, Internal 8bit free heap: 72144, 8bit free heap: 6300352The current date/time is: Mon Jul 20 03:39:16 2026
[2026-07-20 11:39:18.214] 
[2026-07-20 11:39:18.214] 
[2026-07-20 11:39:21.356] [0;32mI (257326256) NL_LTPDU: BatchGet 3E0AE0494182: 6 eps, rsp=118 bytes[0m
[2026-07-20 11:39:21.356] [0;32mI (257326283) NL_LTPDU: BatchGet 6A76B95FD1DB: 6 eps, rsp=118 bytes[0m
[2026-07-20 11:39:21.356] 
[2026-07-20 11:39:21.542] [0;32mI (257326455) NL_LTPDU: BatchGet 85854B476379: 6 eps, rsp=118 bytes[0m
[2026-07-20 11:39:21.542] 
[2026-07-20 11:39:22.825] [0;32mI (257327738) NL_LTPDU: BatchGet 880A64775B01: 6 eps, rsp=118 bytes[0m
[2026-07-20 11:39:22.825] 
[2026-07-20 11:39:26.074] [0;32mI (257330958) NL_LTPDU: BatchGet 3E0AE0494182: 6 eps, rsp=118 bytes[0m
[2026-07-20 11:39:26.074] [0;32mI (257330991) NL_LTPDU: BatchGet 6A76B95FD1DB: 6 eps, rsp=118 bytes[0m
[2026-07-20 11:39:26.074] 
[2026-07-20 11:39:26.244] free heap: 6247112, minimum free heap: 6033104, Internal 8bit free heap: 72144, 8bit free heap: 6247112The current date/time is: Mon Jul 20 03:39:24 2026
[2026-07-20 11:39:26.244] 
[2026-07-20 11:39:26.244] [0;32mI (257331159) NL_LTPDU: BatchGet 85854B476379: 6 eps, rsp=118 bytes[0m
[2026-07-20 11:39:26.244] 
[2026-07-20 11:39:27.992] [0;32mI (257332904) NL_LTPDU: BatchGet 880A64775B01: 6 eps, rsp=118 bytes[0m
[2026-07-20 11:39:27.992] 
[2026-07-20 11:39:29.015] [0;32mI (257333925) ROUTE_HOOK: Received RIO[0m
[2026-07-20 11:39:29.015] [0;32mI (257333925) ROUTE_HOOK: prefix FDEA:C98F:38B2:1:: lifetime 1800[0m
[2026-07-20 11:39:29.015] 
[2026-07-20 11:39:31.222] [0;32mI (257336130) NL_LTPDU: BatchGet 3E0AE0494182: 6 eps, rsp=118 bytes[0m
[2026-07-20 11:39:31.222] 
[2026-07-20 11:39:31.360] [0;32mI (257336275) NL_LTPDU: BatchGet 6A76B95FD1DB: 6 eps, rsp=118 bytes[0m
[2026-07-20 11:39:31.360] 
[2026-07-20 11:39:31.637] [0;32mI (257336559) NL_LTPDU: BatchGet 85854B476379: 6 eps, rsp=118 bytes[0m
[2026-07-20 11:39:31.637] 
[2026-07-20 11:39:32.857] [0;32mI (257337772) NL_LTPDU: BatchGet 880A64775B01: 6 eps, rsp=118 bytes[0m
[2026-07-20 11:39:32.857] 
[2026-07-20 11:39:34.220] free heap: 6300212, minimum free heap: 6033104, Internal 8bit free heap: 72012, 8bit free heap: 6300212The current date/time is: Mon Jul 20 03:39:32 2026
[2026-07-20 11:39:34.220] 
[2026-07-20 11:39:34.220] 
[2026-07-20 11:39:36.405] [0;32mI (257341298) NL_LTPDU: BatchGet 3E0AE0494182: 6 eps, rsp=118 bytes[0m
[2026-07-20 11:39:36.405] [0;32mI (257341318) NL_LTPDU: BatchGet 6A76B95FD1DB: 6 eps, rsp=118 bytes[0m
[2026-07-20 11:39:36.405] 
[2026-07-20 11:39:36.591] [0;32mI (257341500) NL_LTPDU: BatchGet 85854B476379: 6 eps, rsp=118 bytes[0m
[2026-07-20 11:39:36.591] 
[2026-07-20 11:39:38.014] [0;32mI (257342935) NL_LTPDU: BatchGet 880A64775B01: 6 eps, rsp=118 bytes[0m
[2026-07-20 11:39:38.014] 
[2026-07-20 11:39:41.162] uart: 11 AT+MOTION 0
[2026-07-20 11:39:41.162] 
[2026-07-20 11:39:41.162] 
[2026-07-20 11:39:41.162] btn on press
[2026-07-20 11:39:41.162] uart: 130 AT+BCDS ff04000206a5d987b 0010B940B0E9FEC6718C48ca43a5b6dc0F09ae000a0298404c000000000000ff0d0300000000000000000000000000000000ff06
[2026-07-20 11:39:41.162] 
[2026-07-20 11:39:41.162] 
[2026-07-20 11:39:41.162] 
[2026-07-20 11:39:41.331] pTopic:$aws/rules/bi_wifi_data_report/switchlink/B0E9FEC6718C/link_to_shadow
[2026-07-20 11:39:41.331] pData:BCD ff04000206a5d987b 0010B940B0E9FEC6718C48ca43a5b6dc0F09ae000a0298404c000000000000ff0d0300000000000000000000000000000000ff06
[2026-07-20 11:39:41.331] 
[2026-07-20 11:39:41.502] [0;32mI (257346413) NL_LTPDU: BatchGet 3E0AE0494182: 6 eps, rsp=118 bytes[0m
[2026-07-20 11:39:41.502] 
[2026-07-20 11:39:41.547] [0;32mI (257346454) NL_LTPDU: BatchGet 6A76B95FD1DB: 6 eps, rsp=118 bytes[0m
[2026-07-20 11:39:41.547] 
[2026-07-20 11:39:41.749] [0;32mI (257346661) NL_LTPDU: BatchGet 85854B476379: 6 eps, rsp=118 bytes[0m
[2026-07-20 11:39:41.749] 
[2026-07-20 11:39:42.228] free heap: 6300372, minimum free heap: 6033104, Internal 8bit free heap: 72144, 8bit free heap: 6300372The current date/time is: Mon Jul 20 03:39:40 2026
[2026-07-20 11:39:42.228] 
[2026-07-20 11:39:42.228] 
[2026-07-20 11:39:43.247] [0;32mI (257348160) NL_LTPDU: BatchGet 880A64775B01: 6 eps, rsp=118 bytes[0m
[2026-07-20 11:39:43.247] 
[2026-07-20 11:39:46.339] [0;32mI (257351259) NL_LTPDU: BatchGet 3E0AE0494182: 6 eps, rsp=118 bytes[0m
[2026-07-20 11:39:46.339] 
[2026-07-20 11:39:46.525] [0;32mI (257351441) NL_LTPDU: BatchGet 6A76B95FD1DB: 6 eps, rsp=118 bytes[0m
[2026-07-20 11:39:46.525] 
[2026-07-20 11:39:46.756] [0;32mI (257351677) NL_LTPDU: BatchGet 85854B476379: 6 eps, rsp=118 bytes[0m
[2026-07-20 11:39:46.756] 
[2026-07-20 11:39:48.273] [0;32mI (257353192) NL_LTPDU: BatchGet 880A64775B01: 6 eps, rsp=118 bytes[0m
[2026-07-20 11:39:48.273] 
[2026-07-20 11:39:50.238] free heap: 6300240, minimum free heap: 6033104, Internal 8bit free heap: 72012, 8bit free heap: 6300240The current date/time is: Mon Jul 20 03:39:48 2026
[2026-07-20 11:39:50.238] 
[2026-07-20 11:39:50.238] 
[2026-07-20 11:39:51.566] [0;32mI (257356451) NL_LTPDU: BatchGet 3E0AE0494182: 6 eps, rsp=118 bytes[0m
[2026-07-20 11:39:51.566] [0;32mI (257356485) NL_LTPDU: BatchGet 6A76B95FD1DB: 6 eps, rsp=118 bytes[0m
[2026-07-20 11:39:51.566] 
[2026-07-20 11:39:51.690] [0;32mI (257356603) NL_LTPDU: BatchGet 85854B476379: 6 eps, rsp=118 bytes[0m
[2026-07-20 11:39:51.690] 
[2026-07-20 11:39:53.021] [0;32mI (257357945) NL_LTPDU: BatchGet 880A64775B01: 6 eps, rsp=118 bytes[0m
[2026-07-20 11:39:53.021] 
[2026-07-20 11:39:56.315] [0;32mI (257361228) NL_LTPDU: BatchGet 3E0AE0494182: 6 eps, rsp=118 bytes[0m
[2026-07-20 11:39:56.315] 
[2026-07-20 11:39:56.345] [0;32mI (257361267) NL_LTPDU: BatchGet 6A76B95FD1DB: 6 eps, rsp=118 bytes[0m
[2026-07-20 11:39:56.345] 
[2026-07-20 11:39:56.408] [0;32mI (257361325) NL_LTPDU: BatchGet 85854B476379: 6 eps, rsp=118 bytes[0m
[2026-07-20 11:39:56.408] 
[2026-07-20 11:39:58.160] [0;32mI (257363076) NL_LTPDU: BatchGet 880A64775B01: 6 eps, rsp=118 bytes[0m
[2026-07-20 11:39:58.160] 
[2026-07-20 11:39:58.284] free heap: 6300336, minimum free heap: 6033104, Internal 8bit free heap: 72108, 8bit free heap: 6300336The current date/time is: Mon Jul 20 03:39:56 2026
[2026-07-20 11:39:58.284] 
[2026-07-20 11:39:58.284] 
[2026-07-20 11:40:01.430] [0;32mI (257366346) NL_LTPDU: BatchGet 3E0AE0494182: 6 eps, rsp=118 bytes[0m
[2026-07-20 11:40:01.430] 
[2026-07-20 11:40:01.477] [0;32mI (257366396) NL_LTPDU: BatchGet 6A76B95FD1DB: 6 eps, rsp=118 bytes[0m
[2026-07-20 11:40:01.477] 
[2026-07-20 11:40:01.584] [0;32mI (257366508) NL_LTPDU: BatchGet 85854B476379: 6 eps, rsp=118 bytes[0m
[2026-07-20 11:40:01.584] 
[2026-07-20 11:40:03.302] [0;32mI (257368225) NL_LTPDU: BatchGet 880A64775B01: 6 eps, rsp=118 bytes[0m
[2026-07-20 11:40:03.302] 
[2026-07-20 11:40:06.277] free heap: 6300352, minimum free heap: 6033104, Internal 8bit free heap: 72144, 8bit free heap: 6300352The current date/time is: Mon Jul 20 03:40:04 2026
[2026-07-20 11:40:06.277] 
[2026-07-20 11:40:06.277] 
[2026-07-20 11:40:06.602] [0;32mI (257371513) NL_LTPDU: BatchGet 3E0AE0494182: 6 eps, rsp=118 bytes[0m
[2026-07-20 11:40:06.602] 
[2026-07-20 11:40:06.757] [0;32mI (257371667) NL_LTPDU: BatchGet 6A76B95FD1DB: 6 eps, rsp=118 bytes[0m
[2026-07-20 11:40:06.757] 
[2026-07-20 11:40:06.804] [0;32mI (257371726) NL_LTPDU: BatchGet 85854B476379: 6 eps, rsp=118 bytes[0m
[2026-07-20 11:40:06.804] 
[2026-07-20 11:40:08.153] [0;32mI (257373071) NL_LTPDU: BatchGet 880A64775B01: 6 eps, rsp=118 bytes[0m
[2026-07-20 11:40:08.153] 
[2026-07-20 11:40:08.973] Nanoleaf MQTT payload: {"msgType":"control","requestID":"f5d24b21-62e6-4f36-b00d-bd5deed6c725","deviceId":"880A64775B01","endpoint":"lb/0/oo","method":"POST","value":true}
[2026-07-20 11:40:08.973] 
[2026-07-20 11:40:09.065] [0;32mI (257373982) NL_LTPDU: SendCmd POST → 880A64775B01 ep=lb/0/oo[0m
[2026-07-20 11:40:09.065] 
[2026-07-20 11:40:09.407] pTopic:switchlink/B0E9FEC6718C/link_to_nanoleaf_func_resp
[2026-07-20 11:40:09.407] pData:{"msgType":"respond","requestID":"f5d24b21-62e6-4f36-b00d-bd5deed6c725","deviceId":"880A64775B01","success":true,"errorCode":0,"errorMsg":""}
[2026-07-20 11:40:09.407] 
[2026-07-20 11:40:09.562] [0;32mI (257374477) NL_LTPDU: BatchGet 880A64775B01: 6 eps, rsp=118 bytes[0m
[2026-07-20 11:40:09.562] [0;32mI (257374477) TASK_NL: [1] Status changed: on=1 br=15 ct=2187 hu=30 sa=89 eff="*Solid*"[0m
[2026-07-20 11:40:09.562] 
[2026-07-20 11:40:09.641] pTopic:switchlink/B0E9FEC6718C/link_to_nanoleaf_property
[2026-07-20 11:40:09.641] pData:{"msgType":"status","deviceId":"880A64775B01","timestamp":1784518809,"endpoints":[{"endpoint":"lb/0/oo","value":true},{"endpoint":"lb/0/pb","value":15},{"endpoint":"lb/0/ct","value":2187},{"endpoint":"lb/0/hu","value":30},{"endpoint":"lb/0/sa","value":89},{"endpoint":"effect/select","value":"*Solid*"}]}
[2026-07-20 11:40:09.641] 
[2026-07-20 11:40:11.702] [0;32mI (257376625) NL_LTPDU: BatchGet 3E0AE0494182: 6 eps, rsp=118 bytes[0m
[2026-07-20 11:40:11.702] 
[2026-07-20 11:40:11.873] [0;32mI (257376786) NL_LTPDU: BatchGet 6A76B95FD1DB: 6 eps, rsp=118 bytes[0m
[2026-07-20 11:40:11.873] [0;32mI (257376795) NL_LTPDU: BatchGet 85854B476379: 6 eps, rsp=118 bytes[0m
[2026-07-20 11:40:11.873] 
[2026-07-20 11:40:14.306] free heap: 6300212, minimum free heap: 6033104, Internal 8bit free heap: 72012, 8bit free heap: 6300212The current date/time is: Mon Jul 20 03:40:12 2026
[2026-07-20 11:40:14.306] 
[2026-07-20 11:40:14.306] 
[2026-07-20 11:40:14.430] [0;32mI (257379344) NL_LTPDU: BatchGet 880A64775B01: 6 eps, rsp=118 bytes[0m
[2026-07-20 11:40:14.430] 
[2026-07-20 11:40:16.535] [0;32mI (257381459) NL_LTPDU: BatchGet 3E0AE0494182: 6 eps, rsp=118 bytes[0m
[2026-07-20 11:40:16.535] 
[2026-07-20 11:40:16.581] [0;32mI (257381494) NL_LTPDU: BatchGet 6A76B95FD1DB: 6 eps, rsp=118 bytes[0m
[2026-07-20 11:40:16.581] [0;32mI (257381504) NL_LTPDU: BatchGet 85854B476379: 6 eps, rsp=118 bytes[0m
[2026-07-20 11:40:16.581] 
[2026-07-20 11:40:19.544] [0;32mI (257384466) NL_LTPDU: BatchGet 880A64775B01: 6 eps, rsp=118 bytes[0m
[2026-07-20 11:40:19.544] 
[2026-07-20 11:40:21.654] [0;32mI (257386579) NL_LTPDU: BatchGet 3E0AE0494182: 6 eps, rsp=118 bytes[0m
[2026-07-20 11:40:21.654] 
[2026-07-20 11:40:21.716] [0;32mI (257386628) NL_LTPDU: BatchGet 6A76B95FD1DB: 6 eps, rsp=118 bytes[0m
[2026-07-20 11:40:21.716] 
[2026-07-20 11:40:21.778] [0;32mI (257386690) NL_LTPDU: BatchGet 85854B476379: 6 eps, rsp=118 bytes[0m
[2026-07-20 11:40:21.778] 
[2026-07-20 11:40:22.351] free heap: 6300184, minimum free heap: 6033104, Internal 8bit free heap: 71976, 8bit free heap: 6300184The current date/time is: Mon Jul 20 03:40:20 2026
[2026-07-20 11:40:22.351] 
[2026-07-20 11:40:22.351] 
[2026-07-20 11:40:24.938] [0;32mI (257389856) NL_LTPDU: BatchGet 880A64775B01: 6 eps, rsp=118 bytes[0m
[2026-07-20 11:40:24.938] 
[2026-07-20 11:40:26.864] [0;32mI (257391777) NL_LTPDU: BatchGet 3E0AE0494182: 6 eps, rsp=118 bytes[0m
[2026-07-20 11:40:26.864] [0;32mI (257391789) NL_LTPDU: BatchGet 6A76B95FD1DB: 6 eps, rsp=118 bytes[0m
[2026-07-20 11:40:26.864] 
[2026-07-20 11:40:26.911] [0;32mI (257391816) NL_LTPDU: BatchGet 85854B476379: 6 eps, rsp=118 bytes[0m
[2026-07-20 11:40:26.911] 
[2026-07-20 11:40:29.564] [0;32mI (257394479) NL_LTPDU: BatchGet 880A64775B01: 6 eps, rsp=118 bytes[0m
[2026-07-20 11:40:29.564] 
[2026-07-20 11:40:30.351] free heap: 6300352, minimum free heap: 6033104, Internal 8bit free heap: 72144, 8bit free heap: 6300352The current date/time is: Mon Jul 20 03:40:28 2026
[2026-07-20 11:40:30.351] 
[2026-07-20 11:40:30.351] 
[2026-07-20 11:40:30.769] Nanoleaf MQTT payload: {"msgType":"control","requestID":"5b5e43f3-4766-43cb-9212-4bb43be972b3","deviceId":"880A64775B01","endpoint":"lb/0/oo","method":"POST","value":false}
[2026-07-20 11:40:30.769] [0;32mI (257395679) NL_LTPDU: SendCmd POST → 880A64775B01 ep=lb/0/oo[0m
[2026-07-20 11:40:30.769] 
[2026-07-20 11:40:31.034] pTopic:switchlink/B0E9FEC6718C/link_to_nanoleaf_func_resp
[2026-07-20 11:40:31.034] pData:{"msgType":"respond","requestID":"5b5e43f3-4766-43cb-9212-4bb43be972b3","deviceId":"880A64775B01","success":true,"errorCode":0,"errorMsg":""}
[2026-07-20 11:40:31.034] 
[2026-07-20 11:40:31.328] [0;32mI (257396243) NL_LTPDU: BatchGet 880A64775B01: 6 eps, rsp=118 bytes[0m
[2026-07-20 11:40:31.328] [0;32mI (257396244) TASK_NL: [1] Status changed: on=0 br=15 ct=2187 hu=30 sa=89 eff="*Solid*"[0m
[2026-07-20 11:40:31.328] 
[2026-07-20 11:40:31.467] pTopic:switchlink/B0E9FEC6718C/link_to_nanoleaf_property
[2026-07-20 11:40:31.467] pData:{"msgType":"status","deviceId":"880A64775B01","timestamp":1784518831,"endpoints":[{"endpoint":"lb/0/oo","value":false},{"endpoint":"lb/0/pb","value":15},{"endpoint":"lb/0/ct","value":2187},{"endpoint":"lb/0/hu","value":30},{"endpoint":"lb/0/sa","value":89},{"endpoint":"effect/select","value":"*Solid*"}]}
[2026-07-20 11:40:31.467] 
[2026-07-20 11:40:31.979] [0;32mI (257396903) NL_LTPDU: BatchGet 3E0AE0494182: 6 eps, rsp=118 bytes[0m
[2026-07-20 11:40:31.979] 
[2026-07-20 11:40:32.042] [0;32mI (257396935) NL_LTPDU: BatchGet 6A76B95FD1DB: 6 eps, rsp=118 bytes[0m
[2026-07-20 11:40:32.042] [0;32mI (257396957) NL_LTPDU: BatchGet 85854B476379: 6 eps, rsp=118 bytes[0m
[2026-07-20 11:40:32.042] 
[2026-07-20 11:40:36.014] [0;32mI (257400931) NL_LTPDU: BatchGet 880A64775B01: 6 eps, rsp=118 bytes[0m
[2026-07-20 11:40:36.014] 
[2026-07-20 11:40:36.599] uart: 11 AT+MOTION 1
[2026-07-20 11:40:36.599] 
[2026-07-20 11:40:36.599] 
[2026-07-20 11:40:36.599] btn on press
[2026-07-20 11:40:36.599] uart: 130 AT+BCDS ff04000206a5d98b2 0010B940B0E9FEC6718C48ca43a5b6dc0F09af200a0298404c000000000000ff0cff00000000000000000000000000000000ff06
[2026-07-20 11:40:36.599] 
[2026-07-20 11:40:36.599] 
[2026-07-20 11:40:36.599] 
[2026-07-20 11:40:36.721] pTopic:$aws/rules/bi_wifi_data_report/switchlink/B0E9FEC6718C/link_to_shadow
[2026-07-20 11:40:36.721] pData:BCD ff04000206a5d98b2 0010B940B0E9FEC6718C48ca43a5b6dc0F09af200a0298404c000000000000ff0cff00000000000000000000000000000000ff06
[2026-07-20 11:40:36.721] 
[2026-07-20 11:40:37.640] [0;32mI (257402544) NL_LTPDU: BatchGet 3E0AE0494182: 6 eps, rsp=118 bytes[0m
[2026-07-20 11:40:37.640] [0;32mI (257402569) NL_LTPDU: BatchGet 6A76B95FD1DB: 6 eps, rsp=118 bytes[0m
[2026-07-20 11:40:37.640] 
[2026-07-20 11:40:37.671] [0;32mI (257402595) NL_LTPDU: BatchGet 85854B476379: 6 eps, rsp=118 bytes[0m
[2026-07-20 11:40:37.671] 
[2026-07-20 11:40:38.369] free heap: 6300220, minimum free heap: 6033104, Internal 8bit free heap: 72012, 8bit free heap: 6300220The current date/time is: Mon Jul 20 03:40:36 2026
[2026-07-20 11:40:38.369] 
[2026-07-20 11:40:38.369] 
[2026-07-20 11:40:41.131] [0;32mI (257406051) NL_LTPDU: BatchGet 880A64775B01: 6 eps, rsp=118 bytes[0m
[2026-07-20 11:40:41.131] 
[2026-07-20 11:40:41.879] [0;32mI (257406796) NL_LTPDU: BatchGet 3E0AE0494182: 6 eps, rsp=118 bytes[0m
[2026-07-20 11:40:41.879] 
[2026-07-20 11:40:41.972] [0;32mI (257406876) NL_LTPDU: BatchGet 6A76B95FD1DB: 6 eps, rsp=118 bytes[0m
[2026-07-20 11:40:41.972] [0;32mI (257406893) NL_LTPDU: BatchGet 85854B476379: 6 eps, rsp=118 bytes[0m
[2026-07-20 11:40:41.972] 
[2026-07-20 11:40:46.251] [0;32mI (257411166) NL_LTPDU: BatchGet 880A64775B01: 6 eps, rsp=118 bytes[0m
[2026-07-20 11:40:46.251] 
[2026-07-20 11:40:46.376] free heap: 6300336, minimum free heap: 6033104, Internal 8bit free heap: 72108, 8bit free heap: 6300336The current date/time is: Mon Jul 20 03:40:44 2026
[2026-07-20 11:40:46.376] 
[2026-07-20 11:40:46.376] 
[2026-07-20 11:40:47.028] [0;32mI (257411954) NL_LTPDU: BatchGet 3E0AE0494182: 6 eps, rsp=118 bytes[0m
[2026-07-20 11:40:47.028] 
[2026-07-20 11:40:47.090] [0;32mI (257411986) NL_LTPDU: BatchGet 6A76B95FD1DB: 6 eps, rsp=118 bytes[0m
[2026-07-20 11:40:47.090] [0;32mI (257412018) NL_LTPDU: BatchGet 85854B476379: 6 eps, rsp=118 bytes[0m
[2026-07-20 11:40:47.090] 
[2026-07-20 11:40:47.246] Nanoleaf MQTT payload: {"msgType":"control","requestID":"21b3725c-73d7-4f85-8f5e-256a6df65dfa","deviceId":"880A64775B01","endpoint":"lb/0/oo","method":"POST","value":true}
[2026-07-20 11:40:47.246] 
[2026-07-20 11:40:47.292] [0;32mI (257412218) NL_LTPDU: SendCmd POST → 880A64775B01 ep=lb/0/oo[0m
[2026-07-20 11:40:47.292] 
[2026-07-20 11:40:47.834] pTopic:switchlink/B0E9FEC6718C/link_to_nanoleaf_func_resp
[2026-07-20 11:40:47.834] pData:{"msgType":"respond","requestID":"21b3725c-73d7-4f85-8f5e-256a6df65dfa","deviceId":"880A64775B01","success":true,"errorCode":0,"errorMsg":""}
[2026-07-20 11:40:47.834] 
[2026-07-20 11:40:47.881] [0;32mI (257412803) NL_LTPDU: BatchGet 880A64775B01: 6 eps, rsp=118 bytes[0m
[2026-07-20 11:40:47.881] [0;32mI (257412803) TASK_NL: [1] Status changed: on=1 br=15 ct=2187 hu=30 sa=89 eff="*Solid*"[0m
[2026-07-20 11:40:47.881] 
[2026-07-20 11:40:48.067] pTopic:switchlink/B0E9FEC6718C/link_to_nanoleaf_property
[2026-07-20 11:40:48.067] pData:{"msgType":"status","deviceId":"880A64775B01","timestamp":1784518847,"endpoints":[{"endpoint":"lb/0/oo","value":true},{"endpoint":"lb/0/pb","value":15},{"endpoint":"lb/0/ct","value":2187},{"endpoint":"lb/0/hu","value":30},{"endpoint":"lb/0/sa","value":89},{"endpoint":"effect/select","value":"*Solid*"}]}
[2026-07-20 11:40:48.067] 
[2026-07-20 11:40:52.099] [0;32mI (257417023) NL_LTPDU: BatchGet 3E0AE0494182: 6 eps, rsp=118 bytes[0m
[2026-07-20 11:40:52.099] 
[2026-07-20 11:40:52.270] [0;32mI (257417188) NL_LTPDU: BatchGet 6A76B95FD1DB: 6 eps, rsp=118 bytes[0m
[2026-07-20 11:40:52.270] 
[2026-07-20 11:40:52.674] [0;32mI (257417586) NL_LTPDU: BatchGet 85854B476379: 6 eps, rsp=118 bytes[0m
[2026-07-20 11:40:52.674] 
[2026-07-20 11:40:52.920] [0;32mI (257417838) NL_LTPDU: BatchGet 880A64775B01: 6 eps, rsp=118 bytes[0m
[2026-07-20 11:40:52.920] 
[2026-07-20 11:40:54.374] free heap: 6300344, minimum free heap: 6033104, Internal 8bit free heap: 72144, 8bit free heap: 6300344The current date/time is: Mon Jul 20 03:40:52 2026
[2026-07-20 11:40:54.374] 
[2026-07-20 11:40:54.374] 
[2026-07-20 11:40:56.992] [0;32mI (257421908) NL_LTPDU: BatchGet 3E0AE0494182: 6 eps, rsp=118 bytes[0m
[2026-07-20 11:40:56.992] 
[2026-07-20 11:40:57.039] [0;32mI (257421956) NL_LTPDU: BatchGet 6A76B95FD1DB: 6 eps, rsp=118 bytes[0m
[2026-07-20 11:40:57.039] 
[2026-07-20 11:40:57.085] [0;32mI (257421999) NL_LTPDU: BatchGet 85854B476379: 6 eps, rsp=118 bytes[0m
[2026-07-20 11:40:57.085] 
[2026-07-20 11:40:57.812] [0;32mI (257422738) NL_LTPDU: BatchGet 880A64775B01: 6 eps, rsp=118 bytes[0m
[2026-07-20 11:40:57.812] 
[2026-07-20 11:41:02.155] [0;32mI (257427041) NL_LTPDU: BatchGet 3E0AE0494182: 6 eps, rsp=118 bytes[0m
[2026-07-20 11:41:02.155] [0;32mI (257427074) NL_LTPDU: BatchGet 6A76B95FD1DB: 6 eps, rsp=118 bytes[0m
[2026-07-20 11:41:02.155] 
[2026-07-20 11:41:02.201] [0;32mI (257427114) NL_LTPDU: BatchGet 85854B476379: 6 eps, rsp=118 bytes[0m
[2026-07-20 11:41:02.201] 
[2026-07-20 11:41:02.370] free heap: 6300204, minimum free heap: 6033104, Internal 8bit free heap: 71976, 8bit free heap: 6300204The current date/time is: Mon Jul 20 03:41:00 2026
[2026-07-20 11:41:02.370] 
[2026-07-20 11:41:02.370] 
[2026-07-20 11:41:03.005] [0;32mI (257427928) NL_LTPDU: BatchGet 880A64775B01: 6 eps, rsp=118 bytes[0m
[2026-07-20 11:41:03.005] 
[2026-07-20 11:41:07.323] [0;32mI (257432228) NL_LTPDU: BatchGet 3E0AE0494182: 6 eps, rsp=118 bytes[0m
[2026-07-20 11:41:07.323] [0;32mI (257432234) NL_LTPDU: BatchGet 6A76B95FD1DB: 6 eps, rsp=118 bytes[0m
[2026-07-20 11:41:07.323] [0;32mI (257432255) NL_LTPDU: BatchGet 85854B476379: 6 eps, rsp=118 bytes[0m
[2026-07-20 11:41:07.323] 
[2026-07-20 11:41:08.132] [0;32mI (257433050) NL_LTPDU: BatchGet 880A64775B01: 6 eps, rsp=118 bytes[0m
[2026-07-20 11:41:08.132] 
[2026-07-20 11:41:09.169] uart: 11 AT+MOTION 0
[2026-07-20 11:41:09.169] 
[2026-07-20 11:41:09.169] 
[2026-07-20 11:41:09.169] btn on press
[2026-07-20 11:41:09.169] uart: 130 AT+BCDS ff04000206a5d98d3 0010B940B0E9FEC6718C48ca43a5b6dc0F09b0000a0298404c000000000000ff0cfe00000000000000000000000000000000ff06
[2026-07-20 11:41:09.169] 
[2026-07-20 11:41:09.169] 
[2026-07-20 11:41:09.169] 
[2026-07-20 11:41:09.262] pTopic:$aws/rules/bi_wifi_data_report/switchlink/B0E9FEC6718C/link_to_shadow
[2026-07-20 11:41:09.262] pData:BCD ff04000206a5d98d3 0010B940B0E9FEC6718C48ca43a5b6dc0F09b0000a0298404c000000000000ff0cfe00000000000000000000000000000000ff06
[2026-07-20 11:41:09.262] 
[2026-07-20 11:41:10.397] free heap: 6300372, minimum free heap: 6033104, Internal 8bit free heap: 72144, 8bit free heap: 6300372The current date/time is: Mon Jul 20 03:41:08 2026
[2026-07-20 11:41:10.397] 
[2026-07-20 11:41:10.397] 
[2026-07-20 11:41:12.252] [0;32mI (257437141) NL_LTPDU: BatchGet 3E0AE0494182: 6 eps, rsp=118 bytes[0m
[2026-07-20 11:41:12.252] [0;32mI (257437147) NL_LTPDU: BatchGet 6A76B95FD1DB: 6 eps, rsp=118 bytes[0m
[2026-07-20 11:41:12.252] [0;32mI (257437172) NL_LTPDU: BatchGet 85854B476379: 6 eps, rsp=118 bytes[0m
[2026-07-20 11:41:12.252] 
[2026-07-20 11:41:12.868] [0;32mI (257437788) NL_LTPDU: BatchGet 880A64775B01: 6 eps, rsp=118 bytes[0m
[2026-07-20 11:41:12.868] 
[2026-07-20 11:41:18.053] [0;32mI (257442978) NL_LTPDU: BatchGet 3E0AE0494182: 6 eps, rsp=118 bytes[0m
[2026-07-20 11:41:18.053] 
[2026-07-20 11:41:18.208] [0;32mI (257443125) NL_LTPDU: BatchGet 6A76B95FD1DB: 6 eps, rsp=118 bytes[0m
[2026-07-20 11:41:18.208] 
[2026-07-20 11:41:18.302] [0;32mI (257443221) NL_LTPDU: BatchGet 85854B476379: 6 eps, rsp=118 bytes[0m
[2026-07-20 11:41:18.302] 
[2026-07-20 11:41:18.395] free heap: 6300336, minimum free heap: 6033104, Internal 8bit free heap: 72108, 8bit free heap: 6300336The current date/time is: Mon Jul 20 03:41:16 2026
[2026-07-20 11:41:18.395] 
[2026-07-20 11:41:18.395] 
[2026-07-20 11:41:19.078] [0;32mI (257444001) NL_LTPDU: BatchGet 880A64775B01: 6 eps, rsp=118 bytes[0m
[2026-07-20 11:41:19.078] 
[2026-07-20 11:41:22.357] [0;32mI (257447283) NL_LTPDU: BatchGet 3E0AE0494182: 6 eps, rsp=118 bytes[0m
[2026-07-20 11:41:22.357] 
[2026-07-20 11:41:22.606] [0;32mI (257447492) NL_LTPDU: BatchGet 6A76B95FD1DB: 6 eps, rsp=118 bytes[0m
[2026-07-20 11:41:22.606] [0;32mI (257447527) NL_LTPDU: BatchGet 85854B476379: 6 eps, rsp=118 bytes[0m
[2026-07-20 11:41:22.606] 
[2026-07-20 11:41:23.723] [0;32mI (257448642) NL_LTPDU: BatchGet 880A64775B01: 6 eps, rsp=118 bytes[0m
[2026-07-20 11:41:23.723] 
[2026-07-20 11:41:26.402] free heap: 6300220, minimum free heap: 6033104, Internal 8bit free heap: 72012, 8bit free heap: 6300220The current date/time is: Mon Jul 20 03:41:24 2026
[2026-07-20 11:41:26.402] 
[2026-07-20 11:41:26.402] 
[2026-07-20 11:41:27.517] [0;32mI (257452434) NL_LTPDU: BatchGet 3E0AE0494182: 6 eps, rsp=118 bytes[0m
[2026-07-20 11:41:27.517] 
[2026-07-20 11:41:27.611] [0;32mI (257452525) NL_LTPDU: BatchGet 6A76B95FD1DB: 6 eps, rsp=118 bytes[0m
[2026-07-20 11:41:27.611] 
[2026-07-20 11:41:27.826] [0;32mI (257452742) NL_LTPDU: BatchGet 85854B476379: 6 eps, rsp=118 bytes[0m
[2026-07-20 11:41:27.826] 
[2026-07-20 11:41:28.465] [0;32mI (257453390) NL_LTPDU: BatchGet 880A64775B01: 6 eps, rsp=118 bytes[0m
[2026-07-20 11:41:28.465] 
[2026-07-20 11:41:32.313] [0;32mI (257457230) NL_LTPDU: BatchGet 3E0AE0494182: 6 eps, rsp=118 bytes[0m
[2026-07-20 11:41:32.313] [0;32mI (257457243) NL_LTPDU: BatchGet 6A76B95FD1DB: 6 eps, rsp=118 bytes[0m
[2026-07-20 11:41:32.313] 
[2026-07-20 11:41:32.531] [0;32mI (257457445) NL_LTPDU: BatchGet 85854B476379: 6 eps, rsp=118 bytes[0m
[2026-07-20 11:41:32.531] 
[2026-07-20 11:41:33.782] [0;32mI (257458710) NL_LTPDU: BatchGet 880A64775B01: 6 eps, rsp=118 bytes[0m
[2026-07-20 11:41:33.782] 
[2026-07-20 11:41:34.400] free heap: 6300344, minimum free heap: 6033104, Internal 8bit free heap: 72144, 8bit free heap: 6300344The current date/time is: Mon Jul 20 03:41:32 2026
[2026-07-20 11:41:34.400] 
[2026-07-20 11:41:34.400] 
[2026-07-20 11:41:37.517] [0;32mI (257462441) NL_LTPDU: BatchGet 3E0AE0494182: 6 eps, rsp=118 bytes[0m
[2026-07-20 11:41:37.517] 
[2026-07-20 11:41:37.548] [0;32mI (257462475) NL_LTPDU: BatchGet 6A76B95FD1DB: 6 eps, rsp=118 bytes[0m
[2026-07-20 11:41:37.548] 
[2026-07-20 11:41:37.672] [0;32mI (257462595) NL_LTPDU: BatchGet 85854B476379: 6 eps, rsp=118 bytes[0m
[2026-07-20 11:41:37.672] 
[2026-07-20 11:41:38.568] [0;32mI (257463494) NL_LTPDU: BatchGet 880A64775B01: 6 eps, rsp=118 bytes[0m
[2026-07-20 11:41:38.568] 
[2026-07-20 11:41:42.414] free heap: 6247056, minimum free heap: 6033104, Internal 8bit free heap: 72108, 8bit free heap: 6247056The current date/time is: Mon Jul 20 03:41:40 2026
[2026-07-20 11:41:42.414] 
[2026-07-20 11:41:42.414] 
[2026-07-20 11:41:42.599] [0;32mI (257467516) NL_LTPDU: BatchGet 3E0AE0494182: 6 eps, rsp=118 bytes[0m
[2026-07-20 11:41:42.599] 
[2026-07-20 11:41:42.692] [0;32mI (257467595) NL_LTPDU: BatchGet 6A76B95FD1DB: 6 eps, rsp=118 bytes[0m
[2026-07-20 11:41:42.692] [0;32mI (257467619) NL_LTPDU: BatchGet 85854B476379: 6 eps, rsp=118 bytes[0m
[2026-07-20 11:41:42.692] 
[2026-07-20 11:41:43.803] [0;32mI (257468726) NL_LTPDU: BatchGet 880A64775B01: 6 eps, rsp=118 bytes[0m
[2026-07-20 11:41:43.803] 
[2026-07-20 11:41:47.758] [0;32mI (257472679) NL_LTPDU: BatchGet 3E0AE0494182: 6 eps, rsp=118 bytes[0m
[2026-07-20 11:41:47.758] 
[2026-07-20 11:41:47.804] [0;32mI (257472715) NL_LTPDU: BatchGet 6A76B95FD1DB: 6 eps, rsp=118 bytes[0m
[2026-07-20 11:41:47.804] [0;32mI (257472736) NL_LTPDU: BatchGet 85854B476379: 6 eps, rsp=118 bytes[0m
[2026-07-20 11:41:47.804] 
[2026-07-20 11:41:48.886] [0;32mI (257473802) NL_LTPDU: BatchGet 880A64775B01: 6 eps, rsp=118 bytes[0m
[2026-07-20 11:41:48.886] 
[2026-07-20 11:41:50.485] free heap: 6300220, minimum free heap: 6033104, Internal 8bit free heap: 72012, 8bit free heap: 6300220The current date/time is: Mon Jul 20 03:41:48 2026
[2026-07-20 11:41:50.485] 
[2026-07-20 11:41:50.485] 
[2026-07-20 11:41:52.528] [0;32mI (257477430) NL_LTPDU: BatchGet 3E0AE0494182: 6 eps, rsp=118 bytes[0m
[2026-07-20 11:41:52.528] [0;32mI (257477446) NL_LTPDU: BatchGet 6A76B95FD1DB: 6 eps, rsp=118 bytes[0m
[2026-07-20 11:41:52.528] [0;32mI (257477461) NL_LTPDU: BatchGet 85854B476379: 6 eps, rsp=118 bytes[0m
[2026-07-20 11:41:52.528] 
[2026-07-20 11:41:53.706] [0;32mI (257478630) NL_LTPDU: BatchGet 880A64775B01: 6 eps, rsp=118 bytes[0m
[2026-07-20 11:41:53.706] 
[2026-07-20 11:41:57.628] [0;32mI (257482544) NL_LTPDU: BatchGet 3E0AE0494182: 6 eps, rsp=118 bytes[0m
[2026-07-20 11:41:57.628] 
[2026-07-20 11:41:57.797] [0;32mI (257482708) NL_LTPDU: BatchGet 6A76B95FD1DB: 6 eps, rsp=118 bytes[0m
[2026-07-20 11:41:57.797] [0;32mI (257482717) NL_LTPDU: BatchGet 85854B476379: 6 eps, rsp=118 bytes[0m
[2026-07-20 11:41:57.797] 
[2026-07-20 11:41:58.479] free heap: 6300316, minimum free heap: 6033104, Internal 8bit free heap: 72108, 8bit free heap: 6300316The current date/time is: Mon Jul 20 03:41:56 2026
[2026-07-20 11:41:58.479] 
[2026-07-20 11:41:58.479] 
[2026-07-20 11:41:58.820] [0;32mI (257483743) NL_LTPDU: BatchGet 880A64775B01: 6 eps, rsp=118 bytes[0m
[2026-07-20 11:41:58.820] 
[2026-07-20 11:42:03.113] [0;32mI (257488033) NL_LTPDU: BatchGet 3E0AE0494182: 6 eps, rsp=118 bytes[0m
[2026-07-20 11:42:03.113] 
[2026-07-20 11:42:03.313] [0;32mI (257488237) NL_LTPDU: BatchGet 6A76B95FD1DB: 6 eps, rsp=118 bytes[0m
[2026-07-20 11:42:03.313] [0;32mI (257488243) NL_LTPDU: BatchGet 85854B476379: 6 eps, rsp=118 bytes[0m
[2026-07-20 11:42:03.313] 
[2026-07-20 11:42:04.008] [0;32mI (257488924) NL_LTPDU: BatchGet 880A64775B01: 6 eps, rsp=118 bytes[0m
[2026-07-20 11:42:04.008] 
[2026-07-20 11:42:06.482] free heap: 6300228, minimum free heap: 6033104, Internal 8bit free heap: 72012, 8bit free heap: 6300228The current date/time is: Mon Jul 20 03:42:04 2026
[2026-07-20 11:42:06.482] 
[2026-07-20 11:42:06.482] 
[2026-07-20 11:42:07.677] [0;32mI (257492588) NL_LTPDU: BatchGet 3E0AE0494182: 6 eps, rsp=118 bytes[0m
[2026-07-20 11:42:07.677] [0;32mI (257492609) NL_LTPDU: BatchGet 6A76B95FD1DB: 6 eps, rsp=118 bytes[0m
[2026-07-20 11:42:07.677] 
[2026-07-20 11:42:07.755] [0;32mI (257492670) NL_LTPDU: BatchGet 85854B476379: 6 eps, rsp=118 bytes[0m
[2026-07-20 11:42:07.755] 
[2026-07-20 11:42:08.806] [0;32mI (257493734) NL_LTPDU: BatchGet 880A64775B01: 6 eps, rsp=118 bytes[0m
[2026-07-20 11:42:08.806] 
[2026-07-20 11:42:12.880] [0;32mI (257497764) NL_LTPDU: BatchGet 3E0AE0494182: 6 eps, rsp=118 bytes[0m
[2026-07-20 11:42:12.880] [0;32mI (257497787) NL_LTPDU: BatchGet 6A76B95FD1DB: 6 eps, rsp=118 bytes[0m
[2026-07-20 11:42:12.880] [0;32mI (257497807) NL_LTPDU: BatchGet 85854B476379: 6 eps, rsp=118 bytes[0m
[2026-07-20 11:42:12.880] 
[2026-07-20 11:42:14.005] [0;32mI (257498921) NL_LTPDU: BatchGet 880A64775B01: 6 eps, rsp=118 bytes[0m
[2026-07-20 11:42:14.005] 
[2026-07-20 11:42:14.483] free heap: 6300360, minimum free heap: 6033104, Internal 8bit free heap: 72144, 8bit free heap: 6300360The current date/time is: Mon Jul 20 03:42:12 2026
[2026-07-20 11:42:14.483] 
[2026-07-20 11:42:14.483] 
[2026-07-20 11:42:17.968] [0;32mI (257502882) NL_LTPDU: BatchGet 3E0AE0494182: 6 eps, rsp=118 bytes[0m
[2026-07-20 11:42:17.968] [0;32mI (257502899) NL_LTPDU: BatchGet 6A76B95FD1DB: 6 eps, rsp=118 bytes[0m
[2026-07-20 11:42:17.968] 
[2026-07-20 11:42:18.014] [0;32mI (257502935) NL_LTPDU: BatchGet 85854B476379: 6 eps, rsp=118 bytes[0m
[2026-07-20 11:42:18.014] 
[2026-07-20 11:42:18.153] uart: 11 AT+MOTION 1
[2026-07-20 11:42:18.153] 
[2026-07-20 11:42:18.153] 
[2026-07-20 11:42:18.153] btn on press
[2026-07-20 11:42:18.153] uart: 130 AT+BCDS ff04000206a5d9917 0010B940B0E9FEC6718C48ca43a5b6dc0F09b1200a0298404c000000000000ff0cff00000000000000000000000000000000ff06
[2026-07-20 11:42:18.153] 
[2026-07-20 11:42:18.153] 
[2026-07-20 11:42:18.153] 
[2026-07-20 11:42:18.305] pTopic:$aws/rules/bi_wifi_data_report/switchlink/B0E9FEC6718C/link_to_shadow
[2026-07-20 11:42:18.305] pData:BCD ff04000206a5d9917 0010B940B0E9FEC6718C48ca43a5b6dc0F09b1200a0298404c000000000000ff0cff00000000000000000000000000000000ff06
[2026-07-20 11:42:18.305] 
[2026-07-20 11:42:19.095] [0;32mI (257504012) NL_LTPDU: BatchGet 880A64775B01: 6 eps, rsp=118 bytes[0m
[2026-07-20 11:42:19.095] 
[2026-07-20 11:42:22.483] free heap: 6300360, minimum free heap: 6033104, Internal 8bit free heap: 72144, 8bit free heap: 6300360The current date/time is: Mon Jul 20 03:42:20 2026
[2026-07-20 11:42:22.483] 
[2026-07-20 11:42:22.483] 
[2026-07-20 11:42:23.086] [0;32mI (257508003) NL_LTPDU: BatchGet 3E0AE0494182: 6 eps, rsp=118 bytes[0m
[2026-07-20 11:42:23.086] [0;32mI (257508019) NL_LTPDU: BatchGet 6A76B95FD1DB: 6 eps, rsp=118 bytes[0m
[2026-07-20 11:42:23.086] 
[2026-07-20 11:42:23.180] [0;32mI (257508103) NL_LTPDU: BatchGet 85854B476379: 6 eps, rsp=118 bytes[0m
[2026-07-20 11:42:23.180] 
[2026-07-20 11:42:23.920] [0;32mI (257508846) NL_LTPDU: BatchGet 880A64775B01: 6 eps, rsp=118 bytes[0m
[2026-07-20 11:42:23.920] 
[2026-07-20 11:42:27.863] [0;32mI (257512770) NL_LTPDU: BatchGet 3E0AE0494182: 6 eps, rsp=118 bytes[0m
[2026-07-20 11:42:27.863] [0;32mI (257512778) NL_LTPDU: BatchGet 6A76B95FD1DB: 6 eps, rsp=118 bytes[0m
[2026-07-20 11:42:27.863] [0;32mI (257512784) NL_LTPDU: BatchGet 85854B476379: 6 eps, rsp=118 bytes[0m
[2026-07-20 11:42:27.863] 
[2026-07-20 11:42:29.038] [0;32mI (257513965) NL_LTPDU: BatchGet 880A64775B01: 6 eps, rsp=118 bytes[0m
[2026-07-20 11:42:29.038] 
[2026-07-20 11:42:30.513] free heap: 6300228, minimum free heap: 6033104, Internal 8bit free heap: 72012, 8bit free heap: 6300228The current date/time is: Mon Jul 20 03:42:28 2026
[2026-07-20 11:42:30.513] 
[2026-07-20 11:42:30.513] 
[2026-07-20 11:42:32.973] [0;32mI (257517900) NL_LTPDU: BatchGet 3E0AE0494182: 6 eps, rsp=118 bytes[0m
[2026-07-20 11:42:32.973] 
[2026-07-20 11:42:33.129] [0;32mI (257518036) NL_LTPDU: BatchGet 6A76B95FD1DB: 6 eps, rsp=118 bytes[0m
[2026-07-20 11:42:33.129] [0;32mI (257518058) NL_LTPDU: BatchGet 85854B476379: 6 eps, rsp=118 bytes[0m
[2026-07-20 11:42:33.129] 
[2026-07-20 11:42:34.272] [0;32mI (257519191) NL_LTPDU: BatchGet 880A64775B01: 6 eps, rsp=118 bytes[0m
[2026-07-20 11:42:34.272] 
[2026-07-20 11:42:38.094] [0;32mI (257523021) NL_LTPDU: BatchGet 3E0AE0494182: 6 eps, rsp=118 bytes[0m
[2026-07-20 11:42:38.094] 
[2026-07-20 11:42:38.140] [0;32mI (257523056) NL_LTPDU: BatchGet 6A76B95FD1DB: 6 eps, rsp=118 bytes[0m
[2026-07-20 11:42:38.140] 
[2026-07-20 11:42:38.356] [0;32mI (257523284) NL_LTPDU: BatchGet 85854B476379: 6 eps, rsp=118 bytes[0m
[2026-07-20 11:42:38.356] 
[2026-07-20 11:42:38.511] free heap: 6300196, minimum free heap: 6033104, Internal 8bit free heap: 71976, 8bit free heap: 6300196The current date/time is: Mon Jul 20 03:42:36 2026
[2026-07-20 11:42:38.511] 
[2026-07-20 11:42:38.511] 
[2026-07-20 11:42:39.360] [0;32mI (257524290) NL_LTPDU: BatchGet 880A64775B01: 6 eps, rsp=118 bytes[0m
[2026-07-20 11:42:39.360] 
[2026-07-20 11:42:43.273] [0;32mI (257528179) NL_LTPDU: BatchGet 3E0AE0494182: 6 eps, rsp=118 bytes[0m
[2026-07-20 11:42:43.273] [0;32mI (257528202) NL_LTPDU: BatchGet 6A76B95FD1DB: 6 eps, rsp=118 bytes[0m
[2026-07-20 11:42:43.273] 
[2026-07-20 11:42:43.583] [0;32mI (257528500) NL_LTPDU: BatchGet 85854B476379: 6 eps, rsp=118 bytes[0m
[2026-07-20 11:42:43.583] 
[2026-07-20 11:42:44.217] [0;32mI (257529137) NL_LTPDU: BatchGet 880A64775B01: 6 eps, rsp=118 bytes[0m
[2026-07-20 11:42:44.217] 
[2026-07-20 11:42:46.523] free heap: 6300352, minimum free heap: 6033104, Internal 8bit free heap: 72144, 8bit free heap: 6300352The current date/time is: Mon Jul 20 03:42:44 2026
[2026-07-20 11:42:46.523] 
[2026-07-20 11:42:46.523] 
[2026-07-20 11:42:48.131] [0;32mI (257533032) NL_LTPDU: BatchGet 3E0AE0494182: 6 eps, rsp=118 bytes[0m
[2026-07-20 11:42:48.131] [0;32mI (257533058) NL_LTPDU: BatchGet 6A76B95FD1DB: 6 eps, rsp=118 bytes[0m
[2026-07-20 11:42:48.131] 
[2026-07-20 11:42:48.208] [0;32mI (257533130) NL_LTPDU: BatchGet 85854B476379: 6 eps, rsp=118 bytes[0m
[2026-07-20 11:42:48.208] 
[2026-07-20 11:42:49.294] [0;32mI (257534213) NL_LTPDU: BatchGet 880A64775B01: 6 eps, rsp=118 bytes[0m
[2026-07-20 11:42:49.294] 
[2026-07-20 11:42:54.008] [0;32mI (257538929) NL_LTPDU: BatchGet 3E0AE0494182: 6 eps, rsp=118 bytes[0m
[2026-07-20 11:42:54.008] 
[2026-07-20 11:42:54.070] [0;32mI (257538994) NL_LTPDU: BatchGet 6A76B95FD1DB: 6 eps, rsp=118 bytes[0m
[2026-07-20 11:42:54.070] 
[2026-07-20 11:42:54.148] [0;32mI (257539065) NL_LTPDU: BatchGet 85854B476379: 6 eps, rsp=118 bytes[0m
[2026-07-20 11:42:54.148] 
[2026-07-20 11:42:54.381] [0;32mI (257539299) NL_LTPDU: BatchGet 880A64775B01: 6 eps, rsp=118 bytes[0m
[2026-07-20 11:42:54.381] 
[2026-07-20 11:42:54.536] free heap: 6300196, minimum free heap: 6033104, Internal 8bit free heap: 72012, 8bit free heap: 6300196The current date/time is: Mon Jul 20 03:42:52 2026
[2026-07-20 11:42:54.536] 
[2026-07-20 11:42:54.536] 
[2026-07-20 11:42:58.405] [0;32mI (257543336) NL_LTPDU: BatchGet 3E0AE0494182: 6 eps, rsp=118 bytes[0m
[2026-07-20 11:42:58.405] 
[2026-07-20 11:42:58.468] [0;32mI (257543398) NL_LTPDU: BatchGet 6A76B95FD1DB: 6 eps, rsp=118 bytes[0m
[2026-07-20 11:42:58.468] 
[2026-07-20 11:42:58.885] [0;32mI (257543813) NL_LTPDU: BatchGet 85854B476379: 6 eps, rsp=118 bytes[0m
[2026-07-20 11:42:58.885] 
[2026-07-20 11:42:59.597] [0;32mI (257544524) NL_LTPDU: BatchGet 880A64775B01: 6 eps, rsp=118 bytes[0m
[2026-07-20 11:42:59.597] 
[2026-07-20 11:43:02.536] free heap: 6300352, minimum free heap: 6033104, Internal 8bit free heap: 72144, 8bit free heap: 6300352The current date/time is: Mon Jul 20 03:43:00 2026
[2026-07-20 11:43:02.536] 
[2026-07-20 11:43:02.536] 
[2026-07-20 11:43:03.543] [0;32mI (257548474) NL_LTPDU: BatchGet 3E0AE0494182: 6 eps, rsp=118 bytes[0m
[2026-07-20 11:43:03.543] 
[2026-07-20 11:43:03.929] [0;32mI (257548859) NL_LTPDU: BatchGet 6A76B95FD1DB: 6 eps, rsp=118 bytes[0m
[2026-07-20 11:43:03.929] 
[2026-07-20 11:43:03.975] [0;32mI (257548898) NL_LTPDU: BatchGet 85854B476379: 6 eps, rsp=118 bytes[0m
[2026-07-20 11:43:03.975] 
[2026-07-20 11:43:04.656] [0;32mI (257549578) NL_LTPDU: BatchGet 880A64775B01: 6 eps, rsp=118 bytes[0m
[2026-07-20 11:43:04.656] 
[2026-07-20 11:43:08.290] [0;32mI (257553212) NL_LTPDU: BatchGet 3E0AE0494182: 6 eps, rsp=118 bytes[0m
[2026-07-20 11:43:08.290] 
[2026-07-20 11:43:08.398] [0;32mI (257553290) NL_LTPDU: BatchGet 6A76B95FD1DB: 6 eps, rsp=118 bytes[0m
[2026-07-20 11:43:08.398] [0;32mI (257553320) NL_LTPDU: BatchGet 85854B476379: 6 eps, rsp=118 bytes[0m
[2026-07-20 11:43:08.398] 
[2026-07-20 11:43:09.603] [0;32mI (257554530) NL_LTPDU: BatchGet 880A64775B01: 6 eps, rsp=118 bytes[0m
[2026-07-20 11:43:09.603] 
[2026-07-20 11:43:10.531] free heap: 6300352, minimum free heap: 6033104, Internal 8bit free heap: 72144, 8bit free heap: 6300352The current date/time is: Mon Jul 20 03:43:08 2026
[2026-07-20 11:43:10.531] 
[2026-07-20 11:43:10.531] 
[2026-07-20 11:43:13.616] [0;32mI (257558545) NL_LTPDU: BatchGet 3E0AE0494182: 6 eps, rsp=118 bytes[0m
[2026-07-20 11:43:13.616] 
[2026-07-20 11:43:13.983] [0;32mI (257558906) NL_LTPDU: BatchGet 6A76B95FD1DB: 6 eps, rsp=118 bytes[0m
[2026-07-20 11:43:13.983] 
[2026-07-20 11:43:14.030] [0;32mI (257558948) NL_LTPDU: BatchGet 85854B476379: 6 eps, rsp=118 bytes[0m
[2026-07-20 11:43:14.030] 
[2026-07-20 11:43:14.679] [0;32mI (257559604) NL_LTPDU: BatchGet 880A64775B01: 6 eps, rsp=118 bytes[0m
[2026-07-20 11:43:14.679] 
[2026-07-20 11:43:18.596] free heap: 6246952, minimum free heap: 6033104, Internal 8bit free heap: 72012, 8bit free heap: 6246952The current date/time is: Mon Jul 20 03:43:16 2026
[2026-07-20 11:43:18.596] 
[2026-07-20 11:43:18.596] [0;32mI (257563503) NL_LTPDU: BatchGet 3E0AE0494182: 6 eps, rsp=118 bytes[0m
[2026-07-20 11:43:18.596] [0;32mI (257563528) NL_LTPDU: BatchGet 6A76B95FD1DB: 6 eps, rsp=118 bytes[0m
[2026-07-20 11:43:18.596] 
[2026-07-20 11:43:18.780] [0;32mI (257563710) NL_LTPDU: BatchGet 85854B476379: 6 eps, rsp=118 bytes[0m
[2026-07-20 11:43:18.780] 
[2026-07-20 11:43:19.812] [0;32mI (257564733) NL_LTPDU: BatchGet 880A64775B01: 6 eps, rsp=118 bytes[0m
[2026-07-20 11:43:19.812] 
[2026-07-20 11:43:23.698] [0;32mI (257568627) NL_LTPDU: BatchGet 3E0AE0494182: 6 eps, rsp=118 bytes[0m
[2026-07-20 11:43:23.698] 
[2026-07-20 11:43:23.745] [0;32mI (257568663) NL_LTPDU: BatchGet 6A76B95FD1DB: 6 eps, rsp=118 bytes[0m
[2026-07-20 11:43:23.745] 
[2026-07-20 11:43:23.854] [0;32mI (257568782) NL_LTPDU: BatchGet 85854B476379: 6 eps, rsp=118 bytes[0m
[2026-07-20 11:43:23.854] 
[2026-07-20 11:43:24.920] [0;32mI (257569849) NL_LTPDU: BatchGet 880A64775B01: 6 eps, rsp=118 bytes[0m
[2026-07-20 11:43:24.920] 
[2026-07-20 11:43:25.168] uart: 11 AT+MOTION 0
[2026-07-20 11:43:25.168] 
[2026-07-20 11:43:25.168] 
[2026-07-20 11:43:25.168] btn on press
[2026-07-20 11:43:25.168] uart: 130 AT+BCDS ff04000206a5d995b 0010B940B0E9FEC6718C48ca43a5b6dc0F09b2000a0298404c000000000000ff0d0200000000000000000000000000000000ff06
[2026-07-20 11:43:25.168] 
[2026-07-20 11:43:25.168] 
[2026-07-20 11:43:25.168] 
[2026-07-20 11:43:25.354] pTopic:$aws/rules/bi_wifi_data_report/switchlink/B0E9FEC6718C/link_to_shadow
[2026-07-20 11:43:25.354] pData:BCD ff04000206a5d995b 0010B940B0E9FEC6718C48ca43a5b6dc0F09b2000a0298404c000000000000ff0d0200000000000000000000000000000000ff06
[2026-07-20 11:43:25.354] 
[2026-07-20 11:43:26.589] free heap: 6300352, minimum free heap: 6033104, Internal 8bit free heap: 72144, 8bit free heap: 6300352The current date/time is: Mon Jul 20 03:43:24 2026
[2026-07-20 11:43:26.589] 
[2026-07-20 11:43:26.589] 
[2026-07-20 11:43:28.465] [0;32mI (257573385) NL_LTPDU: BatchGet 3E0AE0494182: 6 eps, rsp=118 bytes[0m
[2026-07-20 11:43:28.465] 
[2026-07-20 11:43:28.573] [0;32mI (257573493) NL_LTPDU: BatchGet 6A76B95FD1DB: 6 eps, rsp=118 bytes[0m
[2026-07-20 11:43:28.573] 
[2026-07-20 11:43:28.635] [0;32mI (257573555) NL_LTPDU: BatchGet 85854B476379: 6 eps, rsp=118 bytes[0m
[2026-07-20 11:43:28.635] 
[2026-07-20 11:43:29.702] [0;32mI (257574629) NL_LTPDU: BatchGet 880A64775B01: 6 eps, rsp=118 bytes[0m
[2026-07-20 11:43:29.702] 
[2026-07-20 11:43:32.628] uart: 11 AT+MOTION 1
[2026-07-20 11:43:32.628] 
[2026-07-20 11:43:32.628] 
[2026-07-20 11:43:32.628] btn on press
[2026-07-20 11:43:32.628] uart: 130 AT+BCDS ff04000206a5d9962 0010B940B0E9FEC6718C48ca43a5b6dc0F09b3200a0298404c000000000000ff0cfd00000000000000000000000000000000ff06
[2026-07-20 11:43:32.628] 
[2026-07-20 11:43:32.628] 
[2026-07-20 11:43:32.628] pTopic:$aws/rules/bi_wifi_data_report/switchlink/B0E9FEC6718C/link_to_shadow
[2026-07-20 11:43:32.628] pData:BCD ff04000206a5d9962 0010B940B0E9FEC6718C48ca43a5b6dc0F09b3200a0298404c000000000000ff0cfd00000000000000000000000000000000ff06
[2026-07-20 11:43:32.628] 
[2026-07-20 11:43:33.663] [0;32mI (257578566) NL_LTPDU: BatchGet 3E0AE0494182: 6 eps, rsp=118 bytes[0m
[2026-07-20 11:43:33.663] [0;32mI (257578597) NL_LTPDU: BatchGet 6A76B95FD1DB: 6 eps, rsp=118 bytes[0m
[2026-07-20 11:43:33.663] 
[2026-07-20 11:43:33.894] [0;32mI (257578817) NL_LTPDU: BatchGet 85854B476379: 6 eps, rsp=118 bytes[0m
[2026-07-20 11:43:33.894] 
[2026-07-20 11:43:34.585] free heap: 6300344, minimum free heap: 6033104, Internal 8bit free heap: 72144, 8bit free heap: 6300344The current date/time is: Mon Jul 20 03:43:32 2026
[2026-07-20 11:43:34.585] 
[2026-07-20 11:43:34.585] 
[2026-07-20 11:43:34.862] [0;32mI (257579785) NL_LTPDU: BatchGet 880A64775B01: 6 eps, rsp=118 bytes[0m
[2026-07-20 11:43:34.862] 
[2026-07-20 11:43:38.865] [0;32mI (257583777) NL_LTPDU: BatchGet 3E0AE0494182: 6 eps, rsp=118 bytes[0m
[2026-07-20 11:43:38.865] [0;32mI (257583785) NL_LTPDU: BatchGet 6A76B95FD1DB: 6 eps, rsp=118 bytes[0m
[2026-07-20 11:43:38.865] [0;32mI (257583802) NL_LTPDU: BatchGet 85854B476379: 6 eps, rsp=118 bytes[0m
[2026-07-20 11:43:38.865] 
[2026-07-20 11:43:39.980] [0;32mI (257584910) NL_LTPDU: BatchGet 880A64775B01: 6 eps, rsp=118 bytes[0m
[2026-07-20 11:43:39.980] 
[2026-07-20 11:43:42.638] free heap: 6300220, minimum free heap: 6033104, Internal 8bit free heap: 72012, 8bit free heap: 6300220The current date/time is: Mon Jul 20 03:43:40 2026
[2026-07-20 11:43:42.638] 
[2026-07-20 11:43:42.638] 
[2026-07-20 11:43:44.018] [0;32mI (257588895) NL_LTPDU: BatchGet 3E0AE0494182: 6 eps, rsp=118 bytes[0m
[2026-07-20 11:43:44.018] [0;32mI (257588925) NL_LTPDU: BatchGet 6A76B95FD1DB: 6 eps, rsp=118 bytes[0m
[2026-07-20 11:43:44.018] [0;32mI (257588945) NL_LTPDU: BatchGet 85854B476379: 6 eps, rsp=118 bytes[0m
[2026-07-20 11:43:44.018] 
[2026-07-20 11:43:45.101] [0;32mI (257590023) NL_LTPDU: BatchGet 880A64775B01: 6 eps, rsp=118 bytes[0m
[2026-07-20 11:43:45.101] 
[2026-07-20 11:43:48.724] [0;32mI (257593643) NL_LTPDU: BatchGet 3E0AE0494182: 6 eps, rsp=118 bytes[0m
[2026-07-20 11:43:48.724] [0;32mI (257593662) NL_LTPDU: BatchGet 6A76B95FD1DB: 6 eps, rsp=118 bytes[0m
[2026-07-20 11:43:48.724] 
[2026-07-20 11:43:48.786] [0;32mI (257593715) NL_LTPDU: BatchGet 85854B476379: 6 eps, rsp=118 bytes[0m
[2026-07-20 11:43:48.786] 
[2026-07-20 11:43:49.946] [0;32mI (257594869) NL_LTPDU: BatchGet 880A64775B01: 6 eps, rsp=118 bytes[0m
[2026-07-20 11:43:49.946] 
[2026-07-20 11:43:50.645] free heap: 6300292, minimum free heap: 6033104, Internal 8bit free heap: 72084, 8bit free heap: 6300292The current date/time is: Mon Jul 20 03:43:48 2026
[2026-07-20 11:43:50.645] 
[2026-07-20 11:43:50.645] 
[2026-07-20 11:43:54.107] [0;32mI (257599033) NL_LTPDU: BatchGet 3E0AE0494182: 6 eps, rsp=118 bytes[0m
[2026-07-20 11:43:54.107] 
[2026-07-20 11:43:54.325] [0;32mI (257599245) NL_LTPDU: BatchGet 6A76B95FD1DB: 6 eps, rsp=118 bytes[0m
[2026-07-20 11:43:54.325] [0;32mI (257599263) NL_LTPDU: BatchGet 85854B476379: 6 eps, rsp=118 bytes[0m
[2026-07-20 11:43:54.325] 
[2026-07-20 11:43:55.092] [0;32mI (257600013) NL_LTPDU: BatchGet 880A64775B01: 6 eps, rsp=118 bytes[0m
[2026-07-20 11:43:55.092] 
[2026-07-20 11:43:58.668] free heap: 6300352, minimum free heap: 6033104, Internal 8bit free heap: 72144, 8bit free heap: 6300352The current date/time is: Mon Jul 20 03:43:56 2026
[2026-07-20 11:43:58.668] 
[2026-07-20 11:43:58.668] 
[2026-07-20 11:43:59.024] [0;32mI (257603951) NL_LTPDU: BatchGet 3E0AE0494182: 6 eps, rsp=118 bytes[0m
[2026-07-20 11:43:59.024] 
[2026-07-20 11:43:59.071] [0;32mI (257603986) NL_LTPDU: BatchGet 6A76B95FD1DB: 6 eps, rsp=118 bytes[0m
[2026-07-20 11:43:59.071] [0;32mI (257604003) NL_LTPDU: BatchGet 85854B476379: 6 eps, rsp=118 bytes[0m
[2026-07-20 11:43:59.071] 
[2026-07-20 11:44:00.185] [0;32mI (257605105) NL_LTPDU: BatchGet 880A64775B01: 6 eps, rsp=118 bytes[0m
[2026-07-20 11:44:00.185] 
[2026-07-20 11:44:04.080] [0;32mI (257609005) NL_LTPDU: BatchGet 3E0AE0494182: 6 eps, rsp=118 bytes[0m
[2026-07-20 11:44:04.080] 
[2026-07-20 11:44:04.188] [0;32mI (257609105) NL_LTPDU: BatchGet 6A76B95FD1DB: 6 eps, rsp=118 bytes[0m
[2026-07-20 11:44:04.188] [0;32mI (257609118) NL_LTPDU: BatchGet 85854B476379: 6 eps, rsp=118 bytes[0m
[2026-07-20 11:44:04.188] 
[2026-07-20 11:44:05.162] uart: 11 AT+MOTION 0
[2026-07-20 11:44:05.162] 
[2026-07-20 11:44:05.162] 
[2026-07-20 11:44:05.162] btn on press
[2026-07-20 11:44:05.162] uart: 130 AT+BCDS ff04000206a5d9983 0010B940B0E9FEC6718C48ca43a5b6dc0F09b4000a0298404c000000000000ff0cfd00000000000000000000000000000000ff06
[2026-07-20 11:44:05.162] 
[2026-07-20 11:44:05.162] 
[2026-07-20 11:44:05.162] 
[2026-07-20 11:44:05.346] pTopic:$aws/rules/bi_wifi_data_report/switchlink/B0E9FEC6718C/link_to_shadow
[2026-07-20 11:44:05.346] pData:BCD ff04000206a5d9983 0010B940B0E9FEC6718C48ca43a5b6dc0F09b4000a0298404c000000000000ff0cfd00000000000000000000000000000000ff06
[2026-07-20 11:44:05.346] 
[2026-07-20 11:44:05.811] [0;32mI (257610733) NL_LTPDU: BatchGet 880A64775B01: 6 eps, rsp=118 bytes[0m
[2026-07-20 11:44:05.811] 
[2026-07-20 11:44:06.677] free heap: 6300232, minimum free heap: 6033104, Internal 8bit free heap: 72012, 8bit free heap: 6300232The current date/time is: Mon Jul 20 03:44:04 2026
[2026-07-20 11:44:06.677] 
[2026-07-20 11:44:06.677] 
[2026-07-20 11:44:08.920] [0;32mI (257613850) NL_LTPDU: BatchGet 3E0AE0494182: 6 eps, rsp=118 bytes[0m
[2026-07-20 11:44:08.920] 
[2026-07-20 11:44:08.981] [0;32mI (257613907) NL_LTPDU: BatchGet 6A76B95FD1DB: 6 eps, rsp=118 bytes[0m
[2026-07-20 11:44:08.981] [0;32mI (257613916) NL_LTPDU: BatchGet 85854B476379: 6 eps, rsp=118 bytes[0m
[2026-07-20 11:44:08.981] 
[2026-07-20 11:44:10.142] [0;32mI (257615071) NL_LTPDU: BatchGet 880A64775B01: 6 eps, rsp=118 bytes[0m
[2026-07-20 11:44:10.142] 
[2026-07-20 11:44:14.498] uart: 11 AT+MOTION 1
[2026-07-20 11:44:14.498] 
[2026-07-20 11:44:14.498] 
[2026-07-20 11:44:14.498] btn on press
[2026-07-20 11:44:14.498] uart: 130 AT+BCDS ff04000206a5d998c 0010B940B0E9FEC6718C48ca43a5b6dc0F09b5200a0298404c000000000000ff0cfe00000000000000000000000000000000ff06
[2026-07-20 11:44:14.498] 
[2026-07-20 11:44:14.498] 
[2026-07-20 11:44:14.498] 
[2026-07-20 11:44:14.590] [0;32mI (257619515) NL_LTPDU: BatchGet 3E0AE0494182: 6 eps, rsp=118 bytes[0m
[2026-07-20 11:44:14.590] [0;32mI (257619523) NL_LTPDU: BatchGet 6A76B95FD1DB: 6 eps, rsp=118 bytes[0m
[2026-07-20 11:44:14.590] 
[2026-07-20 11:44:14.667] pTopic:$aws/rules/bi_wifi_data_report/switchlink/B0E9FEC6718C/link_to_shadow
[2026-07-20 11:44:14.667] pData:BCD ff04000206a5d998c 0010B940B0E9FEC6718C48ca43a5b6dc0F09b5200a0298404c000000000000ff0cfe00000000000000000000000000000000ff06
[2026-07-20 11:44:14.667] [0;32mI (257619578) NL_LTPDU: BatchGet 85854B476379: 6 eps, rsp=118 bytes[0m
[2026-07-20 11:44:14.667] free heap: 6298844, minimum free heap: 6033104, Internal 8bit free heap: 72108, 8bit free heap: 6298844The current date/time is: Mon Jul 20 03:44:12 2026
[2026-07-20 11:44:14.667] 
[2026-07-20 11:44:14.667] 
[2026-07-20 11:44:15.300] [0;32mI (257620235) NL_LTPDU: BatchGet 880A64775B01: 6 eps, rsp=118 bytes[0m
[2026-07-20 11:44:15.300] 
[2026-07-20 11:44:19.330] [0;32mI (257624229) NL_LTPDU: BatchGet 3E0AE0494182: 6 eps, rsp=118 bytes[0m
[2026-07-20 11:44:19.330] [0;32mI (257624258) NL_LTPDU: BatchGet 6A76B95FD1DB: 6 eps, rsp=118 bytes[0m
[2026-07-20 11:44:19.330] 
[2026-07-20 11:44:19.376] [0;32mI (257624299) NL_LTPDU: BatchGet 85854B476379: 6 eps, rsp=118 bytes[0m
[2026-07-20 11:44:19.376] 
[2026-07-20 11:44:20.379] [0;32mI (257625306) NL_LTPDU: BatchGet 880A64775B01: 6 eps, rsp=118 bytes[0m
[2026-07-20 11:44:20.379] 
[2026-07-20 11:44:22.693] free heap: 6300232, minimum free heap: 6033104, Internal 8bit free heap: 72012, 8bit free heap: 6300232The current date/time is: Mon Jul 20 03:44:20 2026
[2026-07-20 11:44:22.693] 
[2026-07-20 11:44:22.693] 
[2026-07-20 11:44:24.327] [0;32mI (257629248) NL_LTPDU: BatchGet 3E0AE0494182: 6 eps, rsp=118 bytes[0m
[2026-07-20 11:44:24.327] 
[2026-07-20 11:44:24.542] [0;32mI (257629449) NL_LTPDU: BatchGet 6A76B95FD1DB: 6 eps, rsp=118 bytes[0m
[2026-07-20 11:44:24.542] [0;32mI (257629470) NL_LTPDU: BatchGet 85854B476379: 6 eps, rsp=118 bytes[0m
[2026-07-20 11:44:24.542] 
[2026-07-20 11:44:25.302] [0;32mI (257630227) NL_LTPDU: BatchGet 880A64775B01: 6 eps, rsp=118 bytes[0m
[2026-07-20 11:44:25.302] 
[2026-07-20 11:44:29.173] [0;32mI (257634097) NL_LTPDU: BatchGet 3E0AE0494182: 6 eps, rsp=118 bytes[0m
[2026-07-20 11:44:29.173] 
[2026-07-20 11:44:29.235] [0;32mI (257634162) NL_LTPDU: BatchGet 6A76B95FD1DB: 6 eps, rsp=118 bytes[0m
[2026-07-20 11:44:29.235] 
[2026-07-20 11:44:29.280] [0;32mI (257634211) NL_LTPDU: BatchGet 85854B476379: 6 eps, rsp=118 bytes[0m
[2026-07-20 11:44:29.280] 
[2026-07-20 11:44:30.038] [0;32mI (257634969) ROUTE_HOOK: Received RIO[0m
[2026-07-20 11:44:30.038] [0;32mI (257634970) ROUTE_HOOK: prefix FDEA:C98F:38B2:1:: lifetime 1800[0m
[2026-07-20 11:44:30.038] 
[2026-07-20 11:44:30.408] [0;32mI (257635344) NL_LTPDU: BatchGet 880A64775B01: 6 eps, rsp=118 bytes[0m
[2026-07-20 11:44:30.408] 
[2026-07-20 11:44:30.702] free heap: 6300364, minimum free heap: 6033104, Internal 8bit free heap: 72144, 8bit free heap: 6300364The current date/time is: Mon Jul 20 03:44:28 2026
[2026-07-20 11:44:30.702] 
[2026-07-20 11:44:30.702] 
[2026-07-20 11:44:34.318] [0;32mI (257639213) NL_LTPDU: BatchGet 3E0AE0494182: 6 eps, rsp=118 bytes[0m
[2026-07-20 11:44:34.318] [0;32mI (257639243) NL_LTPDU: BatchGet 6A76B95FD1DB: 6 eps, rsp=118 bytes[0m
[2026-07-20 11:44:34.318] 
[2026-07-20 11:44:34.396] [0;32mI (257639325) NL_LTPDU: BatchGet 85854B476379: 6 eps, rsp=118 bytes[0m
[2026-07-20 11:44:34.396] 
[2026-07-20 11:44:35.588] [0;32mI (257640511) NL_LTPDU: BatchGet 880A64775B01: 6 eps, rsp=118 bytes[0m
[2026-07-20 11:44:35.588] 
[2026-07-20 11:44:38.725] free heap: 6300372, minimum free heap: 6033104, Internal 8bit free heap: 72144, 8bit free heap: 6300372The current date/time is: Mon Jul 20 03:44:36 2026
[2026-07-20 11:44:38.725] 
[2026-07-20 11:44:38.725] 
[2026-07-20 11:44:39.530] [0;32mI (257644458) NL_LTPDU: BatchGet 3E0AE0494182: 6 eps, rsp=118 bytes[0m
[2026-07-20 11:44:39.530] [0;32mI (257644467) NL_LTPDU: BatchGet 6A76B95FD1DB: 6 eps, rsp=118 bytes[0m
[2026-07-20 11:44:39.530] 
[2026-07-20 11:44:39.624] [0;32mI (257644546) NL_LTPDU: BatchGet 85854B476379: 6 eps, rsp=118 bytes[0m
[2026-07-20 11:44:39.624] 
[2026-07-20 11:44:40.413] [0;32mI (257645346) NL_LTPDU: BatchGet 880A64775B01: 6 eps, rsp=118 bytes[0m
[2026-07-20 11:44:40.413] 
[2026-07-20 11:44:45.422] [0;32mI (257650357) NL_LTPDU: BatchGet 3E0AE0494182: 6 eps, rsp=118 bytes[0m
[2026-07-20 11:44:45.422] 
[2026-07-20 11:44:45.579] [0;32mI (257650511) NL_LTPDU: BatchGet 6A76B95FD1DB: 6 eps, rsp=118 bytes[0m
[2026-07-20 11:44:45.579] 
[2026-07-20 11:44:45.671] [0;32mI (257650599) NL_LTPDU: BatchGet 85854B476379: 6 eps, rsp=118 bytes[0m
[2026-07-20 11:44:45.671] 
[2026-07-20 11:44:46.028] [0;32mI (257650951) NL_LTPDU: BatchGet 880A64775B01: 6 eps, rsp=118 bytes[0m
[2026-07-20 11:44:46.028] 
[2026-07-20 11:44:46.738] free heap: 6300220, minimum free heap: 6033104, Internal 8bit free heap: 72012, 8bit free heap: 6300220The current date/time is: Mon Jul 20 03:44:44 2026
[2026-07-20 11:44:46.738] 
[2026-07-20 11:44:46.738] 
[2026-07-20 11:44:49.351] [0;32mI (257654283) NL_LTPDU: BatchGet 3E0AE0494182: 6 eps, rsp=118 bytes[0m
[2026-07-20 11:44:49.351] 
[2026-07-20 11:44:49.520] [0;32mI (257654450) NL_LTPDU: BatchGet 6A76B95FD1DB: 6 eps, rsp=118 bytes[0m
[2026-07-20 11:44:49.520] 
[2026-07-20 11:44:49.628] [0;32mI (257654551) NL_LTPDU: BatchGet 85854B476379: 6 eps, rsp=118 bytes[0m
[2026-07-20 11:44:49.628] 
[2026-07-20 11:44:51.152] [0;32mI (257656076) NL_LTPDU: BatchGet 880A64775B01: 6 eps, rsp=118 bytes[0m
[2026-07-20 11:44:51.152] 
[2026-07-20 11:44:54.532] [0;32mI (257659455) NL_LTPDU: BatchGet 3E0AE0494182: 6 eps, rsp=118 bytes[0m
[2026-07-20 11:44:54.532] 
[2026-07-20 11:44:54.824] free heap: 6246960, minimum free heap: 6033104, Internal 8bit free heap: 72012, 8bit free heap: 6246960The current date/time is: Mon Jul 20 03:44:52 2026
[2026-07-20 11:44:54.824] 
[2026-07-20 11:44:54.824] [0;32mI (257659754) NL_LTPDU: BatchGet 6A76B95FD1DB: 6 eps, rsp=118 bytes[0m
[2026-07-20 11:44:54.824] 
[2026-07-20 11:44:55.148] [0;32mI (257660071) NL_LTPDU: BatchGet 85854B476379: 6 eps, rsp=118 bytes[0m
[2026-07-20 11:44:55.148] 
[2026-07-20 11:44:56.256] [0;32mI (257661185) NL_LTPDU: BatchGet 880A64775B01: 6 eps, rsp=118 bytes[0m
[2026-07-20 11:44:56.256] 
[2026-07-20 11:44:59.654] [0;32mI (257664576) NL_LTPDU: BatchGet 3E0AE0494182: 6 eps, rsp=118 bytes[0m
[2026-07-20 11:44:59.654] 
[2026-07-20 11:44:59.715] [0;32mI (257664643) NL_LTPDU: BatchGet 6A76B95FD1DB: 6 eps, rsp=118 bytes[0m
[2026-07-20 11:44:59.715] 
[2026-07-20 11:44:59.853] [0;32mI (257664783) NL_LTPDU: BatchGet 85854B476379: 6 eps, rsp=118 bytes[0m
[2026-07-20 11:44:59.853] 
[2026-07-20 11:45:01.026] [0;32mI (257665959) NL_LTPDU: BatchGet 880A64775B01: 6 eps, rsp=118 bytes[0m
[2026-07-20 11:45:01.026] 
[2026-07-20 11:45:02.789] free heap: 6300352, minimum free heap: 6033104, Internal 8bit free heap: 72144, 8bit free heap: 6300352The current date/time is: Mon Jul 20 03:45:00 2026
[2026-07-20 11:45:02.789] 
[2026-07-20 11:45:02.789] 
[2026-07-20 11:45:04.474] [0;32mI (257669410) NL_LTPDU: BatchGet 3E0AE0494182: 6 eps, rsp=118 bytes[0m
[2026-07-20 11:45:04.474] 
[2026-07-20 11:45:04.521] [0;32mI (257669442) NL_LTPDU: BatchGet 6A76B95FD1DB: 6 eps, rsp=118 bytes[0m
[2026-07-20 11:45:04.521] 
[2026-07-20 11:45:04.567] [0;32mI (257669494) NL_LTPDU: BatchGet 85854B476379: 6 eps, rsp=118 bytes[0m
[2026-07-20 11:45:04.567] 
[2026-07-20 11:45:06.122] [0;32mI (257671058) NL_LTPDU: BatchGet 880A64775B01: 6 eps, rsp=118 bytes[0m
[2026-07-20 11:45:06.122] 
[2026-07-20 11:45:09.575] [0;32mI (257674512) NL_LTPDU: BatchGet 3E0AE0494182: 6 eps, rsp=118 bytes[0m
[2026-07-20 11:45:09.575] 
[2026-07-20 11:45:09.621] [0;32mI (257674541) NL_LTPDU: BatchGet 6A76B95FD1DB: 6 eps, rsp=118 bytes[0m
[2026-07-20 11:45:09.621] 
[2026-07-20 11:45:09.683] [0;32mI (257674613) NL_LTPDU: BatchGet 85854B476379: 6 eps, rsp=118 bytes[0m
[2026-07-20 11:45:09.683] 
[2026-07-20 11:45:10.811] free heap: 6300160, minimum free heap: 6033104, Internal 8bit free heap: 71952, 8bit free heap: 6300160The current date/time is: Mon Jul 20 03:45:08 2026
[2026-07-20 11:45:10.811] 
[2026-07-20 11:45:10.811] 
[2026-07-20 11:45:11.322] [0;32mI (257676254) NL_LTPDU: BatchGet 880A64775B01: 6 eps, rsp=118 bytes[0m
[2026-07-20 11:45:11.322] 
[2026-07-20 11:45:14.814] [0;32mI (257679730) NL_LTPDU: BatchGet 3E0AE0494182: 6 eps, rsp=118 bytes[0m
[2026-07-20 11:45:14.814] [0;32mI (257679738) NL_LTPDU: BatchGet 6A76B95FD1DB: 6 eps, rsp=118 bytes[0m
[2026-07-20 11:45:14.814] [0;32mI (257679757) NL_LTPDU: BatchGet 85854B476379: 6 eps, rsp=118 bytes[0m
[2026-07-20 11:45:14.814] 
[2026-07-20 11:45:15.155] uart: 11 AT+MOTION 0
[2026-07-20 11:45:15.155] 
[2026-07-20 11:45:15.155] 
[2026-07-20 11:45:15.155] btn on press
[2026-07-20 11:45:15.155] uart: 130 AT+BCDS ff04000206a5d99c9 0010B940B0E9FEC6718C48ca43a5b6dc0F09b6000a0298404c000000000000ff0d0200000000000000000000000000000000ff06
[2026-07-20 11:45:15.155] 
[2026-07-20 11:45:15.155] 
[2026-07-20 11:45:15.155] 
[2026-07-20 11:45:15.217] pTopic:$aws/rules/bi_wifi_data_report/switchlink/B0E9FEC6718C/link_to_shadow
[2026-07-20 11:45:15.217] pData:BCD ff04000206a5d99c9 0010B940B0E9FEC6718C48ca43a5b6dc0F09b6000a0298404c000000000000ff0d0200000000000000000000000000000000ff06
[2026-07-20 11:45:15.217] 
[2026-07-20 11:45:16.078] [0;32mI (257681014) NL_LTPDU: BatchGet 880A64775B01: 6 eps, rsp=118 bytes[0m
[2026-07-20 11:45:16.078] 
[2026-07-20 11:45:18.816] free heap: 6300344, minimum free heap: 6033104, Internal 8bit free heap: 72144, 8bit free heap: 6300344The current date/time is: Mon Jul 20 03:45:16 2026
[2026-07-20 11:45:18.816] 
[2026-07-20 11:45:18.816] 
[2026-07-20 11:45:19.942] [0;32mI (257684849) NL_LTPDU: BatchGet 3E0AE0494182: 6 eps, rsp=118 bytes[0m
[2026-07-20 11:45:19.942] [0;32mI (257684857) NL_LTPDU: BatchGet 6A76B95FD1DB: 6 eps, rsp=118 bytes[0m
[2026-07-20 11:45:19.942] [0;32mI (257684871) NL_LTPDU: BatchGet 85854B476379: 6 eps, rsp=118 bytes[0m
[2026-07-20 11:45:19.942] 
[2026-07-20 11:45:21.255] [0;32mI (257686185) NL_LTPDU: BatchGet 880A64775B01: 6 eps, rsp=118 bytes[0m
[2026-07-20 11:45:21.255] 
[2026-07-20 11:45:24.694] [0;32mI (257689620) NL_LTPDU: BatchGet 3E0AE0494182: 6 eps, rsp=118 bytes[0m
[2026-07-20 11:45:24.694] 
[2026-07-20 11:45:24.740] [0;32mI (257689660) NL_LTPDU: BatchGet 6A76B95FD1DB: 6 eps, rsp=118 bytes[0m
[2026-07-20 11:45:24.740] [0;32mI (257689683) NL_LTPDU: BatchGet 85854B476379: 6 eps, rsp=118 bytes[0m
[2026-07-20 11:45:24.740] 
[2026-07-20 11:45:26.116] [0;32mI (257691050) NL_LTPDU: BatchGet 880A64775B01: 6 eps, rsp=118 bytes[0m
[2026-07-20 11:45:26.116] 
[2026-07-20 11:45:26.286] uart: 9 AT+STATUS
[2026-07-20 11:45:26.286] 
[2026-07-20 11:45:26.286] 
[2026-07-20 11:45:26.286] wifi status is 5 1 2
[2026-07-20 11:45:26.286] 
[2026-07-20 11:45:26.286] wifi ipv4 info:
[2026-07-20 11:45:26.286] 
[2026-07-20 11:45:26.286] 192.168.50.200.
[2026-07-20 11:45:26.286] 
[2026-07-20 11:45:26.286] 255.255.255.0.
[2026-07-20 11:45:26.286] 
[2026-07-20 11:45:26.286] 192.168.50.1.
[2026-07-20 11:45:26.286] 
[2026-07-20 11:45:26.286] 
[2026-07-20 11:45:26.395] uart: 10 AT+GET_UTC
[2026-07-20 11:45:26.395] 
[2026-07-20 11:45:26.395] 
[2026-07-20 11:45:26.395] utc 3, 6a
[2026-07-20 11:45:26.395] 
[2026-07-20 11:45:26.395] utc 2, 5d
[2026-07-20 11:45:26.395] 
[2026-07-20 11:45:26.395] utc 1, 99
[2026-07-20 11:45:26.395] 
[2026-07-20 11:45:26.395] utc 0, d3
[2026-07-20 11:45:26.395] 
[2026-07-20 11:45:26.395] UTC : 6a5d99d3
[2026-07-20 11:45:26.395] 
[2026-07-20 11:45:26.395] 
[2026-07-20 11:45:26.814] free heap: 6300372, minimum free heap: 6033104, Internal 8bit free heap: 72144, 8bit free heap: 6300372The current date/time is: Mon Jul 20 03:45:24 2026
[2026-07-20 11:45:26.814] 
[2026-07-20 11:45:26.814] 
[2026-07-20 11:45:29.893] [0;32mI (257694782) NL_LTPDU: BatchGet 3E0AE0494182: 6 eps, rsp=118 bytes[0m
[2026-07-20 11:45:29.893] [0;32mI (257694803) NL_LTPDU: BatchGet 6A76B95FD1DB: 6 eps, rsp=118 bytes[0m
[2026-07-20 11:45:29.893] [0;32mI (257694823) NL_LTPDU: BatchGet 85854B476379: 6 eps, rsp=118 bytes[0m
[2026-07-20 11:45:29.893] 
[2026-07-20 11:45:31.222] [0;32mI (257696154) NL_LTPDU: BatchGet 880A64775B01: 6 eps, rsp=118 bytes[0m
[2026-07-20 11:45:31.222] 
[2026-07-20 11:45:34.820] free heap: 6246916, minimum free heap: 6033104, Internal 8bit free heap: 71976, 8bit free heap: 6246916The current date/time is: Mon Jul 20 03:45:32 2026
[2026-07-20 11:45:34.820] 
[2026-07-20 11:45:34.820] 
[2026-07-20 11:45:35.037] [0;32mI (257699963) NL_LTPDU: BatchGet 3E0AE0494182: 6 eps, rsp=118 bytes[0m
[2026-07-20 11:45:35.037] 
[2026-07-20 11:45:35.392] [0;32mI (257700317) NL_LTPDU: BatchGet 6A76B95FD1DB: 6 eps, rsp=118 bytes[0m
[2026-07-20 11:45:35.392] 
[2026-07-20 11:45:35.438] [0;32mI (257700371) NL_LTPDU: BatchGet 85854B476379: 6 eps, rsp=118 bytes[0m
[2026-07-20 11:45:35.438] 
[2026-07-20 11:45:36.500] [0;32mI (257701433) NL_LTPDU: BatchGet 880A64775B01: 6 eps, rsp=118 bytes[0m
[2026-07-20 11:45:36.500] 
[2026-07-20 11:45:40.088] [0;32mI (257705024) NL_LTPDU: BatchGet 3E0AE0494182: 6 eps, rsp=118 bytes[0m
[2026-07-20 11:45:40.088] 
[2026-07-20 11:45:40.304] [0;32mI (257705230) NL_LTPDU: BatchGet 6A76B95FD1DB: 6 eps, rsp=118 bytes[0m
[2026-07-20 11:45:40.304] 
[2026-07-20 11:45:40.349] [0;32mI (257705282) NL_LTPDU: BatchGet 85854B476379: 6 eps, rsp=118 bytes[0m
[2026-07-20 11:45:40.349] 
[2026-07-20 11:45:41.456] [0;32mI (257706391) NL_LTPDU: BatchGet 880A64775B01: 6 eps, rsp=118 bytes[0m
[2026-07-20 11:45:41.456] 
[2026-07-20 11:45:42.831] free heap: 6300336, minimum free heap: 6033104, Internal 8bit free heap: 72108, 8bit free heap: 6300336The current date/time is: Mon Jul 20 03:45:40 2026
[2026-07-20 11:45:42.831] 
[2026-07-20 11:45:42.831] 
[2026-07-20 11:45:44.950] [0;32mI (257709880) NL_LTPDU: BatchGet 3E0AE0494182: 6 eps, rsp=118 bytes[0m
[2026-07-20 11:45:44.950] [0;32mI (257709892) NL_LTPDU: BatchGet 6A76B95FD1DB: 6 eps, rsp=118 bytes[0m
[2026-07-20 11:45:44.950] 
[2026-07-20 11:45:45.120] [0;32mI (257710047) NL_LTPDU: BatchGet 85854B476379: 6 eps, rsp=118 bytes[0m
[2026-07-20 11:45:45.120] 
[2026-07-20 11:45:46.649] [0;32mI (257711576) NL_LTPDU: BatchGet 880A64775B01: 6 eps, rsp=118 bytes[0m
[2026-07-20 11:45:46.649] 
[2026-07-20 11:45:50.079] [0;32mI (257715016) NL_LTPDU: BatchGet 3E0AE0494182: 6 eps, rsp=118 bytes[0m
[2026-07-20 11:45:50.079] 
[2026-07-20 11:45:50.126] [0;32mI (257715058) NL_LTPDU: BatchGet 6A76B95FD1DB: 6 eps, rsp=118 bytes[0m
[2026-07-20 11:45:50.126] 
[2026-07-20 11:45:50.157] [0;32mI (257715092) NL_LTPDU: BatchGet 85854B476379: 6 eps, rsp=118 bytes[0m
[2026-07-20 11:45:50.157] 
[2026-07-20 11:45:50.838] free heap: 6300372, minimum free heap: 6033104, Internal 8bit free heap: 72144, 8bit free heap: 6300372The current date/time is: Mon Jul 20 03:45:48 2026
[2026-07-20 11:45:50.838] 
[2026-07-20 11:45:50.838] 
[2026-07-20 11:45:51.412] [0;32mI (257716341) NL_LTPDU: BatchGet 880A64775B01: 6 eps, rsp=118 bytes[0m
[2026-07-20 11:45:51.412] 
[2026-07-20 11:45:55.297] [0;32mI (257720179) NL_LTPDU: BatchGet 3E0AE0494182: 6 eps, rsp=118 bytes[0m
[2026-07-20 11:45:55.297] [0;32mI (257720201) NL_LTPDU: BatchGet 6A76B95FD1DB: 6 eps, rsp=118 bytes[0m
[2026-07-20 11:45:55.297] [0;32mI (257720230) NL_LTPDU: BatchGet 85854B476379: 6 eps, rsp=118 bytes[0m
[2026-07-20 11:45:55.297] 
[2026-07-20 11:45:56.583] [0;32mI (257721510) NL_LTPDU: BatchGet 880A64775B01: 6 eps, rsp=118 bytes[0m
[2026-07-20 11:45:56.583] 
[2026-07-20 11:45:58.849] free heap: 6300212, minimum free heap: 6033104, Internal 8bit free heap: 72012, 8bit free heap: 6300212The current date/time is: Mon Jul 20 03:45:56 2026
[2026-07-20 11:45:58.849] 
[2026-07-20 11:45:58.849] 
[2026-07-20 11:46:00.112] [0;32mI (257725010) NL_LTPDU: BatchGet 3E0AE0494182: 6 eps, rsp=118 bytes[0m
[2026-07-20 11:46:00.112] [0;32mI (257725031) NL_LTPDU: BatchGet 6A76B95FD1DB: 6 eps, rsp=118 bytes[0m
[2026-07-20 11:46:00.112] [0;32mI (257725055) NL_LTPDU: BatchGet 85854B476379: 6 eps, rsp=118 bytes[0m
[2026-07-20 11:46:00.112] 
[2026-07-20 11:46:01.686] [0;32mI (257726625) NL_LTPDU: BatchGet 880A64775B01: 6 eps, rsp=118 bytes[0m
[2026-07-20 11:46:01.686] 
[2026-07-20 11:46:05.580] [0;32mI (257730519) NL_LTPDU: BatchGet 3E0AE0494182: 6 eps, rsp=118 bytes[0m
[2026-07-20 11:46:05.580] 
[2026-07-20 11:46:05.642] [0;32mI (257730560) NL_LTPDU: BatchGet 6A76B95FD1DB: 6 eps, rsp=118 bytes[0m
[2026-07-20 11:46:05.642] [0;32mI (257730583) NL_LTPDU: BatchGet 85854B476379: 6 eps, rsp=118 bytes[0m
[2026-07-20 11:46:05.642] 
[2026-07-20 11:46:06.520] [0;32mI (257731449) NL_LTPDU: BatchGet 880A64775B01: 6 eps, rsp=118 bytes[0m
[2026-07-20 11:46:06.520] 
[2026-07-20 11:46:06.845] free heap: 6300352, minimum free heap: 6033104, Internal 8bit free heap: 72144, 8bit free heap: 6300352The current date/time is: Mon Jul 20 03:46:04 2026
[2026-07-20 11:46:06.845] 
[2026-07-20 11:46:06.845] 
[2026-07-20 11:46:10.161] [0;32mI (257735088) NL_LTPDU: BatchGet 3E0AE0494182: 6 eps, rsp=118 bytes[0m
[2026-07-20 11:46:10.161] 
[2026-07-20 11:46:10.360] [0;32mI (257735263) NL_LTPDU: BatchGet 6A76B95FD1DB: 6 eps, rsp=118 bytes[0m
[2026-07-20 11:46:10.360] [0;32mI (257735293) NL_LTPDU: BatchGet 85854B476379: 6 eps, rsp=118 bytes[0m
[2026-07-20 11:46:10.360] 
[2026-07-20 11:46:11.632] [0;32mI (257736561) NL_LTPDU: BatchGet 880A64775B01: 6 eps, rsp=118 bytes[0m
[2026-07-20 11:46:11.632] 
[2026-07-20 11:46:14.855] free heap: 6300344, minimum free heap: 6033104, Internal 8bit free heap: 72144, 8bit free heap: 6300344The current date/time is: Mon Jul 20 03:46:12 2026
[2026-07-20 11:46:14.855] 
[2026-07-20 11:46:14.855] 
[2026-07-20 11:46:15.318] [0;32mI (257740248) NL_LTPDU: BatchGet 3E0AE0494182: 6 eps, rsp=118 bytes[0m
[2026-07-20 11:46:15.318] 
[2026-07-20 11:46:15.536] [0;32mI (257740450) NL_LTPDU: BatchGet 6A76B95FD1DB: 6 eps, rsp=118 bytes[0m
[2026-07-20 11:46:15.536] [0;32mI (257740479) NL_LTPDU: BatchGet 85854B476379: 6 eps, rsp=118 bytes[0m
[2026-07-20 11:46:15.536] 
[2026-07-20 11:46:16.851] [0;32mI (257741783) NL_LTPDU: BatchGet 880A64775B01: 6 eps, rsp=118 bytes[0m
[2026-07-20 11:46:16.851] 
[2026-07-20 11:46:19.297] uart: 11 AT+MOTION 1
[2026-07-20 11:46:19.297] 
[2026-07-20 11:46:19.297] 
[2026-07-20 11:46:19.297] btn on press
[2026-07-20 11:46:19.297] uart: 130 AT+BCDS ff04000206a5d9a07 0010B940B0E9FEC6718C48ca43a5b6dc0F09b7200a0298404c000000000000ff0d0200000000000000000000000000000000ff06
[2026-07-20 11:46:19.297] 
[2026-07-20 11:46:19.297] 
[2026-07-20 11:46:19.297] 
[2026-07-20 11:46:19.436] pTopic:$aws/rules/bi_wifi_data_report/switchlink/B0E9FEC6718C/link_to_shadow
[2026-07-20 11:46:19.436] pData:BCD ff04000206a5d9a07 0010B940B0E9FEC6718C48ca43a5b6dc0F09b7200a0298404c000000000000ff0d0200000000000000000000000000000000ff06
[2026-07-20 11:46:19.436] 
[2026-07-20 11:46:20.192] [0;32mI (257745125) NL_LTPDU: BatchGet 3E0AE0494182: 6 eps, rsp=118 bytes[0m
[2026-07-20 11:46:20.192] 
[2026-07-20 11:46:20.285] [0;32mI (257745203) NL_LTPDU: BatchGet 6A76B95FD1DB: 6 eps, rsp=118 bytes[0m
[2026-07-20 11:46:20.285] [0;32mI (257745222) NL_LTPDU: BatchGet 85854B476379: 6 eps, rsp=118 bytes[0m
[2026-07-20 11:46:20.285] 
[2026-07-20 11:46:21.983] [0;32mI (257746910) NL_LTPDU: BatchGet 880A64775B01: 6 eps, rsp=118 bytes[0m
[2026-07-20 11:46:21.983] 
[2026-07-20 11:46:22.877] free heap: 6300220, minimum free heap: 6033104, Internal 8bit free heap: 72012, 8bit free heap: 6300220The current date/time is: Mon Jul 20 03:46:20 2026
[2026-07-20 11:46:22.877] 
[2026-07-20 11:46:22.877] 
[2026-07-20 11:46:25.336] [0;32mI (257750277) NL_LTPDU: BatchGet 3E0AE0494182: 6 eps, rsp=118 bytes[0m
[2026-07-20 11:46:25.336] 
[2026-07-20 11:46:25.414] [0;32mI (257750316) NL_LTPDU: BatchGet 6A76B95FD1DB: 6 eps, rsp=118 bytes[0m
[2026-07-20 11:46:25.414] [0;32mI (257750347) NL_LTPDU: BatchGet 85854B476379: 6 eps, rsp=118 bytes[0m
[2026-07-20 11:46:25.414] 
[2026-07-20 11:46:26.778] [0;32mI (257751709) NL_LTPDU: BatchGet 880A64775B01: 6 eps, rsp=118 bytes[0m
[2026-07-20 11:46:26.778] 
[2026-07-20 11:46:30.462] [0;32mI (257755401) NL_LTPDU: BatchGet 3E0AE0494182: 6 eps, rsp=118 bytes[0m
[2026-07-20 11:46:30.462] 
[2026-07-20 11:46:30.524] [0;32mI (257755432) NL_LTPDU: BatchGet 6A76B95FD1DB: 6 eps, rsp=118 bytes[0m
[2026-07-20 11:46:30.524] [0;32mI (257755464) NL_LTPDU: BatchGet 85854B476379: 6 eps, rsp=118 bytes[0m
[2026-07-20 11:46:30.524] 
[2026-07-20 11:46:30.880] free heap: 6300352, minimum free heap: 6033104, Internal 8bit free heap: 72144, 8bit free heap: 6300352The current date/time is: Mon Jul 20 03:46:28 2026
[2026-07-20 11:46:30.880] 
[2026-07-20 11:46:30.880] 
[2026-07-20 11:46:32.009] [0;32mI (257756938) NL_LTPDU: BatchGet 880A64775B01: 6 eps, rsp=118 bytes[0m
[2026-07-20 11:46:32.009] 
[2026-07-20 11:46:35.590] [0;32mI (257760522) NL_LTPDU: BatchGet 3E0AE0494182: 6 eps, rsp=118 bytes[0m
[2026-07-20 11:46:35.590] 
[2026-07-20 11:46:35.651] [0;32mI (257760574) NL_LTPDU: BatchGet 6A76B95FD1DB: 6 eps, rsp=118 bytes[0m
[2026-07-20 11:46:35.651] [0;32mI (257760588) NL_LTPDU: BatchGet 85854B476379: 6 eps, rsp=118 bytes[0m
[2026-07-20 11:46:35.651] 
[2026-07-20 11:46:37.129] [0;32mI (257762057) NL_LTPDU: BatchGet 880A64775B01: 6 eps, rsp=118 bytes[0m
[2026-07-20 11:46:37.129] 
[2026-07-20 11:46:38.879] free heap: 6298736, minimum free heap: 6033104, Internal 8bit free heap: 72012, 8bit free heap: 6298736The current date/time is: Mon Jul 20 03:46:36 2026
[2026-07-20 11:46:38.879] 
[2026-07-20 11:46:38.879] 
[2026-07-20 11:46:40.351] [0;32mI (257765292) NL_LTPDU: BatchGet 3E0AE0494182: 6 eps, rsp=118 bytes[0m
[2026-07-20 11:46:40.351] 
[2026-07-20 11:46:40.430] [0;32mI (257765357) NL_LTPDU: BatchGet 6A76B95FD1DB: 6 eps, rsp=118 bytes[0m
[2026-07-20 11:46:40.430] 
[2026-07-20 11:46:40.506] [0;32mI (257765448) NL_LTPDU: BatchGet 85854B476379: 6 eps, rsp=118 bytes[0m
[2026-07-20 11:46:40.506] 
[2026-07-20 11:46:41.882] [0;32mI (257766814) NL_LTPDU: BatchGet 880A64775B01: 6 eps, rsp=118 bytes[0m
[2026-07-20 11:46:41.882] 
[2026-07-20 11:46:43.414] uart: 19 AT+TEMPHUMI +240 64
[2026-07-20 11:46:43.414] 
[2026-07-20 11:46:43.414] 
[2026-07-20 11:46:43.414] temp_ep:65535,temp_data:2400 humi_ep:65535,humi_data:6400
[2026-07-20 11:46:43.414] 
[2026-07-20 11:46:43.414] 
[2026-07-20 11:46:45.525] [0;32mI (257770457) NL_LTPDU: BatchGet 3E0AE0494182: 6 eps, rsp=118 bytes[0m
[2026-07-20 11:46:45.525] [0;32mI (257770470) NL_LTPDU: BatchGet 6A76B95FD1DB: 6 eps, rsp=118 bytes[0m
[2026-07-20 11:46:45.525] 
[2026-07-20 11:46:45.634] [0;32mI (257770562) NL_LTPDU: BatchGet 85854B476379: 6 eps, rsp=118 bytes[0m
[2026-07-20 11:46:45.634] 
[2026-07-20 11:46:46.887] free heap: 6245512, minimum free heap: 6033104, Internal 8bit free heap: 72108, 8bit free heap: 6245512The current date/time is: Mon Jul 20 03:46:44 2026
[2026-07-20 11:46:46.887] 
[2026-07-20 11:46:46.887] 
[2026-07-20 11:46:47.043] [0;32mI (257771983) NL_LTPDU: BatchGet 880A64775B01: 6 eps, rsp=118 bytes[0m
[2026-07-20 11:46:47.043] 
[2026-07-20 11:46:50.601] [0;32mI (257775529) NL_LTPDU: BatchGet 3E0AE0494182: 6 eps, rsp=118 bytes[0m
[2026-07-20 11:46:50.601] 
[2026-07-20 11:46:50.649] [0;32mI (257775582) NL_LTPDU: BatchGet 6A76B95FD1DB: 6 eps, rsp=118 bytes[0m
[2026-07-20 11:46:50.649] 
[2026-07-20 11:46:50.832] [0;32mI (257775771) NL_LTPDU: BatchGet 85854B476379: 6 eps, rsp=118 bytes[0m
[2026-07-20 11:46:50.832] 
[2026-07-20 11:46:52.186] [0;32mI (257777116) NL_LTPDU: BatchGet 880A64775B01: 6 eps, rsp=118 bytes[0m
[2026-07-20 11:46:52.186] 
[2026-07-20 11:46:52.431] uart: 11 AT+MOTION 0
[2026-07-20 11:46:52.431] 
[2026-07-20 11:46:52.431] 
[2026-07-20 11:46:52.431] btn on press
[2026-07-20 11:46:52.431] uart: 130 AT+BCDS ff04000206a5d9a29 0010B940B0E9FEC6718C48ca43a5b6dc0F09b8000a0098404c000000000000ff0cff00000000000000000000000000000000ff06
[2026-07-20 11:46:52.431] 
[2026-07-20 11:46:52.431] 
[2026-07-20 11:46:52.431] 
[2026-07-20 11:46:52.555] pTopic:$aws/rules/bi_wifi_data_report/switchlink/B0E9FEC6718C/link_to_shadow
[2026-07-20 11:46:52.555] pData:BCD ff04000206a5d9a29 0010B940B0E9FEC6718C48ca43a5b6dc0F09b8000a0098404c000000000000ff0cff00000000000000000000000000000000ff06
[2026-07-20 11:46:52.555] 
[2026-07-20 11:46:54.886] free heap: 6300344, minimum free heap: 6033104, Internal 8bit free heap: 72144, 8bit free heap: 6300344The current date/time is: Mon Jul 20 03:46:52 2026
[2026-07-20 11:46:54.886] 
[2026-07-20 11:46:54.886] 
[2026-07-20 11:46:55.410] [0;32mI (257780345) NL_LTPDU: BatchGet 3E0AE0494182: 6 eps, rsp=118 bytes[0m
[2026-07-20 11:46:55.410] [0;32mI (257780357) NL_LTPDU: BatchGet 6A76B95FD1DB: 6 eps, rsp=118 bytes[0m
[2026-07-20 11:46:55.410] 
[2026-07-20 11:46:55.472] [0;32mI (257780408) NL_LTPDU: BatchGet 85854B476379: 6 eps, rsp=118 bytes[0m
[2026-07-20 11:46:55.472] 
[2026-07-20 11:46:57.151] [0;32mI (257782091) NL_LTPDU: BatchGet 880A64775B01: 6 eps, rsp=118 bytes[0m
[2026-07-20 11:46:57.151] 
[2026-07-20 11:47:00.521] [0;32mI (257785463) NL_LTPDU: BatchGet 3E0AE0494182: 6 eps, rsp=118 bytes[0m
[2026-07-20 11:47:00.521] 
[2026-07-20 11:47:00.597] [0;32mI (257785529) NL_LTPDU: BatchGet 6A76B95FD1DB: 6 eps, rsp=118 bytes[0m
[2026-07-20 11:47:00.597] 
[2026-07-20 11:47:00.644] [0;32mI (257785574) NL_LTPDU: BatchGet 85854B476379: 6 eps, rsp=118 bytes[0m
[2026-07-20 11:47:00.644] 
[2026-07-20 11:47:02.233] [0;32mI (257787168) NL_LTPDU: BatchGet 880A64775B01: 6 eps, rsp=118 bytes[0m
[2026-07-20 11:47:02.233] 
[2026-07-20 11:47:02.899] free heap: 6300204, minimum free heap: 6033104, Internal 8bit free heap: 71976, 8bit free heap: 6300204The current date/time is: Mon Jul 20 03:47:00 2026
[2026-07-20 11:47:02.899] 
[2026-07-20 11:47:02.899] 
[2026-07-20 11:47:05.652] [0;32mI (257790580) NL_LTPDU: BatchGet 3E0AE0494182: 6 eps, rsp=118 bytes[0m
[2026-07-20 11:47:05.652] [0;32mI (257790591) NL_LTPDU: BatchGet 6A76B95FD1DB: 6 eps, rsp=118 bytes[0m
[2026-07-20 11:47:05.652] 
[2026-07-20 11:47:05.793] [0;32mI (257790722) NL_LTPDU: BatchGet 85854B476379: 6 eps, rsp=118 bytes[0m
[2026-07-20 11:47:05.793] 
[2026-07-20 11:47:07.246] [0;32mI (257792182) NL_LTPDU: BatchGet 880A64775B01: 6 eps, rsp=118 bytes[0m
[2026-07-20 11:47:07.246] 
[2026-07-20 11:47:10.960] [0;32mI (257795852) NL_LTPDU: BatchGet 3E0AE0494182: 6 eps, rsp=118 bytes[0m
[2026-07-20 11:47:10.960] [0;32mI (257795873) NL_LTPDU: BatchGet 6A76B95FD1DB: 6 eps, rsp=118 bytes[0m
[2026-07-20 11:47:10.960] free heap: 6246944, minimum free heap: 6033104, Internal 8bit free heap: 71976, 8bit free heap: 6246944The current date/time is: Mon Jul 20 03:47:08 2026
[2026-07-20 11:47:10.960] 
[2026-07-20 11:47:10.960] [0;32mI (257795893) NL_LTPDU: BatchGet 85854B476379: 6 eps, rsp=118 bytes[0m
[2026-07-20 11:47:10.960] 
[2026-07-20 11:47:12.369] [0;32mI (257797306) NL_LTPDU: BatchGet 880A64775B01: 6 eps, rsp=118 bytes[0m
[2026-07-20 11:47:12.369] 
[2026-07-20 11:47:15.587] [0;32mI (257800528) NL_LTPDU: BatchGet 3E0AE0494182: 6 eps, rsp=118 bytes[0m
[2026-07-20 11:47:15.587] 
[2026-07-20 11:47:15.649] [0;32mI (257800581) NL_LTPDU: BatchGet 6A76B95FD1DB: 6 eps, rsp=118 bytes[0m
[2026-07-20 11:47:15.649] 
[2026-07-20 11:47:16.235] [0;32mI (257801169) NL_LTPDU: BatchGet 85854B476379: 6 eps, rsp=118 bytes[0m
[2026-07-20 11:47:16.235] 
[2026-07-20 11:47:16.327] [0;32mI (257801266) ROUTE_HOOK: Received RIO[0m
[2026-07-20 11:47:16.327] [0;32mI (257801266) ROUTE_HOOK: prefix FDEA:C98F:38B2:1:: lifetime 1800[0m
[2026-07-20 11:47:16.327] 
[2026-07-20 11:47:17.191] [0;32mI (257802132) NL_LTPDU: BatchGet 880A64775B01: 6 eps, rsp=118 bytes[0m
[2026-07-20 11:47:17.191] 
[2026-07-20 11:47:18.957] free heap: 6300372, minimum free heap: 6033104, Internal 8bit free heap: 72144, 8bit free heap: 6300372The current date/time is: Mon Jul 20 03:47:16 2026
[2026-07-20 11:47:18.957] 
[2026-07-20 11:47:18.957] 
[2026-07-20 11:47:20.706] [0;32mI (257805640) NL_LTPDU: BatchGet 3E0AE0494182: 6 eps, rsp=118 bytes[0m
[2026-07-20 11:47:20.706] 
[2026-07-20 11:47:20.768] [0;32mI (257805704) NL_LTPDU: BatchGet 6A76B95FD1DB: 6 eps, rsp=118 bytes[0m
[2026-07-20 11:47:20.768] [0;32mI (257805713) NL_LTPDU: BatchGet 85854B476379: 6 eps, rsp=118 bytes[0m
[2026-07-20 11:47:20.768] 
[2026-07-20 11:47:22.406] [0;32mI (257807341) NL_LTPDU: BatchGet 880A64775B01: 6 eps, rsp=118 bytes[0m
[2026-07-20 11:47:22.406] 
[2026-07-20 11:47:25.885] [0;32mI (257810790) NL_LTPDU: BatchGet 3E0AE0494182: 6 eps, rsp=118 bytes[0m
[2026-07-20 11:47:25.885] [0;32mI (257810821) NL_LTPDU: BatchGet 6A76B95FD1DB: 6 eps, rsp=118 bytes[0m
[2026-07-20 11:47:25.885] [0;32mI (257810834) NL_LTPDU: BatchGet 85854B476379: 6 eps, rsp=118 bytes[0m
[2026-07-20 11:47:25.885] 
[2026-07-20 11:47:26.965] free heap: 6300220, minimum free heap: 6033104, Internal 8bit free heap: 72012, 8bit free heap: 6300220The current date/time is: Mon Jul 20 03:47:24 2026
[2026-07-20 11:47:26.965] 
[2026-07-20 11:47:26.965] 
[2026-07-20 11:47:27.489] [0;32mI (257812430) NL_LTPDU: BatchGet 880A64775B01: 6 eps, rsp=118 bytes[0m
[2026-07-20 11:47:27.489] 
[2026-07-20 11:47:30.701] [0;32mI (257815619) NL_LTPDU: BatchGet 3E0AE0494182: 6 eps, rsp=118 bytes[0m
[2026-07-20 11:47:30.701] [0;32mI (257815649) NL_LTPDU: BatchGet 6A76B95FD1DB: 6 eps, rsp=118 bytes[0m
[2026-07-20 11:47:30.701] 
[2026-07-20 11:47:30.747] [0;32mI (257815675) NL_LTPDU: BatchGet 85854B476379: 6 eps, rsp=118 bytes[0m
[2026-07-20 11:47:30.747] 
[2026-07-20 11:47:32.324] [0;32mI (257817263) NL_LTPDU: BatchGet 880A64775B01: 6 eps, rsp=118 bytes[0m
[2026-07-20 11:47:32.324] 
[2026-07-20 11:47:32.866] uart: 11 AT+MOTION 1
[2026-07-20 11:47:32.866] 
[2026-07-20 11:47:32.866] 
[2026-07-20 11:47:32.866] btn on press
[2026-07-20 11:47:32.866] uart: 130 AT+BCDS ff04000206a5d9a51 0010B940B0E9FEC6718C48ca43a5b6dc0F09b9200a0098404c000000000000ff0cfe00000000000000000000000000000000ff06
[2026-07-20 11:47:32.866] 
[2026-07-20 11:47:32.866] 
[2026-07-20 11:47:32.866] 
[2026-07-20 11:47:32.943] pTopic:$aws/rules/bi_wifi_data_report/switchlink/B0E9FEC6718C/link_to_shadow
[2026-07-20 11:47:32.943] pData:BCD ff04000206a5d9a51 0010B940B0E9FEC6718C48ca43a5b6dc0F09b9200a0098404c000000000000ff0cfe00000000000000000000000000000000ff06
[2026-07-20 11:47:32.943] 
[2026-07-20 11:47:34.964] free heap: 6300308, minimum free heap: 6033104, Internal 8bit free heap: 72108, 8bit free heap: 6300308The current date/time is: Mon Jul 20 03:47:32 2026
[2026-07-20 11:47:34.964] 
[2026-07-20 11:47:34.964] 
[2026-07-20 11:47:35.892] [0;32mI (257820822) NL_LTPDU: BatchGet 3E0AE0494182: 6 eps, rsp=118 bytes[0m
[2026-07-20 11:47:35.892] 
[2026-07-20 11:47:35.939] [0;32mI (257820865) NL_LTPDU: BatchGet 6A76B95FD1DB: 6 eps, rsp=118 bytes[0m
[2026-07-20 11:47:35.939] [0;32mI (257820886) NL_LTPDU: BatchGet 85854B476379: 6 eps, rsp=118 bytes[0m
[2026-07-20 11:47:35.939] 
[2026-07-20 11:47:37.536] [0;32mI (257822478) NL_LTPDU: BatchGet 880A64775B01: 6 eps, rsp=118 bytes[0m
[2026-07-20 11:47:37.536] 
[2026-07-20 11:47:41.012] [0;32mI (257825954) NL_LTPDU: BatchGet 3E0AE0494182: 6 eps, rsp=118 bytes[0m
[2026-07-20 11:47:41.012] 
[2026-07-20 11:47:41.044] [0;32mI (257825983) NL_LTPDU: BatchGet 6A76B95FD1DB: 6 eps, rsp=118 bytes[0m
[2026-07-20 11:47:41.044] [0;32mI (257825992) NL_LTPDU: BatchGet 85854B476379: 6 eps, rsp=118 bytes[0m
[2026-07-20 11:47:41.044] 
[2026-07-20 11:47:42.309] [0;32mI (257827242) NL_LTPDU: BatchGet 880A64775B01: 6 eps, rsp=118 bytes[0m
[2026-07-20 11:47:42.309] 
[2026-07-20 11:47:42.986] free heap: 6300352, minimum free heap: 6033104, Internal 8bit free heap: 72144, 8bit free heap: 6300352The current date/time is: Mon Jul 20 03:47:40 2026
[2026-07-20 11:47:42.986] 
[2026-07-20 11:47:42.986] 
[2026-07-20 11:47:45.860] [0;32mI (257830770) NL_LTPDU: BatchGet 3E0AE0494182: 6 eps, rsp=118 bytes[0m
[2026-07-20 11:47:45.860] [0;32mI (257830782) NL_LTPDU: BatchGet 6A76B95FD1DB: 6 eps, rsp=118 bytes[0m
[2026-07-20 11:47:45.860] [0;32mI (257830803) NL_LTPDU: BatchGet 85854B476379: 6 eps, rsp=118 bytes[0m
[2026-07-20 11:47:45.860] 
[2026-07-20 11:47:47.672] [0;32mI (257832607) NL_LTPDU: BatchGet 880A64775B01: 6 eps, rsp=118 bytes[0m
[2026-07-20 11:47:47.672] 
[2026-07-20 11:47:50.998] free heap: 6245404, minimum free heap: 6033104, Internal 8bit free heap: 72012, 8bit free heap: 6245404The current date/time is: Mon Jul 20 03:47:48 2026
[2026-07-20 11:47:50.998] 
[2026-07-20 11:47:50.998] 
[2026-07-20 11:47:51.075] [0;32mI (257836019) NL_LTPDU: BatchGet 3E0AE0494182: 6 eps, rsp=118 bytes[0m
[2026-07-20 11:47:51.075] 
[2026-07-20 11:47:51.261] [0;32mI (257836194) NL_LTPDU: BatchGet 6A76B95FD1DB: 6 eps, rsp=118 bytes[0m
[2026-07-20 11:47:51.261] 
[2026-07-20 11:47:51.400] [0;32mI (257836338) NL_LTPDU: BatchGet 85854B476379: 6 eps, rsp=118 bytes[0m
[2026-07-20 11:47:51.400] 
[2026-07-20 11:47:52.592] [0;32mI (257837522) NL_LTPDU: BatchGet 880A64775B01: 6 eps, rsp=118 bytes[0m
[2026-07-20 11:47:52.592] 
[2026-07-20 11:47:56.164] [0;32mI (257841109) NL_LTPDU: BatchGet 3E0AE0494182: 6 eps, rsp=118 bytes[0m
[2026-07-20 11:47:56.164] 
[2026-07-20 11:47:56.274] [0;32mI (257841216) NL_LTPDU: BatchGet 6A76B95FD1DB: 6 eps, rsp=118 bytes[0m
[2026-07-20 11:47:56.274] 
[2026-07-20 11:47:56.583] [0;32mI (257841526) NL_LTPDU: BatchGet 85854B476379: 6 eps, rsp=118 bytes[0m
[2026-07-20 11:47:56.583] 
[2026-07-20 11:47:57.431] [0;32mI (257842367) NL_LTPDU: BatchGet 880A64775B01: 6 eps, rsp=118 bytes[0m
[2026-07-20 11:47:57.431] 
[2026-07-20 11:47:59.010] free heap: 6300316, minimum free heap: 6033104, Internal 8bit free heap: 72108, 8bit free heap: 6300316The current date/time is: Mon Jul 20 03:47:56 2026
[2026-07-20 11:47:59.010] 
[2026-07-20 11:47:59.010] 
[2026-07-20 11:48:00.945] [0;32mI (257845888) NL_LTPDU: BatchGet 3E0AE0494182: 6 eps, rsp=118 bytes[0m
[2026-07-20 11:48:00.945] 
[2026-07-20 11:48:01.008] [0;32mI (257845931) NL_LTPDU: BatchGet 6A76B95FD1DB: 6 eps, rsp=118 bytes[0m
[2026-07-20 11:48:01.008] [0;32mI (257845953) NL_LTPDU: BatchGet 85854B476379: 6 eps, rsp=118 bytes[0m
[2026-07-20 11:48:01.008] 
[2026-07-20 11:48:02.585] [0;32mI (257847516) NL_LTPDU: BatchGet 880A64775B01: 6 eps, rsp=118 bytes[0m
[2026-07-20 11:48:02.585] 
[2026-07-20 11:48:03.715] uart: 79 AT+TEST shadow BCD|010211038|6a5d9a70|35b0e9fe527e8301014a6401993d003b01e400|99
[2026-07-20 11:48:03.715] 
[2026-07-20 11:48:03.715] 
[2026-07-20 11:48:03.715] 
[2026-07-20 11:48:03.855] pTopic:$aws/rules/bi_ble_data_report_arch2/switchlink/B0E9FEC6718C/link_to_status
[2026-07-20 11:48:03.855] pData:{"protocolVersion":1,"count":1,"messages":[{"id":"e4abb573-fde7-4c93-90c3-9ff5ac7c4886","eventType":"Wo.Device.DataReport","data":{"deviceID":"b0e9fe527e83","createTime":1784519280,"contentVersion":2,"contentType":"hex","content":"35b0e9fe527e8301014a6401993d003b01e400","seq":153}}]}
[2026-07-20 11:48:03.855] 
[2026-07-20 11:48:05.419] uart: 11 AT+MOTION 0
[2026-07-20 11:48:05.419] 
[2026-07-20 11:48:05.419] 
[2026-07-20 11:48:05.419] btn on press
[2026-07-20 11:48:05.419] uart: 130 AT+BCDS ff04000206a5d9a72 0010B940B0E9FEC6718C48ca43a5b6dc0F09ba000a0098404c000000000000ff0cff00000000000000000000000000000000ff06
[2026-07-20 11:48:05.419] 
[2026-07-20 11:48:05.419] 
[2026-07-20 11:48:05.419] 
[2026-07-20 11:48:05.480] pTopic:$aws/rules/bi_wifi_data_report/switchlink/B0E9FEC6718C/link_to_shadow
[2026-07-20 11:48:05.480] pData:BCD ff04000206a5d9a72 0010B940B0E9FEC6718C48ca43a5b6dc0F09ba000a0098404c000000000000ff0cff00000000000000000000000000000000ff06
[2026-07-20 11:48:05.480] 
[2026-07-20 11:48:07.010] free heap: 6245548, minimum free heap: 6033104, Internal 8bit free heap: 72144, 8bit free heap: 6245548The current date/time is: Mon Jul 20 03:48:04 2026
[2026-07-20 11:48:07.010] 
[2026-07-20 11:48:07.010] 
[2026-07-20 11:48:07.087] [0;32mI (257852017) NL_LTPDU: BatchGet 3E0AE0494182: 6 eps, rsp=118 bytes[0m
[2026-07-20 11:48:07.087] [0;32mI (257852023) NL_LTPDU: BatchGet 6A76B95FD1DB: 6 eps, rsp=118 bytes[0m
[2026-07-20 11:48:07.087] [0;32mI (257852032) NL_LTPDU: BatchGet 85854B476379: 6 eps, rsp=118 bytes[0m
[2026-07-20 11:48:07.087] 
[2026-07-20 11:48:07.731] [0;32mI (257852670) NL_LTPDU: BatchGet 880A64775B01: 6 eps, rsp=118 bytes[0m
[2026-07-20 11:48:07.731] 
[2026-07-20 11:48:11.224] [0;32mI (257856156) NL_LTPDU: BatchGet 3E0AE0494182: 6 eps, rsp=118 bytes[0m
[2026-07-20 11:48:11.224] 
[2026-07-20 11:48:11.426] [0;32mI (257856361) NL_LTPDU: BatchGet 6A76B95FD1DB: 6 eps, rsp=118 bytes[0m
[2026-07-20 11:48:11.426] [0;32mI (257856376) NL_LTPDU: BatchGet 85854B476379: 6 eps, rsp=118 bytes[0m
[2026-07-20 11:48:11.426] 
[2026-07-20 11:48:12.862] [0;32mI (257857799) NL_LTPDU: BatchGet 880A64775B01: 6 eps, rsp=118 bytes[0m
[2026-07-20 11:48:12.862] 
[2026-07-20 11:48:15.025] free heap: 6300212, minimum free heap: 6033104, Internal 8bit free heap: 72012, 8bit free heap: 6300212The current date/time is: Mon Jul 20 03:48:12 2026
[2026-07-20 11:48:15.025] 
[2026-07-20 11:48:15.025] 
[2026-07-20 11:48:16.403] [0;32mI (257861337) NL_LTPDU: BatchGet 3E0AE0494182: 6 eps, rsp=118 bytes[0m
[2026-07-20 11:48:16.403] 
[2026-07-20 11:48:16.542] [0;32mI (257861483) NL_LTPDU: BatchGet 6A76B95FD1DB: 6 eps, rsp=118 bytes[0m
[2026-07-20 11:48:16.542] 
[2026-07-20 11:48:16.572] [0;32mI (257861518) NL_LTPDU: BatchGet 85854B476379: 6 eps, rsp=118 bytes[0m
[2026-07-20 11:48:16.572] 
[2026-07-20 11:48:17.641] [0;32mI (257862572) NL_LTPDU: BatchGet 880A64775B01: 6 eps, rsp=118 bytes[0m
[2026-07-20 11:48:17.641] 
[2026-07-20 11:48:21.171] [0;32mI (257866115) NL_LTPDU: BatchGet 3E0AE0494182: 6 eps, rsp=118 bytes[0m
[2026-07-20 11:48:21.171] 
[2026-07-20 11:48:21.216] [0;32mI (257866152) NL_LTPDU: BatchGet 6A76B95FD1DB: 6 eps, rsp=118 bytes[0m
[2026-07-20 11:48:21.216] 
[2026-07-20 11:48:21.326] [0;32mI (257866265) NL_LTPDU: BatchGet 85854B476379: 6 eps, rsp=118 bytes[0m
[2026-07-20 11:48:21.326] 
[2026-07-20 11:48:22.780] [0;32mI (257867723) NL_LTPDU: BatchGet 880A64775B01: 6 eps, rsp=118 bytes[0m
[2026-07-20 11:48:22.780] 
[2026-07-20 11:48:23.028] free heap: 6300352, minimum free heap: 6033104, Internal 8bit free heap: 72144, 8bit free heap: 6300352The current date/time is: Mon Jul 20 03:48:20 2026
[2026-07-20 11:48:23.028] 
[2026-07-20 11:48:23.028] 
[2026-07-20 11:48:26.418] [0;32mI (257871315) NL_LTPDU: BatchGet 3E0AE0494182: 6 eps, rsp=118 bytes[0m
[2026-07-20 11:48:26.418] [0;32mI (257871340) NL_LTPDU: BatchGet 6A76B95FD1DB: 6 eps, rsp=118 bytes[0m
[2026-07-20 11:48:26.418] [0;32mI (257871363) NL_LTPDU: BatchGet 85854B476379: 6 eps, rsp=118 bytes[0m
[2026-07-20 11:48:26.418] 
[2026-07-20 11:48:27.906] [0;32mI (257872842) NL_LTPDU: BatchGet 880A64775B01: 6 eps, rsp=118 bytes[0m
[2026-07-20 11:48:27.906] 
[2026-07-20 11:48:31.020] free heap: 6300352, minimum free heap: 6033104, Internal 8bit free heap: 72144, 8bit free heap: 6300352The current date/time is: Mon Jul 20 03:48:28 2026
[2026-07-20 11:48:31.020] 
[2026-07-20 11:48:31.020] 
[2026-07-20 11:48:31.516] [0;32mI (257876448) NL_LTPDU: BatchGet 3E0AE0494182: 6 eps, rsp=118 bytes[0m
[2026-07-20 11:48:31.516] 
[2026-07-20 11:48:31.934] [0;32mI (257876852) NL_LTPDU: BatchGet 6A76B95FD1DB: 6 eps, rsp=118 bytes[0m
[2026-07-20 11:48:31.934] [0;32mI (257876883) NL_LTPDU: BatchGet 85854B476379: 6 eps, rsp=118 bytes[0m
[2026-07-20 11:48:31.934] 
[2026-07-20 11:48:33.031] [0;32mI (257877971) NL_LTPDU: BatchGet 880A64775B01: 6 eps, rsp=118 bytes[0m
[2026-07-20 11:48:33.031] 
[2026-07-20 11:48:36.322] [0;32mI (257881239) NL_LTPDU: BatchGet 3E0AE0494182: 6 eps, rsp=118 bytes[0m
[2026-07-20 11:48:36.322] [0;32mI (257881252) NL_LTPDU: BatchGet 6A76B95FD1DB: 6 eps, rsp=118 bytes[0m
[2026-07-20 11:48:36.322] [0;32mI (257881270) NL_LTPDU: BatchGet 85854B476379: 6 eps, rsp=118 bytes[0m
[2026-07-20 11:48:36.322] 
[2026-07-20 11:48:37.869] [0;32mI (257882810) NL_LTPDU: BatchGet 880A64775B01: 6 eps, rsp=118 bytes[0m
[2026-07-20 11:48:37.869] 
[2026-07-20 11:48:39.033] free heap: 6298720, minimum free heap: 6033104, Internal 8bit free heap: 71976, 8bit free heap: 6298720The current date/time is: Mon Jul 20 03:48:36 2026
[2026-07-20 11:48:39.033] 
[2026-07-20 11:48:39.033] 
[2026-07-20 11:48:41.441] [0;32mI (257886379) NL_LTPDU: BatchGet 3E0AE0494182: 6 eps, rsp=118 bytes[0m
[2026-07-20 11:48:41.441] 
[2026-07-20 11:48:41.565] [0;32mI (257886481) NL_LTPDU: BatchGet 6A76B95FD1DB: 6 eps, rsp=118 bytes[0m
[2026-07-20 11:48:41.565] [0;32mI (257886507) NL_LTPDU: BatchGet 85854B476379: 6 eps, rsp=118 bytes[0m
[2026-07-20 11:48:41.565] 
[2026-07-20 11:48:43.076] [0;32mI (257888011) NL_LTPDU: BatchGet 880A64775B01: 6 eps, rsp=118 bytes[0m
[2026-07-20 11:48:43.076] 
[2026-07-20 11:48:46.350] [0;32mI (257891246) NL_LTPDU: BatchGet 3E0AE0494182: 6 eps, rsp=118 bytes[0m
[2026-07-20 11:48:46.350] [0;32mI (257891276) NL_LTPDU: BatchGet 6A76B95FD1DB: 6 eps, rsp=118 bytes[0m
[2026-07-20 11:48:46.350] [0;32mI (257891303) NL_LTPDU: BatchGet 85854B476379: 6 eps, rsp=118 bytes[0m
[2026-07-20 11:48:46.350] 
[2026-07-20 11:48:47.030] free heap: 6300372, minimum free heap: 6033104, Internal 8bit free heap: 72144, 8bit free heap: 6300372The current date/time is: Mon Jul 20 03:48:44 2026
[2026-07-20 11:48:47.030] 
[2026-07-20 11:48:47.030] 
[2026-07-20 11:48:48.172] [0;32mI (257893117) NL_LTPDU: BatchGet 880A64775B01: 6 eps, rsp=118 bytes[0m
[2026-07-20 11:48:48.172] 
[2026-07-20 11:48:51.466] [0;32mI (257896405) NL_LTPDU: BatchGet 3E0AE0494182: 6 eps, rsp=118 bytes[0m
[2026-07-20 11:48:51.466] 
[2026-07-20 11:48:51.620] [0;32mI (257896565) NL_LTPDU: BatchGet 6A76B95FD1DB: 6 eps, rsp=118 bytes[0m
[2026-07-20 11:48:51.620] 
[2026-07-20 11:48:51.666] [0;32mI (257896602) NL_LTPDU: BatchGet 85854B476379: 6 eps, rsp=118 bytes[0m
[2026-07-20 11:48:51.666] 
[2026-07-20 11:48:53.364] [0;32mI (257898306) NL_LTPDU: BatchGet 880A64775B01: 6 eps, rsp=118 bytes[0m
[2026-07-20 11:48:53.364] 
[2026-07-20 11:48:55.031] free heap: 6300240, minimum free heap: 6033104, Internal 8bit free heap: 72012, 8bit free heap: 6300240The current date/time is: Mon Jul 20 03:48:52 2026
[2026-07-20 11:48:55.031] 
[2026-07-20 11:48:55.031] 
[2026-07-20 11:48:56.592] [0;32mI (257901527) NL_LTPDU: BatchGet 3E0AE0494182: 6 eps, rsp=118 bytes[0m
[2026-07-20 11:48:56.592] 
[2026-07-20 11:48:56.686] [0;32mI (257901631) NL_LTPDU: BatchGet 6A76B95FD1DB: 6 eps, rsp=118 bytes[0m
[2026-07-20 11:48:56.686] 
[2026-07-20 11:48:56.778] [0;32mI (257901725) NL_LTPDU: BatchGet 85854B476379: 6 eps, rsp=118 bytes[0m
[2026-07-20 11:48:56.778] 
[2026-07-20 11:48:58.061] [0;32mI (257902995) NL_LTPDU: BatchGet 880A64775B01: 6 eps, rsp=118 bytes[0m
[2026-07-20 11:48:58.061] 
[2026-07-20 11:49:01.456] [0;32mI (257906376) NL_LTPDU: BatchGet 3E0AE0494182: 6 eps, rsp=118 bytes[0m
[2026-07-20 11:49:01.456] [0;32mI (257906403) NL_LTPDU: BatchGet 6A76B95FD1DB: 6 eps, rsp=118 bytes[0m
[2026-07-20 11:49:01.456] 
[2026-07-20 11:49:01.503] [0;32mI (257906439) NL_LTPDU: BatchGet 85854B476379: 6 eps, rsp=118 bytes[0m
[2026-07-20 11:49:01.503] 
[2026-07-20 11:49:03.034] free heap: 6245548, minimum free heap: 6033104, Internal 8bit free heap: 72144, 8bit free heap: 6245548The current date/time is: Mon Jul 20 03:49:00 2026
[2026-07-20 11:49:03.034] 
[2026-07-20 11:49:03.034] 
[2026-07-20 11:49:03.235] [0;32mI (257908181) NL_LTPDU: BatchGet 880A64775B01: 6 eps, rsp=118 bytes[0m
[2026-07-20 11:49:03.235] 
[2026-07-20 11:49:06.575] [0;32mI (257911520) NL_LTPDU: BatchGet 3E0AE0494182: 6 eps, rsp=118 bytes[0m
[2026-07-20 11:49:06.575] 
[2026-07-20 11:49:06.744] [0;32mI (257911661) NL_LTPDU: BatchGet 6A76B95FD1DB: 6 eps, rsp=118 bytes[0m
[2026-07-20 11:49:06.744] [0;32mI (257911687) NL_LTPDU: BatchGet 85854B476379: 6 eps, rsp=118 bytes[0m
[2026-07-20 11:49:06.744] 
[2026-07-20 11:49:08.356] [0;32mI (257913296) NL_LTPDU: BatchGet 880A64775B01: 6 eps, rsp=118 bytes[0m
[2026-07-20 11:49:08.356] 
[2026-07-20 11:49:11.031] free heap: 6300372, minimum free heap: 6033104, Internal 8bit free heap: 72144, 8bit free heap: 6300372The current date/time is: Mon Jul 20 03:49:08 2026
[2026-07-20 11:49:11.031] 
[2026-07-20 11:49:11.031] 
[2026-07-20 11:49:11.726] [0;32mI (257916675) NL_LTPDU: BatchGet 3E0AE0494182: 6 eps, rsp=118 bytes[0m
[2026-07-20 11:49:11.726] 
[2026-07-20 11:49:11.772] [0;32mI (257916710) NL_LTPDU: BatchGet 6A76B95FD1DB: 6 eps, rsp=118 bytes[0m
[2026-07-20 11:49:11.772] 
[2026-07-20 11:49:11.866] [0;32mI (257916800) NL_LTPDU: BatchGet 85854B476379: 6 eps, rsp=118 bytes[0m
[2026-07-20 11:49:11.866] 
[2026-07-20 11:49:13.120] [0;32mI (257918057) NL_LTPDU: BatchGet 880A64775B01: 6 eps, rsp=118 bytes[0m
[2026-07-20 11:49:13.120] 
[2026-07-20 11:49:16.661] [0;32mI (257921555) NL_LTPDU: BatchGet 3E0AE0494182: 6 eps, rsp=118 bytes[0m
[2026-07-20 11:49:16.661] [0;32mI (257921569) NL_LTPDU: BatchGet 6A76B95FD1DB: 6 eps, rsp=118 bytes[0m
[2026-07-20 11:49:16.661] [0;32mI (257921602) NL_LTPDU: BatchGet 85854B476379: 6 eps, rsp=118 bytes[0m
[2026-07-20 11:49:16.661] 
[2026-07-20 11:49:18.287] [0;32mI (257923233) NL_LTPDU: BatchGet 880A64775B01: 6 eps, rsp=118 bytes[0m
[2026-07-20 11:49:18.287] 
[2026-07-20 11:49:19.031] free heap: 6300240, minimum free heap: 6033104, Internal 8bit free heap: 72012, 8bit free heap: 6300240The current date/time is: Mon Jul 20 03:49:16 2026
[2026-07-20 11:49:19.031] 
[2026-07-20 11:49:19.031] 
[2026-07-20 11:49:21.736] [0;32mI (257926665) NL_LTPDU: BatchGet 3E0AE0494182: 6 eps, rsp=118 bytes[0m
[2026-07-20 11:49:21.736] [0;32mI (257926680) NL_LTPDU: BatchGet 6A76B95FD1DB: 6 eps, rsp=118 bytes[0m
[2026-07-20 11:49:21.736] 
[2026-07-20 11:49:21.829] [0;32mI (257926773) NL_LTPDU: BatchGet 85854B476379: 6 eps, rsp=118 bytes[0m
[2026-07-20 11:49:21.829] 
[2026-07-20 11:49:23.125] [0;32mI (257928067) NL_LTPDU: BatchGet 880A64775B01: 6 eps, rsp=118 bytes[0m
[2026-07-20 11:49:23.125] 
[2026-07-20 11:49:26.927] [0;32mI (257931835) NL_LTPDU: BatchGet 3E0AE0494182: 6 eps, rsp=118 bytes[0m
[2026-07-20 11:49:26.927] [0;32mI (257931848) NL_LTPDU: BatchGet 6A76B95FD1DB: 6 eps, rsp=118 bytes[0m
[2026-07-20 11:49:26.927] [0;32mI (257931870) NL_LTPDU: BatchGet 85854B476379: 6 eps, rsp=118 bytes[0m
[2026-07-20 11:49:26.927] 
[2026-07-20 11:49:27.037] free heap: 6300220, minimum free heap: 6033104, Internal 8bit free heap: 72012, 8bit free heap: 6300220The current date/time is: Mon Jul 20 03:49:24 2026
[2026-07-20 11:49:27.037] 
[2026-07-20 11:49:27.037] 
[2026-07-20 11:49:28.350] [0;32mI (257933286) NL_LTPDU: BatchGet 880A64775B01: 6 eps, rsp=118 bytes[0m
[2026-07-20 11:49:28.350] 
[2026-07-20 11:49:29.554] [0;32mI (257934495) ROUTE_HOOK: Received RIO[0m
[2026-07-20 11:49:29.554] [0;32mI (257934495) ROUTE_HOOK: prefix FDEA:C98F:38B2:1:: lifetime 1800[0m
[2026-07-20 11:49:29.554] 
[2026-07-20 11:49:31.708] [0;32mI (257936652) NL_LTPDU: BatchGet 3E0AE0494182: 6 eps, rsp=118 bytes[0m
[2026-07-20 11:49:31.708] 
[2026-07-20 11:49:31.769] [0;32mI (257936715) NL_LTPDU: BatchGet 6A76B95FD1DB: 6 eps, rsp=118 bytes[0m
[2026-07-20 11:49:31.769] 
[2026-07-20 11:49:31.831] [0;32mI (257936772) NL_LTPDU: BatchGet 85854B476379: 6 eps, rsp=118 bytes[0m
[2026-07-20 11:49:31.831] 
[2026-07-20 11:49:33.763] [0;32mI (257938700) NL_LTPDU: BatchGet 880A64775B01: 6 eps, rsp=118 bytes[0m
[2026-07-20 11:49:33.763] 
[2026-07-20 11:49:35.060] free heap: 6300344, minimum free heap: 6033104, Internal 8bit free heap: 72144, 8bit free heap: 6300344The current date/time is: Mon Jul 20 03:49:32 2026
[2026-07-20 11:49:35.060] 
[2026-07-20 11:49:35.060] 
[2026-07-20 11:49:36.824] [0;32mI (257941769) NL_LTPDU: BatchGet 3E0AE0494182: 6 eps, rsp=118 bytes[0m
[2026-07-20 11:49:36.824] 
[2026-07-20 11:49:36.932] [0;32mI (257941864) NL_LTPDU: BatchGet 6A76B95FD1DB: 6 eps, rsp=118 bytes[0m
[2026-07-20 11:49:36.932] [0;32mI (257941880) NL_LTPDU: BatchGet 85854B476379: 6 eps, rsp=118 bytes[0m
[2026-07-20 11:49:36.932] 
[2026-07-20 11:49:38.663] [0;32mI (257943611) NL_LTPDU: BatchGet 880A64775B01: 6 eps, rsp=118 bytes[0m
[2026-07-20 11:49:38.663] 
[2026-07-20 11:49:41.708] [0;32mI (257946648) NL_LTPDU: BatchGet 3E0AE0494182: 6 eps, rsp=118 bytes[0m
[2026-07-20 11:49:41.708] 
[2026-07-20 11:49:41.771] [0;32mI (257946687) NL_LTPDU: BatchGet 6A76B95FD1DB: 6 eps, rsp=118 bytes[0m
[2026-07-20 11:49:41.771] [0;32mI (257946713) NL_LTPDU: BatchGet 85854B476379: 6 eps, rsp=118 bytes[0m
[2026-07-20 11:49:41.771] 
[2026-07-20 11:49:43.066] free heap: 6300184, minimum free heap: 6033104, Internal 8bit free heap: 71976, 8bit free heap: 6300184The current date/time is: Mon Jul 20 03:49:40 2026
[2026-07-20 11:49:43.066] 
[2026-07-20 11:49:43.066] 
[2026-07-20 11:49:43.376] [0;32mI (257948315) NL_LTPDU: BatchGet 880A64775B01: 6 eps, rsp=118 bytes[0m
[2026-07-20 11:49:43.376] 
[2026-07-20 11:49:46.876] [0;32mI (257951824) NL_LTPDU: BatchGet 3E0AE0494182: 6 eps, rsp=118 bytes[0m
[2026-07-20 11:49:46.876] 
[2026-07-20 11:49:47.075] [0;32mI (257952011) NL_LTPDU: BatchGet 6A76B95FD1DB: 6 eps, rsp=118 bytes[0m
[2026-07-20 11:49:47.075] [0;32mI (257952024) NL_LTPDU: BatchGet 85854B476379: 6 eps, rsp=118 bytes[0m
[2026-07-20 11:49:47.075] 
[2026-07-20 11:49:48.419] [0;32mI (257953363) NL_LTPDU: BatchGet 880A64775B01: 6 eps, rsp=118 bytes[0m
[2026-07-20 11:49:48.419] 
[2026-07-20 11:49:51.058] free heap: 6300352, minimum free heap: 6033104, Internal 8bit free heap: 72144, 8bit free heap: 6300352The current date/time is: Mon Jul 20 03:49:48 2026
[2026-07-20 11:49:51.058] 
[2026-07-20 11:49:51.058] 
[2026-07-20 11:49:52.017] [0;32mI (257956923) NL_LTPDU: BatchGet 3E0AE0494182: 6 eps, rsp=118 bytes[0m
[2026-07-20 11:49:52.017] [0;32mI (257956960) NL_LTPDU: BatchGet 6A76B95FD1DB: 6 eps, rsp=118 bytes[0m
[2026-07-20 11:49:52.017] 
[2026-07-20 11:49:52.279] [0;32mI (257957220) NL_LTPDU: BatchGet 85854B476379: 6 eps, rsp=118 bytes[0m
[2026-07-20 11:49:52.279] 
[2026-07-20 11:49:53.323] [0;32mI (257958261) NL_LTPDU: BatchGet 880A64775B01: 6 eps, rsp=118 bytes[0m
[2026-07-20 11:49:53.323] 
[2026-07-20 11:49:56.849] [0;32mI (257961798) NL_LTPDU: BatchGet 3E0AE0494182: 6 eps, rsp=118 bytes[0m
[2026-07-20 11:49:56.849] [0;32mI (257961806) NL_LTPDU: BatchGet 6A76B95FD1DB: 6 eps, rsp=118 bytes[0m
[2026-07-20 11:49:56.849] 
[2026-07-20 11:49:56.910] [0;32mI (257961860) NL_LTPDU: BatchGet 85854B476379: 6 eps, rsp=118 bytes[0m
[2026-07-20 11:49:56.910] 
[2026-07-20 11:49:58.436] [0;32mI (257963373) NL_LTPDU: BatchGet 880A64775B01: 6 eps, rsp=118 bytes[0m
[2026-07-20 11:49:58.436] 
[2026-07-20 11:49:59.071] free heap: 6300352, minimum free heap: 6033104, Internal 8bit free heap: 72144, 8bit free heap: 6300352The current date/time is: Mon Jul 20 03:49:56 2026
[2026-07-20 11:49:59.071] 
[2026-07-20 11:49:59.071] 
[2026-07-20 11:50:02.039] [0;32mI (257966961) NL_LTPDU: BatchGet 3E0AE0494182: 6 eps, rsp=118 bytes[0m
[2026-07-20 11:50:02.039] [0;32mI (257966994) NL_LTPDU: BatchGet 6A76B95FD1DB: 6 eps, rsp=118 bytes[0m
[2026-07-20 11:50:02.039] 
[2026-07-20 11:50:02.070] [0;32mI (257967018) NL_LTPDU: BatchGet 85854B476379: 6 eps, rsp=118 bytes[0m
[2026-07-20 11:50:02.070] 
[2026-07-20 11:50:03.554] [0;32mI (257968500) NL_LTPDU: BatchGet 880A64775B01: 6 eps, rsp=118 bytes[0m
[2026-07-20 11:50:03.554] 
[2026-07-20 11:50:06.898] [0;32mI (257971843) NL_LTPDU: BatchGet 3E0AE0494182: 6 eps, rsp=118 bytes[0m
[2026-07-20 11:50:06.898] 
[2026-07-20 11:50:06.960] [0;32mI (257971894) NL_LTPDU: BatchGet 6A76B95FD1DB: 6 eps, rsp=118 bytes[0m
[2026-07-20 11:50:06.960] [0;32mI (257971916) NL_LTPDU: BatchGet 85854B476379: 6 eps, rsp=118 bytes[0m
[2026-07-20 11:50:06.960] 
[2026-07-20 11:50:07.068] free heap: 6300240, minimum free heap: 6033104, Internal 8bit free heap: 72012, 8bit free heap: 6300240The current date/time is: Mon Jul 20 03:50:04 2026
[2026-07-20 11:50:07.068] 
[2026-07-20 11:50:07.068] 
[2026-07-20 11:50:08.796] [0;32mI (257973741) NL_LTPDU: BatchGet 880A64775B01: 6 eps, rsp=118 bytes[0m
[2026-07-20 11:50:08.796] 
[2026-07-20 11:50:12.348] [0;32mI (257977299) NL_LTPDU: BatchGet 3E0AE0494182: 6 eps, rsp=118 bytes[0m
[2026-07-20 11:50:12.348] 
[2026-07-20 11:50:12.488] [0;32mI (257977409) NL_LTPDU: BatchGet 6A76B95FD1DB: 6 eps, rsp=118 bytes[0m
[2026-07-20 11:50:12.488] [0;32mI (257977434) NL_LTPDU: BatchGet 85854B476379: 6 eps, rsp=118 bytes[0m
[2026-07-20 11:50:12.488] 
[2026-07-20 11:50:13.882] [0;32mI (257978830) NL_LTPDU: BatchGet 880A64775B01: 6 eps, rsp=118 bytes[0m
[2026-07-20 11:50:13.882] 
[2026-07-20 11:50:15.072] free heap: 6300372, minimum free heap: 6033104, Internal 8bit free heap: 72144, 8bit free heap: 6300372The current date/time is: Mon Jul 20 03:50:12 2026
[2026-07-20 11:50:15.072] 
[2026-07-20 11:50:15.072] 
[2026-07-20 11:50:15.505] uart: 11 AT+MOTION 1
[2026-07-20 11:50:15.505] 
[2026-07-20 11:50:15.505] 
[2026-07-20 11:50:15.505] btn on press
[2026-07-20 11:50:15.505] uart: 130 AT+BCDS ff04000206a5d9af4 0010B940B0E9FEC6718C48ca43a5b6dc0F09bb200a0098404c000000000000ff0d0100000000000000000000000000000000ff06
[2026-07-20 11:50:15.505] 
[2026-07-20 11:50:15.505] 
[2026-07-20 11:50:15.505] pTopic:$aws/rules/bi_wifi_data_report/switchlink/B0E9FEC6718C/link_to_shadow
[2026-07-20 11:50:15.505] pData:BCD ff04000206a5d9af4 0010B940B0E9FEC6718C48ca43a5b6dc0F09bb200a0098404c000000000000ff0d0100000000000000000000000000000000ff06
[2026-07-20 11:50:15.505] 
[2026-07-20 11:50:17.200] [0;32mI (257982107) NL_LTPDU: BatchGet 3E0AE0494182: 6 eps, rsp=118 bytes[0m
[2026-07-20 11:50:17.200] [0;32mI (257982137) NL_LTPDU: BatchGet 6A76B95FD1DB: 6 eps, rsp=118 bytes[0m
[2026-07-20 11:50:17.200] [0;32mI (257982154) NL_LTPDU: BatchGet 85854B476379: 6 eps, rsp=118 bytes[0m
[2026-07-20 11:50:17.200] 
[2026-07-20 11:50:19.008] [0;32mI (257983955) NL_LTPDU: BatchGet 880A64775B01: 6 eps, rsp=118 bytes[0m
[2026-07-20 11:50:19.008] 
[2026-07-20 11:50:22.042] [0;32mI (257986978) NL_LTPDU: BatchGet 3E0AE0494182: 6 eps, rsp=118 bytes[0m
[2026-07-20 11:50:22.042] [0;32mI (257986991) NL_LTPDU: BatchGet 6A76B95FD1DB: 6 eps, rsp=118 bytes[0m
[2026-07-20 11:50:22.042] 
[2026-07-20 11:50:22.087] [0;32mI (257987021) NL_LTPDU: BatchGet 85854B476379: 6 eps, rsp=118 bytes[0m
[2026-07-20 11:50:22.087] 
[2026-07-20 11:50:23.075] free heap: 6300372, minimum free heap: 6033104, Internal 8bit free heap: 72144, 8bit free heap: 6300372The current date/time is: Mon Jul 20 03:50:20 2026
[2026-07-20 11:50:23.075] 
[2026-07-20 11:50:23.075] 
[2026-07-20 11:50:23.647] [0;32mI (257988587) NL_LTPDU: BatchGet 880A64775B01: 6 eps, rsp=118 bytes[0m
[2026-07-20 11:50:23.647] 
[2026-07-20 11:50:27.176] [0;32mI (257992115) NL_LTPDU: BatchGet 3E0AE0494182: 6 eps, rsp=118 bytes[0m
[2026-07-20 11:50:27.176] 
[2026-07-20 11:50:27.299] [0;32mI (257992249) NL_LTPDU: BatchGet 6A76B95FD1DB: 6 eps, rsp=118 bytes[0m
[2026-07-20 11:50:27.299] 
[2026-07-20 11:50:27.345] [0;32mI (257992293) NL_LTPDU: BatchGet 85854B476379: 6 eps, rsp=118 bytes[0m
[2026-07-20 11:50:27.345] 
[2026-07-20 11:50:28.841] [0;32mI (257993789) NL_LTPDU: BatchGet 880A64775B01: 6 eps, rsp=118 bytes[0m
[2026-07-20 11:50:28.841] 
[2026-07-20 11:50:31.096] free heap: 6300240, minimum free heap: 6033104, Internal 8bit free heap: 72012, 8bit free heap: 6300240The current date/time is: Mon Jul 20 03:50:28 2026
[2026-07-20 11:50:31.096] 
[2026-07-20 11:50:31.096] 
[2026-07-20 11:50:32.286] [0;32mI (257997228) NL_LTPDU: BatchGet 3E0AE0494182: 6 eps, rsp=118 bytes[0m
[2026-07-20 11:50:32.286] 
[2026-07-20 11:50:32.378] [0;32mI (257997323) NL_LTPDU: BatchGet 6A76B95FD1DB: 6 eps, rsp=118 bytes[0m
[2026-07-20 11:50:32.378] 
[2026-07-20 11:50:32.532] [0;32mI (257997476) NL_LTPDU: BatchGet 85854B476379: 6 eps, rsp=118 bytes[0m
[2026-07-20 11:50:32.532] 
[2026-07-20 11:50:33.976] [0;32mI (257998914) NL_LTPDU: BatchGet 880A64775B01: 6 eps, rsp=118 bytes[0m
[2026-07-20 11:50:33.976] 
[2026-07-20 11:50:37.454] [0;32mI (258002395) NL_LTPDU: BatchGet 3E0AE0494182: 6 eps, rsp=118 bytes[0m
[2026-07-20 11:50:37.454] 
[2026-07-20 11:50:37.500] [0;32mI (258002444) NL_LTPDU: BatchGet 6A76B95FD1DB: 6 eps, rsp=118 bytes[0m
[2026-07-20 11:50:37.500] 
[2026-07-20 11:50:37.592] [0;32mI (258002543) NL_LTPDU: BatchGet 85854B476379: 6 eps, rsp=118 bytes[0m
[2026-07-20 11:50:37.592] 
[2026-07-20 11:50:39.103] [0;32mI (258004031) NL_LTPDU: BatchGet 880A64775B01: 6 eps, rsp=118 bytes[0m
[2026-07-20 11:50:39.103] free heap: 6300308, minimum free heap: 6033104, Internal 8bit free heap: 72108, 8bit free heap: 6300308The current date/time is: Mon Jul 20 03:50:36 2026
[2026-07-20 11:50:39.103] 
[2026-07-20 11:50:39.103] 
[2026-07-20 11:50:42.208] [0;32mI (258007157) NL_LTPDU: BatchGet 3E0AE0494182: 6 eps, rsp=118 bytes[0m
[2026-07-20 11:50:42.208] [0;32mI (258007165) NL_LTPDU: BatchGet 6A76B95FD1DB: 6 eps, rsp=118 bytes[0m
[2026-07-20 11:50:42.208] 
[2026-07-20 11:50:42.315] [0;32mI (258007266) NL_LTPDU: BatchGet 85854B476379: 6 eps, rsp=118 bytes[0m
[2026-07-20 11:50:42.315] 
[2026-07-20 11:50:43.863] [0;32mI (258008805) NL_LTPDU: BatchGet 880A64775B01: 6 eps, rsp=118 bytes[0m
[2026-07-20 11:50:43.863] 
[2026-07-20 11:50:47.095] free heap: 6300352, minimum free heap: 6033104, Internal 8bit free heap: 72144, 8bit free heap: 6300352The current date/time is: Mon Jul 20 03:50:44 2026
[2026-07-20 11:50:47.095] 
[2026-07-20 11:50:47.095] 
[2026-07-20 11:50:47.329] [0;32mI (258012271) NL_LTPDU: BatchGet 3E0AE0494182: 6 eps, rsp=118 bytes[0m
[2026-07-20 11:50:47.329] [0;32mI (258012280) NL_LTPDU: BatchGet 6A76B95FD1DB: 6 eps, rsp=118 bytes[0m
[2026-07-20 11:50:47.329] 
[2026-07-20 11:50:47.422] [0;32mI (258012360) NL_LTPDU: BatchGet 85854B476379: 6 eps, rsp=118 bytes[0m
[2026-07-20 11:50:47.422] 
[2026-07-20 11:50:49.075] [0;32mI (258014019) NL_LTPDU: BatchGet 880A64775B01: 6 eps, rsp=118 bytes[0m
[2026-07-20 11:50:49.075] 
[2026-07-20 11:50:52.528] [0;32mI (258017466) NL_LTPDU: BatchGet 3E0AE0494182: 6 eps, rsp=118 bytes[0m
[2026-07-20 11:50:52.528] 
[2026-07-20 11:50:52.651] [0;32mI (258017597) NL_LTPDU: BatchGet 6A76B95FD1DB: 6 eps, rsp=118 bytes[0m
[2026-07-20 11:50:52.651] 
[2026-07-20 11:50:52.713] [0;32mI (258017662) NL_LTPDU: BatchGet 85854B476379: 6 eps, rsp=118 bytes[0m
[2026-07-20 11:50:52.713] 
[2026-07-20 11:50:54.166] [0;32mI (258019115) NL_LTPDU: BatchGet 880A64775B01: 6 eps, rsp=118 bytes[0m
[2026-07-20 11:50:54.166] 
[2026-07-20 11:50:55.108] free heap: 6300212, minimum free heap: 6033104, Internal 8bit free heap: 72012, 8bit free heap: 6300212The current date/time is: Mon Jul 20 03:50:52 2026
[2026-07-20 11:50:55.108] 
[2026-07-20 11:50:55.108] 
[2026-07-20 11:50:57.419] [0;32mI (258022361) NL_LTPDU: BatchGet 3E0AE0494182: 6 eps, rsp=118 bytes[0m
[2026-07-20 11:50:57.419] [0;32mI (258022370) NL_LTPDU: BatchGet 6A76B95FD1DB: 6 eps, rsp=118 bytes[0m
[2026-07-20 11:50:57.419] 
[2026-07-20 11:50:57.465] [0;32mI (258022411) NL_LTPDU: BatchGet 85854B476379: 6 eps, rsp=118 bytes[0m
[2026-07-20 11:50:57.465] 
[2026-07-20 11:50:59.159] [0;32mI (258024101) NL_LTPDU: BatchGet 880A64775B01: 6 eps, rsp=118 bytes[0m
[2026-07-20 11:50:59.159] 
[2026-07-20 11:51:02.607] [0;32mI (258027520) NL_LTPDU: BatchGet 3E0AE0494182: 6 eps, rsp=118 bytes[0m
[2026-07-20 11:51:02.607] [0;32mI (258027553) NL_LTPDU: BatchGet 6A76B95FD1DB: 6 eps, rsp=118 bytes[0m
[2026-07-20 11:51:02.607] 
[2026-07-20 11:51:02.653] [0;32mI (258027596) NL_LTPDU: BatchGet 85854B476379: 6 eps, rsp=118 bytes[0m
[2026-07-20 11:51:02.653] 
[2026-07-20 11:51:03.100] free heap: 6300352, minimum free heap: 6033104, Internal 8bit free heap: 72144, 8bit free heap: 6300352The current date/time is: Mon Jul 20 03:51:00 2026
[2026-07-20 11:51:03.100] 
[2026-07-20 11:51:03.100] 
[2026-07-20 11:51:04.256] [0;32mI (258029209) NL_LTPDU: BatchGet 880A64775B01: 6 eps, rsp=118 bytes[0m
[2026-07-20 11:51:04.256] 
[2026-07-20 11:51:07.877] [0;32mI (258032795) NL_LTPDU: BatchGet 3E0AE0494182: 6 eps, rsp=118 bytes[0m
[2026-07-20 11:51:07.877] [0;32mI (258032823) NL_LTPDU: BatchGet 6A76B95FD1DB: 6 eps, rsp=118 bytes[0m
[2026-07-20 11:51:07.877] 
[2026-07-20 11:51:07.923] [0;32mI (258032870) NL_LTPDU: BatchGet 85854B476379: 6 eps, rsp=118 bytes[0m
[2026-07-20 11:51:07.923] 
[2026-07-20 11:51:09.302] [0;32mI (258034251) NL_LTPDU: BatchGet 880A64775B01: 6 eps, rsp=118 bytes[0m
[2026-07-20 11:51:09.302] 
[2026-07-20 11:51:11.107] free heap: 6300184, minimum free heap: 6033104, Internal 8bit free heap: 71976, 8bit free heap: 6300184The current date/time is: Mon Jul 20 03:51:08 2026
[2026-07-20 11:51:11.107] 
[2026-07-20 11:51:11.107] 
[2026-07-20 11:51:12.688] [0;32mI (258037617) NL_LTPDU: BatchGet 3E0AE0494182: 6 eps, rsp=118 bytes[0m
[2026-07-20 11:51:12.688] [0;32mI (258037645) NL_LTPDU: BatchGet 6A76B95FD1DB: 6 eps, rsp=118 bytes[0m
[2026-07-20 11:51:12.688] 
[2026-07-20 11:51:12.734] [0;32mI (258037676) NL_LTPDU: BatchGet 85854B476379: 6 eps, rsp=118 bytes[0m
[2026-07-20 11:51:12.734] 
[2026-07-20 11:51:15.240] [0;32mI (258040180) NL_LTPDU: BatchGet 880A64775B01: 6 eps, rsp=118 bytes[0m
[2026-07-20 11:51:15.240] 
[2026-07-20 11:51:17.837] [0;32mI (258042738) NL_LTPDU: BatchGet 3E0AE0494182: 6 eps, rsp=118 bytes[0m
[2026-07-20 11:51:17.837] [0;32mI (258042766) NL_LTPDU: BatchGet 6A76B95FD1DB: 6 eps, rsp=118 bytes[0m
[2026-07-20 11:51:17.837] [0;32mI (258042796) NL_LTPDU: BatchGet 85854B476379: 6 eps, rsp=118 bytes[0m
[2026-07-20 11:51:17.837] 
[2026-07-20 11:51:19.107] free heap: 6300352, minimum free heap: 6033104, Internal 8bit free heap: 72144, 8bit free heap: 6300352The current date/time is: Mon Jul 20 03:51:16 2026
[2026-07-20 11:51:19.107] 
[2026-07-20 11:51:19.107] 
[2026-07-20 11:51:19.245] [0;32mI (258044184) NL_LTPDU: BatchGet 880A64775B01: 6 eps, rsp=118 bytes[0m
[2026-07-20 11:51:19.245] 
[2026-07-20 11:51:22.922] [0;32mI (258047859) NL_LTPDU: BatchGet 3E0AE0494182: 6 eps, rsp=118 bytes[0m
[2026-07-20 11:51:22.922] [0;32mI (258047880) NL_LTPDU: BatchGet 6A76B95FD1DB: 6 eps, rsp=118 bytes[0m
[2026-07-20 11:51:22.922] 
[2026-07-20 11:51:22.968] [0;32mI (258047916) NL_LTPDU: BatchGet 85854B476379: 6 eps, rsp=118 bytes[0m
[2026-07-20 11:51:22.968] 
[2026-07-20 11:51:24.433] [0;32mI (258049386) NL_LTPDU: BatchGet 880A64775B01: 6 eps, rsp=118 bytes[0m
[2026-07-20 11:51:24.433] 
[2026-07-20 11:51:27.105] free heap: 6300372, minimum free heap: 6033104, Internal 8bit free heap: 72144, 8bit free heap: 6300372The current date/time is: Mon Jul 20 03:51:24 2026
[2026-07-20 11:51:27.105] 
[2026-07-20 11:51:27.105] 
[2026-07-20 11:51:27.676] [0;32mI (258052616) NL_LTPDU: BatchGet 3E0AE0494182: 6 eps, rsp=118 bytes[0m
[2026-07-20 11:51:27.676] [0;32mI (258052631) NL_LTPDU: BatchGet 6A76B95FD1DB: 6 eps, rsp=118 bytes[0m
[2026-07-20 11:51:27.676] 
[2026-07-20 11:51:27.722] [0;32mI (258052672) NL_LTPDU: BatchGet 85854B476379: 6 eps, rsp=118 bytes[0m
[2026-07-20 11:51:27.722] 
[2026-07-20 11:51:29.574] [0;32mI (258054518) NL_LTPDU: BatchGet 880A64775B01: 6 eps, rsp=118 bytes[0m
[2026-07-20 11:51:29.574] 
[2026-07-20 11:51:32.835] [0;32mI (258057790) NL_LTPDU: BatchGet 3E0AE0494182: 6 eps, rsp=118 bytes[0m
[2026-07-20 11:51:32.835] 
[2026-07-20 11:51:32.897] [0;32mI (258057823) NL_LTPDU: BatchGet 6A76B95FD1DB: 6 eps, rsp=118 bytes[0m
[2026-07-20 11:51:32.897] [0;32mI (258057856) NL_LTPDU: BatchGet 85854B476379: 6 eps, rsp=118 bytes[0m
[2026-07-20 11:51:32.897] 
[2026-07-20 11:51:34.351] [0;32mI (258059297) NL_LTPDU: BatchGet 880A64775B01: 6 eps, rsp=118 bytes[0m
[2026-07-20 11:51:34.351] 
[2026-07-20 11:51:35.121] free heap: 6300212, minimum free heap: 6033104, Internal 8bit free heap: 72012, 8bit free heap: 6300212The current date/time is: Mon Jul 20 03:51:32 2026
[2026-07-20 11:51:35.121] 
[2026-07-20 11:51:35.121] 
[2026-07-20 11:51:37.959] [0;32mI (258062908) NL_LTPDU: BatchGet 3E0AE0494182: 6 eps, rsp=118 bytes[0m
[2026-07-20 11:51:37.959] 
[2026-07-20 11:51:38.021] [0;32mI (258062941) NL_LTPDU: BatchGet 6A76B95FD1DB: 6 eps, rsp=118 bytes[0m
[2026-07-20 11:51:38.021] [0;32mI (258062979) NL_LTPDU: BatchGet 85854B476379: 6 eps, rsp=118 bytes[0m
[2026-07-20 11:51:38.021] 
[2026-07-20 11:51:39.457] [0;32mI (258064412) NL_LTPDU: BatchGet 880A64775B01: 6 eps, rsp=118 bytes[0m
[2026-07-20 11:51:39.457] 
[2026-07-20 11:51:42.837] [0;32mI (258067737) NL_LTPDU: BatchGet 3E0AE0494182: 6 eps, rsp=118 bytes[0m
[2026-07-20 11:51:42.837] [0;32mI (258067772) NL_LTPDU: BatchGet 6A76B95FD1DB: 6 eps, rsp=118 bytes[0m
[2026-07-20 11:51:42.837] [0;32mI (258067788) NL_LTPDU: BatchGet 85854B476379: 6 eps, rsp=118 bytes[0m
[2026-07-20 11:51:42.837] 
[2026-07-20 11:51:43.114] free heap: 6300204, minimum free heap: 6033104, Internal 8bit free heap: 71976, 8bit free heap: 6300204The current date/time is: Mon Jul 20 03:51:40 2026
[2026-07-20 11:51:43.114] 
[2026-07-20 11:51:43.114] 
[2026-07-20 11:51:44.623] [0;32mI (258069564) NL_LTPDU: BatchGet 880A64775B01: 6 eps, rsp=118 bytes[0m
[2026-07-20 11:51:44.623] 
[2026-07-20 11:51:47.990] [0;32mI (258072944) NL_LTPDU: BatchGet 3E0AE0494182: 6 eps, rsp=118 bytes[0m
[2026-07-20 11:51:47.990] 
[2026-07-20 11:51:48.068] [0;32mI (258073008) NL_LTPDU: BatchGet 6A76B95FD1DB: 6 eps, rsp=118 bytes[0m
[2026-07-20 11:51:48.068] [0;32mI (258073016) NL_LTPDU: BatchGet 85854B476379: 6 eps, rsp=118 bytes[0m
[2026-07-20 11:51:48.068] 
[2026-07-20 11:51:49.739] [0;32mI (258074688) NL_LTPDU: BatchGet 880A64775B01: 6 eps, rsp=118 bytes[0m
[2026-07-20 11:51:49.739] 
[2026-07-20 11:51:51.115] free heap: 6300372, minimum free heap: 6033104, Internal 8bit free heap: 72144, 8bit free heap: 6300372The current date/time is: Mon Jul 20 03:51:48 2026
[2026-07-20 11:51:51.115] 
[2026-07-20 11:51:51.115] 
[2026-07-20 11:51:53.080] [0;32mI (258078032) NL_LTPDU: BatchGet 3E0AE0494182: 6 eps, rsp=118 bytes[0m
[2026-07-20 11:51:53.080] 
[2026-07-20 11:51:53.206] [0;32mI (258078155) NL_LTPDU: BatchGet 6A76B95FD1DB: 6 eps, rsp=118 bytes[0m
[2026-07-20 11:51:53.206] 
[2026-07-20 11:51:53.252] [0;32mI (258078200) NL_LTPDU: BatchGet 85854B476379: 6 eps, rsp=118 bytes[0m
[2026-07-20 11:51:53.252] 
[2026-07-20 11:51:54.842] [0;32mI (258079792) NL_LTPDU: BatchGet 880A64775B01: 6 eps, rsp=118 bytes[0m
[2026-07-20 11:51:54.842] 
[2026-07-20 11:51:57.886] [0;32mI (258082825) NL_LTPDU: BatchGet 3E0AE0494182: 6 eps, rsp=118 bytes[0m
[2026-07-20 11:51:57.886] [0;32mI (258082834) NL_LTPDU: BatchGet 6A76B95FD1DB: 6 eps, rsp=118 bytes[0m
[2026-07-20 11:51:57.886] 
[2026-07-20 11:51:58.039] [0;32mI (258082982) NL_LTPDU: BatchGet 85854B476379: 6 eps, rsp=118 bytes[0m
[2026-07-20 11:51:58.039] 
[2026-07-20 11:51:59.118] free heap: 6300240, minimum free heap: 6033104, Internal 8bit free heap: 72012, 8bit free heap: 6300240The current date/time is: Mon Jul 20 03:51:56 2026
[2026-07-20 11:51:59.118] 
[2026-07-20 11:51:59.118] 
[2026-07-20 11:51:59.690] [0;32mI (258084634) NL_LTPDU: BatchGet 880A64775B01: 6 eps, rsp=118 bytes[0m
[2026-07-20 11:51:59.690] 
[2026-07-20 11:52:02.996] [0;32mI (258087945) NL_LTPDU: BatchGet 3E0AE0494182: 6 eps, rsp=118 bytes[0m
[2026-07-20 11:52:02.996] [0;32mI (258087956) NL_LTPDU: BatchGet 6A76B95FD1DB: 6 eps, rsp=118 bytes[0m
[2026-07-20 11:52:02.996] 
[2026-07-20 11:52:03.104] [0;32mI (258088047) NL_LTPDU: BatchGet 85854B476379: 6 eps, rsp=118 bytes[0m
[2026-07-20 11:52:03.104] 
[2026-07-20 11:52:04.791] [0;32mI (258089741) NL_LTPDU: BatchGet 880A64775B01: 6 eps, rsp=118 bytes[0m
[2026-07-20 11:52:04.791] 
[2026-07-20 11:52:07.139] free heap: 6300316, minimum free heap: 6033104, Internal 8bit free heap: 72108, 8bit free heap: 6300316The current date/time is: Mon Jul 20 03:52:04 2026
[2026-07-20 11:52:07.139] 
[2026-07-20 11:52:07.139] 
[2026-07-20 11:52:08.155] [0;32mI (258093067) NL_LTPDU: BatchGet 3E0AE0494182: 6 eps, rsp=118 bytes[0m
[2026-07-20 11:52:08.155] [0;32mI (258093105) NL_LTPDU: BatchGet 6A76B95FD1DB: 6 eps, rsp=118 bytes[0m
[2026-07-20 11:52:08.155] 
[2026-07-20 11:52:08.307] [0;32mI (258093261) NL_LTPDU: BatchGet 85854B476379: 6 eps, rsp=118 bytes[0m
[2026-07-20 11:52:08.307] 
[2026-07-20 11:52:08.416] uart: 11 AT+MOTION 0
[2026-07-20 11:52:08.416] 
[2026-07-20 11:52:08.416] 
[2026-07-20 11:52:08.416] btn on press
[2026-07-20 11:52:08.416] uart: 130 AT+BCDS ff04000206a5d9b65 0010B940B0E9FEC6718C48ca43a5b6dc0F09bc000a0098404c000000000000ff0cff00000000000000000000000000000000ff06
[2026-07-20 11:52:08.416] 
[2026-07-20 11:52:08.416] 
[2026-07-20 11:52:08.416] 
[2026-07-20 11:52:08.568] pTopic:$aws/rules/bi_wifi_data_report/switchlink/B0E9FEC6718C/link_to_shadow
[2026-07-20 11:52:08.568] pData:BCD ff04000206a5d9b65 0010B940B0E9FEC6718C48ca43a5b6dc0F09bc000a0098404c000000000000ff0cff00000000000000000000000000000000ff06
[2026-07-20 11:52:08.568] 
[2026-07-20 11:52:10.421] [0;32mI (258095367) NL_LTPDU: BatchGet 880A64775B01: 6 eps, rsp=118 bytes[0m
[2026-07-20 11:52:10.421] 
[2026-07-20 11:52:13.284] [0;32mI (258098233) NL_LTPDU: BatchGet 3E0AE0494182: 6 eps, rsp=118 bytes[0m
[2026-07-20 11:52:13.284] [0;32mI (258098244) NL_LTPDU: BatchGet 6A76B95FD1DB: 6 eps, rsp=118 bytes[0m
[2026-07-20 11:52:13.284] 
[2026-07-20 11:52:13.499] [0;32mI (258098442) NL_LTPDU: BatchGet 85854B476379: 6 eps, rsp=118 bytes[0m
[2026-07-20 11:52:13.499] 
[2026-07-20 11:52:15.148] [0;32mI (258100084) NL_LTPDU: BatchGet 880A64775B01: 6 eps, rsp=118 bytes[0m
[2026-07-20 11:52:15.148] free heap: 6300308, minimum free heap: 6033104, Internal 8bit free heap: 72108, 8bit free heap: 6300308The current date/time is: Mon Jul 20 03:52:12 2026
[2026-07-20 11:52:15.148] 
[2026-07-20 11:52:15.148] 
[2026-07-20 11:52:18.059] [0;32mI (258103004) NL_LTPDU: BatchGet 3E0AE0494182: 6 eps, rsp=118 bytes[0m
[2026-07-20 11:52:18.059] [0;32mI (258103012) NL_LTPDU: BatchGet 6A76B95FD1DB: 6 eps, rsp=118 bytes[0m
[2026-07-20 11:52:18.059] 
[2026-07-20 11:52:18.136] [0;32mI (258103087) NL_LTPDU: BatchGet 85854B476379: 6 eps, rsp=118 bytes[0m
[2026-07-20 11:52:18.136] 
[2026-07-20 11:52:19.898] [0;32mI (258104853) NL_LTPDU: BatchGet 880A64775B01: 6 eps, rsp=118 bytes[0m
[2026-07-20 11:52:19.898] 
[2026-07-20 11:52:23.173] free heap: 6245368, minimum free heap: 6033104, Internal 8bit free heap: 71976, 8bit free heap: 6245368The current date/time is: Mon Jul 20 03:52:20 2026
[2026-07-20 11:52:23.173] 
[2026-07-20 11:52:23.173] [0;32mI (258108119) NL_LTPDU: BatchGet 3E0AE0494182: 6 eps, rsp=118 bytes[0m
[2026-07-20 11:52:23.173] [0;32mI (258108130) NL_LTPDU: BatchGet 6A76B95FD1DB: 6 eps, rsp=118 bytes[0m
[2026-07-20 11:52:23.173] 
[2026-07-20 11:52:23.329] [0;32mI (258108272) NL_LTPDU: BatchGet 85854B476379: 6 eps, rsp=118 bytes[0m
[2026-07-20 11:52:23.329] 
[2026-07-20 11:52:25.270] [0;32mI (258110217) NL_LTPDU: BatchGet 880A64775B01: 6 eps, rsp=118 bytes[0m
[2026-07-20 11:52:25.270] 
[2026-07-20 11:52:28.392] [0;32mI (258113349) NL_LTPDU: BatchGet 3E0AE0494182: 6 eps, rsp=118 bytes[0m
[2026-07-20 11:52:28.392] 
[2026-07-20 11:52:28.455] [0;32mI (258113397) NL_LTPDU: BatchGet 6A76B95FD1DB: 6 eps, rsp=118 bytes[0m
[2026-07-20 11:52:28.455] 
[2026-07-20 11:52:28.501] [0;32mI (258113447) NL_LTPDU: BatchGet 85854B476379: 6 eps, rsp=118 bytes[0m
[2026-07-20 11:52:28.501] 
[2026-07-20 11:52:30.176] [0;32mI (258115124) NL_LTPDU: BatchGet 880A64775B01: 6 eps, rsp=118 bytes[0m
[2026-07-20 11:52:30.176] 
[2026-07-20 11:52:31.181] free heap: 6300316, minimum free heap: 6033104, Internal 8bit free heap: 72108, 8bit free heap: 6300316The current date/time is: Mon Jul 20 03:52:28 2026
[2026-07-20 11:52:31.181] 
[2026-07-20 11:52:31.181] 
[2026-07-20 11:52:33.453] [0;32mI (258118406) NL_LTPDU: BatchGet 3E0AE0494182: 6 eps, rsp=118 bytes[0m
[2026-07-20 11:52:33.453] 
[2026-07-20 11:52:33.562] [0;32mI (258118518) NL_LTPDU: BatchGet 6A76B95FD1DB: 6 eps, rsp=118 bytes[0m
[2026-07-20 11:52:33.562] 
[2026-07-20 11:52:33.624] [0;32mI (258118568) NL_LTPDU: BatchGet 85854B476379: 6 eps, rsp=118 bytes[0m
[2026-07-20 11:52:33.624] 
[2026-07-20 11:52:34.989] [0;32mI (258119907) NL_LTPDU: BatchGet 880A64775B01: 6 eps, rsp=118 bytes[0m
[2026-07-20 11:52:34.989] [0;32mI (258119940) ROUTE_HOOK: Received RIO[0m
[2026-07-20 11:52:34.989] [0;32mI (258119941) ROUTE_HOOK: prefix FDEA:C98F:38B2:1:: lifetime 1800[0m
[2026-07-20 11:52:34.989] 
[2026-07-20 11:52:38.300] [0;32mI (258123244) NL_LTPDU: BatchGet 3E0AE0494182: 6 eps, rsp=118 bytes[0m
[2026-07-20 11:52:38.300] 
[2026-07-20 11:52:38.685] [0;32mI (258123632) NL_LTPDU: BatchGet 6A76B95FD1DB: 6 eps, rsp=118 bytes[0m
[2026-07-20 11:52:38.685] 
[2026-07-20 11:52:38.792] [0;32mI (258123738) NL_LTPDU: BatchGet 85854B476379: 6 eps, rsp=118 bytes[0m
[2026-07-20 11:52:38.792] 
[2026-07-20 11:52:39.194] free heap: 6300352, minimum free heap: 6033104, Internal 8bit free heap: 72144, 8bit free heap: 6300352The current date/time is: Mon Jul 20 03:52:36 2026
[2026-07-20 11:52:39.194] 
[2026-07-20 11:52:39.194] 
[2026-07-20 11:52:40.077] [0;32mI (258125032) NL_LTPDU: BatchGet 880A64775B01: 6 eps, rsp=118 bytes[0m
[2026-07-20 11:52:40.077] 
[2026-07-20 11:52:43.698] [0;32mI (258128651) NL_LTPDU: BatchGet 3E0AE0494182: 6 eps, rsp=118 bytes[0m
[2026-07-20 11:52:43.698] 
[2026-07-20 11:52:43.870] [0;32mI (258128809) NL_LTPDU: BatchGet 6A76B95FD1DB: 6 eps, rsp=118 bytes[0m
[2026-07-20 11:52:43.870] [0;32mI (258128821) NL_LTPDU: BatchGet 85854B476379: 6 eps, rsp=118 bytes[0m
[2026-07-20 11:52:43.870] 
[2026-07-20 11:52:45.200] [0;32mI (258130151) NL_LTPDU: BatchGet 880A64775B01: 6 eps, rsp=118 bytes[0m
[2026-07-20 11:52:45.200] 
[2026-07-20 11:52:47.194] free heap: 6300220, minimum free heap: 6033104, Internal 8bit free heap: 72012, 8bit free heap: 6300220The current date/time is: Mon Jul 20 03:52:44 2026
[2026-07-20 11:52:47.194] 
[2026-07-20 11:52:47.194] 
[2026-07-20 11:52:48.523] [0;32mI (258133477) NL_LTPDU: BatchGet 3E0AE0494182: 6 eps, rsp=118 bytes[0m
[2026-07-20 11:52:48.523] 
[2026-07-20 11:52:48.585] [0;32mI (258133522) NL_LTPDU: BatchGet 6A76B95FD1DB: 6 eps, rsp=118 bytes[0m
[2026-07-20 11:52:48.585] [0;32mI (258133539) NL_LTPDU: BatchGet 85854B476379: 6 eps, rsp=118 bytes[0m
[2026-07-20 11:52:48.585] 
[2026-07-20 11:52:50.340] [0;32mI (258135296) NL_LTPDU: BatchGet 880A64775B01: 6 eps, rsp=118 bytes[0m
[2026-07-20 11:52:50.340] 
[2026-07-20 11:52:53.222] uart: 79 AT+TEST shadow BCD|010211038|6a5d9b91|35b0e9fe527e8301014a6409983d003b01e400|9a
[2026-07-20 11:52:53.222] 
[2026-07-20 11:52:53.222] 
[2026-07-20 11:52:53.222] 
[2026-07-20 11:52:53.420] pTopic:$aws/rules/bi_ble_data_report_arch2/switchlink/B0E9FEC6718C/link_to_status
[2026-07-20 11:52:53.420] pData:{"protocolVersion":1,"count":1,"messages":[{"id":"e5cd087c-76b8-40f2-a247-0742d65d5fab","eventType":"Wo.Device.DataReport","data":{"deviceID":"b0e9fe527e83","createTime":1784519569,"contentVersion":2,"contentType":"hex","content":"35b0e9fe527e8301014a6409983d003b01e400","seq":154}}]}
[2026-07-20 11:52:53.420] 
[2026-07-20 11:52:53.728] [0;32mI (258138677) NL_LTPDU: BatchGet 3E0AE0494182: 6 eps, rsp=118 bytes[0m
[2026-07-20 11:52:53.728] [0;32mI (258138689) NL_LTPDU: BatchGet 6A76B95FD1DB: 6 eps, rsp=118 bytes[0m
[2026-07-20 11:52:53.728] 
[2026-07-20 11:52:53.774] [0;32mI (258138719) NL_LTPDU: BatchGet 85854B476379: 6 eps, rsp=118 bytes[0m
[2026-07-20 11:52:53.774] 
[2026-07-20 11:52:55.229] free heap: 6245480, minimum free heap: 6033104, Internal 8bit free heap: 72108, 8bit free heap: 6245480The current date/time is: Mon Jul 20 03:52:52 2026
[2026-07-20 11:52:55.229] 
[2026-07-20 11:52:55.229] [0;32mI (258140181) NL_LTPDU: BatchGet 880A64775B01: 6 eps, rsp=118 bytes[0m
[2026-07-20 11:52:55.229] 
[2026-07-20 11:52:58.877] [0;32mI (258143797) NL_LTPDU: BatchGet 3E0AE0494182: 6 eps, rsp=118 bytes[0m
[2026-07-20 11:52:58.877] [0;32mI (258143814) NL_LTPDU: BatchGet 6A76B95FD1DB: 6 eps, rsp=118 bytes[0m
[2026-07-20 11:52:58.877] [0;32mI (258143838) NL_LTPDU: BatchGet 85854B476379: 6 eps, rsp=118 bytes[0m
[2026-07-20 11:52:58.877] 
[2026-07-20 11:53:00.391] [0;32mI (258145340) NL_LTPDU: BatchGet 880A64775B01: 6 eps, rsp=118 bytes[0m
[2026-07-20 11:53:00.391] 
[2026-07-20 11:53:03.217] free heap: 6300352, minimum free heap: 6033104, Internal 8bit free heap: 72144, 8bit free heap: 6300352The current date/time is: Mon Jul 20 03:53:00 2026
[2026-07-20 11:53:03.217] 
[2026-07-20 11:53:03.217] 
[2026-07-20 11:53:03.633] [0;32mI (258148574) NL_LTPDU: BatchGet 3E0AE0494182: 6 eps, rsp=118 bytes[0m
[2026-07-20 11:53:03.633] [0;32mI (258148583) NL_LTPDU: BatchGet 6A76B95FD1DB: 6 eps, rsp=118 bytes[0m
[2026-07-20 11:53:03.633] 
[2026-07-20 11:53:03.678] [0;32mI (258148619) NL_LTPDU: BatchGet 85854B476379: 6 eps, rsp=118 bytes[0m
[2026-07-20 11:53:03.678] 
[2026-07-20 11:53:05.506] [0;32mI (258150456) NL_LTPDU: BatchGet 880A64775B01: 6 eps, rsp=118 bytes[0m
[2026-07-20 11:53:05.506] 
[2026-07-20 11:53:08.783] [0;32mI (258153732) NL_LTPDU: BatchGet 3E0AE0494182: 6 eps, rsp=118 bytes[0m
[2026-07-20 11:53:08.783] 
[2026-07-20 11:53:08.875] [0;32mI (258153809) NL_LTPDU: BatchGet 6A76B95FD1DB: 6 eps, rsp=118 bytes[0m
[2026-07-20 11:53:08.875] [0;32mI (258153837) NL_LTPDU: BatchGet 85854B476379: 6 eps, rsp=118 bytes[0m
[2026-07-20 11:53:08.875] 
[2026-07-20 11:53:10.382] [0;32mI (258155329) NL_LTPDU: BatchGet 880A64775B01: 6 eps, rsp=118 bytes[0m
[2026-07-20 11:53:10.382] 
[2026-07-20 11:53:11.244] free heap: 6300220, minimum free heap: 6033104, Internal 8bit free heap: 72012, 8bit free heap: 6300220The current date/time is: Mon Jul 20 03:53:08 2026
[2026-07-20 11:53:11.244] 
[2026-07-20 11:53:11.244] 
[2026-07-20 11:53:13.891] [0;32mI (258158849) NL_LTPDU: BatchGet 3E0AE0494182: 6 eps, rsp=118 bytes[0m
[2026-07-20 11:53:13.891] 
[2026-07-20 11:53:13.999] [0;32mI (258158953) NL_LTPDU: BatchGet 6A76B95FD1DB: 6 eps, rsp=118 bytes[0m
[2026-07-20 11:53:13.999] 
[2026-07-20 11:53:14.061] [0;32mI (258159010) NL_LTPDU: BatchGet 85854B476379: 6 eps, rsp=118 bytes[0m
[2026-07-20 11:53:14.061] 
[2026-07-20 11:53:15.533] [0;32mI (258160482) NL_LTPDU: BatchGet 880A64775B01: 6 eps, rsp=118 bytes[0m
[2026-07-20 11:53:15.533] 
[2026-07-20 11:53:18.781] [0;32mI (258163721) NL_LTPDU: BatchGet 3E0AE0494182: 6 eps, rsp=118 bytes[0m
[2026-07-20 11:53:18.781] [0;32mI (258163734) NL_LTPDU: BatchGet 6A76B95FD1DB: 6 eps, rsp=118 bytes[0m
[2026-07-20 11:53:18.781] 
[2026-07-20 11:53:18.828] [0;32mI (258163778) NL_LTPDU: BatchGet 85854B476379: 6 eps, rsp=118 bytes[0m
[2026-07-20 11:53:18.828] 
[2026-07-20 11:53:19.246] free heap: 6300352, minimum free heap: 6033104, Internal 8bit free heap: 72144, 8bit free heap: 6300352The current date/time is: Mon Jul 20 03:53:16 2026
[2026-07-20 11:53:19.246] 
[2026-07-20 11:53:19.246] 
[2026-07-20 11:53:20.656] [0;32mI (258165603) NL_LTPDU: BatchGet 880A64775B01: 6 eps, rsp=118 bytes[0m
[2026-07-20 11:53:20.656] 
[2026-07-20 11:53:23.938] [0;32mI (258168882) NL_LTPDU: BatchGet 3E0AE0494182: 6 eps, rsp=118 bytes[0m
[2026-07-20 11:53:23.938] 
[2026-07-20 11:53:24.000] [0;32mI (258168924) NL_LTPDU: BatchGet 6A76B95FD1DB: 6 eps, rsp=118 bytes[0m
[2026-07-20 11:53:24.000] [0;32mI (258168954) NL_LTPDU: BatchGet 85854B476379: 6 eps, rsp=118 bytes[0m
[2026-07-20 11:53:24.000] 
[2026-07-20 11:53:25.776] [0;32mI (258170724) NL_LTPDU: BatchGet 880A64775B01: 6 eps, rsp=118 bytes[0m
[2026-07-20 11:53:25.776] 
[2026-07-20 11:53:27.249] free heap: 6300220, minimum free heap: 6033104, Internal 8bit free heap: 72012, 8bit free heap: 6300220The current date/time is: Mon Jul 20 03:53:24 2026
[2026-07-20 11:53:27.249] 
[2026-07-20 11:53:27.249] 
[2026-07-20 11:53:28.810] [0;32mI (258173742) NL_LTPDU: BatchGet 3E0AE0494182: 6 eps, rsp=118 bytes[0m
[2026-07-20 11:53:28.810] [0;32mI (258173765) NL_LTPDU: BatchGet 6A76B95FD1DB: 6 eps, rsp=118 bytes[0m
[2026-07-20 11:53:28.810] [0;32mI (258173775) NL_LTPDU: BatchGet 85854B476379: 6 eps, rsp=118 bytes[0m
[2026-07-20 11:53:28.810] 
[2026-07-20 11:53:30.602] [0;32mI (258175555) NL_LTPDU: BatchGet 880A64775B01: 6 eps, rsp=118 bytes[0m
[2026-07-20 11:53:30.602] 
[2026-07-20 11:53:33.933] [0;32mI (258178862) NL_LTPDU: BatchGet 3E0AE0494182: 6 eps, rsp=118 bytes[0m
[2026-07-20 11:53:33.933] [0;32mI (258178889) NL_LTPDU: BatchGet 6A76B95FD1DB: 6 eps, rsp=118 bytes[0m
[2026-07-20 11:53:33.933] 
[2026-07-20 11:53:33.980] [0;32mI (258178929) NL_LTPDU: BatchGet 85854B476379: 6 eps, rsp=118 bytes[0m
[2026-07-20 11:53:33.980] 
[2026-07-20 11:53:35.263] free heap: 6300220, minimum free heap: 6033104, Internal 8bit free heap: 72012, 8bit free heap: 6300220The current date/time is: Mon Jul 20 03:53:32 2026
[2026-07-20 11:53:35.263] 
[2026-07-20 11:53:35.263] 
[2026-07-20 11:53:35.820] [0;32mI (258180774) NL_LTPDU: BatchGet 880A64775B01: 6 eps, rsp=118 bytes[0m
[2026-07-20 11:53:35.820] 
[2026-07-20 11:53:39.062] [0;32mI (258183981) NL_LTPDU: BatchGet 3E0AE0494182: 6 eps, rsp=118 bytes[0m
[2026-07-20 11:53:39.062] [0;32mI (258184009) NL_LTPDU: BatchGet 6A76B95FD1DB: 6 eps, rsp=118 bytes[0m
[2026-07-20 11:53:39.062] [0;32mI (258184020) NL_LTPDU: BatchGet 85854B476379: 6 eps, rsp=118 bytes[0m
[2026-07-20 11:53:39.062] 
[2026-07-20 11:53:40.933] [0;32mI (258185893) NL_LTPDU: BatchGet 880A64775B01: 6 eps, rsp=118 bytes[0m
[2026-07-20 11:53:40.933] 
[2026-07-20 11:53:43.265] free heap: 6300316, minimum free heap: 6033104, Internal 8bit free heap: 72108, 8bit free heap: 6300316The current date/time is: Mon Jul 20 03:53:40 2026
[2026-07-20 11:53:43.265] 
[2026-07-20 11:53:43.265] 
[2026-07-20 11:53:44.192] [0;32mI (258189141) NL_LTPDU: BatchGet 3E0AE0494182: 6 eps, rsp=118 bytes[0m
[2026-07-20 11:53:44.192] 
[2026-07-20 11:53:44.238] [0;32mI (258189187) NL_LTPDU: BatchGet 6A76B95FD1DB: 6 eps, rsp=118 bytes[0m
[2026-07-20 11:53:44.238] [0;32mI (258189201) NL_LTPDU: BatchGet 85854B476379: 6 eps, rsp=118 bytes[0m
[2026-07-20 11:53:44.238] 
[2026-07-20 11:53:46.063] [0;32mI (258191014) NL_LTPDU: BatchGet 880A64775B01: 6 eps, rsp=118 bytes[0m
[2026-07-20 11:53:46.063] 
[2026-07-20 11:53:48.987] [0;32mI (258193941) NL_LTPDU: BatchGet 3E0AE0494182: 6 eps, rsp=118 bytes[0m
[2026-07-20 11:53:48.987] 
[2026-07-20 11:53:49.049] [0;32mI (258193983) NL_LTPDU: BatchGet 6A76B95FD1DB: 6 eps, rsp=118 bytes[0m
[2026-07-20 11:53:49.049] [0;32mI (258194002) NL_LTPDU: BatchGet 85854B476379: 6 eps, rsp=118 bytes[0m
[2026-07-20 11:53:49.049] 
[2026-07-20 11:53:50.795] [0;32mI (258195753) NL_LTPDU: BatchGet 880A64775B01: 6 eps, rsp=118 bytes[0m
[2026-07-20 11:53:50.795] 
[2026-07-20 11:53:51.276] free heap: 6300220, minimum free heap: 6033104, Internal 8bit free heap: 72012, 8bit free heap: 6300220The current date/time is: Mon Jul 20 03:53:48 2026
[2026-07-20 11:53:51.276] 
[2026-07-20 11:53:51.276] 
[2026-07-20 11:53:54.101] [0;32mI (258199059) NL_LTPDU: BatchGet 3E0AE0494182: 6 eps, rsp=118 bytes[0m
[2026-07-20 11:53:54.101] 
[2026-07-20 11:53:54.858] [0;32mI (258199808) NL_LTPDU: BatchGet 6A76B95FD1DB: 6 eps, rsp=118 bytes[0m
[2026-07-20 11:53:54.858] 
[2026-07-20 11:53:54.968] [0;32mI (258199925) NL_LTPDU: BatchGet 85854B476379: 6 eps, rsp=118 bytes[0m
[2026-07-20 11:53:54.968] 
[2026-07-20 11:53:56.001] [0;32mI (258200948) NL_LTPDU: BatchGet 880A64775B01: 6 eps, rsp=118 bytes[0m
[2026-07-20 11:53:56.001] 
[2026-07-20 11:53:59.329] free heap: 6246912, minimum free heap: 6033104, Internal 8bit free heap: 71976, 8bit free heap: 6246912The current date/time is: Mon Jul 20 03:53:56 2026
[2026-07-20 11:53:59.329] 
[2026-07-20 11:53:59.329] [0;32mI (258204232) NL_LTPDU: BatchGet 3E0AE0494182: 6 eps, rsp=118 bytes[0m
[2026-07-20 11:53:59.329] [0;32mI (258204255) NL_LTPDU: BatchGet 6A76B95FD1DB: 6 eps, rsp=118 bytes[0m
[2026-07-20 11:53:59.329] [0;32mI (258204281) NL_LTPDU: BatchGet 85854B476379: 6 eps, rsp=118 bytes[0m
[2026-07-20 11:53:59.329] 
[2026-07-20 11:54:01.110] [0;32mI (258206064) NL_LTPDU: BatchGet 880A64775B01: 6 eps, rsp=118 bytes[0m
[2026-07-20 11:54:01.110] 
[2026-07-20 11:54:04.146] [0;32mI (258209091) NL_LTPDU: BatchGet 3E0AE0494182: 6 eps, rsp=118 bytes[0m
[2026-07-20 11:54:04.146] [0;32mI (258209108) NL_LTPDU: BatchGet 6A76B95FD1DB: 6 eps, rsp=118 bytes[0m
[2026-07-20 11:54:04.146] 
[2026-07-20 11:54:04.192] [0;32mI (258209151) NL_LTPDU: BatchGet 85854B476379: 6 eps, rsp=118 bytes[0m
[2026-07-20 11:54:04.192] 
[2026-07-20 11:54:05.944] [0;32mI (258210897) NL_LTPDU: BatchGet 880A64775B01: 6 eps, rsp=118 bytes[0m
[2026-07-20 11:54:05.944] 
[2026-07-20 11:54:07.291] free heap: 6300372, minimum free heap: 6033104, Internal 8bit free heap: 72144, 8bit free heap: 6300372The current date/time is: Mon Jul 20 03:54:04 2026
[2026-07-20 11:54:07.291] 
[2026-07-20 11:54:07.291] 
[2026-07-20 11:54:09.328] [0;32mI (258214247) NL_LTPDU: BatchGet 3E0AE0494182: 6 eps, rsp=118 bytes[0m
[2026-07-20 11:54:09.328] [0;32mI (258214266) NL_LTPDU: BatchGet 6A76B95FD1DB: 6 eps, rsp=118 bytes[0m
[2026-07-20 11:54:09.328] [0;32mI (258214281) NL_LTPDU: BatchGet 85854B476379: 6 eps, rsp=118 bytes[0m
[2026-07-20 11:54:09.328] 
[2026-07-20 11:54:11.094] [0;32mI (258216053) NL_LTPDU: BatchGet 880A64775B01: 6 eps, rsp=118 bytes[0m
[2026-07-20 11:54:11.094] 
[2026-07-20 11:54:14.776] [0;32mI (258219737) NL_LTPDU: BatchGet 3E0AE0494182: 6 eps, rsp=118 bytes[0m
[2026-07-20 11:54:14.776] 
[2026-07-20 11:54:14.884] [0;32mI (258219805) NL_LTPDU: BatchGet 6A76B95FD1DB: 6 eps, rsp=118 bytes[0m
[2026-07-20 11:54:14.884] [0;32mI (258219836) NL_LTPDU: BatchGet 85854B476379: 6 eps, rsp=118 bytes[0m
[2026-07-20 11:54:14.884] 
[2026-07-20 11:54:15.287] free heap: 6300240, minimum free heap: 6033104, Internal 8bit free heap: 72012, 8bit free heap: 6300240The current date/time is: Mon Jul 20 03:54:12 2026
[2026-07-20 11:54:15.287] 
[2026-07-20 11:54:15.287] 
[2026-07-20 11:54:16.259] [0;32mI (258221217) NL_LTPDU: BatchGet 880A64775B01: 6 eps, rsp=118 bytes[0m
[2026-07-20 11:54:16.259] 
[2026-07-20 11:54:19.269] [0;32mI (258224193) NL_LTPDU: BatchGet 3E0AE0494182: 6 eps, rsp=118 bytes[0m
[2026-07-20 11:54:19.269] [0;32mI (258224213) NL_LTPDU: BatchGet 6A76B95FD1DB: 6 eps, rsp=118 bytes[0m
[2026-07-20 11:54:19.269] [0;32mI (258224229) NL_LTPDU: BatchGet 85854B476379: 6 eps, rsp=118 bytes[0m
[2026-07-20 11:54:19.269] 
[2026-07-20 11:54:21.375] [0;32mI (258226333) NL_LTPDU: BatchGet 880A64775B01: 6 eps, rsp=118 bytes[0m
[2026-07-20 11:54:21.375] 
[2026-07-20 11:54:23.320] free heap: 6300336, minimum free heap: 6033104, Internal 8bit free heap: 72108, 8bit free heap: 6300336The current date/time is: Mon Jul 20 03:54:20 2026
[2026-07-20 11:54:23.320] 
[2026-07-20 11:54:23.320] 
[2026-07-20 11:54:24.368] [0;32mI (258229316) NL_LTPDU: BatchGet 3E0AE0494182: 6 eps, rsp=118 bytes[0m
[2026-07-20 11:54:24.368] 
[2026-07-20 11:54:24.414] [0;32mI (258229365) NL_LTPDU: BatchGet 6A76B95FD1DB: 6 eps, rsp=118 bytes[0m
[2026-07-20 11:54:24.414] [0;32mI (258229373) NL_LTPDU: BatchGet 85854B476379: 6 eps, rsp=118 bytes[0m
[2026-07-20 11:54:24.414] 
[2026-07-20 11:54:26.186] [0;32mI (258231139) NL_LTPDU: BatchGet 880A64775B01: 6 eps, rsp=118 bytes[0m
[2026-07-20 11:54:26.186] 
[2026-07-20 11:54:29.594] [0;32mI (258234532) NL_LTPDU: BatchGet 3E0AE0494182: 6 eps, rsp=118 bytes[0m
[2026-07-20 11:54:29.594] [0;32mI (258234553) NL_LTPDU: BatchGet 6A76B95FD1DB: 6 eps, rsp=118 bytes[0m
[2026-07-20 11:54:29.594] 
[2026-07-20 11:54:29.981] [0;32mI (258234931) ROUTE_HOOK: Received RIO[0m
[2026-07-20 11:54:29.981] [0;32mI (258234931) ROUTE_HOOK: prefix FDEA:C98F:38B2:1:: lifetime 1800[0m
[2026-07-20 11:54:29.981] 
[2026-07-20 11:54:30.196] uart: 11 AT+MOTION 1
[2026-07-20 11:54:30.196] 
[2026-07-20 11:54:30.196] 
[2026-07-20 11:54:30.196] btn on press
[2026-07-20 11:54:30.196] [0;32mI (258235153) NL_LTPDU: BatchGet 85854B476379: 6 eps, rsp=118 bytes[0m
[2026-07-20 11:54:30.196] uart: 130 AT+BCDS ff04000206a5d9bf2 0010B940B0E9FEC6718C48ca43a5b6dc0F09bd200a0098404c000000000000ff0d0100000000000000000000000000000000ff06
[2026-07-20 11:54:30.196] 
[2026-07-20 11:54:30.196] 
[2026-07-20 11:54:30.196] 
[2026-07-20 11:54:30.335] pTopic:$aws/rules/bi_wifi_data_report/switchlink/B0E9FEC6718C/link_to_shadow
[2026-07-20 11:54:30.335] pData:BCD ff04000206a5d9bf2 0010B940B0E9FEC6718C48ca43a5b6dc0F09bd200a0098404c000000000000ff0d0100000000000000000000000000000000ff06
[2026-07-20 11:54:30.335] 
[2026-07-20 11:54:31.326] free heap: 6245548, minimum free heap: 6033104, Internal 8bit free heap: 72144, 8bit free heap: 6245548The current date/time is: Mon Jul 20 03:54:28 2026
[2026-07-20 11:54:31.326] 
[2026-07-20 11:54:31.326] 
[2026-07-20 11:54:31.434] [0;32mI (258236395) NL_LTPDU: BatchGet 880A64775B01: 6 eps, rsp=118 bytes[0m
[2026-07-20 11:54:31.434] 
[2026-07-20 11:54:34.483] [0;32mI (258239436) NL_LTPDU: BatchGet 3E0AE0494182: 6 eps, rsp=118 bytes[0m
[2026-07-20 11:54:34.483] [0;32mI (258239450) NL_LTPDU: BatchGet 6A76B95FD1DB: 6 eps, rsp=118 bytes[0m
[2026-07-20 11:54:34.483] 
[2026-07-20 11:54:34.793] [0;32mI (258239742) NL_LTPDU: BatchGet 85854B476379: 6 eps, rsp=118 bytes[0m
[2026-07-20 11:54:34.793] 
[2026-07-20 11:54:36.523] [0;32mI (258241485) NL_LTPDU: BatchGet 880A64775B01: 6 eps, rsp=118 bytes[0m
[2026-07-20 11:54:36.523] 
[2026-07-20 11:54:38.407] uart: 19 AT+TEMPHUMI +238 64
[2026-07-20 11:54:38.407] 
[2026-07-20 11:54:38.407] 
[2026-07-20 11:54:38.407] temp_ep:65535,temp_data:2380 humi_ep:65535,humi_data:6400
[2026-07-20 11:54:38.407] 
[2026-07-20 11:54:38.407] 
[2026-07-20 11:54:39.318] free heap: 6300240, minimum free heap: 6033104, Internal 8bit free heap: 72012, 8bit free heap: 6300240The current date/time is: Mon Jul 20 03:54:36 2026
[2026-07-20 11:54:39.318] 
[2026-07-20 11:54:39.318] 
[2026-07-20 11:54:39.503] [0;32mI (258244456) NL_LTPDU: BatchGet 3E0AE0494182: 6 eps, rsp=118 bytes[0m
[2026-07-20 11:54:39.503] 
[2026-07-20 11:54:39.595] [0;32mI (258244558) NL_LTPDU: BatchGet 6A76B95FD1DB: 6 eps, rsp=118 bytes[0m
[2026-07-20 11:54:39.595] 
[2026-07-20 11:54:39.811] [0;32mI (258244771) NL_LTPDU: BatchGet 85854B476379: 6 eps, rsp=118 bytes[0m
[2026-07-20 11:54:39.811] 
[2026-07-20 11:54:41.644] [0;32mI (258246601) NL_LTPDU: BatchGet 880A64775B01: 6 eps, rsp=118 bytes[0m
[2026-07-20 11:54:41.644] 
[2026-07-20 11:54:44.797] [0;32mI (258249736) NL_LTPDU: BatchGet 3E0AE0494182: 6 eps, rsp=118 bytes[0m
[2026-07-20 11:54:44.797] [0;32mI (258249752) NL_LTPDU: BatchGet 6A76B95FD1DB: 6 eps, rsp=118 bytes[0m
[2026-07-20 11:54:44.797] 
[2026-07-20 11:54:45.044] [0;32mI (258249993) NL_LTPDU: BatchGet 85854B476379: 6 eps, rsp=118 bytes[0m
[2026-07-20 11:54:45.044] 
[2026-07-20 11:54:46.776] [0;32mI (258251727) NL_LTPDU: BatchGet 880A64775B01: 6 eps, rsp=118 bytes[0m
[2026-07-20 11:54:46.776] 
[2026-07-20 11:54:47.378] free heap: 6300352, minimum free heap: 6033104, Internal 8bit free heap: 72144, 8bit free heap: 6300352The current date/time is: Mon Jul 20 03:54:44 2026
[2026-07-20 11:54:47.378] 
[2026-07-20 11:54:47.378] 
[2026-07-20 11:54:49.512] [0;32mI (258254450) NL_LTPDU: BatchGet 3E0AE0494182: 6 eps, rsp=118 bytes[0m
[2026-07-20 11:54:49.512] [0;32mI (258254471) NL_LTPDU: BatchGet 6A76B95FD1DB: 6 eps, rsp=118 bytes[0m
[2026-07-20 11:54:49.512] 
[2026-07-20 11:54:49.744] [0;32mI (258254704) NL_LTPDU: BatchGet 85854B476379: 6 eps, rsp=118 bytes[0m
[2026-07-20 11:54:49.744] 
[2026-07-20 11:54:51.510] [0;32mI (258256461) NL_LTPDU: BatchGet 880A64775B01: 6 eps, rsp=118 bytes[0m
[2026-07-20 11:54:51.510] 
[2026-07-20 11:54:54.770] [0;32mI (258259716) NL_LTPDU: BatchGet 3E0AE0494182: 6 eps, rsp=118 bytes[0m
[2026-07-20 11:54:54.770] [0;32mI (258259730) NL_LTPDU: BatchGet 6A76B95FD1DB: 6 eps, rsp=118 bytes[0m
[2026-07-20 11:54:54.770] 
[2026-07-20 11:54:54.834] [0;32mI (258259786) NL_LTPDU: BatchGet 85854B476379: 6 eps, rsp=118 bytes[0m
[2026-07-20 11:54:54.834] 
[2026-07-20 11:54:55.389] free heap: 6300352, minimum free heap: 6033104, Internal 8bit free heap: 72144, 8bit free heap: 6300352The current date/time is: Mon Jul 20 03:54:52 2026
[2026-07-20 11:54:55.389] 
[2026-07-20 11:54:55.389] 
[2026-07-20 11:54:56.704] [0;32mI (258261668) NL_LTPDU: BatchGet 880A64775B01: 6 eps, rsp=118 bytes[0m
[2026-07-20 11:54:56.704] 
[2026-07-20 11:54:59.785] [0;32mI (258264745) NL_LTPDU: BatchGet 3E0AE0494182: 6 eps, rsp=118 bytes[0m
[2026-07-20 11:54:59.785] 
[2026-07-20 11:55:00.017] [0;32mI (258264954) NL_LTPDU: BatchGet 6A76B95FD1DB: 6 eps, rsp=118 bytes[0m
[2026-07-20 11:55:00.017] [0;32mI (258264979) NL_LTPDU: BatchGet 85854B476379: 6 eps, rsp=118 bytes[0m
[2026-07-20 11:55:00.017] 
[2026-07-20 11:55:01.752] [0;32mI (258266706) NL_LTPDU: BatchGet 880A64775B01: 6 eps, rsp=118 bytes[0m
[2026-07-20 11:55:01.752] 
[2026-07-20 11:55:03.404] free heap: 6300220, minimum free heap: 6033104, Internal 8bit free heap: 72012, 8bit free heap: 6300220The current date/time is: Mon Jul 20 03:55:00 2026
[2026-07-20 11:55:03.404] 
[2026-07-20 11:55:03.404] 
[2026-07-20 11:55:04.406] uart: 11 AT+MOTION 0
[2026-07-20 11:55:04.406] 
[2026-07-20 11:55:04.406] 
[2026-07-20 11:55:04.406] btn on press
[2026-07-20 11:55:04.406] uart: 130 AT+BCDS ff04000206a5d9c15 0010B940B0E9FEC6718C48ca43a5b6dc0F09be000a0897404c000000000000ff0cfd00000000000000000000000000000000ff06
[2026-07-20 11:55:04.406] 
[2026-07-20 11:55:04.406] 
[2026-07-20 11:55:04.406] 
[2026-07-20 11:55:04.467] pTopic:$aws/rules/bi_wifi_data_report/switchlink/B0E9FEC6718C/link_to_shadow
[2026-07-20 11:55:04.467] pData:BCD ff04000206a5d9c15 0010B940B0E9FEC6718C48ca43a5b6dc0F09be000a0897404c000000000000ff0cfd00000000000000000000000000000000ff06
[2026-07-20 11:55:04.467] 
[2026-07-20 11:55:04.623] [0;32mI (258269576) NL_LTPDU: BatchGet 3E0AE0494182: 6 eps, rsp=118 bytes[0m
[2026-07-20 11:55:04.623] 
[2026-07-20 11:55:04.731] [0;32mI (258269689) NL_LTPDU: BatchGet 6A76B95FD1DB: 6 eps, rsp=118 bytes[0m
[2026-07-20 11:55:04.731] 
[2026-07-20 11:55:05.011] [0;32mI (258269962) NL_LTPDU: BatchGet 85854B476379: 6 eps, rsp=118 bytes[0m
[2026-07-20 11:55:05.011] 
[2026-07-20 11:55:06.955] [0;32mI (258271911) NL_LTPDU: BatchGet 880A64775B01: 6 eps, rsp=118 bytes[0m
[2026-07-20 11:55:06.955] 
[2026-07-20 11:55:09.880] [0;32mI (258274835) NL_LTPDU: BatchGet 3E0AE0494182: 6 eps, rsp=118 bytes[0m
[2026-07-20 11:55:09.880] [0;32mI (258274845) NL_LTPDU: BatchGet 6A76B95FD1DB: 6 eps, rsp=118 bytes[0m
[2026-07-20 11:55:09.880] 
[2026-07-20 11:55:10.236] [0;32mI (258275185) NL_LTPDU: BatchGet 85854B476379: 6 eps, rsp=118 bytes[0m
[2026-07-20 11:55:10.236] 
[2026-07-20 11:55:11.405] free heap: 6300296, minimum free heap: 6033104, Internal 8bit free heap: 72108, 8bit free heap: 6300296The current date/time is: Mon Jul 20 03:55:08 2026
[2026-07-20 11:55:11.405] 
[2026-07-20 11:55:11.405] 
[2026-07-20 11:55:11.777] [0;32mI (258276730) NL_LTPDU: BatchGet 880A64775B01: 6 eps, rsp=118 bytes[0m
[2026-07-20 11:55:11.777] 
[2026-07-20 11:55:14.937] [0;32mI (258279894) NL_LTPDU: BatchGet 3E0AE0494182: 6 eps, rsp=118 bytes[0m
[2026-07-20 11:55:14.937] 
[2026-07-20 11:55:15.092] [0;32mI (258280024) NL_LTPDU: BatchGet 6A76B95FD1DB: 6 eps, rsp=118 bytes[0m
[2026-07-20 11:55:15.092] [0;32mI (258280052) NL_LTPDU: BatchGet 85854B476379: 6 eps, rsp=118 bytes[0m
[2026-07-20 11:55:15.092] 
[2026-07-20 11:55:16.885] [0;32mI (258281845) NL_LTPDU: BatchGet 880A64775B01: 6 eps, rsp=118 bytes[0m
[2026-07-20 11:55:16.885] 
[2026-07-20 11:55:19.420] free heap: 6300344, minimum free heap: 6033104, Internal 8bit free heap: 72144, 8bit free heap: 6300344The current date/time is: Mon Jul 20 03:55:16 2026
[2026-07-20 11:55:19.420] 
[2026-07-20 11:55:19.420] 
[2026-07-20 11:55:19.714] [0;32mI (258284668) NL_LTPDU: BatchGet 3E0AE0494182: 6 eps, rsp=118 bytes[0m
[2026-07-20 11:55:19.714] 
[2026-07-20 11:55:19.775] [0;32mI (258284726) NL_LTPDU: BatchGet 6A76B95FD1DB: 6 eps, rsp=118 bytes[0m
[2026-07-20 11:55:19.775] 
[2026-07-20 11:55:19.822] [0;32mI (258284772) NL_LTPDU: BatchGet 85854B476379: 6 eps, rsp=118 bytes[0m
[2026-07-20 11:55:19.822] 
[2026-07-20 11:55:22.095] [0;32mI (258287056) NL_LTPDU: BatchGet 880A64775B01: 6 eps, rsp=118 bytes[0m
[2026-07-20 11:55:22.095] 
[2026-07-20 11:55:24.878] [0;32mI (258289817) NL_LTPDU: BatchGet 3E0AE0494182: 6 eps, rsp=118 bytes[0m
[2026-07-20 11:55:24.878] [0;32mI (258289837) NL_LTPDU: BatchGet 6A76B95FD1DB: 6 eps, rsp=118 bytes[0m
[2026-07-20 11:55:24.878] 
[2026-07-20 11:55:24.940] [0;32mI (258289901) NL_LTPDU: BatchGet 85854B476379: 6 eps, rsp=118 bytes[0m
[2026-07-20 11:55:24.940] 
[2026-07-20 11:55:27.156] uart: 9 AT+STATUS
[2026-07-20 11:55:27.156] 
[2026-07-20 11:55:27.156] 
[2026-07-20 11:55:27.156] wifi status is 5 1 2
[2026-07-20 11:55:27.156] 
[2026-07-20 11:55:27.156] wifi ipv4 info:
[2026-07-20 11:55:27.156] 
[2026-07-20 11:55:27.156] 192.168.50.200.
[2026-07-20 11:55:27.156] 
[2026-07-20 11:55:27.156] 255.255.255.0.
[2026-07-20 11:55:27.156] 
[2026-07-20 11:55:27.156] 192.168.50.1.
[2026-07-20 11:55:27.156] 
[2026-07-20 11:55:27.156] 
[2026-07-20 11:55:27.218] [0;32mI (258292182) NL_LTPDU: BatchGet 880A64775B01: 6 eps, rsp=118 bytes[0m
[2026-07-20 11:55:27.218] 
[2026-07-20 11:55:27.264] uart: 10 AT+GET_UTC
[2026-07-20 11:55:27.264] 
[2026-07-20 11:55:27.264] 
[2026-07-20 11:55:27.264] utc 3, 6a
[2026-07-20 11:55:27.264] 
[2026-07-20 11:55:27.264] utc 2, 5d
[2026-07-20 11:55:27.264] 
[2026-07-20 11:55:27.264] utc 1, 9c
[2026-07-20 11:55:27.264] 
[2026-07-20 11:55:27.264] utc 0, 2b
[2026-07-20 11:55:27.264] 
[2026-07-20 11:55:27.264] UTC : 6a5d9c2b
[2026-07-20 11:55:27.264] 
[2026-07-20 11:55:27.264] 
[2026-07-20 11:55:27.433] free heap: 6300240, minimum free heap: 6033104, Internal 8bit free heap: 72012, 8bit free heap: 6300240The current date/time is: Mon Jul 20 03:55:24 2026
[2026-07-20 11:55:27.433] 
[2026-07-20 11:55:27.433] 
[2026-07-20 11:55:29.996] [0;32mI (258294938) NL_LTPDU: BatchGet 3E0AE0494182: 6 eps, rsp=118 bytes[0m
[2026-07-20 11:55:29.996] [0;32mI (258294957) NL_LTPDU: BatchGet 6A76B95FD1DB: 6 eps, rsp=118 bytes[0m
[2026-07-20 11:55:29.996] 
[2026-07-20 11:55:30.057] [0;32mI (258295015) NL_LTPDU: BatchGet 85854B476379: 6 eps, rsp=118 bytes[0m
[2026-07-20 11:55:30.057] 
[2026-07-20 11:55:32.000] [0;32mI (258296961) NL_LTPDU: BatchGet 880A64775B01: 6 eps, rsp=118 bytes[0m
[2026-07-20 11:55:32.000] 
[2026-07-20 11:55:34.866] [0;32mI (258299826) NL_LTPDU: BatchGet 3E0AE0494182: 6 eps, rsp=118 bytes[0m
[2026-07-20 11:55:34.866] 
[2026-07-20 11:55:34.913] [0;32mI (258299865) NL_LTPDU: BatchGet 6A76B95FD1DB: 6 eps, rsp=118 bytes[0m
[2026-07-20 11:55:34.913] 
[2026-07-20 11:55:34.959] [0;32mI (258299911) NL_LTPDU: BatchGet 85854B476379: 6 eps, rsp=118 bytes[0m
[2026-07-20 11:55:34.959] 
[2026-07-20 11:55:35.440] free heap: 6300372, minimum free heap: 6033104, Internal 8bit free heap: 72144, 8bit free heap: 6300372The current date/time is: Mon Jul 20 03:55:32 2026
[2026-07-20 11:55:35.440] 
[2026-07-20 11:55:35.440] 
[2026-07-20 11:55:37.125] [0;32mI (258302082) NL_LTPDU: BatchGet 880A64775B01: 6 eps, rsp=118 bytes[0m
[2026-07-20 11:55:37.125] 
[2026-07-20 11:55:40.073] [0;32mI (258305031) NL_LTPDU: BatchGet 3E0AE0494182: 6 eps, rsp=118 bytes[0m
[2026-07-20 11:55:40.073] 
[2026-07-20 11:55:40.135] [0;32mI (258305074) NL_LTPDU: BatchGet 6A76B95FD1DB: 6 eps, rsp=118 bytes[0m
[2026-07-20 11:55:40.135] [0;32mI (258305094) NL_LTPDU: BatchGet 85854B476379: 6 eps, rsp=118 bytes[0m
[2026-07-20 11:55:40.135] 
[2026-07-20 11:55:42.279] [0;32mI (258307235) NL_LTPDU: BatchGet 880A64775B01: 6 eps, rsp=118 bytes[0m
[2026-07-20 11:55:42.279] 
[2026-07-20 11:55:43.465] free heap: 6300240, minimum free heap: 6033104, Internal 8bit free heap: 72012, 8bit free heap: 6300240The current date/time is: Mon Jul 20 03:55:40 2026
[2026-07-20 11:55:43.465] 
[2026-07-20 11:55:43.465] 
[2026-07-20 11:55:44.900] [0;32mI (258309853) NL_LTPDU: BatchGet 3E0AE0494182: 6 eps, rsp=118 bytes[0m
[2026-07-20 11:55:44.900] 
[2026-07-20 11:55:44.945] [0;32mI (258309897) NL_LTPDU: BatchGet 6A76B95FD1DB: 6 eps, rsp=118 bytes[0m
[2026-07-20 11:55:44.945] [0;32mI (258309914) NL_LTPDU: BatchGet 85854B476379: 6 eps, rsp=118 bytes[0m
[2026-07-20 11:55:44.945] 
[2026-07-20 11:55:47.507] [0;32mI (258312460) NL_LTPDU: BatchGet 880A64775B01: 6 eps, rsp=118 bytes[0m
[2026-07-20 11:55:47.507] 
[2026-07-20 11:55:50.059] [0;32mI (258315004) NL_LTPDU: BatchGet 3E0AE0494182: 6 eps, rsp=118 bytes[0m
[2026-07-20 11:55:50.059] [0;32mI (258315023) NL_LTPDU: BatchGet 6A76B95FD1DB: 6 eps, rsp=118 bytes[0m
[2026-07-20 11:55:50.059] 
[2026-07-20 11:55:50.106] [0;32mI (258315072) NL_LTPDU: BatchGet 85854B476379: 6 eps, rsp=118 bytes[0m
[2026-07-20 11:55:50.106] 
[2026-07-20 11:55:51.486] free heap: 6300220, minimum free heap: 6033104, Internal 8bit free heap: 72012, 8bit free heap: 6300220The current date/time is: Mon Jul 20 03:55:48 2026
[2026-07-20 11:55:51.486] 
[2026-07-20 11:55:51.486] 
[2026-07-20 11:55:52.504] [0;32mI (258317463) NL_LTPDU: BatchGet 880A64775B01: 6 eps, rsp=118 bytes[0m
[2026-07-20 11:55:52.504] 
[2026-07-20 11:55:55.190] [0;32mI (258320137) NL_LTPDU: BatchGet 3E0AE0494182: 6 eps, rsp=118 bytes[0m
[2026-07-20 11:55:55.190] [0;32mI (258320159) NL_LTPDU: BatchGet 6A76B95FD1DB: 6 eps, rsp=118 bytes[0m
[2026-07-20 11:55:55.190] 
[2026-07-20 11:55:55.313] [0;32mI (258320275) NL_LTPDU: BatchGet 85854B476379: 6 eps, rsp=118 bytes[0m
[2026-07-20 11:55:55.313] 
[2026-07-20 11:55:57.261] [0;32mI (258322220) NL_LTPDU: BatchGet 880A64775B01: 6 eps, rsp=118 bytes[0m
[2026-07-20 11:55:57.261] 
[2026-07-20 11:55:59.485] free heap: 6300372, minimum free heap: 6033104, Internal 8bit free heap: 72144, 8bit free heap: 6300372The current date/time is: Mon Jul 20 03:55:56 2026
[2026-07-20 11:55:59.485] 
[2026-07-20 11:55:59.485] 
[2026-07-20 11:56:00.283] [0;32mI (258325244) NL_LTPDU: BatchGet 3E0AE0494182: 6 eps, rsp=118 bytes[0m
[2026-07-20 11:56:00.283] 
[2026-07-20 11:56:00.313] [0;32mI (258325277) NL_LTPDU: BatchGet 6A76B95FD1DB: 6 eps, rsp=118 bytes[0m
[2026-07-20 11:56:00.313] 
[2026-07-20 11:56:00.499] [0;32mI (258325456) NL_LTPDU: BatchGet 85854B476379: 6 eps, rsp=118 bytes[0m
[2026-07-20 11:56:00.499] 
[2026-07-20 11:56:02.442] [0;32mI (258327400) NL_LTPDU: BatchGet 880A64775B01: 6 eps, rsp=118 bytes[0m
[2026-07-20 11:56:02.442] 
[2026-07-20 11:56:05.431] [0;32mI (258330368) NL_LTPDU: BatchGet 3E0AE0494182: 6 eps, rsp=118 bytes[0m
[2026-07-20 11:56:05.431] [0;32mI (258330398) NL_LTPDU: BatchGet 6A76B95FD1DB: 6 eps, rsp=118 bytes[0m
[2026-07-20 11:56:05.431] 
[2026-07-20 11:56:05.571] [0;32mI (258330532) NL_LTPDU: BatchGet 85854B476379: 6 eps, rsp=118 bytes[0m
[2026-07-20 11:56:05.571] 
[2026-07-20 11:56:07.504] free heap: 6245404, minimum free heap: 6033104, Internal 8bit free heap: 72012, 8bit free heap: 6245404The current date/time is: Mon Jul 20 03:56:04 2026
[2026-07-20 11:56:07.504] 
[2026-07-20 11:56:07.504] 
[2026-07-20 11:56:07.565] [0;32mI (258332518) NL_LTPDU: BatchGet 880A64775B01: 6 eps, rsp=118 bytes[0m
[2026-07-20 11:56:07.565] 
[2026-07-20 11:56:10.194] [0;32mI (258335148) NL_LTPDU: BatchGet 3E0AE0494182: 6 eps, rsp=118 bytes[0m
[2026-07-20 11:56:10.194] 
[2026-07-20 11:56:10.254] [0;32mI (258335195) NL_LTPDU: BatchGet 6A76B95FD1DB: 6 eps, rsp=118 bytes[0m
[2026-07-20 11:56:10.254] [0;32mI (258335221) NL_LTPDU: BatchGet 85854B476379: 6 eps, rsp=118 bytes[0m
[2026-07-20 11:56:10.254] 
[2026-07-20 11:56:12.693] [0;32mI (258337644) NL_LTPDU: BatchGet 880A64775B01: 6 eps, rsp=118 bytes[0m
[2026-07-20 11:56:12.693] 
[2026-07-20 11:56:13.718] uart: 11 AT+MOTION 1
[2026-07-20 11:56:13.718] 
[2026-07-20 11:56:13.718] 
[2026-07-20 11:56:13.718] btn on press
[2026-07-20 11:56:13.718] uart: 130 AT+BCDS ff04000206a5d9c59 0010B940B0E9FEC6718C48ca43a5b6dc0F09bf200a0897404c000000000000ff0d0000000000000000000000000000000000ff06
[2026-07-20 11:56:13.718] 
[2026-07-20 11:56:13.718] 
[2026-07-20 11:56:13.718] pTopic:$aws/rules/bi_wifi_data_report/switchlink/B0E9FEC6718C/link_to_shadow
[2026-07-20 11:56:13.718] pData:BCD ff04000206a5d9c59 0010B940B0E9FEC6718C48ca43a5b6dc0F09bf200a0897404c000000000000ff0d0000000000000000000000000000000000ff06
[2026-07-20 11:56:13.718] 
[2026-07-20 11:56:15.370] [0;32mI (258340305) NL_LTPDU: BatchGet 3E0AE0494182: 6 eps, rsp=118 bytes[0m
[2026-07-20 11:56:15.370] [0;32mI (258340321) NL_LTPDU: BatchGet 6A76B95FD1DB: 6 eps, rsp=118 bytes[0m
[2026-07-20 11:56:15.370] [0;32mI (258340343) NL_LTPDU: BatchGet 85854B476379: 6 eps, rsp=118 bytes[0m
[2026-07-20 11:56:15.370] 
[2026-07-20 11:56:15.527] free heap: 6300176, minimum free heap: 6033104, Internal 8bit free heap: 71976, 8bit free heap: 6300176The current date/time is: Mon Jul 20 03:56:12 2026
[2026-07-20 11:56:15.527] 
[2026-07-20 11:56:15.527] 
[2026-07-20 11:56:17.536] [0;32mI (258342492) NL_LTPDU: BatchGet 880A64775B01: 6 eps, rsp=118 bytes[0m
[2026-07-20 11:56:17.536] 
[2026-07-20 11:56:20.476] [0;32mI (258345432) NL_LTPDU: BatchGet 3E0AE0494182: 6 eps, rsp=118 bytes[0m
[2026-07-20 11:56:20.476] [0;32mI (258345445) NL_LTPDU: BatchGet 6A76B95FD1DB: 6 eps, rsp=118 bytes[0m
[2026-07-20 11:56:20.476] 
[2026-07-20 11:56:20.523] [0;32mI (258345484) NL_LTPDU: BatchGet 85854B476379: 6 eps, rsp=118 bytes[0m
[2026-07-20 11:56:20.523] 
[2026-07-20 11:56:22.720] [0;32mI (258347674) NL_LTPDU: BatchGet 880A64775B01: 6 eps, rsp=118 bytes[0m
[2026-07-20 11:56:22.720] 
[2026-07-20 11:56:23.535] free heap: 6300316, minimum free heap: 6033104, Internal 8bit free heap: 72108, 8bit free heap: 6300316The current date/time is: Mon Jul 20 03:56:20 2026
[2026-07-20 11:56:23.535] 
[2026-07-20 11:56:23.535] 
[2026-07-20 11:56:25.560] [0;32mI (258350520) NL_LTPDU: BatchGet 3E0AE0494182: 6 eps, rsp=118 bytes[0m
[2026-07-20 11:56:25.560] 
[2026-07-20 11:56:25.621] [0;32mI (258350573) NL_LTPDU: BatchGet 6A76B95FD1DB: 6 eps, rsp=118 bytes[0m
[2026-07-20 11:56:25.621] [0;32mI (258350586) NL_LTPDU: BatchGet 85854B476379: 6 eps, rsp=118 bytes[0m
[2026-07-20 11:56:25.621] 
[2026-07-20 11:56:27.845] [0;32mI (258352804) NL_LTPDU: BatchGet 880A64775B01: 6 eps, rsp=118 bytes[0m
[2026-07-20 11:56:27.845] 
[2026-07-20 11:56:30.460] [0;32mI (258355382) NL_LTPDU: BatchGet 3E0AE0494182: 6 eps, rsp=118 bytes[0m
[2026-07-20 11:56:30.460] [0;32mI (258355412) NL_LTPDU: BatchGet 6A76B95FD1DB: 6 eps, rsp=118 bytes[0m
[2026-07-20 11:56:30.460] [0;32mI (258355427) NL_LTPDU: BatchGet 85854B476379: 6 eps, rsp=118 bytes[0m
[2026-07-20 11:56:30.460] 
[2026-07-20 11:56:31.530] free heap: 6300164, minimum free heap: 6033104, Internal 8bit free heap: 71976, 8bit free heap: 6300164The current date/time is: Mon Jul 20 03:56:28 2026
[2026-07-20 11:56:31.530] 
[2026-07-20 11:56:31.530] 
[2026-07-20 11:56:32.611] [0;32mI (258357571) NL_LTPDU: BatchGet 880A64775B01: 6 eps, rsp=118 bytes[0m
[2026-07-20 11:56:32.611] 
[2026-07-20 11:56:35.580] [0;32mI (258360524) NL_LTPDU: BatchGet 3E0AE0494182: 6 eps, rsp=118 bytes[0m
[2026-07-20 11:56:35.580] [0;32mI (258360537) NL_LTPDU: BatchGet 6A76B95FD1DB: 6 eps, rsp=118 bytes[0m
[2026-07-20 11:56:35.580] [0;32mI (258360546) NL_LTPDU: BatchGet 85854B476379: 6 eps, rsp=118 bytes[0m
[2026-07-20 11:56:35.580] 
[2026-07-20 11:56:37.778] [0;32mI (258362744) NL_LTPDU: BatchGet 880A64775B01: 6 eps, rsp=118 bytes[0m
[2026-07-20 11:56:37.778] 
[2026-07-20 11:56:39.567] free heap: 6300352, minimum free heap: 6033104, Internal 8bit free heap: 72144, 8bit free heap: 6300352The current date/time is: Mon Jul 20 03:56:36 2026
[2026-07-20 11:56:39.567] 
[2026-07-20 11:56:39.567] 
[2026-07-20 11:56:40.772] [0;32mI (258365706) NL_LTPDU: BatchGet 3E0AE0494182: 6 eps, rsp=118 bytes[0m
[2026-07-20 11:56:40.772] [0;32mI (258365725) NL_LTPDU: BatchGet 6A76B95FD1DB: 6 eps, rsp=118 bytes[0m
[2026-07-20 11:56:40.772] [0;32mI (258365737) NL_LTPDU: BatchGet 85854B476379: 6 eps, rsp=118 bytes[0m
[2026-07-20 11:56:40.772] 
[2026-07-20 11:56:42.888] [0;32mI (258367847) NL_LTPDU: BatchGet 880A64775B01: 6 eps, rsp=118 bytes[0m
[2026-07-20 11:56:42.888] 
[2026-07-20 11:56:45.405] [0;32mI (258370373) NL_LTPDU: BatchGet 3E0AE0494182: 6 eps, rsp=118 bytes[0m
[2026-07-20 11:56:45.405] 
[2026-07-20 11:56:45.466] [0;32mI (258370430) NL_LTPDU: BatchGet 6A76B95FD1DB: 6 eps, rsp=118 bytes[0m
[2026-07-20 11:56:45.466] 
[2026-07-20 11:56:45.512] [0;32mI (258370481) NL_LTPDU: BatchGet 85854B476379: 6 eps, rsp=118 bytes[0m
[2026-07-20 11:56:45.512] 
[2026-07-20 11:56:46.303] uart: 11 AT+MOTION 0
[2026-07-20 11:56:46.303] 
[2026-07-20 11:56:46.303] 
[2026-07-20 11:56:46.303] btn on press
[2026-07-20 11:56:46.303] uart: 130 AT+BCDS ff04000206a5d9c7a 0010B940B0E9FEC6718C48ca43a5b6dc0F09c0000a0897404c000000000000ff0cfe00000000000000000000000000000000ff06
[2026-07-20 11:56:46.303] 
[2026-07-20 11:56:46.303] 
[2026-07-20 11:56:46.303] 
[2026-07-20 11:56:46.441] pTopic:$aws/rules/bi_wifi_data_report/switchlink/B0E9FEC6718C/link_to_shadow
[2026-07-20 11:56:46.441] pData:BCD ff04000206a5d9c7a 0010B940B0E9FEC6718C48ca43a5b6dc0F09c0000a0897404c000000000000ff0cfe00000000000000000000000000000000ff06
[2026-07-20 11:56:46.441] 
[2026-07-20 11:56:47.570] free heap: 6300372, minimum free heap: 6033104, Internal 8bit free heap: 72144, 8bit free heap: 6300372The current date/time is: Mon Jul 20 03:56:44 2026
[2026-07-20 11:56:47.570] 
[2026-07-20 11:56:47.570] 
[2026-07-20 11:56:47.770] [0;32mI (258372731) NL_LTPDU: BatchGet 880A64775B01: 6 eps, rsp=118 bytes[0m
[2026-07-20 11:56:47.770] 
[2026-07-20 11:56:50.522] [0;32mI (258375484) NL_LTPDU: BatchGet 3E0AE0494182: 6 eps, rsp=118 bytes[0m
[2026-07-20 11:56:50.522] 
[2026-07-20 11:56:50.584] [0;32mI (258375548) NL_LTPDU: BatchGet 6A76B95FD1DB: 6 eps, rsp=118 bytes[0m
[2026-07-20 11:56:50.584] 
[2026-07-20 11:56:50.630] [0;32mI (258375586) NL_LTPDU: BatchGet 85854B476379: 6 eps, rsp=118 bytes[0m
[2026-07-20 11:56:50.630] 
[2026-07-20 11:56:52.931] [0;32mI (258377892) NL_LTPDU: BatchGet 880A64775B01: 6 eps, rsp=118 bytes[0m
[2026-07-20 11:56:52.931] 
[2026-07-20 11:56:55.569] free heap: 6245380, minimum free heap: 6033104, Internal 8bit free heap: 71976, 8bit free heap: 6245380The current date/time is: Mon Jul 20 03:56:52 2026
[2026-07-20 11:56:55.569] 
[2026-07-20 11:56:55.569] 
[2026-07-20 11:56:55.738] [0;32mI (258380645) NL_LTPDU: BatchGet 3E0AE0494182: 6 eps, rsp=118 bytes[0m
[2026-07-20 11:56:55.738] [0;32mI (258380666) NL_LTPDU: BatchGet 6A76B95FD1DB: 6 eps, rsp=118 bytes[0m
[2026-07-20 11:56:55.738] [0;32mI (258380696) NL_LTPDU: BatchGet 85854B476379: 6 eps, rsp=118 bytes[0m
[2026-07-20 11:56:55.738] 
[2026-07-20 11:56:58.024] [0;32mI (258382993) NL_LTPDU: BatchGet 880A64775B01: 6 eps, rsp=118 bytes[0m
[2026-07-20 11:56:58.024] 
[2026-07-20 11:57:00.821] [0;32mI (258385773) NL_LTPDU: BatchGet 3E0AE0494182: 6 eps, rsp=118 bytes[0m
[2026-07-20 11:57:00.821] [0;32mI (258385796) NL_LTPDU: BatchGet 6A76B95FD1DB: 6 eps, rsp=118 bytes[0m
[2026-07-20 11:57:00.821] 
[2026-07-20 11:57:00.867] [0;32mI (258385829) NL_LTPDU: BatchGet 85854B476379: 6 eps, rsp=118 bytes[0m
[2026-07-20 11:57:00.867] 
[2026-07-20 11:57:02.923] [0;32mI (258387889) NL_LTPDU: BatchGet 880A64775B01: 6 eps, rsp=118 bytes[0m
[2026-07-20 11:57:02.923] 
[2026-07-20 11:57:03.606] free heap: 6300372, minimum free heap: 6033104, Internal 8bit free heap: 72144, 8bit free heap: 6300372The current date/time is: Mon Jul 20 03:57:00 2026
[2026-07-20 11:57:03.606] 
[2026-07-20 11:57:03.606] 
[2026-07-20 11:57:05.680] [0;32mI (258390622) NL_LTPDU: BatchGet 3E0AE0494182: 6 eps, rsp=118 bytes[0m
[2026-07-20 11:57:05.680] [0;32mI (258390640) NL_LTPDU: BatchGet 6A76B95FD1DB: 6 eps, rsp=118 bytes[0m
[2026-07-20 11:57:05.680] [0;32mI (258390652) NL_LTPDU: BatchGet 85854B476379: 6 eps, rsp=118 bytes[0m
[2026-07-20 11:57:05.680] 
[2026-07-20 11:57:08.093] [0;32mI (258393056) NL_LTPDU: BatchGet 880A64775B01: 6 eps, rsp=118 bytes[0m
[2026-07-20 11:57:08.093] 
[2026-07-20 11:57:10.872] [0;32mI (258395819) NL_LTPDU: BatchGet 3E0AE0494182: 6 eps, rsp=118 bytes[0m
[2026-07-20 11:57:10.872] [0;32mI (258395832) NL_LTPDU: BatchGet 6A76B95FD1DB: 6 eps, rsp=118 bytes[0m
[2026-07-20 11:57:10.872] [0;32mI (258395846) NL_LTPDU: BatchGet 85854B476379: 6 eps, rsp=118 bytes[0m
[2026-07-20 11:57:10.872] 
[2026-07-20 11:57:11.611] free heap: 6300344, minimum free heap: 6033104, Internal 8bit free heap: 72144, 8bit free heap: 6300344The current date/time is: Mon Jul 20 03:57:08 2026
[2026-07-20 11:57:11.611] 
[2026-07-20 11:57:11.611] 
[2026-07-20 11:57:13.196] [0;32mI (258398165) NL_LTPDU: BatchGet 880A64775B01: 6 eps, rsp=118 bytes[0m
[2026-07-20 11:57:13.196] 
[2026-07-20 11:57:15.956] [0;32mI (258400919) NL_LTPDU: BatchGet 3E0AE0494182: 6 eps, rsp=118 bytes[0m
[2026-07-20 11:57:15.956] 
[2026-07-20 11:57:16.032] [0;32mI (258400957) NL_LTPDU: BatchGet 6A76B95FD1DB: 6 eps, rsp=118 bytes[0m
[2026-07-20 11:57:16.032] [0;32mI (258400993) NL_LTPDU: BatchGet 85854B476379: 6 eps, rsp=118 bytes[0m
[2026-07-20 11:57:16.032] 
[2026-07-20 11:57:18.068] [0;32mI (258403032) NL_LTPDU: BatchGet 880A64775B01: 6 eps, rsp=118 bytes[0m
[2026-07-20 11:57:18.068] 
[2026-07-20 11:57:19.617] free heap: 6300212, minimum free heap: 6033104, Internal 8bit free heap: 72012, 8bit free heap: 6300212The current date/time is: Mon Jul 20 03:57:16 2026
[2026-07-20 11:57:19.617] 
[2026-07-20 11:57:19.617] 
[2026-07-20 11:57:20.745] [0;32mI (258405709) NL_LTPDU: BatchGet 3E0AE0494182: 6 eps, rsp=118 bytes[0m
[2026-07-20 11:57:20.745] 
[2026-07-20 11:57:20.902] [0;32mI (258405867) NL_LTPDU: BatchGet 6A76B95FD1DB: 6 eps, rsp=118 bytes[0m
[2026-07-20 11:57:20.902] 
[2026-07-20 11:57:21.150] [0;32mI (258406106) NL_LTPDU: BatchGet 85854B476379: 6 eps, rsp=118 bytes[0m
[2026-07-20 11:57:21.150] 
[2026-07-20 11:57:23.220] [0;32mI (258408187) NL_LTPDU: BatchGet 880A64775B01: 6 eps, rsp=118 bytes[0m
[2026-07-20 11:57:23.220] 
[2026-07-20 11:57:25.897] [0;32mI (258410853) NL_LTPDU: BatchGet 3E0AE0494182: 6 eps, rsp=118 bytes[0m
[2026-07-20 11:57:25.897] 
[2026-07-20 11:57:26.051] [0;32mI (258411021) NL_LTPDU: BatchGet 6A76B95FD1DB: 6 eps, rsp=118 bytes[0m
[2026-07-20 11:57:26.051] 
[2026-07-20 11:57:26.313] [0;32mI (258411272) NL_LTPDU: BatchGet 85854B476379: 6 eps, rsp=118 bytes[0m
[2026-07-20 11:57:26.313] 
[2026-07-20 11:57:27.638] free heap: 6300352, minimum free heap: 6033104, Internal 8bit free heap: 72144, 8bit free heap: 6300352The current date/time is: Mon Jul 20 03:57:24 2026
[2026-07-20 11:57:27.638] 
[2026-07-20 11:57:27.638] 
[2026-07-20 11:57:28.366] [0;32mI (258413334) NL_LTPDU: BatchGet 880A64775B01: 6 eps, rsp=118 bytes[0m
[2026-07-20 11:57:28.366] 
[2026-07-20 11:57:31.029] [0;32mI (258415989) NL_LTPDU: BatchGet 3E0AE0494182: 6 eps, rsp=118 bytes[0m
[2026-07-20 11:57:31.029] 
[2026-07-20 11:57:31.214] [0;32mI (258416181) NL_LTPDU: BatchGet 6A76B95FD1DB: 6 eps, rsp=118 bytes[0m
[2026-07-20 11:57:31.214] 
[2026-07-20 11:57:31.538] [0;32mI (258416506) NL_LTPDU: BatchGet 85854B476379: 6 eps, rsp=118 bytes[0m
[2026-07-20 11:57:31.538] 
[2026-07-20 11:57:33.227] [0;32mI (258418188) NL_LTPDU: BatchGet 880A64775B01: 6 eps, rsp=118 bytes[0m
[2026-07-20 11:57:33.227] 
[2026-07-20 11:57:35.638] free heap: 6300344, minimum free heap: 6033104, Internal 8bit free heap: 72144, 8bit free heap: 6300344The current date/time is: Mon Jul 20 03:57:32 2026
[2026-07-20 11:57:35.638] 
[2026-07-20 11:57:35.638] 
[2026-07-20 11:57:35.885] [0;32mI (258420820) NL_LTPDU: BatchGet 3E0AE0494182: 6 eps, rsp=118 bytes[0m
[2026-07-20 11:57:35.885] [0;32mI (258420844) NL_LTPDU: BatchGet 6A76B95FD1DB: 6 eps, rsp=118 bytes[0m
[2026-07-20 11:57:35.885] [0;32mI (258420855) NL_LTPDU: BatchGet 85854B476379: 6 eps, rsp=118 bytes[0m
[2026-07-20 11:57:35.885] 
[2026-07-20 11:57:38.392] [0;32mI (258423358) NL_LTPDU: BatchGet 880A64775B01: 6 eps, rsp=118 bytes[0m
[2026-07-20 11:57:38.392] 
[2026-07-20 11:57:41.484] [0;32mI (258426418) NL_LTPDU: BatchGet 3E0AE0494182: 6 eps, rsp=118 bytes[0m
[2026-07-20 11:57:41.484] [0;32mI (258426437) NL_LTPDU: BatchGet 6A76B95FD1DB: 6 eps, rsp=118 bytes[0m
[2026-07-20 11:57:41.484] [0;32mI (258426453) NL_LTPDU: BatchGet 85854B476379: 6 eps, rsp=118 bytes[0m
[2026-07-20 11:57:41.484] 
[2026-07-20 11:57:42.685] [0;32mI (258427645) ROUTE_HOOK: Received RIO[0m
[2026-07-20 11:57:42.685] [0;32mI (258427645) ROUTE_HOOK: prefix FDEA:C98F:38B2:1:: lifetime 1800[0m
[2026-07-20 11:57:42.685] 
[2026-07-20 11:57:43.502] [0;32mI (258428469) NL_LTPDU: BatchGet 880A64775B01: 6 eps, rsp=118 bytes[0m
[2026-07-20 11:57:43.502] 
[2026-07-20 11:57:43.656] free heap: 6300184, minimum free heap: 6033104, Internal 8bit free heap: 71976, 8bit free heap: 6300184The current date/time is: Mon Jul 20 03:57:40 2026
[2026-07-20 11:57:43.656] 
[2026-07-20 11:57:43.656] 
[2026-07-20 11:57:46.085] [0;32mI (258431044) NL_LTPDU: BatchGet 3E0AE0494182: 6 eps, rsp=118 bytes[0m
[2026-07-20 11:57:46.085] 
[2026-07-20 11:57:46.424] [0;32mI (258431380) NL_LTPDU: BatchGet 6A76B95FD1DB: 6 eps, rsp=118 bytes[0m
[2026-07-20 11:57:46.424] 
[2026-07-20 11:57:46.625] [0;32mI (258431581) NL_LTPDU: BatchGet 85854B476379: 6 eps, rsp=118 bytes[0m
[2026-07-20 11:57:46.625] 
[2026-07-20 11:57:48.352] [0;32mI (258433322) NL_LTPDU: BatchGet 880A64775B01: 6 eps, rsp=118 bytes[0m
[2026-07-20 11:57:48.352] 
[2026-07-20 11:57:51.300] [0;32mI (258436256) NL_LTPDU: BatchGet 3E0AE0494182: 6 eps, rsp=118 bytes[0m
[2026-07-20 11:57:51.300] 
[2026-07-20 11:57:51.362] [0;32mI (258436328) NL_LTPDU: BatchGet 6A76B95FD1DB: 6 eps, rsp=118 bytes[0m
[2026-07-20 11:57:51.362] 
[2026-07-20 11:57:51.455] [0;32mI (258436417) NL_LTPDU: BatchGet 85854B476379: 6 eps, rsp=118 bytes[0m
[2026-07-20 11:57:51.455] 
[2026-07-20 11:57:51.655] free heap: 6300344, minimum free heap: 6033104, Internal 8bit free heap: 72144, 8bit free heap: 6300344The current date/time is: Mon Jul 20 03:57:48 2026
[2026-07-20 11:57:51.655] 
[2026-07-20 11:57:51.655] 
[2026-07-20 11:57:53.554] [0;32mI (258438514) NL_LTPDU: BatchGet 880A64775B01: 6 eps, rsp=118 bytes[0m
[2026-07-20 11:57:53.554] 
[2026-07-20 11:57:56.082] [0;32mI (258441034) NL_LTPDU: BatchGet 3E0AE0494182: 6 eps, rsp=118 bytes[0m
[2026-07-20 11:57:56.082] [0;32mI (258441057) NL_LTPDU: BatchGet 6A76B95FD1DB: 6 eps, rsp=118 bytes[0m
[2026-07-20 11:57:56.082] 
[2026-07-20 11:57:56.127] [0;32mI (258441094) NL_LTPDU: BatchGet 85854B476379: 6 eps, rsp=118 bytes[0m
[2026-07-20 11:57:56.127] 
[2026-07-20 11:57:58.663] [0;32mI (258443628) NL_LTPDU: BatchGet 880A64775B01: 6 eps, rsp=118 bytes[0m
[2026-07-20 11:57:58.663] 
[2026-07-20 11:57:59.657] free heap: 6300196, minimum free heap: 6033104, Internal 8bit free heap: 71976, 8bit free heap: 6300196The current date/time is: Mon Jul 20 03:57:56 2026
[2026-07-20 11:57:59.657] 
[2026-07-20 11:57:59.657] 
[2026-07-20 11:58:01.251] [0;32mI (258446181) NL_LTPDU: BatchGet 3E0AE0494182: 6 eps, rsp=118 bytes[0m
[2026-07-20 11:58:01.251] [0;32mI (258446196) NL_LTPDU: BatchGet 6A76B95FD1DB: 6 eps, rsp=118 bytes[0m
[2026-07-20 11:58:01.251] [0;32mI (258446213) NL_LTPDU: BatchGet 85854B476379: 6 eps, rsp=118 bytes[0m
[2026-07-20 11:58:01.251] 
[2026-07-20 11:58:03.497] [0;32mI (258448467) NL_LTPDU: BatchGet 880A64775B01: 6 eps, rsp=118 bytes[0m
[2026-07-20 11:58:03.497] 
[2026-07-20 11:58:06.410] [0;32mI (258451343) NL_LTPDU: BatchGet 3E0AE0494182: 6 eps, rsp=118 bytes[0m
[2026-07-20 11:58:06.410] [0;32mI (258451362) NL_LTPDU: BatchGet 6A76B95FD1DB: 6 eps, rsp=118 bytes[0m
[2026-07-20 11:58:06.410] [0;32mI (258451376) NL_LTPDU: BatchGet 85854B476379: 6 eps, rsp=118 bytes[0m
[2026-07-20 11:58:06.410] 
[2026-07-20 11:58:07.682] free heap: 6300240, minimum free heap: 6033104, Internal 8bit free heap: 72012, 8bit free heap: 6300240The current date/time is: Mon Jul 20 03:58:04 2026
[2026-07-20 11:58:07.682] 
[2026-07-20 11:58:07.682] 
[2026-07-20 11:58:08.626] [0;32mI (258453598) NL_LTPDU: BatchGet 880A64775B01: 6 eps, rsp=118 bytes[0m
[2026-07-20 11:58:08.626] 
[2026-07-20 11:58:11.520] [0;32mI (258456434) NL_LTPDU: BatchGet 3E0AE0494182: 6 eps, rsp=118 bytes[0m
[2026-07-20 11:58:11.520] [0;32mI (258456466) NL_LTPDU: BatchGet 6A76B95FD1DB: 6 eps, rsp=118 bytes[0m
[2026-07-20 11:58:11.520] [0;32mI (258456493) NL_LTPDU: BatchGet 85854B476379: 6 eps, rsp=118 bytes[0m
[2026-07-20 11:58:11.520] 
[2026-07-20 11:58:14.035] [0;32mI (258458997) NL_LTPDU: BatchGet 880A64775B01: 6 eps, rsp=118 bytes[0m
[2026-07-20 11:58:14.035] 
[2026-07-20 11:58:15.676] free heap: 6300344, minimum free heap: 6033104, Internal 8bit free heap: 72144, 8bit free heap: 6300344The current date/time is: Mon Jul 20 03:58:12 2026
[2026-07-20 11:58:15.676] 
[2026-07-20 11:58:15.676] 
[2026-07-20 11:58:16.295] [0;32mI (258461254) NL_LTPDU: BatchGet 3E0AE0494182: 6 eps, rsp=118 bytes[0m
[2026-07-20 11:58:16.295] 
[2026-07-20 11:58:16.341] [0;32mI (258461306) NL_LTPDU: BatchGet 6A76B95FD1DB: 6 eps, rsp=118 bytes[0m
[2026-07-20 11:58:16.341] 
[2026-07-20 11:58:16.388] [0;32mI (258461348) NL_LTPDU: BatchGet 85854B476379: 6 eps, rsp=118 bytes[0m
[2026-07-20 11:58:16.388] 
[2026-07-20 11:58:16.651] uart: 11 AT+MOTION 1
[2026-07-20 11:58:16.651] 
[2026-07-20 11:58:16.651] 
[2026-07-20 11:58:16.651] btn on press
[2026-07-20 11:58:16.651] uart: 130 AT+BCDS ff04000206a5d9cd4 0010B940B0E9FEC6718C48ca43a5b6dc0F09c1200a0897404c000000000000ff0cfd00000000000000000000000000000000ff06
[2026-07-20 11:58:16.651] 
[2026-07-20 11:58:16.651] 
[2026-07-20 11:58:16.651] 
[2026-07-20 11:58:16.713] pTopic:$aws/rules/bi_wifi_data_report/switchlink/B0E9FEC6718C/link_to_shadow
[2026-07-20 11:58:16.713] pData:BCD ff04000206a5d9cd4 0010B940B0E9FEC6718C48ca43a5b6dc0F09c1200a0897404c000000000000ff0cfd00000000000000000000000000000000ff06
[2026-07-20 11:58:16.713] 
[2026-07-20 11:58:18.655] [0;32mI (258463623) NL_LTPDU: BatchGet 880A64775B01: 6 eps, rsp=118 bytes[0m
[2026-07-20 11:58:18.655] 
[2026-07-20 11:58:21.583] [0;32mI (258466524) NL_LTPDU: BatchGet 3E0AE0494182: 6 eps, rsp=118 bytes[0m
[2026-07-20 11:58:21.583] [0;32mI (258466531) NL_LTPDU: BatchGet 6A76B95FD1DB: 6 eps, rsp=118 bytes[0m
[2026-07-20 11:58:21.583] [0;32mI (258466556) NL_LTPDU: BatchGet 85854B476379: 6 eps, rsp=118 bytes[0m
[2026-07-20 11:58:21.583] 
[2026-07-20 11:58:23.685] free heap: 6245380, minimum free heap: 6033104, Internal 8bit free heap: 71976, 8bit free heap: 6245380The current date/time is: Mon Jul 20 03:58:20 2026
[2026-07-20 11:58:23.685] 
[2026-07-20 11:58:23.685] 
[2026-07-20 11:58:23.762] [0;32mI (258468731) NL_LTPDU: BatchGet 880A64775B01: 6 eps, rsp=118 bytes[0m
[2026-07-20 11:58:23.762] 
[2026-07-20 11:58:26.360] [0;32mI (258471284) NL_LTPDU: BatchGet 3E0AE0494182: 6 eps, rsp=118 bytes[0m
[2026-07-20 11:58:26.360] [0;32mI (258471309) NL_LTPDU: BatchGet 6A76B95FD1DB: 6 eps, rsp=118 bytes[0m
[2026-07-20 11:58:26.360] [0;32mI (258471328) NL_LTPDU: BatchGet 85854B476379: 6 eps, rsp=118 bytes[0m
[2026-07-20 11:58:26.360] 
[2026-07-20 11:58:28.675] [0;32mI (258473633) NL_LTPDU: BatchGet 880A64775B01: 6 eps, rsp=118 bytes[0m
[2026-07-20 11:58:28.675] 
[2026-07-20 11:58:31.719] free heap: 6245396, minimum free heap: 6033104, Internal 8bit free heap: 72012, 8bit free heap: 6245396The current date/time is: Mon Jul 20 03:58:28 2026
[2026-07-20 11:58:31.719] 
[2026-07-20 11:58:31.719] 
[2026-07-20 11:58:31.828] [0;32mI (258476795) NL_LTPDU: BatchGet 3E0AE0494182: 6 eps, rsp=118 bytes[0m
[2026-07-20 11:58:31.828] 
[2026-07-20 11:58:31.874] [0;32mI (258476841) NL_LTPDU: BatchGet 6A76B95FD1DB: 6 eps, rsp=118 bytes[0m
[2026-07-20 11:58:31.874] 
[2026-07-20 11:58:32.354] [0;32mI (258477321) NL_LTPDU: BatchGet 85854B476379: 6 eps, rsp=118 bytes[0m
[2026-07-20 11:58:32.354] 
[2026-07-20 11:58:34.504] [0;32mI (258479472) NL_LTPDU: BatchGet 880A64775B01: 6 eps, rsp=118 bytes[0m
[2026-07-20 11:58:34.504] 
[2026-07-20 11:58:36.362] [0;32mI (258481327) NL_LTPDU: BatchGet 3E0AE0494182: 6 eps, rsp=118 bytes[0m
[2026-07-20 11:58:36.362] 
[2026-07-20 11:58:36.594] [0;32mI (258481556) NL_LTPDU: BatchGet 6A76B95FD1DB: 6 eps, rsp=118 bytes[0m
[2026-07-20 11:58:36.594] 
[2026-07-20 11:58:36.639] [0;32mI (258481607) NL_LTPDU: BatchGet 85854B476379: 6 eps, rsp=118 bytes[0m
[2026-07-20 11:58:36.639] 
[2026-07-20 11:58:39.021] [0;32mI (258483978) NL_LTPDU: BatchGet 880A64775B01: 6 eps, rsp=118 bytes[0m
[2026-07-20 11:58:39.021] 
[2026-07-20 11:58:39.732] free heap: 6300372, minimum free heap: 6033104, Internal 8bit free heap: 72144, 8bit free heap: 6300372The current date/time is: Mon Jul 20 03:58:36 2026
[2026-07-20 11:58:39.732] 
[2026-07-20 11:58:39.732] 
[2026-07-20 11:58:41.510] [0;32mI (258486442) NL_LTPDU: BatchGet 3E0AE0494182: 6 eps, rsp=118 bytes[0m
[2026-07-20 11:58:41.510] [0;32mI (258486461) NL_LTPDU: BatchGet 6A76B95FD1DB: 6 eps, rsp=118 bytes[0m
[2026-07-20 11:58:41.510] [0;32mI (258486476) NL_LTPDU: BatchGet 85854B476379: 6 eps, rsp=118 bytes[0m
[2026-07-20 11:58:41.510] 
[2026-07-20 11:58:43.857] [0;32mI (258488827) NL_LTPDU: BatchGet 880A64775B01: 6 eps, rsp=118 bytes[0m
[2026-07-20 11:58:43.857] 
[2026-07-20 11:58:46.614] [0;32mI (258491561) NL_LTPDU: BatchGet 3E0AE0494182: 6 eps, rsp=118 bytes[0m
[2026-07-20 11:58:46.614] [0;32mI (258491582) NL_LTPDU: BatchGet 6A76B95FD1DB: 6 eps, rsp=118 bytes[0m
[2026-07-20 11:58:46.614] 
[2026-07-20 11:58:47.108] [0;32mI (258492078) NL_LTPDU: BatchGet 85854B476379: 6 eps, rsp=118 bytes[0m
[2026-07-20 11:58:47.108] 
[2026-07-20 11:58:47.744] free heap: 6300220, minimum free heap: 6033104, Internal 8bit free heap: 72012, 8bit free heap: 6300220The current date/time is: Mon Jul 20 03:58:44 2026
[2026-07-20 11:58:47.744] 
[2026-07-20 11:58:47.744] 
[2026-07-20 11:58:48.980] [0;32mI (258493945) NL_LTPDU: BatchGet 880A64775B01: 6 eps, rsp=118 bytes[0m
[2026-07-20 11:58:48.980] 
[2026-07-20 11:58:51.521] [0;32mI (258496489) NL_LTPDU: BatchGet 3E0AE0494182: 6 eps, rsp=118 bytes[0m
[2026-07-20 11:58:51.521] 
[2026-07-20 11:58:51.814] [0;32mI (258496765) NL_LTPDU: BatchGet 6A76B95FD1DB: 6 eps, rsp=118 bytes[0m
[2026-07-20 11:58:51.814] [0;32mI (258496790) NL_LTPDU: BatchGet 85854B476379: 6 eps, rsp=118 bytes[0m
[2026-07-20 11:58:51.814] 
[2026-07-20 11:58:53.868] [0;32mI (258498834) NL_LTPDU: BatchGet 880A64775B01: 6 eps, rsp=118 bytes[0m
[2026-07-20 11:58:53.868] 
[2026-07-20 11:58:55.745] free heap: 6300184, minimum free heap: 6033104, Internal 8bit free heap: 71976, 8bit free heap: 6300184The current date/time is: Mon Jul 20 03:58:52 2026
[2026-07-20 11:58:55.745] 
[2026-07-20 11:58:55.745] 
[2026-07-20 11:58:56.637] [0;32mI (258501601) NL_LTPDU: BatchGet 3E0AE0494182: 6 eps, rsp=118 bytes[0m
[2026-07-20 11:58:56.637] 
[2026-07-20 11:58:56.852] [0;32mI (258501816) NL_LTPDU: BatchGet 6A76B95FD1DB: 6 eps, rsp=118 bytes[0m
[2026-07-20 11:58:56.852] 
[2026-07-20 11:58:57.037] [0;32mI (258502001) NL_LTPDU: BatchGet 85854B476379: 6 eps, rsp=118 bytes[0m
[2026-07-20 11:58:57.037] 
[2026-07-20 11:58:59.091] [0;32mI (258504050) NL_LTPDU: BatchGet 880A64775B01: 6 eps, rsp=118 bytes[0m
[2026-07-20 11:58:59.091] 
[2026-07-20 11:59:01.499] [0;32mI (258506470) NL_LTPDU: BatchGet 3E0AE0494182: 6 eps, rsp=118 bytes[0m
[2026-07-20 11:59:01.499] 
[2026-07-20 11:59:01.561] [0;32mI (258506527) NL_LTPDU: BatchGet 6A76B95FD1DB: 6 eps, rsp=118 bytes[0m
[2026-07-20 11:59:01.561] 
[2026-07-20 11:59:01.793] [0;32mI (258506757) NL_LTPDU: BatchGet 85854B476379: 6 eps, rsp=118 bytes[0m
[2026-07-20 11:59:01.793] 
[2026-07-20 11:59:03.769] free heap: 6300316, minimum free heap: 6033104, Internal 8bit free heap: 72108, 8bit free heap: 6300316The current date/time is: Mon Jul 20 03:59:00 2026
[2026-07-20 11:59:03.769] 
[2026-07-20 11:59:03.769] 
[2026-07-20 11:59:04.188] [0;32mI (258509156) NL_LTPDU: BatchGet 880A64775B01: 6 eps, rsp=118 bytes[0m
[2026-07-20 11:59:04.188] 
[2026-07-20 11:59:05.300] uart: 11 AT+MOTION 0
[2026-07-20 11:59:05.300] 
[2026-07-20 11:59:05.300] 
[2026-07-20 11:59:05.300] btn on press
[2026-07-20 11:59:05.300] uart: 130 AT+BCDS ff04000206a5d9d05 0010B940B0E9FEC6718C48ca43a5b6dc0F09c2000a0897404c000000000000ff0cff00000000000000000000000000000000ff06
[2026-07-20 11:59:05.300] 
[2026-07-20 11:59:05.300] 
[2026-07-20 11:59:05.300] 
[2026-07-20 11:59:05.362] pTopic:$aws/rules/bi_wifi_data_report/switchlink/B0E9FEC6718C/link_to_shadow
[2026-07-20 11:59:05.362] pData:BCD ff04000206a5d9d05 0010B940B0E9FEC6718C48ca43a5b6dc0F09c2000a0897404c000000000000ff0cff00000000000000000000000000000000ff06
[2026-07-20 11:59:05.362] 
[2026-07-20 11:59:06.645] [0;32mI (258511615) NL_LTPDU: BatchGet 3E0AE0494182: 6 eps, rsp=118 bytes[0m
[2026-07-20 11:59:06.645] 
[2026-07-20 11:59:06.692] [0;32mI (258511657) NL_LTPDU: BatchGet 6A76B95FD1DB: 6 eps, rsp=118 bytes[0m
[2026-07-20 11:59:06.692] 
[2026-07-20 11:59:06.769] [0;32mI (258511733) NL_LTPDU: BatchGet 85854B476379: 6 eps, rsp=118 bytes[0m
[2026-07-20 11:59:06.769] 
[2026-07-20 11:59:09.315] [0;32mI (258514276) NL_LTPDU: BatchGet 880A64775B01: 6 eps, rsp=118 bytes[0m
[2026-07-20 11:59:09.315] 
[2026-07-20 11:59:11.532] [0;32mI (258516501) NL_LTPDU: BatchGet 3E0AE0494182: 6 eps, rsp=118 bytes[0m
[2026-07-20 11:59:11.532] [0;32mI (258516509) NL_LTPDU: BatchGet 6A76B95FD1DB: 6 eps, rsp=118 bytes[0m
[2026-07-20 11:59:11.532] 
[2026-07-20 11:59:11.593] [0;32mI (258516563) NL_LTPDU: BatchGet 85854B476379: 6 eps, rsp=118 bytes[0m
[2026-07-20 11:59:11.593] 
[2026-07-20 11:59:11.763] free heap: 6300164, minimum free heap: 6033104, Internal 8bit free heap: 71976, 8bit free heap: 6300164The current date/time is: Mon Jul 20 03:59:08 2026
[2026-07-20 11:59:11.763] 
[2026-07-20 11:59:11.763] 
[2026-07-20 11:59:14.086] [0;32mI (258519051) NL_LTPDU: BatchGet 880A64775B01: 6 eps, rsp=118 bytes[0m
[2026-07-20 11:59:14.086] 
[2026-07-20 11:59:16.654] [0;32mI (258521613) NL_LTPDU: BatchGet 3E0AE0494182: 6 eps, rsp=118 bytes[0m
[2026-07-20 11:59:16.654] [0;32mI (258521624) NL_LTPDU: BatchGet 6A76B95FD1DB: 6 eps, rsp=118 bytes[0m
[2026-07-20 11:59:16.654] 
[2026-07-20 11:59:16.699] [0;32mI (258521673) NL_LTPDU: BatchGet 85854B476379: 6 eps, rsp=118 bytes[0m
[2026-07-20 11:59:16.699] 
[2026-07-20 11:59:19.208] [0;32mI (258524169) NL_LTPDU: BatchGet 880A64775B01: 6 eps, rsp=118 bytes[0m
[2026-07-20 11:59:19.208] 
[2026-07-20 11:59:19.781] free heap: 6300352, minimum free heap: 6033104, Internal 8bit free heap: 72144, 8bit free heap: 6300352The current date/time is: Mon Jul 20 03:59:16 2026
[2026-07-20 11:59:19.781] 
[2026-07-20 11:59:19.781] 
[2026-07-20 11:59:21.838] [0;32mI (258526775) NL_LTPDU: BatchGet 3E0AE0494182: 6 eps, rsp=118 bytes[0m
[2026-07-20 11:59:21.838] [0;32mI (258526800) NL_LTPDU: BatchGet 6A76B95FD1DB: 6 eps, rsp=118 bytes[0m
[2026-07-20 11:59:21.838] [0;32mI (258526807) NL_LTPDU: BatchGet 85854B476379: 6 eps, rsp=118 bytes[0m
[2026-07-20 11:59:21.838] 
[2026-07-20 11:59:24.328] [0;32mI (258529290) NL_LTPDU: BatchGet 880A64775B01: 6 eps, rsp=118 bytes[0m
[2026-07-20 11:59:24.328] 
[2026-07-20 11:59:26.696] [0;32mI (258531646) NL_LTPDU: BatchGet 3E0AE0494182: 6 eps, rsp=118 bytes[0m
[2026-07-20 11:59:26.696] [0;32mI (258531664) NL_LTPDU: BatchGet 6A76B95FD1DB: 6 eps, rsp=118 bytes[0m
[2026-07-20 11:59:26.696] 
[2026-07-20 11:59:26.742] [0;32mI (258531715) NL_LTPDU: BatchGet 85854B476379: 6 eps, rsp=118 bytes[0m
[2026-07-20 11:59:26.742] 
[2026-07-20 11:59:27.778] free heap: 6300372, minimum free heap: 6033104, Internal 8bit free heap: 72144, 8bit free heap: 6300372The current date/time is: Mon Jul 20 03:59:24 2026
[2026-07-20 11:59:27.778] 
[2026-07-20 11:59:27.778] 
[2026-07-20 11:59:29.200] [0;32mI (258534162) NL_LTPDU: BatchGet 880A64775B01: 6 eps, rsp=118 bytes[0m
[2026-07-20 11:59:29.200] 
[2026-07-20 11:59:29.897] [0;32mI (258534861) ROUTE_HOOK: Received RIO[0m
[2026-07-20 11:59:29.897] [0;32mI (258534861) ROUTE_HOOK: prefix FDEA:C98F:38B2:1:: lifetime 1800[0m
[2026-07-20 11:59:29.897] 
[2026-07-20 11:59:31.815] [0;32mI (258536762) NL_LTPDU: BatchGet 3E0AE0494182: 6 eps, rsp=118 bytes[0m
[2026-07-20 11:59:31.815] [0;32mI (258536786) NL_LTPDU: BatchGet 6A76B95FD1DB: 6 eps, rsp=118 bytes[0m
[2026-07-20 11:59:31.815] 
[2026-07-20 11:59:31.861] [0;32mI (258536824) NL_LTPDU: BatchGet 85854B476379: 6 eps, rsp=118 bytes[0m
[2026-07-20 11:59:31.861] 
[2026-07-20 11:59:34.415] [0;32mI (258539377) NL_LTPDU: BatchGet 880A64775B01: 6 eps, rsp=118 bytes[0m
[2026-07-20 11:59:34.415] 
[2026-07-20 11:59:35.789] free heap: 6300212, minimum free heap: 6033104, Internal 8bit free heap: 72012, 8bit free heap: 6300212The current date/time is: Mon Jul 20 03:59:32 2026
[2026-07-20 11:59:35.789] 
[2026-07-20 11:59:35.789] 
[2026-07-20 11:59:36.913] [0;32mI (258541885) NL_LTPDU: BatchGet 3E0AE0494182: 6 eps, rsp=118 bytes[0m
[2026-07-20 11:59:36.913] 
[2026-07-20 11:59:36.989] [0;32mI (258541920) NL_LTPDU: BatchGet 6A76B95FD1DB: 6 eps, rsp=118 bytes[0m
[2026-07-20 11:59:36.989] [0;32mI (258541955) NL_LTPDU: BatchGet 85854B476379: 6 eps, rsp=118 bytes[0m
[2026-07-20 11:59:36.989] 
[2026-07-20 11:59:39.596] [0;32mI (258544563) NL_LTPDU: BatchGet 880A64775B01: 6 eps, rsp=118 bytes[0m
[2026-07-20 11:59:39.596] 
[2026-07-20 11:59:41.838] [0;32mI (258546796) NL_LTPDU: BatchGet 3E0AE0494182: 6 eps, rsp=118 bytes[0m
[2026-07-20 11:59:41.838] [0;32mI (258546809) NL_LTPDU: BatchGet 6A76B95FD1DB: 6 eps, rsp=118 bytes[0m
[2026-07-20 11:59:41.838] [0;32mI (258546816) NL_LTPDU: BatchGet 85854B476379: 6 eps, rsp=118 bytes[0m
[2026-07-20 11:59:41.838] 
[2026-07-20 11:59:43.785] free heap: 6300372, minimum free heap: 6033104, Internal 8bit free heap: 72144, 8bit free heap: 6300372The current date/time is: Mon Jul 20 03:59:40 2026
[2026-07-20 11:59:43.785] 
[2026-07-20 11:59:43.785] 
[2026-07-20 11:59:44.296] [0;32mI (258549258) NL_LTPDU: BatchGet 880A64775B01: 6 eps, rsp=118 bytes[0m
[2026-07-20 11:59:44.296] 
[2026-07-20 11:59:46.940] [0;32mI (258551905) NL_LTPDU: BatchGet 3E0AE0494182: 6 eps, rsp=118 bytes[0m
[2026-07-20 11:59:46.940] 
[2026-07-20 11:59:46.986] [0;32mI (258551943) NL_LTPDU: BatchGet 6A76B95FD1DB: 6 eps, rsp=118 bytes[0m
[2026-07-20 11:59:46.986] 
[2026-07-20 11:59:47.032] [0;32mI (258551995) NL_LTPDU: BatchGet 85854B476379: 6 eps, rsp=118 bytes[0m
[2026-07-20 11:59:47.032] 
[2026-07-20 11:59:49.423] [0;32mI (258554387) NL_LTPDU: BatchGet 880A64775B01: 6 eps, rsp=118 bytes[0m
[2026-07-20 11:59:49.423] 
[2026-07-20 11:59:51.788] free heap: 6300308, minimum free heap: 6033104, Internal 8bit free heap: 72108, 8bit free heap: 6300308The current date/time is: Mon Jul 20 03:59:48 2026
[2026-07-20 11:59:51.788] 
[2026-07-20 11:59:51.788] 
[2026-07-20 11:59:52.051] [0;32mI (258557024) NL_LTPDU: BatchGet 3E0AE0494182: 6 eps, rsp=118 bytes[0m
[2026-07-20 11:59:52.051] 
[2026-07-20 11:59:52.098] [0;32mI (258557055) NL_LTPDU: BatchGet 6A76B95FD1DB: 6 eps, rsp=118 bytes[0m
[2026-07-20 11:59:52.098] 
[2026-07-20 11:59:52.144] [0;32mI (258557104) NL_LTPDU: BatchGet 85854B476379: 6 eps, rsp=118 bytes[0m
[2026-07-20 11:59:52.144] 
[2026-07-20 11:59:54.575] [0;32mI (258559536) NL_LTPDU: BatchGet 880A64775B01: 6 eps, rsp=118 bytes[0m
[2026-07-20 11:59:54.575] 
[2026-07-20 11:59:57.263] [0;32mI (258562198) NL_LTPDU: BatchGet 3E0AE0494182: 6 eps, rsp=118 bytes[0m
[2026-07-20 11:59:57.263] [0;32mI (258562222) NL_LTPDU: BatchGet 6A76B95FD1DB: 6 eps, rsp=118 bytes[0m
[2026-07-20 11:59:57.263] [0;32mI (258562244) NL_LTPDU: BatchGet 85854B476379: 6 eps, rsp=118 bytes[0m
[2026-07-20 11:59:57.263] 
[2026-07-20 11:59:57.664] uart: 79 AT+TEST shadow BCD|010211038|6a5d9d39|35b0e9fe527e8301014a6407983d003b01e400|9b
[2026-07-20 11:59:57.664] 
[2026-07-20 11:59:57.664] 
[2026-07-20 11:59:57.664] 
[2026-07-20 11:59:57.880] pTopic:$aws/rules/bi_ble_data_report_arch2/switchlink/B0E9FEC6718C/link_to_status
[2026-07-20 11:59:57.880] pData:{"protocolVersion":1,"count":1,"messages":[{"id":"4c082eac-6906-4f72-845f-ea1bf8cd6fa7","eventType":"Wo.Device.DataReport","data":{"deviceID":"b0e9fe527e83","createTime":1784519993,"contentVersion":2,"contentType":"hex","content":"35b0e9fe527e8301014a6407983d003b01e400","seq":155}}]}
[2026-07-20 11:59:57.880] 
[2026-07-20 11:59:59.695] [0;32mI (258564667) NL_LTPDU: BatchGet 880A64775B01: 6 eps, rsp=118 bytes[0m
[2026-07-20 11:59:59.695] 
[2026-07-20 11:59:59.834] free heap: 6300204, minimum free heap: 6033104, Internal 8bit free heap: 71976, 8bit free heap: 6300204The current date/time is: Mon Jul 20 03:59:56 2026
[2026-07-20 11:59:59.834] 
[2026-07-20 11:59:59.834] 
[2026-07-20 12:00:02.013] [0;32mI (258566986) NL_LTPDU: BatchGet 3E0AE0494182: 6 eps, rsp=118 bytes[0m
[2026-07-20 12:00:02.013] [0;32mI (258566994) NL_LTPDU: BatchGet 6A76B95FD1DB: 6 eps, rsp=118 bytes[0m
[2026-07-20 12:00:02.013] 
[2026-07-20 12:00:02.075] [0;32mI (258567050) NL_LTPDU: BatchGet 85854B476379: 6 eps, rsp=118 bytes[0m
[2026-07-20 12:00:02.075] 
[2026-07-20 12:00:04.550] [0;32mI (258569515) NL_LTPDU: BatchGet 880A64775B01: 6 eps, rsp=118 bytes[0m
[2026-07-20 12:00:04.550] 
[2026-07-20 12:00:07.130] [0;32mI (258572103) NL_LTPDU: BatchGet 3E0AE0494182: 6 eps, rsp=118 bytes[0m
[2026-07-20 12:00:07.130] 
[2026-07-20 12:00:07.208] [0;32mI (258572179) NL_LTPDU: BatchGet 6A76B95FD1DB: 6 eps, rsp=118 bytes[0m
[2026-07-20 12:00:07.208] 
[2026-07-20 12:00:07.333] [0;32mI (258572301) NL_LTPDU: BatchGet 85854B476379: 6 eps, rsp=118 bytes[0m
[2026-07-20 12:00:07.333] 
[2026-07-20 12:00:07.845] free heap: 6300352, minimum free heap: 6033104, Internal 8bit free heap: 72144, 8bit free heap: 6300352The current date/time is: Mon Jul 20 04:00:04 2026
[2026-07-20 12:00:07.845] 
[2026-07-20 12:00:07.845] 
[2026-07-20 12:00:09.746] [0;32mI (258574713) NL_LTPDU: BatchGet 880A64775B01: 6 eps, rsp=118 bytes[0m
[2026-07-20 12:00:09.746] 
[2026-07-20 12:00:12.252] [0;32mI (258577227) NL_LTPDU: BatchGet 3E0AE0494182: 6 eps, rsp=118 bytes[0m
[2026-07-20 12:00:12.252] 
[2026-07-20 12:00:12.329] [0;32mI (258577297) NL_LTPDU: BatchGet 6A76B95FD1DB: 6 eps, rsp=118 bytes[0m
[2026-07-20 12:00:12.329] 
[2026-07-20 12:00:12.513] [0;32mI (258577478) NL_LTPDU: BatchGet 85854B476379: 6 eps, rsp=118 bytes[0m
[2026-07-20 12:00:12.513] 
[2026-07-20 12:00:14.853] [0;32mI (258579819) NL_LTPDU: BatchGet 880A64775B01: 6 eps, rsp=118 bytes[0m
[2026-07-20 12:00:14.853] 
[2026-07-20 12:00:15.871] free heap: 6300220, minimum free heap: 6033104, Internal 8bit free heap: 72012, 8bit free heap: 6300220The current date/time is: Mon Jul 20 04:00:12 2026
[2026-07-20 12:00:15.871] 
[2026-07-20 12:00:15.871] 
[2026-07-20 12:00:17.220] [0;32mI (258582141) NL_LTPDU: BatchGet 3E0AE0494182: 6 eps, rsp=118 bytes[0m
[2026-07-20 12:00:17.220] [0;32mI (258582168) NL_LTPDU: BatchGet 6A76B95FD1DB: 6 eps, rsp=118 bytes[0m
[2026-07-20 12:00:17.220] [0;32mI (258582187) NL_LTPDU: BatchGet 85854B476379: 6 eps, rsp=118 bytes[0m
[2026-07-20 12:00:17.220] 
[2026-07-20 12:00:19.968] [0;32mI (258584944) NL_LTPDU: BatchGet 880A64775B01: 6 eps, rsp=118 bytes[0m
[2026-07-20 12:00:19.968] 
[2026-07-20 12:00:22.297] [0;32mI (258587269) NL_LTPDU: BatchGet 3E0AE0494182: 6 eps, rsp=118 bytes[0m
[2026-07-20 12:00:22.297] 
[2026-07-20 12:00:22.343] [0;32mI (258587300) NL_LTPDU: BatchGet 6A76B95FD1DB: 6 eps, rsp=118 bytes[0m
[2026-07-20 12:00:22.343] [0;32mI (258587318) NL_LTPDU: BatchGet 85854B476379: 6 eps, rsp=118 bytes[0m
[2026-07-20 12:00:22.343] 
[2026-07-20 12:00:23.873] free heap: 6300220, minimum free heap: 6033104, Internal 8bit free heap: 72012, 8bit free heap: 6300220The current date/time is: Mon Jul 20 04:00:20 2026
[2026-07-20 12:00:23.873] 
[2026-07-20 12:00:23.873] 
[2026-07-20 12:00:24.724] [0;32mI (258589688) NL_LTPDU: BatchGet 880A64775B01: 6 eps, rsp=118 bytes[0m
[2026-07-20 12:00:24.724] 
[2026-07-20 12:00:27.499] [0;32mI (258592420) NL_LTPDU: BatchGet 3E0AE0494182: 6 eps, rsp=118 bytes[0m
[2026-07-20 12:00:27.499] [0;32mI (258592439) NL_LTPDU: BatchGet 6A76B95FD1DB: 6 eps, rsp=118 bytes[0m
[2026-07-20 12:00:27.499] [0;32mI (258592466) NL_LTPDU: BatchGet 85854B476379: 6 eps, rsp=118 bytes[0m
[2026-07-20 12:00:27.499] 
[2026-07-20 12:00:30.311] [0;32mI (258595287) NL_LTPDU: BatchGet 880A64775B01: 6 eps, rsp=118 bytes[0m
[2026-07-20 12:00:30.311] 
[2026-07-20 12:00:31.115] uart: 11 AT+MOTION 1
[2026-07-20 12:00:31.115] 
[2026-07-20 12:00:31.115] 
[2026-07-20 12:00:31.115] btn on press
[2026-07-20 12:00:31.115] uart: 130 AT+BCDS ff04000206a5d9d5a 0010B940B0E9FEC6718C48ca43a5b6dc0F09c3200a0897404c000000000000ff0d0200000000000000000000000000000000ff06
[2026-07-20 12:00:31.115] 
[2026-07-20 12:00:31.115] 
[2026-07-20 12:00:31.115] 
[2026-07-20 12:00:31.193] pTopic:$aws/rules/bi_wifi_data_report/switchlink/B0E9FEC6718C/link_to_shadow
[2026-07-20 12:00:31.193] pData:BCD ff04000206a5d9d5a 0010B940B0E9FEC6718C48ca43a5b6dc0F09c3200a0897404c000000000000ff0d0200000000000000000000000000000000ff06
[2026-07-20 12:00:31.193] 
[2026-07-20 12:00:31.871] free heap: 6300344, minimum free heap: 6033104, Internal 8bit free heap: 72144, 8bit free heap: 6300344The current date/time is: Mon Jul 20 04:00:28 2026
[2026-07-20 12:00:31.871] 
[2026-07-20 12:00:31.871] 
[2026-07-20 12:00:32.709] [0;32mI (258597672) NL_LTPDU: BatchGet 3E0AE0494182: 6 eps, rsp=118 bytes[0m
[2026-07-20 12:00:32.709] 
[2026-07-20 12:00:33.050] [0;32mI (258598020) NL_LTPDU: BatchGet 6A76B95FD1DB: 6 eps, rsp=118 bytes[0m
[2026-07-20 12:00:33.050] 
[2026-07-20 12:00:33.126] [0;32mI (258598102) NL_LTPDU: BatchGet 85854B476379: 6 eps, rsp=118 bytes[0m
[2026-07-20 12:00:33.126] 
[2026-07-20 12:00:35.026] [0;32mI (258600001) NL_LTPDU: BatchGet 880A64775B01: 6 eps, rsp=118 bytes[0m
[2026-07-20 12:00:35.026] 
[2026-07-20 12:00:37.649] [0;32mI (258602622) NL_LTPDU: BatchGet 3E0AE0494182: 6 eps, rsp=118 bytes[0m
[2026-07-20 12:00:37.649] 
[2026-07-20 12:00:37.711] [0;32mI (258602681) NL_LTPDU: BatchGet 6A76B95FD1DB: 6 eps, rsp=118 bytes[0m
[2026-07-20 12:00:37.711] 
[2026-07-20 12:00:37.850] [0;32mI (258602816) NL_LTPDU: BatchGet 85854B476379: 6 eps, rsp=118 bytes[0m
[2026-07-20 12:00:37.850] 
[2026-07-20 12:00:39.788] [0;32mI (258604759) NL_LTPDU: BatchGet 880A64775B01: 6 eps, rsp=118 bytes[0m
[2026-07-20 12:00:39.788] 
[2026-07-20 12:00:39.879] free heap: 6300220, minimum free heap: 6033104, Internal 8bit free heap: 72012, 8bit free heap: 6300220The current date/time is: Mon Jul 20 04:00:36 2026
[2026-07-20 12:00:39.879] 
[2026-07-20 12:00:39.879] 
[2026-07-20 12:00:42.577] [0;32mI (258607539) NL_LTPDU: BatchGet 3E0AE0494182: 6 eps, rsp=118 bytes[0m
[2026-07-20 12:00:42.577] 
[2026-07-20 12:00:42.887] [0;32mI (258607849) NL_LTPDU: BatchGet 6A76B95FD1DB: 6 eps, rsp=118 bytes[0m
[2026-07-20 12:00:42.887] 
[2026-07-20 12:00:42.980] [0;32mI (258607948) NL_LTPDU: BatchGet 85854B476379: 6 eps, rsp=118 bytes[0m
[2026-07-20 12:00:42.980] 
[2026-07-20 12:00:44.904] [0;32mI (258609875) NL_LTPDU: BatchGet 880A64775B01: 6 eps, rsp=118 bytes[0m
[2026-07-20 12:00:44.904] 
[2026-07-20 12:00:47.678] [0;32mI (258612646) NL_LTPDU: BatchGet 3E0AE0494182: 6 eps, rsp=118 bytes[0m
[2026-07-20 12:00:47.678] [0;32mI (258612657) NL_LTPDU: BatchGet 6A76B95FD1DB: 6 eps, rsp=118 bytes[0m
[2026-07-20 12:00:47.678] 
[2026-07-20 12:00:47.725] [0;32mI (258612695) NL_LTPDU: BatchGet 85854B476379: 6 eps, rsp=118 bytes[0m
[2026-07-20 12:00:47.725] 
[2026-07-20 12:00:47.878] free heap: 6300204, minimum free heap: 6033104, Internal 8bit free heap: 71976, 8bit free heap: 6300204The current date/time is: Mon Jul 20 04:00:44 2026
[2026-07-20 12:00:47.878] 
[2026-07-20 12:00:47.878] 
[2026-07-20 12:00:50.072] [0;32mI (258615039) NL_LTPDU: BatchGet 880A64775B01: 6 eps, rsp=118 bytes[0m
[2026-07-20 12:00:50.072] 
[2026-07-20 12:00:52.590] [0;32mI (258617559) NL_LTPDU: BatchGet 3E0AE0494182: 6 eps, rsp=118 bytes[0m
[2026-07-20 12:00:52.590] [0;32mI (258617569) NL_LTPDU: BatchGet 6A76B95FD1DB: 6 eps, rsp=118 bytes[0m
[2026-07-20 12:00:52.590] 
[2026-07-20 12:00:52.869] [0;32mI (258617834) NL_LTPDU: BatchGet 85854B476379: 6 eps, rsp=118 bytes[0m
[2026-07-20 12:00:52.869] 
[2026-07-20 12:00:55.200] [0;32mI (258620173) NL_LTPDU: BatchGet 880A64775B01: 6 eps, rsp=118 bytes[0m
[2026-07-20 12:00:55.200] 
[2026-07-20 12:00:55.896] free heap: 6300308, minimum free heap: 6033104, Internal 8bit free heap: 72108, 8bit free heap: 6300308The current date/time is: Mon Jul 20 04:00:52 2026
[2026-07-20 12:00:55.896] 
[2026-07-20 12:00:55.896] 
[2026-07-20 12:00:57.761] [0;32mI (258622721) NL_LTPDU: BatchGet 3E0AE0494182: 6 eps, rsp=118 bytes[0m
[2026-07-20 12:00:57.761] [0;32mI (258622735) NL_LTPDU: BatchGet 6A76B95FD1DB: 6 eps, rsp=118 bytes[0m
[2026-07-20 12:00:57.761] 
[2026-07-20 12:00:58.071] [0;32mI (258623038) NL_LTPDU: BatchGet 85854B476379: 6 eps, rsp=118 bytes[0m
[2026-07-20 12:00:58.071] 
[2026-07-20 12:00:59.915] [0;32mI (258624888) NL_LTPDU: BatchGet 880A64775B01: 6 eps, rsp=118 bytes[0m
[2026-07-20 12:00:59.915] 
[2026-07-20 12:01:02.903] [0;32mI (258627870) NL_LTPDU: BatchGet 3E0AE0494182: 6 eps, rsp=118 bytes[0m
[2026-07-20 12:01:02.903] 
[2026-07-20 12:01:02.948] [0;32mI (258627915) NL_LTPDU: BatchGet 6A76B95FD1DB: 6 eps, rsp=118 bytes[0m
[2026-07-20 12:01:02.948] 
[2026-07-20 12:01:03.056] [0;32mI (258628024) NL_LTPDU: BatchGet 85854B476379: 6 eps, rsp=118 bytes[0m
[2026-07-20 12:01:03.056] 
[2026-07-20 12:01:03.317] uart: 11 AT+MOTION 0
[2026-07-20 12:01:03.317] 
[2026-07-20 12:01:03.317] 
[2026-07-20 12:01:03.317] btn on press
[2026-07-20 12:01:03.317] uart: 130 AT+BCDS ff04000206a5d9d7b 0010B940B0E9FEC6718C48ca43a5b6dc0F09c4000a0897404c000000000000ff0cff00000000000000000000000000000000ff06
[2026-07-20 12:01:03.317] 
[2026-07-20 12:01:03.317] 
[2026-07-20 12:01:03.317] pTopic:$aws/rules/bi_wifi_data_report/switchlink/B0E9FEC6718C/link_to_shadow
[2026-07-20 12:01:03.317] pData:BCD ff04000206a5d9d7b 0010B940B0E9FEC6718C48ca43a5b6dc0F09c4000a0897404c000000000000ff0cff00000000000000000000000000000000ff06
[2026-07-20 12:01:03.317] 
[2026-07-20 12:01:03.892] free heap: 6300240, minimum free heap: 6033104, Internal 8bit free heap: 72012, 8bit free heap: 6300240The current date/time is: Mon Jul 20 04:01:00 2026
[2026-07-20 12:01:03.892] 
[2026-07-20 12:01:03.892] 
[2026-07-20 12:01:05.051] [0;32mI (258630026) NL_LTPDU: BatchGet 880A64775B01: 6 eps, rsp=118 bytes[0m
[2026-07-20 12:01:05.051] 
[2026-07-20 12:01:07.745] [0;32mI (258632708) NL_LTPDU: BatchGet 3E0AE0494182: 6 eps, rsp=118 bytes[0m
[2026-07-20 12:01:07.745] [0;32mI (258632727) NL_LTPDU: BatchGet 6A76B95FD1DB: 6 eps, rsp=118 bytes[0m
[2026-07-20 12:01:07.745] 
[2026-07-20 12:01:07.791] [0;32mI (258632766) NL_LTPDU: BatchGet 85854B476379: 6 eps, rsp=118 bytes[0m
[2026-07-20 12:01:07.791] 
[2026-07-20 12:01:10.245] [0;32mI (258635222) NL_LTPDU: BatchGet 880A64775B01: 6 eps, rsp=118 bytes[0m
[2026-07-20 12:01:10.245] 
[2026-07-20 12:01:11.916] free heap: 6300344, minimum free heap: 6033104, Internal 8bit free heap: 72144, 8bit free heap: 6300344The current date/time is: Mon Jul 20 04:01:08 2026
[2026-07-20 12:01:11.916] 
[2026-07-20 12:01:11.916] 
[2026-07-20 12:01:12.954] [0;32mI (258637886) NL_LTPDU: BatchGet 3E0AE0494182: 6 eps, rsp=118 bytes[0m
[2026-07-20 12:01:12.954] [0;32mI (258637919) NL_LTPDU: BatchGet 6A76B95FD1DB: 6 eps, rsp=118 bytes[0m
[2026-07-20 12:01:12.954] [0;32mI (258637936) NL_LTPDU: BatchGet 85854B476379: 6 eps, rsp=118 bytes[0m
[2026-07-20 12:01:12.954] 
[2026-07-20 12:01:15.375] [0;32mI (258640346) NL_LTPDU: BatchGet 880A64775B01: 6 eps, rsp=118 bytes[0m
[2026-07-20 12:01:15.375] 
[2026-07-20 12:01:18.022] [0;32mI (258642999) NL_LTPDU: BatchGet 3E0AE0494182: 6 eps, rsp=118 bytes[0m
[2026-07-20 12:01:18.022] 
[2026-07-20 12:01:18.082] [0;32mI (258643035) NL_LTPDU: BatchGet 6A76B95FD1DB: 6 eps, rsp=118 bytes[0m
[2026-07-20 12:01:18.082] [0;32mI (258643062) NL_LTPDU: BatchGet 85854B476379: 6 eps, rsp=118 bytes[0m
[2026-07-20 12:01:18.082] 
[2026-07-20 12:01:19.927] free heap: 6300372, minimum free heap: 6033104, Internal 8bit free heap: 72144, 8bit free heap: 6300372The current date/time is: Mon Jul 20 04:01:16 2026
[2026-07-20 12:01:19.927] 
[2026-07-20 12:01:19.927] 
[2026-07-20 12:01:20.127] [0;32mI (258645104) NL_LTPDU: BatchGet 880A64775B01: 6 eps, rsp=118 bytes[0m
[2026-07-20 12:01:20.127] 
[2026-07-20 12:01:23.168] [0;32mI (258648129) NL_LTPDU: BatchGet 3E0AE0494182: 6 eps, rsp=118 bytes[0m
[2026-07-20 12:01:23.168] [0;32mI (258648145) NL_LTPDU: BatchGet 6A76B95FD1DB: 6 eps, rsp=118 bytes[0m
[2026-07-20 12:01:23.168] 
[2026-07-20 12:01:23.213] [0;32mI (258648183) NL_LTPDU: BatchGet 85854B476379: 6 eps, rsp=118 bytes[0m
[2026-07-20 12:01:23.213] 
[2026-07-20 12:01:25.300] [0;32mI (258650273) NL_LTPDU: BatchGet 880A64775B01: 6 eps, rsp=118 bytes[0m
[2026-07-20 12:01:25.300] 
[2026-07-20 12:01:27.942] free heap: 6245368, minimum free heap: 6033104, Internal 8bit free heap: 71976, 8bit free heap: 6245368The current date/time is: Mon Jul 20 04:01:24 2026
[2026-07-20 12:01:27.942] 
[2026-07-20 12:01:27.942] 
[2026-07-20 12:01:28.297] [0;32mI (258653264) NL_LTPDU: BatchGet 3E0AE0494182: 6 eps, rsp=118 bytes[0m
[2026-07-20 12:01:28.297] 
[2026-07-20 12:01:28.546] [0;32mI (258653520) NL_LTPDU: BatchGet 6A76B95FD1DB: 6 eps, rsp=118 bytes[0m
[2026-07-20 12:01:28.546] 
[2026-07-20 12:01:28.777] [0;32mI (258653752) NL_LTPDU: BatchGet 85854B476379: 6 eps, rsp=118 bytes[0m
[2026-07-20 12:01:28.777] 
[2026-07-20 12:01:30.437] [0;32mI (258655403) NL_LTPDU: BatchGet 880A64775B01: 6 eps, rsp=118 bytes[0m
[2026-07-20 12:01:30.437] 
[2026-07-20 12:01:33.037] [0;32mI (258658009) NL_LTPDU: BatchGet 3E0AE0494182: 6 eps, rsp=118 bytes[0m
[2026-07-20 12:01:33.037] 
[2026-07-20 12:01:33.285] [0;32mI (258658263) NL_LTPDU: BatchGet 6A76B95FD1DB: 6 eps, rsp=118 bytes[0m
[2026-07-20 12:01:33.285] 
[2026-07-20 12:01:33.486] [0;32mI (258658454) NL_LTPDU: BatchGet 85854B476379: 6 eps, rsp=118 bytes[0m
[2026-07-20 12:01:33.486] 
[2026-07-20 12:01:35.491] [0;32mI (258660463) NL_LTPDU: BatchGet 880A64775B01: 6 eps, rsp=118 bytes[0m
[2026-07-20 12:01:35.491] 
[2026-07-20 12:01:35.937] free heap: 6300344, minimum free heap: 6033104, Internal 8bit free heap: 72144, 8bit free heap: 6300344The current date/time is: Mon Jul 20 04:01:32 2026
[2026-07-20 12:01:35.937] 
[2026-07-20 12:01:35.937] 
[2026-07-20 12:01:38.314] [0;32mI (258663291) NL_LTPDU: BatchGet 3E0AE0494182: 6 eps, rsp=118 bytes[0m
[2026-07-20 12:01:38.314] 
[2026-07-20 12:01:38.361] [0;32mI (258663338) NL_LTPDU: BatchGet 6A76B95FD1DB: 6 eps, rsp=118 bytes[0m
[2026-07-20 12:01:38.361] 
[2026-07-20 12:01:38.576] [0;32mI (258663548) NL_LTPDU: BatchGet 85854B476379: 6 eps, rsp=118 bytes[0m
[2026-07-20 12:01:38.576] 
[2026-07-20 12:01:40.310] [0;32mI (258665289) NL_LTPDU: BatchGet 880A64775B01: 6 eps, rsp=118 bytes[0m
[2026-07-20 12:01:40.310] 
[2026-07-20 12:01:43.279] [0;32mI (258668252) NL_LTPDU: BatchGet 3E0AE0494182: 6 eps, rsp=118 bytes[0m
[2026-07-20 12:01:43.279] 
[2026-07-20 12:01:43.559] [0;32mI (258668529) NL_LTPDU: BatchGet 6A76B95FD1DB: 6 eps, rsp=118 bytes[0m
[2026-07-20 12:01:43.559] 
[2026-07-20 12:01:43.792] [0;32mI (258668766) NL_LTPDU: BatchGet 85854B476379: 6 eps, rsp=118 bytes[0m
[2026-07-20 12:01:43.792] 
[2026-07-20 12:01:43.948] free heap: 6300364, minimum free heap: 6033104, Internal 8bit free heap: 72144, 8bit free heap: 6300364The current date/time is: Mon Jul 20 04:01:40 2026
[2026-07-20 12:01:43.948] 
[2026-07-20 12:01:43.948] 
[2026-07-20 12:01:45.595] [0;32mI (258670562) NL_LTPDU: BatchGet 880A64775B01: 6 eps, rsp=118 bytes[0m
[2026-07-20 12:01:45.595] 
[2026-07-20 12:01:47.418] uart: 11 AT+MOTION 1
[2026-07-20 12:01:47.418] 
[2026-07-20 12:01:47.418] 
[2026-07-20 12:01:47.418] btn on press
[2026-07-20 12:01:47.418] uart: 130 AT+BCDS ff04000206a5d9da7 0010B940B0E9FEC6718C48ca43a5b6dc0F09c5200a0897404c000000000000ff0d0200000000000000000000000000000000ff06
[2026-07-20 12:01:47.418] 
[2026-07-20 12:01:47.418] 
[2026-07-20 12:01:47.418] 
[2026-07-20 12:01:47.542] pTopic:$aws/rules/bi_wifi_data_report/switchlink/B0E9FEC6718C/link_to_shadow
[2026-07-20 12:01:47.542] pData:BCD ff04000206a5d9da7 0010B940B0E9FEC6718C48ca43a5b6dc0F09c5200a0897404c000000000000ff0d0200000000000000000000000000000000ff06
[2026-07-20 12:01:47.542] 
[2026-07-20 12:01:48.256] [0;32mI (258673233) NL_LTPDU: BatchGet 3E0AE0494182: 6 eps, rsp=118 bytes[0m
[2026-07-20 12:01:48.256] 
[2026-07-20 12:01:48.302] [0;32mI (258673271) NL_LTPDU: BatchGet 6A76B95FD1DB: 6 eps, rsp=118 bytes[0m
[2026-07-20 12:01:48.302] 
[2026-07-20 12:01:48.552] [0;32mI (258673520) NL_LTPDU: BatchGet 85854B476379: 6 eps, rsp=118 bytes[0m
[2026-07-20 12:01:48.552] 
[2026-07-20 12:01:50.581] [0;32mI (258675556) NL_LTPDU: BatchGet 880A64775B01: 6 eps, rsp=118 bytes[0m
[2026-07-20 12:01:50.581] 
[2026-07-20 12:01:51.942] free heap: 6300212, minimum free heap: 6033104, Internal 8bit free heap: 72012, 8bit free heap: 6300212The current date/time is: Mon Jul 20 04:01:48 2026
[2026-07-20 12:01:51.942] 
[2026-07-20 12:01:51.942] 
[2026-07-20 12:01:53.368] [0;32mI (258678334) NL_LTPDU: BatchGet 3E0AE0494182: 6 eps, rsp=118 bytes[0m
[2026-07-20 12:01:53.368] 
[2026-07-20 12:01:53.414] [0;32mI (258678378) NL_LTPDU: BatchGet 6A76B95FD1DB: 6 eps, rsp=118 bytes[0m
[2026-07-20 12:01:53.414] [0;32mI (258678395) NL_LTPDU: BatchGet 85854B476379: 6 eps, rsp=118 bytes[0m
[2026-07-20 12:01:53.414] 
[2026-07-20 12:01:55.466] [0;32mI (258680437) NL_LTPDU: BatchGet 880A64775B01: 6 eps, rsp=118 bytes[0m
[2026-07-20 12:01:55.466] 
[2026-07-20 12:01:58.542] [0;32mI (258683517) NL_LTPDU: BatchGet 3E0AE0494182: 6 eps, rsp=118 bytes[0m
[2026-07-20 12:01:58.542] 
[2026-07-20 12:01:58.946] [0;32mI (258683913) NL_LTPDU: BatchGet 6A76B95FD1DB: 6 eps, rsp=118 bytes[0m
[2026-07-20 12:01:58.946] 
[2026-07-20 12:01:59.008] [0;32mI (258683986) NL_LTPDU: BatchGet 85854B476379: 6 eps, rsp=118 bytes[0m
[2026-07-20 12:01:59.008] 
[2026-07-20 12:01:59.955] free heap: 6300352, minimum free heap: 6033104, Internal 8bit free heap: 72144, 8bit free heap: 6300352The current date/time is: Mon Jul 20 04:01:56 2026
[2026-07-20 12:01:59.955] 
[2026-07-20 12:01:59.955] 
[2026-07-20 12:02:00.588] [0;32mI (258685555) NL_LTPDU: BatchGet 880A64775B01: 6 eps, rsp=118 bytes[0m
[2026-07-20 12:02:00.588] 
[2026-07-20 12:02:03.602] [0;32mI (258688575) NL_LTPDU: BatchGet 3E0AE0494182: 6 eps, rsp=118 bytes[0m
[2026-07-20 12:02:03.602] 
[2026-07-20 12:02:03.648] [0;32mI (258688622) NL_LTPDU: BatchGet 6A76B95FD1DB: 6 eps, rsp=118 bytes[0m
[2026-07-20 12:02:03.648] 
[2026-07-20 12:02:03.710] [0;32mI (258688686) NL_LTPDU: BatchGet 85854B476379: 6 eps, rsp=118 bytes[0m
[2026-07-20 12:02:03.710] 
[2026-07-20 12:02:05.748] [0;32mI (258690725) NL_LTPDU: BatchGet 880A64775B01: 6 eps, rsp=118 bytes[0m
[2026-07-20 12:02:05.748] 
[2026-07-20 12:02:07.950] free heap: 6300352, minimum free heap: 6033104, Internal 8bit free heap: 72144, 8bit free heap: 6300352The current date/time is: Mon Jul 20 04:02:04 2026
[2026-07-20 12:02:07.950] 
[2026-07-20 12:02:07.950] 
[2026-07-20 12:02:08.309] [0;32mI (258693280) NL_LTPDU: BatchGet 3E0AE0494182: 6 eps, rsp=118 bytes[0m
[2026-07-20 12:02:08.309] 
[2026-07-20 12:02:08.371] [0;32mI (258693345) NL_LTPDU: BatchGet 6A76B95FD1DB: 6 eps, rsp=118 bytes[0m
[2026-07-20 12:02:08.371] 
[2026-07-20 12:02:08.416] [0;32mI (258693391) NL_LTPDU: BatchGet 85854B476379: 6 eps, rsp=118 bytes[0m
[2026-07-20 12:02:08.416] 
[2026-07-20 12:02:10.614] [0;32mI (258695587) NL_LTPDU: BatchGet 880A64775B01: 6 eps, rsp=118 bytes[0m
[2026-07-20 12:02:10.614] 
[2026-07-20 12:02:13.402] [0;32mI (258698370) NL_LTPDU: BatchGet 3E0AE0494182: 6 eps, rsp=118 bytes[0m
[2026-07-20 12:02:13.402] 
[2026-07-20 12:02:14.132] [0;32mI (258699106) NL_LTPDU: BatchGet 6A76B95FD1DB: 6 eps, rsp=118 bytes[0m
[2026-07-20 12:02:14.132] 
[2026-07-20 12:02:14.565] [0;32mI (258699531) NL_LTPDU: BatchGet 85854B476379: 6 eps, rsp=118 bytes[0m
[2026-07-20 12:02:14.565] 
[2026-07-20 12:02:15.783] [0;32mI (258700763) NL_LTPDU: BatchGet 880A64775B01: 6 eps, rsp=118 bytes[0m
[2026-07-20 12:02:15.783] 
[2026-07-20 12:02:15.954] free heap: 6300208, minimum free heap: 6033104, Internal 8bit free heap: 72012, 8bit free heap: 6300208The current date/time is: Mon Jul 20 04:02:12 2026
[2026-07-20 12:02:15.954] 
[2026-07-20 12:02:15.954] 
[2026-07-20 12:02:18.723] [0;32mI (258703645) NL_LTPDU: BatchGet 3E0AE0494182: 6 eps, rsp=118 bytes[0m
[2026-07-20 12:02:18.723] [0;32mI (258703673) NL_LTPDU: BatchGet 6A76B95FD1DB: 6 eps, rsp=118 bytes[0m
[2026-07-20 12:02:18.723] [0;32mI (258703697) NL_LTPDU: BatchGet 85854B476379: 6 eps, rsp=118 bytes[0m
[2026-07-20 12:02:18.723] 
[2026-07-20 12:02:20.888] [0;32mI (258705863) NL_LTPDU: BatchGet 880A64775B01: 6 eps, rsp=118 bytes[0m
[2026-07-20 12:02:20.888] 
[2026-07-20 12:02:23.277] uart: 11 AT+MOTION 0
[2026-07-20 12:02:23.277] 
[2026-07-20 12:02:23.277] 
[2026-07-20 12:02:23.277] btn on press
[2026-07-20 12:02:23.277] uart: 130 AT+BCDS ff04000206a5d9dcb 0010B940B0E9FEC6718C48ca43a5b6dc0F09c6000a0897404c000000000000ff0cfe00000000000000000000000000000000ff06
[2026-07-20 12:02:23.277] 
[2026-07-20 12:02:23.277] 
[2026-07-20 12:02:23.277] 
[2026-07-20 12:02:23.432] [0;32mI (258708399) NL_LTPDU: BatchGet 3E0AE0494182: 6 eps, rsp=118 bytes[0m
[2026-07-20 12:02:23.432] 
[2026-07-20 12:02:23.494] [0;32mI (258708440) NL_LTPDU: BatchGet 6A76B95FD1DB: 6 eps, rsp=118 bytes[0m
[2026-07-20 12:02:23.494] pTopic:$aws/rules/bi_wifi_data_report/switchlink/B0E9FEC6718C/link_to_shadow
[2026-07-20 12:02:23.494] pData:BCD ff04000206a5d9dcb 0010B940B0E9FEC6718C48ca43a5b6dc0F09c6000a0897404c000000000000ff0cfe00000000000000000000000000000000ff06
[2026-07-20 12:02:23.494] [0;32mI (258708458) NL_LTPDU: BatchGet 85854B476379: 6 eps, rsp=118 bytes[0m
[2026-07-20 12:02:23.494] 
[2026-07-20 12:02:23.955] free heap: 6300316, minimum free heap: 6033104, Internal 8bit free heap: 72108, 8bit free heap: 6300316The current date/time is: Mon Jul 20 04:02:20 2026
[2026-07-20 12:02:23.955] 
[2026-07-20 12:02:23.955] 
[2026-07-20 12:02:25.773] [0;32mI (258710739) NL_LTPDU: BatchGet 880A64775B01: 6 eps, rsp=118 bytes[0m
[2026-07-20 12:02:25.773] 
[2026-07-20 12:02:28.541] [0;32mI (258713520) NL_LTPDU: BatchGet 3E0AE0494182: 6 eps, rsp=118 bytes[0m
[2026-07-20 12:02:28.541] 
[2026-07-20 12:02:28.618] [0;32mI (258713560) NL_LTPDU: BatchGet 6A76B95FD1DB: 6 eps, rsp=118 bytes[0m
[2026-07-20 12:02:28.618] [0;32mI (258713592) NL_LTPDU: BatchGet 85854B476379: 6 eps, rsp=118 bytes[0m
[2026-07-20 12:02:28.618] 
[2026-07-20 12:02:30.943] [0;32mI (258715917) NL_LTPDU: BatchGet 880A64775B01: 6 eps, rsp=118 bytes[0m
[2026-07-20 12:02:30.943] 
[2026-07-20 12:02:31.953] free heap: 6300208, minimum free heap: 6033104, Internal 8bit free heap: 72012, 8bit free heap: 6300208The current date/time is: Mon Jul 20 04:02:28 2026
[2026-07-20 12:02:31.953] 
[2026-07-20 12:02:31.953] 
[2026-07-20 12:02:33.721] [0;32mI (258718678) NL_LTPDU: BatchGet 3E0AE0494182: 6 eps, rsp=118 bytes[0m
[2026-07-20 12:02:33.721] [0;32mI (258718700) NL_LTPDU: BatchGet 6A76B95FD1DB: 6 eps, rsp=118 bytes[0m
[2026-07-20 12:02:33.721] 
[2026-07-20 12:02:34.416] [0;32mI (258719384) ROUTE_HOOK: Received RIO[0m
[2026-07-20 12:02:34.416] [0;32mI (258719384) ROUTE_HOOK: prefix FDEA:C98F:38B2:1:: lifetime 1800[0m
[2026-07-20 12:02:34.416] 
[2026-07-20 12:02:34.525] [0;32mI (258719499) NL_LTPDU: BatchGet 85854B476379: 6 eps, rsp=118 bytes[0m
[2026-07-20 12:02:34.525] 
[2026-07-20 12:02:35.781] [0;32mI (258720754) NL_LTPDU: BatchGet 880A64775B01: 6 eps, rsp=118 bytes[0m
[2026-07-20 12:02:35.781] 
[2026-07-20 12:02:38.819] [0;32mI (258723799) NL_LTPDU: BatchGet 3E0AE0494182: 6 eps, rsp=118 bytes[0m
[2026-07-20 12:02:38.819] 
[2026-07-20 12:02:38.882] [0;32mI (258723852) NL_LTPDU: BatchGet 6A76B95FD1DB: 6 eps, rsp=118 bytes[0m
[2026-07-20 12:02:38.882] [0;32mI (258723864) NL_LTPDU: BatchGet 85854B476379: 6 eps, rsp=118 bytes[0m
[2026-07-20 12:02:38.882] 
[2026-07-20 12:02:39.966] free heap: 6300220, minimum free heap: 6033104, Internal 8bit free heap: 72012, 8bit free heap: 6300220The current date/time is: Mon Jul 20 04:02:36 2026
[2026-07-20 12:02:39.966] 
[2026-07-20 12:02:39.966] 
[2026-07-20 12:02:40.972] [0;32mI (258725949) NL_LTPDU: BatchGet 880A64775B01: 6 eps, rsp=118 bytes[0m
[2026-07-20 12:02:40.972] 
[2026-07-20 12:02:44.067] [0;32mI (258729042) NL_LTPDU: BatchGet 3E0AE0494182: 6 eps, rsp=118 bytes[0m
[2026-07-20 12:02:44.067] 
[2026-07-20 12:02:44.115] [0;32mI (258729076) NL_LTPDU: BatchGet 6A76B95FD1DB: 6 eps, rsp=118 bytes[0m
[2026-07-20 12:02:44.115] [0;32mI (258729088) NL_LTPDU: BatchGet 85854B476379: 6 eps, rsp=118 bytes[0m
[2026-07-20 12:02:44.115] 
[2026-07-20 12:02:46.098] [0;32mI (258731072) NL_LTPDU: BatchGet 880A64775B01: 6 eps, rsp=118 bytes[0m
[2026-07-20 12:02:46.098] 
[2026-07-20 12:02:47.959] uart: 11 AT+MOTION 1
[2026-07-20 12:02:47.959] 
[2026-07-20 12:02:47.959] 
[2026-07-20 12:02:47.959] btn on press
[2026-07-20 12:02:47.959] uart: 130 AT+BCDS ff04000206a5d9de3 0010B940B0E9FEC6718C48ca43a5b6dc0F09c7200a0897404c000000000000ff0d0200000000000000000000000000000000ff06
[2026-07-20 12:02:47.959] 
[2026-07-20 12:02:47.959] 
[2026-07-20 12:02:47.959] pTopic:$aws/rules/bi_wifi_data_report/switchlink/B0E9FEC6718C/link_to_shadow
[2026-07-20 12:02:47.959] pData:BCD ff04000206a5d9de3 0010B940B0E9FEC6718C48ca43a5b6dc0F09c7200a0897404c000000000000ff0d0200000000000000000000000000000000ff06
[2026-07-20 12:02:47.959] free heap: 6298864, minimum free heap: 6033104, Internal 8bit free heap: 72108, 8bit free heap: 6298864The current date/time is: Mon Jul 20 04:02:44 2026
[2026-07-20 12:02:47.959] 
[2026-07-20 12:02:47.959] 
[2026-07-20 12:02:48.721] [0;32mI (258733692) NL_LTPDU: BatchGet 3E0AE0494182: 6 eps, rsp=118 bytes[0m
[2026-07-20 12:02:48.721] 
[2026-07-20 12:02:48.815] [0;32mI (258733766) NL_LTPDU: BatchGet 6A76B95FD1DB: 6 eps, rsp=118 bytes[0m
[2026-07-20 12:02:48.815] [0;32mI (258733790) NL_LTPDU: BatchGet 85854B476379: 6 eps, rsp=118 bytes[0m
[2026-07-20 12:02:48.815] 
[2026-07-20 12:02:50.871] [0;32mI (258735843) NL_LTPDU: BatchGet 880A64775B01: 6 eps, rsp=118 bytes[0m
[2026-07-20 12:02:50.871] 
[2026-07-20 12:02:53.830] [0;32mI (258738811) NL_LTPDU: BatchGet 3E0AE0494182: 6 eps, rsp=118 bytes[0m
[2026-07-20 12:02:53.830] 
[2026-07-20 12:02:53.984] [0;32mI (258738955) NL_LTPDU: BatchGet 6A76B95FD1DB: 6 eps, rsp=118 bytes[0m
[2026-07-20 12:02:53.984] [0;32mI (258738965) NL_LTPDU: BatchGet 85854B476379: 6 eps, rsp=118 bytes[0m
[2026-07-20 12:02:53.984] 
[2026-07-20 12:02:55.984] free heap: 6245380, minimum free heap: 6033104, Internal 8bit free heap: 71976, 8bit free heap: 6245380The current date/time is: Mon Jul 20 04:02:52 2026
[2026-07-20 12:02:55.984] 
[2026-07-20 12:02:55.984] [0;32mI (258740962) NL_LTPDU: BatchGet 880A64775B01: 6 eps, rsp=118 bytes[0m
[2026-07-20 12:02:55.984] 
[2026-07-20 12:02:59.111] [0;32mI (258744078) NL_LTPDU: BatchGet 3E0AE0494182: 6 eps, rsp=118 bytes[0m
[2026-07-20 12:02:59.111] 
[2026-07-20 12:02:59.342] [0;32mI (258744312) NL_LTPDU: BatchGet 6A76B95FD1DB: 6 eps, rsp=118 bytes[0m
[2026-07-20 12:02:59.342] 
[2026-07-20 12:02:59.559] [0;32mI (258744538) NL_LTPDU: BatchGet 85854B476379: 6 eps, rsp=118 bytes[0m
[2026-07-20 12:02:59.559] 
[2026-07-20 12:03:01.267] [0;32mI (258746235) NL_LTPDU: BatchGet 880A64775B01: 6 eps, rsp=118 bytes[0m
[2026-07-20 12:03:01.267] 
[2026-07-20 12:03:03.969] free heap: 6246944, minimum free heap: 6033104, Internal 8bit free heap: 71976, 8bit free heap: 6246944The current date/time is: Mon Jul 20 04:03:00 2026
[2026-07-20 12:03:03.969] 
[2026-07-20 12:03:03.969] 
[2026-07-20 12:03:04.216] [0;32mI (258749198) NL_LTPDU: BatchGet 3E0AE0494182: 6 eps, rsp=118 bytes[0m
[2026-07-20 12:03:04.216] 
[2026-07-20 12:03:04.684] [0;32mI (258749665) NL_LTPDU: BatchGet 6A76B95FD1DB: 6 eps, rsp=118 bytes[0m
[2026-07-20 12:03:04.684] 
[2026-07-20 12:03:04.762] [0;32mI (258749740) NL_LTPDU: BatchGet 85854B476379: 6 eps, rsp=118 bytes[0m
[2026-07-20 12:03:04.762] 
[2026-07-20 12:03:06.062] [0;32mI (258751036) NL_LTPDU: BatchGet 880A64775B01: 6 eps, rsp=118 bytes[0m
[2026-07-20 12:03:06.062] 
[2026-07-20 12:03:08.938] [0;32mI (258753914) NL_LTPDU: BatchGet 3E0AE0494182: 6 eps, rsp=118 bytes[0m
[2026-07-20 12:03:08.938] 
[2026-07-20 12:03:09.183] [0;32mI (258754159) NL_LTPDU: BatchGet 6A76B95FD1DB: 6 eps, rsp=118 bytes[0m
[2026-07-20 12:03:09.183] 
[2026-07-20 12:03:09.246] [0;32mI (258754223) NL_LTPDU: BatchGet 85854B476379: 6 eps, rsp=118 bytes[0m
[2026-07-20 12:03:09.246] 
[2026-07-20 12:03:11.181] [0;32mI (258756158) NL_LTPDU: BatchGet 880A64775B01: 6 eps, rsp=118 bytes[0m
[2026-07-20 12:03:11.181] 
[2026-07-20 12:03:12.000] free heap: 6300308, minimum free heap: 6033104, Internal 8bit free heap: 72108, 8bit free heap: 6300308The current date/time is: Mon Jul 20 04:03:08 2026
[2026-07-20 12:03:12.000] 
[2026-07-20 12:03:12.000] 
[2026-07-20 12:03:14.147] [0;32mI (258759124) NL_LTPDU: BatchGet 3E0AE0494182: 6 eps, rsp=118 bytes[0m
[2026-07-20 12:03:14.147] 
[2026-07-20 12:03:14.287] [0;32mI (258759265) NL_LTPDU: BatchGet 6A76B95FD1DB: 6 eps, rsp=118 bytes[0m
[2026-07-20 12:03:14.287] 
[2026-07-20 12:03:14.365] [0;32mI (258759334) NL_LTPDU: BatchGet 85854B476379: 6 eps, rsp=118 bytes[0m
[2026-07-20 12:03:14.365] 
[2026-07-20 12:03:16.310] [0;32mI (258761280) NL_LTPDU: BatchGet 880A64775B01: 6 eps, rsp=118 bytes[0m
[2026-07-20 12:03:16.310] 
[2026-07-20 12:03:18.919] [0;32mI (258763900) NL_LTPDU: BatchGet 3E0AE0494182: 6 eps, rsp=118 bytes[0m
[2026-07-20 12:03:18.919] 
[2026-07-20 12:03:19.136] [0;32mI (258764106) NL_LTPDU: BatchGet 6A76B95FD1DB: 6 eps, rsp=118 bytes[0m
[2026-07-20 12:03:19.136] 
[2026-07-20 12:03:19.199] [0;32mI (258764174) NL_LTPDU: BatchGet 85854B476379: 6 eps, rsp=118 bytes[0m
[2026-07-20 12:03:19.199] 
[2026-07-20 12:03:19.991] free heap: 6300240, minimum free heap: 6033104, Internal 8bit free heap: 72012, 8bit free heap: 6300240The current date/time is: Mon Jul 20 04:03:16 2026
[2026-07-20 12:03:19.991] 
[2026-07-20 12:03:19.991] 
[2026-07-20 12:03:20.284] uart: 11 AT+MOTION 0
[2026-07-20 12:03:20.284] 
[2026-07-20 12:03:20.284] 
[2026-07-20 12:03:20.284] btn on press
[2026-07-20 12:03:20.284] uart: 130 AT+BCDS ff04000206a5d9e04 0010B940B0E9FEC6718C48ca43a5b6dc0F09c8000a0897404c000000000000ff0cff00000000000000000000000000000000ff06
[2026-07-20 12:03:20.284] 
[2026-07-20 12:03:20.284] 
[2026-07-20 12:03:20.284] 
[2026-07-20 12:03:20.438] pTopic:$aws/rules/bi_wifi_data_report/switchlink/B0E9FEC6718C/link_to_shadow
[2026-07-20 12:03:20.438] pData:BCD ff04000206a5d9e04 0010B940B0E9FEC6718C48ca43a5b6dc0F09c8000a0897404c000000000000ff0cff00000000000000000000000000000000ff06
[2026-07-20 12:03:20.438] 
[2026-07-20 12:03:22.443] [0;32mI (258767421) NL_LTPDU: BatchGet 880A64775B01: 6 eps, rsp=118 bytes[0m
[2026-07-20 12:03:22.443] 
[2026-07-20 12:03:24.047] [0;32mI (258769020) NL_LTPDU: BatchGet 3E0AE0494182: 6 eps, rsp=118 bytes[0m
[2026-07-20 12:03:24.047] 
[2026-07-20 12:03:24.139] [0;32mI (258769111) NL_LTPDU: BatchGet 6A76B95FD1DB: 6 eps, rsp=118 bytes[0m
[2026-07-20 12:03:24.139] 
[2026-07-20 12:03:24.400] [0;32mI (258769368) NL_LTPDU: BatchGet 85854B476379: 6 eps, rsp=118 bytes[0m
[2026-07-20 12:03:24.400] 
[2026-07-20 12:03:26.584] [0;32mI (258771567) NL_LTPDU: BatchGet 880A64775B01: 6 eps, rsp=118 bytes[0m
[2026-07-20 12:03:26.584] 
[2026-07-20 12:03:28.024] free heap: 6300352, minimum free heap: 6033104, Internal 8bit free heap: 72144, 8bit free heap: 6300352The current date/time is: Mon Jul 20 04:03:24 2026
[2026-07-20 12:03:28.024] 
[2026-07-20 12:03:28.024] 
[2026-07-20 12:03:29.169] [0;32mI (258774142) NL_LTPDU: BatchGet 3E0AE0494182: 6 eps, rsp=118 bytes[0m
[2026-07-20 12:03:29.169] 
[2026-07-20 12:03:29.310] [0;32mI (258774284) NL_LTPDU: BatchGet 6A76B95FD1DB: 6 eps, rsp=118 bytes[0m
[2026-07-20 12:03:29.310] 
[2026-07-20 12:03:29.481] [0;32mI (258774453) NL_LTPDU: BatchGet 85854B476379: 6 eps, rsp=118 bytes[0m
[2026-07-20 12:03:29.481] 
[2026-07-20 12:03:31.890] [0;32mI (258776871) NL_LTPDU: BatchGet 880A64775B01: 6 eps, rsp=118 bytes[0m
[2026-07-20 12:03:31.890] 
[2026-07-20 12:03:34.284] [0;32mI (258779260) NL_LTPDU: BatchGet 3E0AE0494182: 6 eps, rsp=118 bytes[0m
[2026-07-20 12:03:34.284] 
[2026-07-20 12:03:34.362] [0;32mI (258779334) NL_LTPDU: BatchGet 6A76B95FD1DB: 6 eps, rsp=118 bytes[0m
[2026-07-20 12:03:34.362] 
[2026-07-20 12:03:34.999] [0;32mI (258779973) NL_LTPDU: BatchGet 85854B476379: 6 eps, rsp=118 bytes[0m
[2026-07-20 12:03:34.999] 
[2026-07-20 12:03:36.018] free heap: 6300344, minimum free heap: 6033104, Internal 8bit free heap: 72144, 8bit free heap: 6300344The current date/time is: Mon Jul 20 04:03:32 2026
[2026-07-20 12:03:36.018] 
[2026-07-20 12:03:36.018] 
[2026-07-20 12:03:36.670] uart: 11 AT+MOTION 1
[2026-07-20 12:03:36.670] 
[2026-07-20 12:03:36.670] 
[2026-07-20 12:03:36.670] btn on press
[2026-07-20 12:03:36.670] uart: 130 AT+BCDS ff04000206a5d9e14 0010B940B0E9FEC6718C48ca43a5b6dc0F09c9200a0897404c000000000000ff0d0000000000000000000000000000000000ff06
[2026-07-20 12:03:36.670] 
[2026-07-20 12:03:36.670] 
[2026-07-20 12:03:36.670] 
[2026-07-20 12:03:36.826] pTopic:$aws/rules/bi_wifi_data_report/switchlink/B0E9FEC6718C/link_to_shadow
[2026-07-20 12:03:36.826] pData:BCD ff04000206a5d9e14 0010B940B0E9FEC6718C48ca43a5b6dc0F09c9200a0897404c000000000000ff0d0000000000000000000000000000000000ff06
[2026-07-20 12:03:36.826] [0;32mI (258781808) NL_LTPDU: BatchGet 880A64775B01: 6 eps, rsp=118 bytes[0m
[2026-07-20 12:03:36.826] 
[2026-07-20 12:03:39.397] [0;32mI (258784380) NL_LTPDU: BatchGet 3E0AE0494182: 6 eps, rsp=118 bytes[0m
[2026-07-20 12:03:39.397] 
[2026-07-20 12:03:39.552] [0;32mI (258784523) NL_LTPDU: BatchGet 6A76B95FD1DB: 6 eps, rsp=118 bytes[0m
[2026-07-20 12:03:39.552] 
[2026-07-20 12:03:39.751] [0;32mI (258784720) NL_LTPDU: BatchGet 85854B476379: 6 eps, rsp=118 bytes[0m
[2026-07-20 12:03:39.751] 
[2026-07-20 12:03:41.647] [0;32mI (258786618) NL_LTPDU: BatchGet 880A64775B01: 6 eps, rsp=118 bytes[0m
[2026-07-20 12:03:41.647] 
[2026-07-20 12:03:44.018] free heap: 6300184, minimum free heap: 6033104, Internal 8bit free heap: 71976, 8bit free heap: 6300184The current date/time is: Mon Jul 20 04:03:40 2026
[2026-07-20 12:03:44.018] 
[2026-07-20 12:03:44.018] 
[2026-07-20 12:03:44.203] [0;32mI (258789185) NL_LTPDU: BatchGet 3E0AE0494182: 6 eps, rsp=118 bytes[0m
[2026-07-20 12:03:44.203] 
[2026-07-20 12:03:44.250] [0;32mI (258789231) NL_LTPDU: BatchGet 6A76B95FD1DB: 6 eps, rsp=118 bytes[0m
[2026-07-20 12:03:44.250] 
[2026-07-20 12:03:44.465] [0;32mI (258789443) NL_LTPDU: BatchGet 85854B476379: 6 eps, rsp=118 bytes[0m
[2026-07-20 12:03:44.465] 
[2026-07-20 12:03:46.816] [0;32mI (258791787) NL_LTPDU: BatchGet 880A64775B01: 6 eps, rsp=118 bytes[0m
[2026-07-20 12:03:46.816] 
[2026-07-20 12:03:49.337] [0;32mI (258794311) NL_LTPDU: BatchGet 3E0AE0494182: 6 eps, rsp=118 bytes[0m
[2026-07-20 12:03:49.337] 
[2026-07-20 12:03:49.785] [0;32mI (258794768) NL_LTPDU: BatchGet 6A76B95FD1DB: 6 eps, rsp=118 bytes[0m
[2026-07-20 12:03:49.785] 
[2026-07-20 12:03:49.942] [0;32mI (258794923) NL_LTPDU: BatchGet 85854B476379: 6 eps, rsp=118 bytes[0m
[2026-07-20 12:03:49.942] 
[2026-07-20 12:03:51.558] [0;32mI (258796531) NL_LTPDU: BatchGet 880A64775B01: 6 eps, rsp=118 bytes[0m
[2026-07-20 12:03:51.558] 
[2026-07-20 12:03:52.053] free heap: 6300344, minimum free heap: 6033104, Internal 8bit free heap: 72144, 8bit free heap: 6300344The current date/time is: Mon Jul 20 04:03:48 2026
[2026-07-20 12:03:52.053] 
[2026-07-20 12:03:52.053] 
[2026-07-20 12:03:54.532] [0;32mI (258799502) NL_LTPDU: BatchGet 3E0AE0494182: 6 eps, rsp=118 bytes[0m
[2026-07-20 12:03:54.532] 
[2026-07-20 12:03:54.610] [0;32mI (258799580) NL_LTPDU: BatchGet 6A76B95FD1DB: 6 eps, rsp=118 bytes[0m
[2026-07-20 12:03:54.610] 
[2026-07-20 12:03:54.766] [0;32mI (258799739) NL_LTPDU: BatchGet 85854B476379: 6 eps, rsp=118 bytes[0m
[2026-07-20 12:03:54.766] 
[2026-07-20 12:03:56.867] [0;32mI (258801847) NL_LTPDU: BatchGet 880A64775B01: 6 eps, rsp=118 bytes[0m
[2026-07-20 12:03:56.867] 
[2026-07-20 12:03:59.584] [0;32mI (258804556) NL_LTPDU: BatchGet 3E0AE0494182: 6 eps, rsp=118 bytes[0m
[2026-07-20 12:03:59.584] 
[2026-07-20 12:03:59.817] [0;32mI (258804797) NL_LTPDU: BatchGet 6A76B95FD1DB: 6 eps, rsp=118 bytes[0m
[2026-07-20 12:03:59.817] 
[2026-07-20 12:04:00.002] [0;32mI (258804985) NL_LTPDU: BatchGet 85854B476379: 6 eps, rsp=118 bytes[0m
[2026-07-20 12:04:00.002] 
[2026-07-20 12:04:00.049] free heap: 6300328, minimum free heap: 6033104, Internal 8bit free heap: 72108, 8bit free heap: 6300328The current date/time is: Mon Jul 20 04:03:56 2026
[2026-07-20 12:04:00.049] 
[2026-07-20 12:04:00.049] 
[2026-07-20 12:04:01.764] [0;32mI (258806742) NL_LTPDU: BatchGet 880A64775B01: 6 eps, rsp=118 bytes[0m
[2026-07-20 12:04:01.764] 
[2026-07-20 12:04:04.430] [0;32mI (258809413) NL_LTPDU: BatchGet 3E0AE0494182: 6 eps, rsp=118 bytes[0m
[2026-07-20 12:04:04.430] 
[2026-07-20 12:04:04.475] [0;32mI (258809457) NL_LTPDU: BatchGet 6A76B95FD1DB: 6 eps, rsp=118 bytes[0m
[2026-07-20 12:04:04.475] 
[2026-07-20 12:04:04.614] uart: 70 AT+TEST shadow BCD|010211017|6a5d9e30|63dade09992018010126020031|6f|03
[2026-07-20 12:04:04.614] 
[2026-07-20 12:04:04.614] 
[2026-07-20 12:04:04.614] 
[2026-07-20 12:04:04.692] pTopic:$aws/rules/bi_ble_data_report_arch2/switchlink/B0E9FEC6718C/link_to_status
[2026-07-20 12:04:04.692] pData:{"protocolVersion":1,"count":1,"messages":[{"id":"eb93b8f3-cec5-4b53-9ff4-6a0875539d6f","eventType":"Wo.Device.DataReport","data":{"deviceID":"dade09992018","createTime":1784520240,"contentVersion":3,"contentType":"hex","content":"63dade09992018010126020031","seq":111}}]}
[2026-07-20 12:04:04.692] 
[2026-07-20 12:04:05.157] [0;32mI (258810129) NL_LTPDU: BatchGet 85854B476379: 6 eps, rsp=118 bytes[0m
[2026-07-20 12:04:05.157] 
[2026-07-20 12:04:06.612] [0;32mI (258811591) NL_LTPDU: BatchGet 880A64775B01: 6 eps, rsp=118 bytes[0m
[2026-07-20 12:04:06.612] 
[2026-07-20 12:04:08.067] free heap: 6300076, minimum free heap: 6033104, Internal 8bit free heap: 71848, 8bit free heap: 6300076The current date/time is: Mon Jul 20 04:04:04 2026
[2026-07-20 12:04:08.067] 
[2026-07-20 12:04:08.067] 
[2026-07-20 12:04:09.612] [0;32mI (258814595) NL_LTPDU: BatchGet 3E0AE0494182: 6 eps, rsp=118 bytes[0m
[2026-07-20 12:04:09.612] 
[2026-07-20 12:04:10.028] [0;32mI (258815002) NL_LTPDU: BatchGet 6A76B95FD1DB: 6 eps, rsp=118 bytes[0m
[2026-07-20 12:04:10.028] 
[2026-07-20 12:04:10.216] [0;32mI (258815188) NL_LTPDU: BatchGet 85854B476379: 6 eps, rsp=118 bytes[0m
[2026-07-20 12:04:10.216] 
[2026-07-20 12:04:11.854] [0;32mI (258816830) NL_LTPDU: BatchGet 880A64775B01: 6 eps, rsp=118 bytes[0m
[2026-07-20 12:04:11.854] 
[2026-07-20 12:04:14.670] [0;32mI (258819651) NL_LTPDU: BatchGet 3E0AE0494182: 6 eps, rsp=118 bytes[0m
[2026-07-20 12:04:14.670] 
[2026-07-20 12:04:15.244] [0;32mI (258820220) NL_LTPDU: BatchGet 6A76B95FD1DB: 6 eps, rsp=118 bytes[0m
[2026-07-20 12:04:15.244] 
[2026-07-20 12:04:15.831] [0;32mI (258820803) NL_LTPDU: BatchGet 85854B476379: 6 eps, rsp=118 bytes[0m
[2026-07-20 12:04:15.831] 
[2026-07-20 12:04:16.064] free heap: 6300336, minimum free heap: 6033104, Internal 8bit free heap: 72108, 8bit free heap: 6300336The current date/time is: Mon Jul 20 04:04:12 2026
[2026-07-20 12:04:16.064] 
[2026-07-20 12:04:16.064] 
[2026-07-20 12:04:16.928] [0;32mI (258821897) NL_LTPDU: BatchGet 880A64775B01: 6 eps, rsp=118 bytes[0m
[2026-07-20 12:04:16.928] 
[2026-07-20 12:04:19.805] [0;32mI (258824785) NL_LTPDU: BatchGet 3E0AE0494182: 6 eps, rsp=118 bytes[0m
[2026-07-20 12:04:19.805] 
[2026-07-20 12:04:20.053] [0;32mI (258825031) NL_LTPDU: BatchGet 6A76B95FD1DB: 6 eps, rsp=118 bytes[0m
[2026-07-20 12:04:20.053] 
[2026-07-20 12:04:21.012] [0;32mI (258825995) NL_LTPDU: BatchGet 85854B476379: 6 eps, rsp=118 bytes[0m
[2026-07-20 12:04:21.012] 
[2026-07-20 12:04:22.063] [0;32mI (258827038) NL_LTPDU: BatchGet 880A64775B01: 6 eps, rsp=118 bytes[0m
[2026-07-20 12:04:22.063] 
[2026-07-20 12:04:24.071] free heap: 6300336, minimum free heap: 6033104, Internal 8bit free heap: 72108, 8bit free heap: 6300336The current date/time is: Mon Jul 20 04:04:20 2026
[2026-07-20 12:04:24.071] 
[2026-07-20 12:04:24.071] 
[2026-07-20 12:04:24.873] [0;32mI (258829852) NL_LTPDU: BatchGet 3E0AE0494182: 6 eps, rsp=118 bytes[0m
[2026-07-20 12:04:24.873] 
[2026-07-20 12:04:25.338] [0;32mI (258830317) NL_LTPDU: BatchGet 6A76B95FD1DB: 6 eps, rsp=118 bytes[0m
[2026-07-20 12:04:25.338] 
[2026-07-20 12:04:25.524] [0;32mI (258830499) NL_LTPDU: BatchGet 85854B476379: 6 eps, rsp=118 bytes[0m
[2026-07-20 12:04:25.524] 
[2026-07-20 12:04:26.763] [0;32mI (258831747) NL_LTPDU: BatchGet 880A64775B01: 6 eps, rsp=118 bytes[0m
[2026-07-20 12:04:26.763] 
[2026-07-20 12:04:28.169] [0;32mI (258833153) ROUTE_HOOK: Received RIO[0m
[2026-07-20 12:04:28.169] [0;32mI (258833154) ROUTE_HOOK: prefix FDEA:C98F:38B2:1:: lifetime 1800[0m
[2026-07-20 12:04:28.169] 
[2026-07-20 12:04:30.025] [0;32mI (258834998) NL_LTPDU: BatchGet 3E0AE0494182: 6 eps, rsp=118 bytes[0m
[2026-07-20 12:04:30.025] 
[2026-07-20 12:04:30.071] [0;32mI (258835054) NL_LTPDU: BatchGet 6A76B95FD1DB: 6 eps, rsp=118 bytes[0m
[2026-07-20 12:04:30.071] 
[2026-07-20 12:04:30.241] [0;32mI (258835219) NL_LTPDU: BatchGet 85854B476379: 6 eps, rsp=118 bytes[0m
[2026-07-20 12:04:30.241] 
[2026-07-20 12:04:31.894] [0;32mI (258836877) NL_LTPDU: BatchGet 880A64775B01: 6 eps, rsp=118 bytes[0m
[2026-07-20 12:04:31.894] 
[2026-07-20 12:04:32.111] free heap: 6300176, minimum free heap: 6033104, Internal 8bit free heap: 71976, 8bit free heap: 6300176The current date/time is: Mon Jul 20 04:04:28 2026
[2026-07-20 12:04:32.111] 
[2026-07-20 12:04:32.111] 
[2026-07-20 12:04:36.135] [0;32mI (258841057) NL_LTPDU: BatchGet 3E0AE0494182: 6 eps, rsp=118 bytes[0m
[2026-07-20 12:04:36.135] [0;32mI (258841099) NL_LTPDU: BatchGet 6A76B95FD1DB: 6 eps, rsp=118 bytes[0m
[2026-07-20 12:04:36.135] [0;32mI (258841116) NL_LTPDU: BatchGet 85854B476379: 6 eps, rsp=118 bytes[0m
[2026-07-20 12:04:36.135] 
[2026-07-20 12:04:37.528] [0;32mI (258842510) NL_LTPDU: BatchGet 880A64775B01: 6 eps, rsp=118 bytes[0m
[2026-07-20 12:04:37.528] 
[2026-07-20 12:04:39.288] uart: 11 AT+MOTION 0
[2026-07-20 12:04:39.288] 
[2026-07-20 12:04:39.288] 
[2026-07-20 12:04:39.288] btn on press
[2026-07-20 12:04:39.288] uart: 130 AT+BCDS ff04000206a5d9e53 0010B940B0E9FEC6718C48ca43a5b6dc0F09ca000a0897404c000000000000ff0cfd00000000000000000000000000000000ff06
[2026-07-20 12:04:39.288] 
[2026-07-20 12:04:39.288] 
[2026-07-20 12:04:39.288] 
[2026-07-20 12:04:39.427] pTopic:$aws/rules/bi_wifi_data_report/switchlink/B0E9FEC6718C/link_to_shadow
[2026-07-20 12:04:39.427] pData:BCD ff04000206a5d9e53 0010B940B0E9FEC6718C48ca43a5b6dc0F09ca000a0897404c000000000000ff0cfd00000000000000000000000000000000ff06
[2026-07-20 12:04:39.427] 
[2026-07-20 12:04:39.984] [0;32mI (258844965) NL_LTPDU: BatchGet 3E0AE0494182: 6 eps, rsp=118 bytes[0m
[2026-07-20 12:04:39.984] 
[2026-07-20 12:04:40.061] [0;32mI (258845041) NL_LTPDU: BatchGet 6A76B95FD1DB: 6 eps, rsp=118 bytes[0m
[2026-07-20 12:04:40.061] 
[2026-07-20 12:04:40.107] free heap: 6245512, minimum free heap: 6033104, Internal 8bit free heap: 72108, 8bit free heap: 6245512The current date/time is: Mon Jul 20 04:04:36 2026
[2026-07-20 12:04:40.107] 
[2026-07-20 12:04:40.107] 
[2026-07-20 12:04:40.216] [0;32mI (258845192) NL_LTPDU: BatchGet 85854B476379: 6 eps, rsp=118 bytes[0m
[2026-07-20 12:04:40.216] 
[2026-07-20 12:04:40.308] [0;32mI (258845292) TASK_NL: ExecuteScan: trigger=scheduled[0m
[2026-07-20 12:04:40.308] 
[2026-07-20 12:04:43.384] [0;32mI (258848322) TASK_NL: Scan[0]: name=Lines B5D2 ip=192.168.50.201 id=3E:0A:E0:49:41:82 model=NL59 fw=12.2.3[0m
[2026-07-20 12:04:43.384] [0;32mI (258848323) TASK_NL: Scan[1]: name=Shapes 2201 ip=192.168.50.119 id=88:0A:64:77:5B:01 model=NL42 fw=12.1.1[0m
[2026-07-20 12:04:43.384] [0;32mI (258848332) TASK_NL: Scan[2]: name=Elements 88E6 ip=192.168.50.16 id=85:85:4B:47:63:79 model=NL52 fw=12.2.3[0m
[2026-07-20 12:04:43.384] [0;32mI (258848343) TASK_NL: Scan[3]: name=4D FEB8 ip=192.168.50.160 id=6A:76:B9:5F:D1:DB model=NL69 fw=12.3.6[0m
[2026-07-20 12:04:43.384] [0;32mI (258848354) TASK_NL: ExecuteScan: found 4 devices, publishing[0m
[2026-07-20 12:04:43.384] 
[2026-07-20 12:04:43.554] pTopic:switchlink/B0E9FEC6718C/link_to_nanoleaf_maint
[2026-07-20 12:04:43.554] pData:{"msgType":"nanoleaf_scan","trigger":"scheduled","timestamp":1784520283,"managed":{"total":4,"devices":[{"deviceId":"3E0AE0494182","clientId":1,"state":"active","online":1},{"deviceId":"880A64775B01","clientId":1,"state":"active","online":1},{"deviceId":"6A76B95FD1DB","clientId":5,"state":"active","online":1},{"deviceId":"85854B476379","clientId":1,"state":"active","online":1}]},"devices":[{"deviceId":"3E:0A:E0:49:41:82","ip":"192.168.50.201","port":12566,"model":"NL59","firmware":"12.2.3"},{"deviceId":"88:0A:64:77:5B:01","ip":"192.168.50.119","port":12566,"model":"NL42","firmware":"12.1.1"},{"deviceId":"85:85:4B:47:63:79","ip":"192.168.50.16","port":12566,"model":"NL52","firmware":"12.2.3"},{"deviceId":"6A:76:B9:5F:D1:DB","ip":"192.168.50.160","port":12566,"model":"NL69","firmware":"12.3.6"}]}
[2026-07-20 12:04:43.554] [0;32mI (258848532) NL_LTPDU: BatchGet 880A64775B01: 6 eps, rsp=118 bytes[0m
[2026-07-20 12:04:43.554] 
[2026-07-20 12:04:44.837] [0;32mI (258849808) NL_LTPDU: BatchGet 3E0AE0494182: 6 eps, rsp=118 bytes[0m
[2026-07-20 12:04:44.837] [0;32mI (258849817) NL_LTPDU: BatchGet 6A76B95FD1DB: 6 eps, rsp=118 bytes[0m
[2026-07-20 12:04:44.837] 
[2026-07-20 12:04:44.976] [0;32mI (258849951) NL_LTPDU: BatchGet 85854B476379: 6 eps, rsp=118 bytes[0m
[2026-07-20 12:04:44.976] 
[2026-07-20 12:04:48.111] free heap: 6300352, minimum free heap: 6033104, Internal 8bit free heap: 72144, 8bit free heap: 6300352The current date/time is: Mon Jul 20 04:04:44 2026
[2026-07-20 12:04:48.111] 
[2026-07-20 12:04:48.111] 
[2026-07-20 12:04:48.701] [0;32mI (258853672) NL_LTPDU: BatchGet 880A64775B01: 6 eps, rsp=118 bytes[0m
[2026-07-20 12:04:48.701] 
[2026-07-20 12:04:49.998] [0;32mI (258854973) NL_LTPDU: BatchGet 3E0AE0494182: 6 eps, rsp=118 bytes[0m
[2026-07-20 12:04:49.998] 
[2026-07-20 12:04:50.152] [0;32mI (258855131) NL_LTPDU: BatchGet 6A76B95FD1DB: 6 eps, rsp=118 bytes[0m
[2026-07-20 12:04:50.152] 
[2026-07-20 12:04:50.493] [0;32mI (258855470) NL_LTPDU: BatchGet 85854B476379: 6 eps, rsp=118 bytes[0m
[2026-07-20 12:04:50.493] 
[2026-07-20 12:04:53.885] [0;32mI (258858870) NL_LTPDU: BatchGet 880A64775B01: 6 eps, rsp=118 bytes[0m
[2026-07-20 12:04:53.885] 
[2026-07-20 12:04:55.060] [0;32mI (258860038) NL_LTPDU: BatchGet 3E0AE0494182: 6 eps, rsp=118 bytes[0m
[2026-07-20 12:04:55.060] [0;32mI (258860046) NL_LTPDU: BatchGet 6A76B95FD1DB: 6 eps, rsp=118 bytes[0m
[2026-07-20 12:04:55.060] 
[2026-07-20 12:04:55.137] [0;32mI (258860122) NL_LTPDU: BatchGet 85854B476379: 6 eps, rsp=118 bytes[0m
[2026-07-20 12:04:55.137] 
[2026-07-20 12:04:56.171] free heap: 6300212, minimum free heap: 6033104, Internal 8bit free heap: 72012, 8bit free heap: 6300212The current date/time is: Mon Jul 20 04:04:52 2026
[2026-07-20 12:04:56.171] 
[2026-07-20 12:04:56.171] 
[2026-07-20 12:04:59.322] [0;32mI (258864298) NL_LTPDU: BatchGet 880A64775B01: 6 eps, rsp=118 bytes[0m
[2026-07-20 12:04:59.322] 
[2026-07-20 12:05:00.247] [0;32mI (258865227) NL_LTPDU: BatchGet 3E0AE0494182: 6 eps, rsp=118 bytes[0m
[2026-07-20 12:05:00.247] 
[2026-07-20 12:05:00.355] Nanoleaf MQTT payload: {"msgType":"control","requestID":"bb086d53-f5c8-4b87-94d2-1e6872203175","deviceId":"880A64775B01","endpoint":"ci","method":"POST","value":"{\"version\":\"2.0\",\"command\":\"requestAll\"}"}
[2026-07-20 12:05:00.355] 
[2026-07-20 12:05:00.743] [0;32mI (258865716) NL_LTPDU: BatchGet 6A76B95FD1DB: 6 eps, rsp=118 bytes[0m
[2026-07-20 12:05:00.743] 
[2026-07-20 12:05:00.866] [0;32mI (258865841) NL_LTPDU: BatchGet 85854B476379: 6 eps, rsp=118 bytes[0m
[2026-07-20 12:05:00.866] 
[2026-07-20 12:05:00.959] [0;32mI (258865941) NL_LTPDU: SendCmd POST → 880A64775B01 ep=ci[0m
[2026-07-20 12:05:00.959] 
[2026-07-20 12:05:02.278] [0;32mI (258866378) TASK_NL: [1] Cmd rsp(11617): {"animations":[{"version":"2.0","animName":"1","animType":"static","animData":"1 44637 1 52 198 89 0 20","palette":[{"hue":135,"saturation":74,"brightness":78,"probability":0.0}],"colorType":"HSB","logicalPanelsEnabled":true},{"version":"2.0","animName":"123","animType":"static","animData":"2 41127 1 254 203 0 0 20 44637 1 52 198 89 0 20","palette":[{"hue":48,"saturation":100,"brightness":100,"probability":0.0},{"hue":135,"saturation":74,"brightness":78,"probability":0.0}],"colorType":"HSB","logicalPanelsEnabled":true},{"version":"2.0","animName":"ABC","animType":"plugin","colorType":"HSB","palette":[{"hue":3,"saturation":81,"brightness":100,"probability":0.0},{"hue":135,"saturation":74,"brightness":78,"probability":0.0},{"hue":211,"saturation":100,"brightness":100,"probability":0.0}],"pluginType":"color","pluginUuid":"b3fd723a-aae8-4c99-bf2b-087159e0ef53","rhythmFeatureSource":1,"pluginOptions":[{"name":"delayTime","value":0},{"name":"loop","value":true},{"name":"transTime","value":90}],"hasOverlay":false,"logicalPanelsEnabled":true},{"version":"2.0","animName":"Blaze","animType":"plugin","colorType":"HSB","palette":[{"hue":36,"saturation":92,"brightness":92,"probability":0.0},{"hue":28,"saturation":93,"brightness":74,"probability":0.0},{"hue":29,"saturation":93,"brightness":52,"probability":0.0}],"pluginType":"color","pluginUuid":"ba632d3e-9c2b-4413-a965-510c839b3f71","rhythmFeatureSource":1,"pluginOptions":[{"name":"delayTime","value":0},{"name":"transTime","value":20}],"hasOverlay":false,"logicalPanelsEnabled":true},{"version":"2.0","animName":"Cocoa Beach","animType":"plugin","colorType":"HSB","palette":[{"hue":192,"saturation":22,"brightness":73,"probability":0.0},{"hue":191,"saturation":20,"brightness":87,"probability":0.0},{"hue":0,"saturation":0,"brightness":100,"probability":0.0},{"hue":30,"saturation":53,"brightness":90,"probability":0.0},{"hue":25,"saturation":60,"brightness":61,"probability":0.0},{"hue":20,"saturation":52,"brightness":35,"probability":0.0}],"pluginType":"color","pluginUuid":"70b7c636-6bf8-491f-89c1-f4103508d642","rhythmFeatureSource":1,"pluginOptions":[{"name":"delayTime","value":0},{"name":"mainColorProb","value":20.989999344348904},{"name":"transTime","value":24}],"hasOverlay":false,"logicalPanelsEnabled":true},{"version":"2.0","animName":"Cotton Candy","animType":"plugin","colorType":"HSB","palette":[{"hue":182,"saturation":17,"brightness":100,"probability":0.0},{"hue":187,"saturation":21,"brightness":89,"probability":0.0},{"hue":201,"saturation":64,"brightness":96,"probability":0.0},{"hue":18,"saturation":55,"brightness":95,"probability":0.0},{"hue":46,"saturation":33,"brightness":98,"probability":0.0}],"pluginType":"rhythm","pluginUuid":"30018343-7587-4152-8d97-1c349ccc3e68","rhythmFeatureSource":1,"pluginOptions":[{"name":"transTime","value":24}],"hasOverlay":false,"logicalPanelsEnabled":true},{"version":"2.0","animName":"Date Night","animType":"plugin","colorType":"HSB","palette":[{"hue":10,"saturation":40,"brightness":98,"probability":0.0},{"hue":13,"saturation":12,"brightness":100,"probability":0.0},{"hue":348,"saturation":79,"brightness":54,"probability":0.0},{"hue":10,"saturation":56,"brightness":74,"probability":0.0}],"pluginType":"color","pluginUuid":"ba632d3e-9c2b-4413-a965-510c839b3f71","rhythmFeatureSource":1,"pluginOptions":[{"name":"delayTime","value":0},{"name":"transTime","value":24}],"hasOverlay":false,"logicalPanelsEnabled":true},{"version":"2.0","animName":"Hh","animType":"plugin","colorType":"HSB","palette":[{"hue":3,"saturation":81,"brightness":100,"probability":0.0},{"hue":135,"saturation":74,"brightness":78,"probability":0.0},{"hue":211,"saturation":100,"brightness":100,"probability":0.0}],"pluginType":"color","pluginUuid":"a2f3fcdc-dbe2-45cf-ac8b-2a9e5144ac24","rhythmFeatureSource":1,"pluginOptions":[{"name":"delayTime","value":8},{"name":"loop","value":true},{"name":"transTime","value":8}],"hasOverlay":false,"logicalPanelsEnabled":true},{"version":"2.0","animName":"Hip Hop","animType":"plugin","colorType":"HSB","palette":[{"hue":307,"saturation":100,"brightness":100,"probability":0.0},{"hue":291,"saturation":100,"brightness":100,"probability":0.0},{"hue":270,"saturation":100,"brightness":100,"probability":0.0},{"hue":248,"saturation":100,"brightness":100,"probability":0.0},{"hue":206,"saturation":100,"brightness":100,"probability":0.0}],"pluginType":"rhythm","pluginUuid":"5cec763a-6f32-45cf-a691-b81e176b6b4a","rhythmFeatureSource":1,"hasOverlay":false,"logicalPanelsEnabled":true},{"version":"2.0","animName":"Hot Sauce","animType":"plugin","colorType":"HSB","palette":[{"hue":0,"saturation":100,"brightness":89,"probability":0.0},{"hue":27,"saturation":100,"brightness":100,"probability":0.0}],"pluginType":"rhythm","pluginUuid":"60333927-cc36-4a5a-a682-9bd114de8bff","rhythmFeatureSource":1,"hasOverlay":false,"logicalPanelsEnabled":true},{"version":"2.0","animName":"Jungle","animType":"plugin","colorType":"HSB","palette":[{"hue":70,"saturation":25,"brightness":100,"probability":0.0},{"hue":104,"saturation":36,"brightness":69,"probability":0.0},{"hue":82,"saturation":66,"brightness":100,"probability":0.0},{"hue":90,"saturation":100,"brightness":33,"probability":0.0}],"pluginType":"color","pluginUuid":"ba632d3e-9c2b-4413-a965-510c839b3f71","rhythmFeatureSource":1,"pluginOptions":[{"name":"delayTime","value":0},{"name":"transTime","value":15}],"hasOverlay":false,"logicalPanelsEnabled":true},{"version":"2.0","animName":"Kk","animType":"static","animData":"2 44637 1 0 0 0 0 20 30927 1 254 0 0 0 20","palette":[{"hue":0,"saturation":0,"brightness":0,"probability":0.0},{"hue":0,"saturation":100,"brightness":100,"probability":0.0}],"colorType":"HSB","logicalPanelsEnabled":true},{"version":"2.0","animName":"Lightscape","animType":"plugin","colorType":"HSB","palette":[{"hue":158,"saturation":100,"brightness":100,"probability":0.0},{"hue":206,"saturation":100,"brightness":100,"probability":0.0},{"hue":273,"saturation":100,"brightness":100,"probability":0.0}],"pluginType":"color","pluginUuid":"027842e4-e1d6-4a4c-a731-be74a1ebd4cf","rhythmFeatureSource":1,"pluginOptions":[{"name":"delayTime","value":0},{"name":"linDirection","value":"up"},{"name":"loop","value":true},{"name":"transTime","value":24}],"hasOverlay":false,"logicalPanelsEnabled":true},{"version":"2.0","animName":"Morning Sky","animType":"plugin","colorType":"HSB","palette":[{"hue":193,"saturation":27,"brightness":94,"probability":0.0},{"hue":192,"saturation":9,"brightness":98,"probability":0.0},{"hue":0,"saturation":0,"brightness":100,"probability":0.0}],"pluginType":"color","pluginUuid":"713518c1-d560-47db-8991-de780af71d1e","rhythmFeatureSource":1,"pluginOptions":[{"name":"delayTime","value":0},{"name":"loop","value":true},{"name":"transTime","value":43}],"hasOverlay":false,"logicalPanelsEnabled":true},{"version":"2.0","animName":"Northern Lights","animType":"plugin","colorType":"HSB","palette":[{"hue":227,"saturation":100,"brightness":99,"probability":0.0},{"hue":182,"saturation":100,"brightness":100,"probability":0.0},{"hue":125,"saturation":100,"brightness":93,"probability":0.0},{"hue":62,"saturation":100,"brightness":100,"probability":0.0},{"hue":31,"saturation":100,"brightness":100,"probability":0.0},{"hue":2,"saturation":100,"brightness":100,"probability":0.0},{"hue":307,"saturation":100,"brightness":100,"probability":0.0}],"pluginType":"color","pluginUuid":"6970681a-20b5-4c5e-8813-bdaebc4ee4fa","rhythmFeatureSource":1,"pluginOptions":[{"name":"linDirection","value":"right"},{"name":"loop","value":true},{"name":"nColorsPerFrame","value":2},{"name":"transTime","value":20}],"hasOverlay":false,"logicalPanelsEnabled":true},{"version":"2.0","animName":"Pop Rocks","animType":"plugin","colorType":"HSB","palette":[{"hue":0,"saturation":0,"brightness":92,"probability":0.0},{"hue":186,"saturation":90,"brightness":94,"probability":0.0},{"hue":48,"saturation":77,"brightness":98,"probability":0.0},{"hue":180,"saturation":20,"brightness":94,"probability":0.0},{"hue":240,"saturation":100,"brightness":60,"probability":0.0}],"pluginType":"rhythm","pluginUuid":"bc6fe7e0-36d4-4f95-aa21-52a386daa9dc","rhythmFeatureSource":1,"hasOverlay":false,"logicalPanelsEnabled":true},{"version":"2.0","animName":"Prism","animType":"plugin","colorType":"HSB","palette":[{"hue":111,"saturation":96,"brightness":100,"probability":0.0},{"hue":58,"saturation":100,"brightness":98,"probability":0.0},{"hue":36,"saturation":96,"brightness":98,"probability":0.0},{"hue":295,"saturation":100,"brightness":98,"probability":0.0},{"hue":1,"saturation":96,"brightness":98,"probability":0.0},{"hue":222,"saturation":87,"brightness":98,"probability":0.0}],"pluginType":"rhythm","pluginUuid":"fa0ce428-ad3a-40a9-84e4-1c9316644852","rhythmFeatureSource":1,"hasOverlay":false,"logicalPanelsEnabled":true},{"version":"2.0","animName":"Starlight","animType":"plugin","colorType":"HSB","palette":[{"hue":224,"saturation":74,"brightness":56,"probability":0.0},{"hue":214,"saturation":53,"brightness":67,"probability":0.0},{"hue":57,"saturation":28,"brightness":81,"probability":0.0},{"hue":47,"saturation":84,"brightness":83,"probability":0.0}],"pluginType":"color","pluginUuid":"70b7c636-6bf8-491f-89c1-f4103508d642","rhythmFeatureSource":1,"pluginOptions":[{"name":"delayTime","value":15},{"name":"mainColorProb","value":79.99},{"name":"transTime","value":24}],"hasOverlay":false,"logicalPanelsEnabled":true},{"version":"2.0","animName":"Sundown","animType":"plugin","colorType":"HSB","palette":[{"hue":352,"saturation":95,"brightness":100,"probability":0.0},{"hue":30,"saturation":100,"brightness":100,"probability":0.0},{"hue":43,"saturation":83,"brightness":100,"probability":0.0}],"pluginType":"color","pluginUuid":"6970681a-20b5-4c5e-8813-bdaebc4ee4fa","rhythmFeatureSource":1,"pluginOptions":[{"name":"linDirection","value":"down"},{"name":"loop","value":true},{"name":"nColorsPerFrame","value":3},{"name":"transTime","value":24}],"hasOverlay":false,"logicalPanelsEnabled":true},{"version":"2.0","animName":"Vibrant Sunrise","animType":"plugin","colorType":"HSB","palette":[{"hue":254,"saturation":100,"brightness":34,"probability":0.0},{"hue":261,"saturation":100,"brightness":28,"probability":0.0},{"hue":6,"saturation":100,"brightness":40,"probability":0.0},{"hue"
[2026-07-20 12:05:02.403] :6,"saturation":100,"brightness":68,"probability":0.0},{"hue":14,"saturation":100,"brightness":79,"probability":0.0},{"hue":25,"saturation":100,"brightness":93,"probability":0.0},{"hue":34,"saturation":100,"brightness":100,"probability":0.0},{"hue":52,"saturation":100,"brightness":100,"probability":0.0},{"hue":0,"saturation":0,"brightness":100,"probability":0.0}],"pluginType":"color","pluginUuid":"027842e4-e1d6-4a4c-a731-be74a1ebd4cf","rhythmFeatureSource":1,"pluginOptions":[{"name":"delayTime","value":0},{"name":"linDirection","value":"right"},{"name":"loop","value":false},{"name":"transTime","value":24}],"hasOverlay":false,"logicalPanelsEnabled":true},{"version":"2.0","animName":"Waterfall","animType":"plugin","colorType":"HSB","palette":[{"hue":0,"saturation":0,"brightness":100,"probability":0.0},{"hue":166,"saturation":36,"brightness":100,"probability":0.0},{"hue":220,"saturation":49,"brightness":100,"probability":0.0}],"pluginType":"rhythm","pluginUuid":"23e70ff4-458c-4852-826f-9315d89ee6ed","rhythmFeatureSource":1,"hasOverlay":false,"logicalPanelsEnabled":true},{"version":"2.0","animName":"我的涂鸦","animType":"static","animData":"2 41127 1 254 148 0 0 20 44637 1 254 148 0 0 20","palette":[{"hue":35,"saturation":100,"brightness":100,"probability":0.0}],"colorType":"HSB","logicalPanelsEnabled":true}]}[0m
[2026-07-20 12:05:02.403] [0;32mI (258867382) NL_MQTT: PublishRespondData: len=13409, pushing to MQTT queue[0m
[2026-07-20 12:05:02.403] 
[2026-07-20 12:05:03.378] pTopic:switchlink/B0E9FEC6718C/link_to_nanoleaf_func_resp
[2026-07-20 12:05:03.378] pData:{"msgType":"respond","requestID":"bb086d53-f5c8-4b87-94d2-1e6872203175","deviceId":"880A64775B01","success":true,"errorCode":0,"errorMsg":"","endpoints":[{"endpoint":"ci","value":"{\"animations\":[{\"version\":\"2.0\",\"animName\":\"1\",\"animType\":\"static\",\"animData\":\"1 44637 1 52 198 89 0 20\",\"palette\":[{\"hue\":135,\"saturation\":74,\"brightness\":78,\"probability\":0.0}],\"colorType\":\"HSB\",\"logicalPanelsEnabled\":true},{\"version\":\"2.0\",\"animName\":\"123\",\"animType\":\"static\",\"animData\":\"2 41127 1 254 203 0 0 20 44637 1 52 198 89 0 20\",\"palette\":[{\"hue\":48,\"saturation\":100,\"brightness\":100,\"probability\":0.0},{\"hue\":135,\"saturation\":74,\"brightness\":78,\"probability\":0.0}],\"colorType\":\"HSB\",\"logicalPanelsEnabled\":true},{\"version\":\"2.0\",\"animName\":\"ABC\",\"animType\":\"plugin\",\"colorType\":\"HSB\",\"palette\":[{\"hue\":3,\"saturation\":81,\"brightness\":100,\"probability\":0.0},{\"hue\":135,\"saturation\":74,\"brightness\":78,\"probability\":0.0},{\"hue\":211,\"saturation\":100,\"brightness\":100,\"probability\":0.0}],\"pluginType\":\"color\",\"pluginUuid\":\"b3fd723a-aae8-4c99-bf2b-087159e0ef53\",\"rhythmFeatureSource\":1,\"pluginOptions\":[{\"name\":\"delayTime\",\"value\":0},{\"name\":\"loop\",\"value\":true},{\"name\":\"transTime\",\"value\":90}],\"hasOverlay\":false,\"logicalPanelsEnabled\":true},{\"version\":\"2.0\",\"animName\":\"Blaze\",\"animType\":\"plugin\",\"colorType\":\"HSB\",\"palette\":[{\"hue\":36,\"saturation\":92,\"brightness\":92,\"probability\":0.0},{\"hue\":28,\"saturation\":93,\"brightness\":74,\"probability\":0.0},{\"hue\":29,\"saturation\":93,\"brightness\":52,\"probability\":0.0}],\"pluginType\":\"color\",\"pluginUuid\":\"ba632d3e-9c2b-4413-a965-510c839b3f71\",\"rhythmFeatureSource\":1,\"pluginOptions\":[{\"name\":\"delayTime\",\"value\":0},{\"name\":\"transTime\",\"value\":20}],\"hasOverlay\":false,\"logicalPanelsEnabled\":true},{\"version\":\"2.0\",\"animName\":\"Cocoa Beach\",\"animType\":\"plugin\",\"colorType\":\"HSB\",\"palette\":[{\"hue\":192,\"saturation\":22,\"brightness\":73,\"probability\":0.0},{\"hue\":191,\"saturation\":20,\"brightness\":87,\"probability\":0.0},{\"hue\":0,\"saturation\":0,\"brightness\":100,\"probability\":0.0},{\"hue\":30,\"saturation\":53,\"brightness\":90,\"probability\":0.0},{\"hue\":25,\"saturation\":60,\"brightness\":61,\"probability\":0.0},{\"hue\":20,\"saturation\":52,\"brightness\":35,\"probability\":0.0}],\"pluginType\":\"color\",\"pluginUuid\":\"70b7c636-6bf8-491f-89c1-f4103508d642\",\"rhythmFeatureSource\":1,\"pluginOptions\":[{\"name\":\"delayTime\",\"value\":0},{\"name\":\"mainColorProb\",\"value\":20.989999344348904},{\"name\":\"transTime\",\"value\":24}],\"hasOverlay\":false,\"logicalPanelsEnabled\":true},{\"version\":\"2.0\",\"animName\":\"Cotton Candy\",\"animType\":\"plugin\",\"colorType\":\"HSB\",\"palette\":[{\"hue\":182,\"saturation\":17,\"brightness\":100,\"probability\":0.0},{\"hue\":187,\"saturation\":21,\"brightness\":89,\"probability\":0.0},{\"hue\":201,\"saturation\":64,\"brightness\":96,\"probability\":0.0},{\"hue\":18,\"saturation\":55,\"brightness\":95,\"probability\":0.0},{\"hue\":46,\"saturation\":33,\"brightness\":98,\"probability\":0.0}],\"pluginType\":\"rhythm\",\"pluginUuid\":\"30018343-7587-4152-8d97-1c349ccc3e68\",\"rhythmFeatureSource\":1,\"pluginOptions\":[{\"name\":\"transTime\",\"value\":24}],\"hasOverlay\":false,\"logicalPanelsEnabled\":true},{\"version\":\"2.0\",\"animName\":\"Date Night\",\"animType\":\"plugin\",\"colorType\":\"HSB\",\"palette\":[{\"hue\":10,\"saturation\":40,\"brightness\":98,\"probability\":0.0},{\"hue\":13,\"saturation\":12,\"brightness\":100,\"probability\":0.0},{\"hue\":348,\"saturation\":79,\"brightness\":54,\"probability\":0.0},{\"hue\":10,\"saturation\":56,\"brightness\":74,\"probability\":0.0}],\"pluginType\":\"color\",\"pluginUuid\":\"ba632d3e-9c2b-4413-a965-510c839b3f71\",\"rhythmFeatureSource\":1,\"pluginOptions\":[{\"name\":\"delayTime\",\"value\":0},{\"name\":\"transTime\",\"value\":24}],\"hasOverlay\":false,\"logicalPanelsEnabled\":true},{\"version\":\"2.0\",\"animName\":\"Hh\",\"animType\":\"plugin\",\"colorType\":\"HSB\",\"palette\":[{\"hue\":3,\"saturation\":81,\"brightness\":100,\"probability\":0.0},{\"hue\":135,\"saturation\":74,\"brightness\":78,\"probability\":0.0},{\"hue\":211,\"saturation\":100,\"brightness\":100,\"probability\":0.0}],\"pluginType\":\"color\",\"pluginUuid\":\"a2f3fcdc-dbe2-45cf-ac8b-2a9e5144ac24\",\"rhythmFeatureSource\":1,\"pluginOptions\":[{\"name\":\"delayTime\",\"value\":8},{\"name\":\"loop\",\"value\":true},{\"name\":\"transTime\",\"value\":8}],\"hasOverlay\":false,\"logicalPanelsEnabled\":true},{\"version\":\"2.0\",\"animName\":\"Hip Hop\",\"animType\":\"plugin\",\"colorType\":\"HSB\",\"palette\":[{\"hue\":307,\"saturation\":100,\"brightness\":100,\"probability\":0.0},{\"hue\":291,\"saturation\":100,\"brightness\":100,\"probability\":0.0},{\"hue\":270,\"saturation\":100,\"brightness\":100,\"probability\":0.0},{\"hue\":248,\"saturation\":100,\"brightness\":100,\"probability\":0.0},{\"hue\":206,\"saturation\":100,\"brightness\":100,\"probability\":0.0}],\"pluginType\":\"rhythm\",\"pluginUuid\":\"5cec763a-6f32-45cf-a691-b81e176b6b4a\",\"rhythmFeatureSource\":1,\"hasOverlay\":false,\"logicalPanelsEnabled\":true},{\"version\":\"2.0\",\"animName\":\"Hot Sauce\",\"animType\":\"plugin\",\"colorType\":\"HSB\",\"palette\":[{\"hue\":0,\"saturation\":100,\"brightness\":89,\"probability\":0.0},{\"hue\":27,\"saturation\":100,\"brightness\":100,\"probability\":0.0}],\"pluginType\":\"rhythm\",\"pluginUuid\":\"60333927-cc36-4a5a-a682-9bd114de8bff\",\"rhythmFeatureSource\":1,\"hasOverlay\":false,\"logicalPanelsEnabled\":true},{\"version\":\"2.0\",\"animName\":\"Jungle\",\"animType\":\"plugin\",\"colorType\":\"HSB\",\"palette\":[{\"hue\":70,\"saturation\":25,\"brightness\":100,\"probability\":0.0},{\"hue\":104,\"saturation\":36,\"brightness\":69,\"probability\":0.0},{\"hue\":82,\"saturation\":66,\"brightness\":100,\"probability\":0.0},{\"hue\":90,\"saturation\":100,\"brightness\":33,\"probability\":0.0}],\"pluginType\":\"color\",\"pluginUuid\":\"ba632d3e-9c2b-4413-a965-510c839b3f71\",\"rhythmFeatureSource\":1,\"pluginOptions\":[{\"name\":\"delayTime\",\"value\":0},{\"name\":\"transTime\",\"value\":15}],\"hasOverlay\":false,\"logicalPanelsEnabled\":true},{\"version\":\"2.0\",\"animName\":\"Kk\",\"animType\":\"static\",\"animData\":\"2 44637 1 0 0 0 0 20 30927 1 254 0 0 0 20\",\"palette\":[{\"hue\":0,\"saturation\":0,\"brightness\":0,\"probability\":0.0},{\"hue\":0,\"saturation\":100,\"brightness\":100,\"probability\":0.0}],\"colorType\":\"HSB\",\"logicalPanelsEnabled\":true},{\"version\":\"2.0\",\"animName\":\"Lightscape\",\"animType\":\"plugin\",\"colorType\":\"HSB\",\"palette\":[{\"hue\":158,\"saturation\":100,\"brightness\":100,\"probability\":0.0},{\"hue\":206,\"saturation\":100,\"brightness\":100,\"probability\":0.0},{\"hue\":273,\"saturation\":100,\"brightness\":100,\"probability\":0.0}],\"pluginType\":\"color\",\"pluginUuid\":\"027842e4-e1d6-4a4c-a731-be74a1ebd4cf\",\"rhythmFeatureSource\":1,\"pluginOptions\":[{\"name\":\"delayTime\",\"value\":0},{\"name\":\"linDirection\",\"value\":\"up\"},{\"name\":\"loop\",\"value\":true},{\"name\":\"transTime\",\"value\":24}],\"hasOverlay\":false,\"logicalPanelsEnabled\":true},{\"version\":\"2.0\",\"animName\":\"Morning Sky\",\"animType\":\"plugin\",\"colorType\":\"HSB\",\"palette\":[{\"hue\":193,\"saturation\":27,\"brightness\":94,\"probability\":0.0},{\"hue\":192,\"saturation\":9,\"brightness\":98,\"probability\":0.0},{\"hue\":0,\"saturation\":0,\"brightness\":100,\"probability\":0.0}],\"pluginType\":\"color\",\"pluginUuid\":\"713518c1-d560-47db-8991-de780af71d1e\",\"rhythmFeatureSource\":1,\"pluginOptions\":[{\"name\":\"delayTime\",\"value\":0},{\"name\":\"loop\",\"value\":true},{\"name\":\"transTime\",\"value\":43}],\"hasOverlay\":false,\"logicalPanelsEnabled\":true},{\"version\":\"2.0\",\"animName\":\"Northern Lights\",\"animType\":\"plugin\",\"colorType\":\"HSB\",\"palette\":[{\"hue\":227,\"saturation\":100,\"brightness\":99,\"probability\":0.0},{\"hue\":182,\"saturation\":100,\"brightness\":100,\"probability\":0.0},{\"hue\":125,\"saturation\":100,\"brightness\":93,\"probability\":0.0},{\"hue\":62,\"saturation\":100,\"brightness\":100,\"probability\":0.0},{\"hue\":31,\"saturation\":100,\"brightness\":100,\"probability\":0.0},{\"hue\":2,\"saturation\":100,\"brightness\":100,\"probability\":0.0},{\"hue\":307,\"saturation\":100,\"brightness\":100,\"probability\":0.0}],\"pluginType\":\"color\",\"pluginUuid\":\"6970681a-20b5-4c5e-8813-bdaebc4ee4fa\",\"rhythmFeatureSource\":1,\"pluginOptions\":[{\"name\":\"linDirection\",\"value\":\"right\"},{\"name\":\"loop\",\"value\":true},{\"name\":\"nColorsPerFrame\",\"value\":2},{\"name\":\"transTime\",\"value\":20}],\"hasOverlay\":false,\"logicalPanelsEnabled\":true},{\"version\":\"2.0\",\"animName\":\"Pop Rocks\",\"animType\":\"plugin\",\"colorType\":\"HSB\",\"palette\":[{\"hue\":0,\"saturation\":0,\"brightness\":92,\"probability\":0.0},{\"hue\":186,\"saturation\":90,\"brightness\":94,\"probability\":0.0},{\"hue\":48,\"saturation\":77,\"brightness\":98,\"probability\":0.0},{\"hue\":180,\"saturation\":20,\"brightness\":94,\"probability\":0.0},{\"hue\":240,\"saturation\":100,\"brightness\":60,\"probability\":0.0}],\"pluginType\":\"rhythm\",\"pluginUuid\":\"bc6fe7e0-36d4-4f95-aa21-52a386daa9dc\",\"rhythmFeatureSource\":1,\"hasOverlay\":false,\"logicalPanelsEnabled\":true},{\"version\":\"2.0\",\"animName\":\"Prism\",\"animType\":\"plugin\",\"colorType\":\"HSB\",\"palette\":[{\"hue\":111,\"saturation\":96,\"brightness\":100,\"probability\":0.0},{\"hue\":58,\"saturation\":100,\"brightness\":98,\"probability\":0.0},{\"hue\":36,\"saturation\":96,\"brightness\":98,\"probability\":0.0},{\"hue\":295,\"saturation\":100,\"brightness\":98,\"probability\":0.0},{\"hue\":1,\"saturation\":96,\"brightness\":98,\"probability\":0.0},{\"hue\":222,\"saturation\":87,\"brightness\":98,\"probability\":0.0}],\"pluginType\":\"rhythm\",\"pluginUuid\":\"fa0ce428-ad3a-40a9-84e4-1c9316644852\",\"rhythmFeatureSource\":1,\"hasOverlay\":false,\"logicalPanelsEnabled\":true},{\"version\":\"2.0\
[2026-07-20 12:05:03.672] ",\"animName\":\"Starlight\",\"animType\":\"plugin\",\"colorType\":\"HSB\",\"palette\":[{\"hue\":224,\"saturation\":74,\"brightness\":56,\"probability\":0.0},{\"hue\":214,\"saturation\":53,\"brightness\":67,\"probability\":0.0},{\"hue\":57,\"saturation\":28,\"brightness\":81,\"probability\":0.0},{\"hue\":47,\"saturation\":84,\"brightness\":83,\"probability\":0.0}],\"pluginType\":\"color\",\"pluginUuid\":\"70b7c636-6bf8-491f-89c1-f4103508d642\",\"rhythmFeatureSource\":1,\"pluginOptions\":[{\"name\":\"delayTime\",\"value\":15},{\"name\":\"mainColorProb\",\"value\":79.99},{\"name\":\"transTime\",\"value\":24}],\"hasOverlay\":false,\"logicalPanelsEnabled\":true},{\"version\":\"2.0\",\"animName\":\"Sundown\",\"animType\":\"plugin\",\"colorType\":\"HSB\",\"palette\":[{\"hue\":352,\"saturation\":95,\"brightness\":100,\"probability\":0.0},{\"hue\":30,\"saturation\":100,\"brightness\":100,\"probability\":0.0},{\"hue\":43,\"saturation\":83,\"brightness\":100,\"probability\":0.0}],\"pluginType\":\"color\",\"pluginUuid\":\"6970681a-20b5-4c5e-8813-bdaebc4ee4fa\",\"rhythmFeatureSource\":1,\"pluginOptions\":[{\"name\":\"linDirection\",\"value\":\"down\"},{\"name\":\"loop\",\"value\":true},{\"name\":\"nColorsPerFrame\",\"value\":3},{\"name\":\"transTime\",\"value\":24}],\"hasOverlay\":false,\"logicalPanelsEnabled\":true},{\"version\":\"2.0\",\"animName\":\"Vibrant Sunrise\",\"animType\":\"plugin\",\"colorType\":\"HSB\",\"palette\":[{\"hue\":254,\"saturation\":100,\"brightness\":34,\"probability\":0.0},{\"hue\":261,\"saturation\":100,\"brightness\":28,\"probability\":0.0},{\"hue\":6,\"saturation\":100,\"brightness\":40,\"probability\":0.0},{\"hue\":6,\"saturation\":100,\"brightness\":68,\"probability\":0.0},{\"hue\":14,\"saturation\":100,\"brightness\":79,\"probability\":0.0},{\"hue\":25,\"saturation\":100,\"brightness\":93,\"probability\":0.0},{\"hue\":34,\"saturation\":100,\"brightness\":100,\"probability\":0.0},{\"hue\":52,\"saturation\":100,\"brightness\":100,\"probability\":0.0},{\"hue\":0,\"saturation\":0,\"brightness\":100,\"probability\":0.0}],\"pluginType\":\"color\",\"pluginUuid\":\"027842e4-e1d6-4a4c-a731-be74a1ebd4cf\",\"rhythmFeatureSource\":1,\"pluginOptions\":[{\"name\":\"delayTime\",\"value\":0},{\"name\":\"linDirection\",\"value\":\"right\"},{\"name\":\"loop\",\"value\":false},{\"name\":\"transTime\",\"value\":24}],\"hasOverlay\":false,\"logicalPanelsEnabled\":true},{\"version\":\"2.0\",\"animName\":\"Waterfall\",\"animType\":\"plugin\",\"colorType\":\"HSB\",\"palette\":[{\"hue\":0,\"saturation\":0,\"brightness\":100,\"probability\":0.0},{\"hue\":166,\"saturation\":36,\"brightness\":100,\"probability\":0.0},{\"hue\":220,\"saturation\":49,\"brightness\":100,\"probability\":0.0}],\"pluginType\":\"rhythm\",\"pluginUuid\":\"23e70ff4-458c-4852-826f-9315d89ee6ed\",\"rhythmFeatureSource\":1,\"hasOverlay\":false,\"logicalPanelsEnabled\":true},{\"version\":\"2.0\",\"animName\":\"我的涂鸦\",\"animType\":\"static\",\"animData\":\"2 41127 1 254 148 0 0 20 44637 1 254 148 0 0 20\",\"palette\":[{\"hue\":35,\"saturation\":100,\"brightness\":100,\"probability\":0.0}],\"colorType\":\"HSB\",\"logicalPanelsEnabled\":true}]}"}]}
[2026-07-20 12:05:03.672] [0;32mI (258867684) NL_LTPDU: BatchGet 880A64775B01: 6 eps, rsp=118 bytes[0m
[2026-07-20 12:05:03.672] 
[2026-07-20 12:05:04.107] free heap: 6293120, minimum free heap: 6033104, Internal 8bit free heap: 72244, 8bit free heap: 6293120The current date/time is: Mon Jul 20 04:05:00 2026
[2026-07-20 12:05:04.107] 
[2026-07-20 12:05:04.107] 
[2026-07-20 12:05:05.364] [0;32mI (258870340) NL_LTPDU: BatchGet 3E0AE0494182: 6 eps, rsp=118 bytes[0m
[2026-07-20 12:05:05.364] 
[2026-07-20 12:05:05.799] [0;32mI (258870782) NL_LTPDU: BatchGet 6A76B95FD1DB: 6 eps, rsp=118 bytes[0m
[2026-07-20 12:05:05.799] 
[2026-07-20 12:05:06.016] [0;32mI (258870995) NL_LTPDU: BatchGet 85854B476379: 6 eps, rsp=118 bytes[0m
[2026-07-20 12:05:06.016] 
[2026-07-20 12:05:07.457] [0;32mI (258872429) NL_LTPDU: BatchGet 880A64775B01: 6 eps, rsp=118 bytes[0m
[2026-07-20 12:05:07.457] 
[2026-07-20 12:05:08.854] Nanoleaf MQTT payload: {"msgType":"control","requestID":"19de62d2-add1-47d6-b88c-43ae6bc08bb9","deviceId":"880A64775B01","endpoint":"effect/select","method":"POST","value":"我的涂鸦"}
[2026-07-20 12:05:08.854] 
[2026-07-20 12:05:08.948] [0;32mI (258873929) NL_LTPDU: SendCmd POST → 880A64775B01 ep=effect/select[0m
[2026-07-20 12:05:08.948] 
[2026-07-20 12:05:09.319] pTopic:switchlink/B0E9FEC6718C/link_to_nanoleaf_func_resp
[2026-07-20 12:05:09.319] pData:{"msgType":"respond","requestID":"19de62d2-add1-47d6-b88c-43ae6bc08bb9","deviceId":"880A64775B01","success":true,"errorCode":0,"errorMsg":""}
[2026-07-20 12:05:09.319] 
[2026-07-20 12:05:09.552] [0;32mI (258874522) NL_LTPDU: BatchGet 880A64775B01: 6 eps, rsp=123 bytes[0m
[2026-07-20 12:05:09.552] [0;32mI (258874522) TASK_NL: [1] Status changed: on=1 br=15 ct=2187 hu=0 sa=0 eff="我的涂鸦"[0m
[2026-07-20 12:05:09.552] 
[2026-07-20 12:05:09.752] pTopic:switchlink/B0E9FEC6718C/link_to_nanoleaf_property
[2026-07-20 12:05:09.752] pData:{"msgType":"status","deviceId":"880A64775B01","timestamp":1784520309,"endpoints":[{"endpoint":"lb/0/oo","value":true},{"endpoint":"lb/0/pb","value":15},{"endpoint":"lb/0/ct","value":2187},{"endpoint":"lb/0/hu","value":0},{"endpoint":"lb/0/sa","value":0},{"endpoint":"effect/select","value":"我的涂鸦"}]}
[2026-07-20 12:05:09.752] 
[2026-07-20 12:05:10.121] [0;32mI (258875096) NL_LTPDU: BatchGet 3E0AE0494182: 6 eps, rsp=118 bytes[0m
[2026-07-20 12:05:10.121] [0;32mI (258875109) NL_LTPDU: BatchGet 6A76B95FD1DB: 6 eps, rsp=118 bytes[0m
[2026-07-20 12:05:10.121] 
[2026-07-20 12:05:10.429] [0;32mI (258875400) NL_LTPDU: BatchGet 85854B476379: 6 eps, rsp=118 bytes[0m
[2026-07-20 12:05:10.429] 
[2026-07-20 12:05:10.582] uart: 11 AT+MOTION 1
[2026-07-20 12:05:10.582] 
[2026-07-20 12:05:10.582] 
[2026-07-20 12:05:10.582] btn on press
[2026-07-20 12:05:10.582] uart: 130 AT+BCDS ff04000206a5d9e72 0010B940B0E9FEC6718C48ca43a5b6dc0F09cb200a0897404c000000000000ff0cfb00000000000000000000000000000000ff06
[2026-07-20 12:05:10.582] 
[2026-07-20 12:05:10.582] 
[2026-07-20 12:05:10.582] 
[2026-07-20 12:05:10.769] pTopic:$aws/rules/bi_wifi_data_report/switchlink/B0E9FEC6718C/link_to_shadow
[2026-07-20 12:05:10.769] pData:BCD ff04000206a5d9e72 0010B940B0E9FEC6718C48ca43a5b6dc0F09cb200a0897404c000000000000ff0cfb00000000000000000000000000000000ff06
[2026-07-20 12:05:10.769] 
[2026-07-20 12:05:12.113] free heap: 6300352, minimum free heap: 6033104, Internal 8bit free heap: 72144, 8bit free heap: 6300352The current date/time is: Mon Jul 20 04:05:08 2026
[2026-07-20 12:05:12.113] 
[2026-07-20 12:05:12.113] 
[2026-07-20 12:05:14.687] [0;32mI (258879670) NL_LTPDU: BatchGet 880A64775B01: 6 eps, rsp=123 bytes[0m
[2026-07-20 12:05:14.687] 
[2026-07-20 12:05:15.240] [0;32mI (258880225) NL_LTPDU: BatchGet 3E0AE0494182: 6 eps, rsp=118 bytes[0m
[2026-07-20 12:05:15.240] 
[2026-07-20 12:05:15.428] [0;32mI (258880402) NL_LTPDU: BatchGet 6A76B95FD1DB: 6 eps, rsp=118 bytes[0m
[2026-07-20 12:05:15.428] 
[2026-07-20 12:05:15.719] [0;32mI (258880698) NL_LTPDU: BatchGet 85854B476379: 6 eps, rsp=118 bytes[0m
[2026-07-20 12:05:15.719] 
[2026-07-20 12:05:16.939] Nanoleaf MQTT payload: {"msgType":"control","requestID":"7f4b2c69-7012-4e77-b243-02bc7b4f2e8f","deviceId":"880A64775B01","endpoint":"ci","method":"POST","value":"{\"command\":\"requestBrightnessSensorConfig\"}"}
[2026-07-20 12:05:16.939] 
[2026-07-20 12:05:17.016] [0;32mI (258881999) NL_LTPDU: SendCmd POST → 880A64775B01 ep=ci[0m
[2026-07-20 12:05:17.016] 
[2026-07-20 12:05:17.294] [0;32mI (258882263) TASK_NL: [1] Cmd rsp(157): {"brightnessSensorConfig":{"enabled":true,"brightnessSensorMode":0,"userMaxBrightness":100,"userMinBrightness":15,"isCalibrated":true,"isCalibrating":false}}[0m
[2026-07-20 12:05:17.294] [0;32mI (258882270) NL_MQTT: PublishRespondData: len=355, pushing to MQTT queue[0m
[2026-07-20 12:05:17.294] 
[2026-07-20 12:05:17.447] pTopic:switchlink/B0E9FEC6718C/link_to_nanoleaf_func_resp
[2026-07-20 12:05:17.447] pData:{"msgType":"respond","requestID":"7f4b2c69-7012-4e77-b243-02bc7b4f2e8f","deviceId":"880A64775B01","success":true,"errorCode":0,"errorMsg":"","endpoints":[{"endpoint":"ci","value":"{\"brightnessSensorConfig\":{\"enabled\":true,\"brightnessSensorMode\":0,\"userMaxBrightness\":100,\"userMinBrightness\":15,\"isCalibrated\":true,\"isCalibrating\":false}}"}]}
[2026-07-20 12:05:17.447] 
[2026-07-20 12:05:17.510] [0;32mI (258882488) NL_LTPDU: BatchGet 880A64775B01: 6 eps, rsp=123 bytes[0m
[2026-07-20 12:05:17.510] 
[2026-07-20 12:05:20.174] free heap: 6300184, minimum free heap: 6033104, Internal 8bit free heap: 71976, 8bit free heap: 6300184The current date/time is: Mon Jul 20 04:05:16 2026
[2026-07-20 12:05:20.174] 
[2026-07-20 12:05:20.174] 
[2026-07-20 12:05:20.547] [0;32mI (258885524) NL_LTPDU: BatchGet 3E0AE0494182: 6 eps, rsp=118 bytes[0m
[2026-07-20 12:05:20.547] 
[2026-07-20 12:05:20.592] [0;32mI (258885560) NL_LTPDU: BatchGet 6A76B95FD1DB: 6 eps, rsp=118 bytes[0m
[2026-07-20 12:05:20.592] 
[2026-07-20 12:05:20.716] [0;32mI (258885696) NL_LTPDU: BatchGet 85854B476379: 6 eps, rsp=118 bytes[0m
[2026-07-20 12:05:20.716] 
[2026-07-20 12:05:20.825] Nanoleaf MQTT payload: {"msgType":"control","requestID":"d8a0e004-88a9-48cf-a6f6-f5b280c15fa6","deviceId":"880A64775B01","endpoint":"ci","method":"POST","value":"{\"command\":\"requestTouchConfig\"}"}
[2026-07-20 12:05:20.825] 
[2026-07-20 12:05:20.919] [0;32mI (258885896) NL_LTPDU: SendCmd POST → 880A64775B01 ep=ci[0m
[2026-07-20 12:05:20.919] 
[2026-07-20 12:05:21.106] [0;32mI (258886006) TASK_NL: [1] Cmd rsp(598): {"touchConfig":{"supportedFeatures":{"systemGestures":["dt","su","sd","sl","sr"],"systemActions":["pwr","bu","bd","ncs","nrs","nrdms","pcs","prs"]},"defaultSystemConfig":{"gestureActions":[{"gesture":"dt","action":null},{"gesture":"su","action":null},{"gesture":"sd","action":null},{"gesture":"sl","action":null},{"gesture":"sr","action":null}]},"userSystemConfig":{"enabled":true,"gestureActions":[{"gesture":"dt","action":null},{"gesture":"su","action":"pwr"},{"gesture":"sd","action":"bu"},{"gesture":"sl","action":"bd"},{"gesture":"sr","action":"ncs"}],"subscribers":[]},"userPanelConfigs":[]}}[0m
[2026-07-20 12:05:21.106] Nanoleaf MQTT payload: {"msgType":"control","requestID":"1879e669-7937-4719-a595-db1f10a795e0","deviceId":"880A64775B01","endpoint":"ci","method":"POST","value":"{\"command\":\"getTouchKillSwitch\"}"}
[2026-07-20 12:05:21.106] [0;32mI (258886052) NL_MQTT: PublishRespondData: len=898, pushing to MQTT queue[0m
[2026-07-20 12:05:21.106] [0;32mI (258886077) NL_LTPDU: SendCmd POST → 880A64775B01 ep=ci[0m
[2026-07-20 12:05:21.106] 
[2026-07-20 12:05:21.168] [0;32mI (258886150) TASK_NL: [1] Cmd rsp(27): {"touchKillSwitchOn":false}[0m
[2026-07-20 12:05:21.168] [0;32mI (258886150) NL_MQTT: PublishRespondData: len=213, pushing to MQTT queue[0m
[2026-07-20 12:05:21.168] 
[2026-07-20 12:05:21.398] pTopic:switchlink/B0E9FEC6718C/link_to_nanoleaf_func_resp
[2026-07-20 12:05:21.398] pData:{"msgType":"respond","requestID":"d8a0e004-88a9-48cf-a6f6-f5b280c15fa6","deviceId":"880A64775B01","success":true,"errorCode":0,"errorMsg":"","endpoints":[{"endpoint":"ci","value":"{\"touchConfig\":{\"supportedFeatures\":{\"systemGestures\":[\"dt\",\"su\",\"sd\",\"sl\",\"sr\"],\"systemActions\":[\"pwr\",\"bu\",\"bd\",\"ncs\",\"nrs\",\"nrdms\",\"pcs\",\"prs\"]},\"defaultSystemConfig\":{\"gestureActions\":[{\"gesture\":\"dt\",\"action\":null},{\"gesture\":\"su\",\"action\":null},{\"gesture\":\"sd\",\"action\":null},{\"gesture\":\"sl\",\"action\":null},{\"gesture\":\"sr\",\"action\":null}]},\"userSystemConfig\":{\"enabled\":true,\"gestureActions\":[{\"gesture\":\"dt\",\"action\":null},{\"gesture\":\"su\",\"action\":\"pwr\"},{\"gesture\":\"sd\",\"action\":\"bu\"},{\"gesture\":\"sl\",\"action\":\"bd\"},{\"gesture\":\"sr\",\"action\":\"ncs\"}],\"subscribers\":[]},\"userPanelConfigs\":[]}}"}]}
[2026-07-20 12:05:21.398] pTopic:switchlink/B0E9FEC6718C/link_to_nanoleaf_func_resp
[2026-07-20 12:05:21.398] pData:{"msgType":"respond","requestID":"1879e669-7937-4719-a595-db1f10a795e0","deviceId":"880A64775B01","success":true,"errorCode":0,"errorMsg":"","endpoints":[{"endpoint":"ci","value":"{\"touchKillSwitchOn\":false}"}]}
[2026-07-20 12:05:21.398] [0;32mI (258886366) NL_LTPDU: BatchGet 880A64775B01: 6 eps, rsp=123 bytes[0m
[2026-07-20 12:05:21.398] 
[2026-07-20 12:05:24.279] uart: 19 AT+TEMPHUMI +238 62
[2026-07-20 12:05:24.279] 
[2026-07-20 12:05:24.279] 
[2026-07-20 12:05:24.279] temp_ep:65535,temp_data:2380 humi_ep:65535,humi_data:6200
[2026-07-20 12:05:24.279] 
[2026-07-20 12:05:24.279] 
[2026-07-20 12:05:25.581] [0;32mI (258890562) NL_LTPDU: BatchGet 3E0AE0494182: 6 eps, rsp=118 bytes[0m
[2026-07-20 12:05:25.581] 
[2026-07-20 12:05:25.829] [0;32mI (258890812) NL_LTPDU: BatchGet 6A76B95FD1DB: 6 eps, rsp=118 bytes[0m
[2026-07-20 12:05:25.829] 
[2026-07-20 12:05:25.998] [0;32mI (258890976) NL_LTPDU: BatchGet 85854B476379: 6 eps, rsp=118 bytes[0m
[2026-07-20 12:05:25.998] 
[2026-07-20 12:05:26.217] [0;32mI (258891192) NL_LTPDU: BatchGet 880A64775B01: 6 eps, rsp=123 bytes[0m
[2026-07-20 12:05:26.217] 
[2026-07-20 12:05:28.170] free heap: 6300372, minimum free heap: 6033104, Internal 8bit free heap: 72144, 8bit free heap: 6300372The current date/time is: Mon Jul 20 04:05:24 2026
[2026-07-20 12:05:28.170] 
[2026-07-20 12:05:28.170] 
[2026-07-20 12:05:30.291] [0;32mI (258895275) NL_LTPDU: BatchGet 3E0AE0494182: 6 eps, rsp=118 bytes[0m
[2026-07-20 12:05:30.291] 
[2026-07-20 12:05:31.379] [0;32mI (258896366) NL_LTPDU: BatchGet 6A76B95FD1DB: 6 eps, rsp=118 bytes[0m
[2026-07-20 12:05:31.379] 
[2026-07-20 12:05:31.710] [0;32mI (258896680) NL_LTPDU: BatchGet 85854B476379: 6 eps, rsp=118 bytes[0m
[2026-07-20 12:05:31.710] 
[2026-07-20 12:05:32.208] [0;32mI (258896919) NL_LTPDU: BatchGet 880A64775B01: 6 eps, rsp=123 bytes[0m
[2026-07-20 12:05:32.208] 
[2026-07-20 12:05:35.562] [0;32mI (258900538) NL_LTPDU: BatchGet 3E0AE0494182: 6 eps, rsp=118 bytes[0m
[2026-07-20 12:05:35.562] 
[2026-07-20 12:05:35.609] [0;32mI (258900586) NL_LTPDU: BatchGet 6A76B95FD1DB: 6 eps, rsp=118 bytes[0m
[2026-07-20 12:05:35.609] 
[2026-07-20 12:05:35.795] [0;32mI (258900776) NL_LTPDU: BatchGet 85854B476379: 6 eps, rsp=118 bytes[0m
[2026-07-20 12:05:35.795] 
[2026-07-20 12:05:36.182] free heap: 6300212, minimum free heap: 6033104, Internal 8bit free heap: 72012, 8bit free heap: 6300212The current date/time is: Mon Jul 20 04:05:32 2026
[2026-07-20 12:05:36.182] 
[2026-07-20 12:05:36.182] 
[2026-07-20 12:05:37.267] [0;32mI (258902251) NL_LTPDU: BatchGet 880A64775B01: 6 eps, rsp=123 bytes[0m
[2026-07-20 12:05:37.267] 
[2026-07-20 12:05:40.725] [0;32mI (258905681) NL_LTPDU: BatchGet 3E0AE0494182: 6 eps, rsp=118 bytes[0m
[2026-07-20 12:05:40.725] [0;32mI (258905714) NL_LTPDU: BatchGet 6A76B95FD1DB: 6 eps, rsp=118 bytes[0m
[2026-07-20 12:05:40.725] 
[2026-07-20 12:05:41.036] [0;32mI (258906019) NL_LTPDU: BatchGet 85854B476379: 6 eps, rsp=118 bytes[0m
[2026-07-20 12:05:41.036] 
[2026-07-20 12:05:41.985] [0;32mI (258906958) NL_LTPDU: BatchGet 880A64775B01: 6 eps, rsp=123 bytes[0m
[2026-07-20 12:05:41.985] 
[2026-07-20 12:05:44.016] uart: 9 AT+STATUS
[2026-07-20 12:05:44.016] 
[2026-07-20 12:05:44.016] 
[2026-07-20 12:05:44.016] wifi status is 5 1 2
[2026-07-20 12:05:44.016] 
[2026-07-20 12:05:44.016] wifi ipv4 info:
[2026-07-20 12:05:44.016] 
[2026-07-20 12:05:44.016] 192.168.50.200.
[2026-07-20 12:05:44.016] 
[2026-07-20 12:05:44.016] 255.255.255.0.
[2026-07-20 12:05:44.016] 
[2026-07-20 12:05:44.016] 192.168.50.1.
[2026-07-20 12:05:44.016] 
[2026-07-20 12:05:44.016] 
[2026-07-20 12:05:44.125] uart: 10 AT+GET_UTC
[2026-07-20 12:05:44.125] 
[2026-07-20 12:05:44.125] 
[2026-07-20 12:05:44.125] utc 3, 6a
[2026-07-20 12:05:44.125] 
[2026-07-20 12:05:44.125] utc 2, 5d
[2026-07-20 12:05:44.125] 
[2026-07-20 12:05:44.125] utc 1, 9e
[2026-07-20 12:05:44.125] 
[2026-07-20 12:05:44.125] utc 0, 93
[2026-07-20 12:05:44.125] 
[2026-07-20 12:05:44.125] UTC : 6a5d9e93
[2026-07-20 12:05:44.125] 
[2026-07-20 12:05:44.125] 
[2026-07-20 12:05:44.201] free heap: 6300240, minimum free heap: 6033104, Internal 8bit free heap: 72012, 8bit free heap: 6300240The current date/time is: Mon Jul 20 04:05:40 2026
[2026-07-20 12:05:44.201] 
[2026-07-20 12:05:44.201] 
[2026-07-20 12:05:45.607] [0;32mI (258910582) NL_LTPDU: BatchGet 3E0AE0494182: 6 eps, rsp=118 bytes[0m
[2026-07-20 12:05:45.607] 
[2026-07-20 12:05:45.855] [0;32mI (258910830) NL_LTPDU: BatchGet 6A76B95FD1DB: 6 eps, rsp=118 bytes[0m
[2026-07-20 12:05:45.855] 
[2026-07-20 12:05:45.964] [0;32mI (258910949) NL_LTPDU: BatchGet 85854B476379: 6 eps, rsp=118 bytes[0m
[2026-07-20 12:05:45.964] 
[2026-07-20 12:05:46.815] Nanoleaf MQTT payload: {"msgType":"control","requestID":"7deb1d94-df20-429d-a79f-9cf5f694e690","deviceId":"880A64775B01","endpoint":"layout/go","method":"GET","value":""}
[2026-07-20 12:05:46.815] 
[2026-07-20 12:05:46.893] [0;32mI (258911850) NL_LTPDU: SendCmd POST → 880A64775B01 ep=layout/go[0m
[2026-07-20 12:05:46.893] [0;32mI (258911876) TASK_NL: [1] Cmd rsp(2): [0m
[2026-07-20 12:05:46.893] [0;32mI (258911877) NL_MQTT: PublishRespondData: len=194, pushing to MQTT queue[0m
[2026-07-20 12:05:46.893] 
[2026-07-20 12:05:47.048] pTopic:switchlink/B0E9FEC6718C/link_to_nanoleaf_func_resp
[2026-07-20 12:05:47.048] pData:{"msgType":"respond","requestID":"7deb1d94-df20-429d-a79f-9cf5f694e690","deviceId":"880A64775B01","success":true,"errorCode":0,"errorMsg":"","endpoints":[{"endpoint":"layout/go","value":"167"}]}
[2026-07-20 12:05:47.048] 
[2026-07-20 12:05:47.094] [0;32mI (258912072) NL_LTPDU: BatchGet 880A64775B01: 6 eps, rsp=123 bytes[0m
[2026-07-20 12:05:47.094] 
[2026-07-20 12:05:49.146] Nanoleaf MQTT payload: {"msgType":"control","requestID":"717ecd76-77b3-4562-bec8-fe63d8051c2e","deviceId":"880A64775B01","endpoint":"layout/pd","method":"GET","value":""}
[2026-07-20 12:05:49.146] 
[2026-07-20 12:05:49.193] [0;32mI (258914172) NL_LTPDU: SendCmd POST → 880A64775B01 ep=layout/pd[0m
[2026-07-20 12:05:49.193] 
[2026-07-20 12:05:49.426] [0;32mI (258914399) TASK_NL: [1] Cmd rsp(121): {"layoutData":"AQACAAQCAAIAQwMANK5dAAAAagAAAHQAAAegpwAAAGoAAAAAAAAHAAAAAAAAAAAAVAB4DQAAAAAApQAAAFIA8Aw=","version":"2.0"}[0m
[2026-07-20 12:05:49.426] [0;32mI (258914403) NL_MQTT: PublishRespondData: len=320, pushing to MQTT queue[0m
[2026-07-20 12:05:49.426] 
[2026-07-20 12:05:49.489] pTopic:switchlink/B0E9FEC6718C/link_to_nanoleaf_func_resp
[2026-07-20 12:05:49.489] pData:{"msgType":"respond","requestID":"717ecd76-77b3-4562-bec8-fe63d8051c2e","deviceId":"880A64775B01","success":true,"errorCode":0,"errorMsg":"","endpoints":[{"endpoint":"layout/pd","value":"{\"layoutData\":\"AQACAAQCAAIAQwMANK5dAAAAagAAAHQAAAegpwAAAGoAAAAAAAAHAAAAAAAAAAAAVAB4DQAAAAAApQAAAFIA8Aw=\",\"version\":\"2.0\"}"}]}
[2026-07-20 12:05:49.489] 
[2026-07-20 12:05:49.691] [0;32mI (258914675) NL_LTPDU: BatchGet 880A64775B01: 6 eps, rsp=123 bytes[0m
[2026-07-20 12:05:49.691] 
[2026-07-20 12:05:50.511] [0;32mI (258915492) ROUTE_HOOK: Received RIO[0m
[2026-07-20 12:05:50.511] [0;32mI (258915492) ROUTE_HOOK: prefix FDEA:C98F:38B2:1:: lifetime 1800[0m
[2026-07-20 12:05:50.511] 
[2026-07-20 12:05:50.620] [0;32mI (258915601) NL_LTPDU: BatchGet 3E0AE0494182: 6 eps, rsp=118 bytes[0m
[2026-07-20 12:05:50.620] 
[2026-07-20 12:05:50.681] [0;32mI (258915665) NL_LTPDU: BatchGet 6A76B95FD1DB: 6 eps, rsp=118 bytes[0m
[2026-07-20 12:05:50.681] 
[2026-07-20 12:05:50.772] [0;32mI (258915745) NL_LTPDU: BatchGet 85854B476379: 6 eps, rsp=118 bytes[0m
[2026-07-20 12:05:50.772] 
[2026-07-20 12:05:52.216] free heap: 6300312, minimum free heap: 6033104, Internal 8bit free heap: 72108, 8bit free heap: 6300312The current date/time is: Mon Jul 20 04:05:48 2026
[2026-07-20 12:05:52.216] 
[2026-07-20 12:05:52.216] 
[2026-07-20 12:05:54.387] [0;32mI (258919373) ROUTE_HOOK: Received RIO[0m
[2026-07-20 12:05:54.387] [0;32mI (258919373) ROUTE_HOOK: prefix FDEA:C98F:38B2:1:: lifetime 1800[0m
[2026-07-20 12:05:54.387] 
[2026-07-20 12:05:54.868] [0;32mI (258919844) NL_LTPDU: BatchGet 880A64775B01: 6 eps, rsp=123 bytes[0m
[2026-07-20 12:05:54.868] 
[2026-07-20 12:05:55.908] [0;32mI (258920879) NL_LTPDU: BatchGet 3E0AE0494182: 6 eps, rsp=118 bytes[0m
[2026-07-20 12:05:55.908] Nanoleaf MQTT payload: {"msgType":"control","requestID":"7dbce4a6-7b82-4b8b-8062-a87c8e129ad5","deviceId":"880A64775B01","endpoint":"layout/go","method":"POST","value":"178"}
[2026-07-20 12:05:55.908] 
[2026-07-20 12:05:57.165] [0;32mI (258922153) NL_LTPDU: BatchGet 6A76B95FD1DB: 6 eps, rsp=118 bytes[0m
[2026-07-20 12:05:57.165] 
[2026-07-20 12:05:57.242] [0;32mI (258922215) NL_LTPDU: BatchGet 85854B476379: 6 eps, rsp=118 bytes[0m
[2026-07-20 12:05:57.242] 
[2026-07-20 12:05:57.334] [0;32mI (258922315) NL_LTPDU: SendCmd POST → 880A64775B01 ep=layout/go[0m
[2026-07-20 12:05:57.334] 
[2026-07-20 12:05:57.782] pTopic:switchlink/B0E9FEC6718C/link_to_nanoleaf_func_resp
[2026-07-20 12:05:57.782] pData:{"msgType":"respond","requestID":"7dbce4a6-7b82-4b8b-8062-a87c8e129ad5","deviceId":"880A64775B01","success":true,"errorCode":0,"errorMsg":""}
[2026-07-20 12:05:57.782] 
[2026-07-20 12:05:58.109] [0;32mI (258923095) NL_LTPDU: BatchGet 880A64775B01: 6 eps, rsp=123 bytes[0m
[2026-07-20 12:05:58.109] 
[2026-07-20 12:05:58.591] [0;32mI (258923563) ROUTE_HOOK: Received RIO[0m
[2026-07-20 12:05:58.591] [0;32mI (258923564) ROUTE_HOOK: prefix FDEA:C98F:38B2:1:: lifetime 1800[0m
[2026-07-20 12:05:58.591] 
[2026-07-20 12:06:00.249] free heap: 6300216, minimum free heap: 6033104, Internal 8bit free heap: 72012, 8bit free heap: 6300216The current date/time is: Mon Jul 20 04:05:56 2026
[2026-07-20 12:06:00.249] 
[2026-07-20 12:06:00.249] 
[2026-07-20 12:06:00.607] [0;32mI (258925574) NL_LTPDU: BatchGet 3E0AE0494182: 6 eps, rsp=118 bytes[0m
[2026-07-20 12:06:00.607] [0;32mI (258925590) NL_LTPDU: BatchGet 6A76B95FD1DB: 6 eps, rsp=118 bytes[0m
[2026-07-20 12:06:00.607] 
[2026-07-20 12:06:00.777] [0;32mI (258925759) NL_LTPDU: BatchGet 85854B476379: 6 eps, rsp=118 bytes[0m
[2026-07-20 12:06:00.777] 
[2026-07-20 12:06:03.022] [0;32mI (258928007) NL_LTPDU: BatchGet 880A64775B01: 6 eps, rsp=123 bytes[0m
[2026-07-20 12:06:03.022] 
[2026-07-20 12:06:04.265] Nanoleaf MQTT payload: {"msgType":"control","requestID":"e0cca620-0982-4f67-8102-ce2670847bec","deviceId":"880A64775B01","endpoint":"layout/go","method":"POST","value":"359"}
[2026-07-20 12:06:04.265] 
[2026-07-20 12:06:04.327] [0;32mI (258929307) NL_LTPDU: SendCmd POST → 880A64775B01 ep=layout/go[0m
[2026-07-20 12:06:04.327] 
[2026-07-20 12:06:04.745] [0;32mI (258929729) NL_LTPDU: BatchGet 880A64775B01: 6 eps, rsp=123 bytes[0m
[2026-07-20 12:06:04.745] 
[2026-07-20 12:06:04.854] pTopic:switchlink/B0E9FEC6718C/link_to_nanoleaf_func_resp
[2026-07-20 12:06:04.854] pData:{"msgType":"respond","requestID":"e0cca620-0982-4f67-8102-ce2670847bec","deviceId":"880A64775B01","success":true,"errorCode":0,"errorMsg":""}
[2026-07-20 12:06:04.854] 
[2026-07-20 12:06:05.969] [0;32mI (258930953) NL_LTPDU: BatchGet 3E0AE0494182: 6 eps, rsp=118 bytes[0m
[2026-07-20 12:06:05.969] 
[2026-07-20 12:06:06.124] [0;32mI (258931110) NL_LTPDU: BatchGet 6A76B95FD1DB: 6 eps, rsp=118 bytes[0m
[2026-07-20 12:06:06.124] 
[2026-07-20 12:06:06.279] [0;32mI (258931258) NL_LTPDU: BatchGet 85854B476379: 6 eps, rsp=118 bytes[0m
[2026-07-20 12:06:06.279] 
[2026-07-20 12:06:08.247] free heap: 6300228, minimum free heap: 6033104, Internal 8bit free heap: 72012, 8bit free heap: 6300228The current date/time is: Mon Jul 20 04:06:04 2026
[2026-07-20 12:06:08.247] 
[2026-07-20 12:06:08.247] 
[2026-07-20 12:06:09.830] [0;32mI (258934814) NL_LTPDU: BatchGet 880A64775B01: 6 eps, rsp=123 bytes[0m
[2026-07-20 12:06:09.830] 
[2026-07-20 12:06:10.748] [0;32mI (258935724) NL_LTPDU: BatchGet 3E0AE0494182: 6 eps, rsp=118 bytes[0m
[2026-07-20 12:06:10.748] 
[2026-07-20 12:06:10.841] [0;32mI (258935826) NL_LTPDU: BatchGet 6A76B95FD1DB: 6 eps, rsp=118 bytes[0m
[2026-07-20 12:06:10.841] 
[2026-07-20 12:06:11.043] [0;32mI (258936031) NL_LTPDU: BatchGet 85854B476379: 6 eps, rsp=118 bytes[0m
[2026-07-20 12:06:11.043] 
[2026-07-20 12:06:14.152] uart: 11 AT+MOTION 0
[2026-07-20 12:06:14.152] 
[2026-07-20 12:06:14.152] 
[2026-07-20 12:06:14.152] btn on press
[2026-07-20 12:06:14.152] uart: 130 AT+BCDS ff04000206a5d9eb1 0010B940B0E9FEC6718C48ca43a5b6dc0F09cc000a08973e4c000000000000ff0cfe00000000000000000000000000000000ff06
[2026-07-20 12:06:14.152] 
[2026-07-20 12:06:14.152] 
[2026-07-20 12:06:14.152] 
[2026-07-20 12:06:14.353] pTopic:$aws/rules/bi_wifi_data_report/switchlink/B0E9FEC6718C/link_to_shadow
[2026-07-20 12:06:14.353] pData:BCD ff04000206a5d9eb1 0010B940B0E9FEC6718C48ca43a5b6dc0F09cc000a08973e4c000000000000ff0cfe00000000000000000000000000000000ff06
[2026-07-20 12:06:14.353] 
[2026-07-20 12:06:15.021] [0;32mI (258939998) NL_LTPDU: BatchGet 880A64775B01: 6 eps, rsp=123 bytes[0m
[2026-07-20 12:06:15.021] 
[2026-07-20 12:06:15.918] [0;32mI (258940905) NL_LTPDU: BatchGet 3E0AE0494182: 6 eps, rsp=118 bytes[0m
[2026-07-20 12:06:15.918] 
[2026-07-20 12:06:15.964] [0;32mI (258940948) NL_LTPDU: BatchGet 6A76B95FD1DB: 6 eps, rsp=118 bytes[0m
[2026-07-20 12:06:15.964] 
[2026-07-20 12:06:16.215] [0;32mI (258941193) NL_LTPDU: BatchGet 85854B476379: 6 eps, rsp=118 bytes[0m
[2026-07-20 12:06:16.215] 
[2026-07-20 12:06:16.262] free heap: 6300324, minimum free heap: 6033104, Internal 8bit free heap: 72108, 8bit free heap: 6300324The current date/time is: Mon Jul 20 04:06:12 2026
[2026-07-20 12:06:16.262] 
[2026-07-20 12:06:16.262] 
[2026-07-20 12:06:20.407] [0;32mI (258945394) NL_LTPDU: BatchGet 880A64775B01: 6 eps, rsp=123 bytes[0m
[2026-07-20 12:06:20.407] 
[2026-07-20 12:06:21.103] [0;32mI (258946055) NL_LTPDU: BatchGet 3E0AE0494182: 6 eps, rsp=118 bytes[0m
[2026-07-20 12:06:21.103] uart: 11 AT+MOTION 1
[2026-07-20 12:06:21.103] 
[2026-07-20 12:06:21.103] 
[2026-07-20 12:06:21.103] btn on press
[2026-07-20 12:06:21.103] uart: 130 AT+BCDS ff04000206a5d9eb7 0010B940B0E9FEC6718C48ca43a5b6dc0F09cd200a08973e4c000000000000ff0cfc00000000000000000000000000000000ff06
[2026-07-20 12:06:21.103] 
[2026-07-20 12:06:21.103] 
[2026-07-20 12:06:21.103] 
[2026-07-20 12:06:21.225] pTopic:$aws/rules/bi_wifi_data_report/switchlink/B0E9FEC6718C/link_to_shadow
[2026-07-20 12:06:21.225] pData:BCD ff04000206a5d9eb7 0010B940B0E9FEC6718C48ca43a5b6dc0F09cd200a08973e4c000000000000ff0cfc00000000000000000000000000000000ff06
[2026-07-20 12:06:21.225] [0;32mI (258946217) NL_LTPDU: BatchGet 6A76B95FD1DB: 6 eps, rsp=118 bytes[0m
[2026-07-20 12:06:21.225] 
[2026-07-20 12:06:21.459] [0;32mI (258946438) NL_LTPDU: BatchGet 85854B476379: 6 eps, rsp=118 bytes[0m
[2026-07-20 12:06:21.459] 
[2026-07-20 12:06:21.954] Nanoleaf MQTT payload: {"msgType":"control","requestID":"9637611d-6418-46d7-9e9d-cd91d73a3f23","deviceId":"880A64775B01","endpoint":"lb/0/pb","method":"POST","value":47}
[2026-07-20 12:06:21.954] [0;32mI (258946939) NL_LTPDU: SendCmd POST → 880A64775B01 ep=lb/0/pb[0m
[2026-07-20 12:06:21.954] 
[2026-07-20 12:06:22.435] pTopic:switchlink/B0E9FEC6718C/link_to_nanoleaf_func_resp
[2026-07-20 12:06:22.435] pData:{"msgType":"respond","requestID":"9637611d-6418-46d7-9e9d-cd91d73a3f23","deviceId":"880A64775B01","success":true,"errorCode":0,"errorMsg":""}
[2026-07-20 12:06:22.435] 
[2026-07-20 12:06:23.787] [0;32mI (258948760) NL_LTPDU: BatchGet 880A64775B01: 6 eps, rsp=123 bytes[0m
[2026-07-20 12:06:23.787] [0;32mI (258948760) TASK_NL: [1] Status changed: on=1 br=47 ct=2187 hu=0 sa=0 eff="我的涂鸦"[0m
[2026-07-20 12:06:23.787] 
[2026-07-20 12:06:23.881] pTopic:switchlink/B0E9FEC6718C/link_to_nanoleaf_property
[2026-07-20 12:06:23.881] pData:{"msgType":"status","deviceId":"880A64775B01","timestamp":1784520383,"endpoints":[{"endpoint":"lb/0/oo","value":true},{"endpoint":"lb/0/pb","value":47},{"endpoint":"lb/0/ct","value":2187},{"endpoint":"lb/0/hu","value":0},{"endpoint":"lb/0/sa","value":0},{"endpoint":"effect/select","value":"我的涂鸦"}]}
[2026-07-20 12:06:23.881] 
[2026-07-20 12:06:24.255] free heap: 6300228, minimum free heap: 6033104, Internal 8bit free heap: 72012, 8bit free heap: 6300228The current date/time is: Mon Jul 20 04:06:20 2026
[2026-07-20 12:06:24.255] 
[2026-07-20 12:06:24.255] 
[2026-07-20 12:06:26.356] [0;32mI (258951340) NL_LTPDU: BatchGet 3E0AE0494182: 6 eps, rsp=118 bytes[0m
[2026-07-20 12:06:26.356] 
[2026-07-20 12:06:26.668] [0;32mI (258951641) NL_LTPDU: BatchGet 6A76B95FD1DB: 6 eps, rsp=118 bytes[0m
[2026-07-20 12:06:26.668] 
[2026-07-20 12:06:26.713] [0;32mI (258951683) NL_LTPDU: BatchGet 85854B476379: 6 eps, rsp=118 bytes[0m
[2026-07-20 12:06:26.713] 
[2026-07-20 12:06:27.099] Nanoleaf MQTT payload: {"msgType":"control","requestID":"1681c5ff-a526-49cf-bb90-b61ec585bff0","deviceId":"880A64775B01","endpoint":"di","method":"GET","value":""}
[2026-07-20 12:06:27.099] [0;32mI (258952083) NL_LTPDU: SendCmd POST → 880A64775B01 ep=di[0m
[2026-07-20 12:06:27.099] 
[2026-07-20 12:06:27.161] [0;32mI (258952145) TASK_NL: [1] Cmd rsp(43): [0m
[2026-07-20 12:06:27.161] [0;32mI (258952146) NL_MQTT: PublishRespondData: len=294, pushing to MQTT queue[0m
[2026-07-20 12:06:27.161] 
[2026-07-20 12:06:27.363] pTopic:switchlink/B0E9FEC6718C/link_to_nanoleaf_func_resp
[2026-07-20 12:06:27.363] pData:{"msgType":"respond","requestID":"1681c5ff-a526-49cf-bb90-b61ec585bff0","deviceId":"880A64775B01","success":true,"errorCode":0,"errorMsg":"","endpoints":[{"endpoint":"di","value":"{\"hwVer\":\"1.6-0\",\"serialNo\":\"S26110H3131\",\"model\":\"2201\",\"boardRev\":\"42\",\"fwVer\":\"12.1.1\"}"}]}
[2026-07-20 12:06:27.363] [0;32mI (258952342) NL_LTPDU: BatchGet 880A64775B01: 6 eps, rsp=123 bytes[0m
[2026-07-20 12:06:27.363] 
[2026-07-20 12:06:29.361] Nanoleaf MQTT payload: {"msgType":"control","requestID":"70f13704-6dc6-4d9f-a094-a214549d6640","deviceId":"880A64775B01","endpoint":"fwu/check","method":"POST","value":"1"}
[2026-07-20 12:06:29.361] [0;32mI (258954342) NL_LTPDU: SendCmd POST → 880A64775B01 ep=fwu/check[0m
[2026-07-20 12:06:29.361] 
[2026-07-20 12:06:29.548] pTopic:switchlink/B0E9FEC6718C/link_to_nanoleaf_func_resp
[2026-07-20 12:06:29.548] pData:{"msgType":"respond","requestID":"70f13704-6dc6-4d9f-a094-a214549d6640","deviceId":"880A64775B01","success":true,"errorCode":0,"errorMsg":""}
[2026-07-20 12:06:29.548] 
[2026-07-20 12:06:29.593] [0;32mI (258954569) NL_LTPDU: BatchGet 880A64775B01: 6 eps, rsp=123 bytes[0m
[2026-07-20 12:06:29.593] 
[2026-07-20 12:06:31.521] [0;32mI (258956503) NL_LTPDU: BatchGet 3E0AE0494182: 6 eps, rsp=118 bytes[0m
[2026-07-20 12:06:31.521] 
[2026-07-20 12:06:31.567] [0;32mI (258956546) NL_LTPDU: BatchGet 6A76B95FD1DB: 6 eps, rsp=118 bytes[0m
[2026-07-20 12:06:31.567] 
[2026-07-20 12:06:31.800] [0;32mI (258956788) NL_LTPDU: BatchGet 85854B476379: 6 eps, rsp=118 bytes[0m
[2026-07-20 12:06:31.800] 
[2026-07-20 12:06:32.265] free heap: 6300312, minimum free heap: 6033104, Internal 8bit free heap: 72108, 8bit free heap: 6300312The current date/time is: Mon Jul 20 04:06:28 2026
[2026-07-20 12:06:32.265] 
[2026-07-20 12:06:32.265] 
[2026-07-20 12:06:32.498] Nanoleaf MQTT payload: {"msgType":"control","requestID":"e94be573-9b75-4b4e-aff4-3fe40996bb3c","deviceId":"880A64775B01","endpoint":"fwu/avail","method":"GET","value":""}
[2026-07-20 12:06:32.498] [0;32mI (258957489) NL_LTPDU: SendCmd POST → 880A64775B01 ep=fwu/avail[0m
[2026-07-20 12:06:32.498] 
[2026-07-20 12:06:32.699] [0;32mI (258957681) TASK_NL: [1] Cmd rsp(1): [0m
[2026-07-20 12:06:32.699] [0;32mI (258957681) NL_MQTT: PublishRespondData: len=192, pushing to MQTT queue[0m
[2026-07-20 12:06:32.699] 
[2026-07-20 12:06:32.792] pTopic:switchlink/B0E9FEC6718C/link_to_nanoleaf_func_resp
[2026-07-20 12:06:32.792] pData:{"msgType":"respond","requestID":"e94be573-9b75-4b4e-aff4-3fe40996bb3c","deviceId":"880A64775B01","success":true,"errorCode":0,"errorMsg":"","endpoints":[{"endpoint":"fwu/avail","value":"1"}]}
[2026-07-20 12:06:32.792] 
[2026-07-20 12:06:32.855] [0;32mI (258957831) NL_LTPDU: BatchGet 880A64775B01: 6 eps, rsp=123 bytes[0m
[2026-07-20 12:06:32.855] 
[2026-07-20 12:06:33.953] Nanoleaf MQTT payload: {"msgType":"control","requestID":"e698a4f2-5fcd-4789-8acd-70f03721279d","deviceId":"880A64775B01","endpoint":"fwu/version","method":"GET","value":""}
[2026-07-20 12:06:33.953] 
[2026-07-20 12:06:34.046] [0;32mI (258959031) NL_LTPDU: SendCmd POST → 880A64775B01 ep=fwu/version[0m
[2026-07-20 12:06:34.046] 
[2026-07-20 12:06:34.294] [0;32mI (258959277) TASK_NL: [1] Cmd rsp(6): 12.2.0[0m
[2026-07-20 12:06:34.294] [0;32mI (258959277) NL_MQTT: PublishRespondData: len=199, pushing to MQTT queue[0m
[2026-07-20 12:06:34.294] 
[2026-07-20 12:06:34.418] pTopic:switchlink/B0E9FEC6718C/link_to_nanoleaf_func_resp
[2026-07-20 12:06:34.418] pData:{"msgType":"respond","requestID":"e698a4f2-5fcd-4789-8acd-70f03721279d","deviceId":"880A64775B01","success":true,"errorCode":0,"errorMsg":"","endpoints":[{"endpoint":"fwu/version","value":"12.2.0"}]}
[2026-07-20 12:06:34.418] 
[2026-07-20 12:06:34.495] [0;32mI (258959484) NL_LTPDU: BatchGet 880A64775B01: 6 eps, rsp=123 bytes[0m
[2026-07-20 12:06:34.495] 
[2026-07-20 12:06:36.004] [0;32mI (258960971) NL_LTPDU: BatchGet 3E0AE0494182: 6 eps, rsp=118 bytes[0m
[2026-07-20 12:06:36.004] [0;32mI (258960989) NL_LTPDU: BatchGet 6A76B95FD1DB: 6 eps, rsp=118 bytes[0m
[2026-07-20 12:06:36.004] 
[2026-07-20 12:06:36.160] [0;32mI (258961148) NL_LTPDU: BatchGet 85854B476379: 6 eps, rsp=118 bytes[0m
[2026-07-20 12:06:36.160] 
[2026-07-20 12:06:37.621] Nanoleaf MQTT payload: {"msgType":"control","requestID":"e0154821-12f4-4b30-b79a-42970ae2e64a","deviceId":"880A64775B01","endpoint":"fwu/avail","method":"GET","value":""}
[2026-07-20 12:06:37.621] 
[2026-07-20 12:06:37.668] [0;32mI (258962649) NL_LTPDU: SendCmd POST → 880A64775B01 ep=fwu/avail[0m
[2026-07-20 12:06:37.668] 
[2026-07-20 12:06:37.731] [0;32mI (258962705) TASK_NL: [1] Cmd rsp(1): [0m
[2026-07-20 12:06:37.731] [0;32mI (258962705) NL_MQTT: PublishRespondData: len=192, pushing to MQTT queue[0m
[2026-07-20 12:06:37.731] 
[2026-07-20 12:06:37.887] pTopic:switchlink/B0E9FEC6718C/link_to_nanoleaf_func_resp
[2026-07-20 12:06:37.887] pData:{"msgType":"respond","requestID":"e0154821-12f4-4b30-b79a-42970ae2e64a","deviceId":"880A64775B01","success":true,"errorCode":0,"errorMsg":"","endpoints":[{"endpoint":"fwu/avail","value":"1"}]}
[2026-07-20 12:06:37.887] [0;32mI (258962866) NL_LTPDU: BatchGet 880A64775B01: 6 eps, rsp=123 bytes[0m
[2026-07-20 12:06:37.887] 
[2026-07-20 12:06:39.146] Nanoleaf MQTT payload: {"msgType":"control","requestID":"8fd65823-bbb0-42f3-9c2e-56e45007b6d1","deviceId":"880A64775B01","endpoint":"fwu/version","method":"GET","value":""}
[2026-07-20 12:06:39.146] 
[2026-07-20 12:06:39.177] [0;32mI (258964166) NL_LTPDU: SendCmd POST → 880A64775B01 ep=fwu/version[0m
[2026-07-20 12:06:39.177] 
[2026-07-20 12:06:39.254] Nanoleaf MQTT payload: {"msgType":"control","requestID":"14fd6f8d-3d0d-4407-9272-1e0573a15a9f","deviceId":"880A64775B01","endpoint":"fwu/version","method":"GET","value":""}
[2026-07-20 12:06:39.254] 
[2026-07-20 12:06:39.316] [0;32mI (258964292) TASK_NL: [1] Cmd rsp(6): 12.2.0[0m
[2026-07-20 12:06:39.316] [0;32mI (258964293) NL_MQTT: PublishRespondData: len=199, pushing to MQTT queue[0m
[2026-07-20 12:06:39.316] [0;32mI (258964294) NL_LTPDU: SendCmd POST → 880A64775B01 ep=fwu/version[0m
[2026-07-20 12:06:39.316] 
[2026-07-20 12:06:39.502] pTopic:switchlink/B0E9FEC6718C/link_to_nanoleaf_func_resp
[2026-07-20 12:06:39.502] pData:{"msgType":"respond","requestID":"8fd65823-bbb0-42f3-9c2e-56e45007b6d1","deviceId":"880A64775B01","success":true,"errorCode":0,"errorMsg":"","endpoints":[{"endpoint":"fwu/version","value":"12.2.0"}]}
[2026-07-20 12:06:39.502] 
[2026-07-20 12:06:39.596] [0;32mI (258964572) TASK_NL: [1] Cmd rsp(6): 12.2.0[0m
[2026-07-20 12:06:39.596] [0;32mI (258964572) NL_MQTT: PublishRespondData: len=199, pushing to MQTT queue[0m
[2026-07-20 12:06:39.596] 
[2026-07-20 12:06:39.706] pTopic:switchlink/B0E9FEC6718C/link_to_nanoleaf_func_resp
[2026-07-20 12:06:39.706] pData:{"msgType":"respond","requestID":"14fd6f8d-3d0d-4407-9272-1e0573a15a9f","deviceId":"880A64775B01","success":true,"errorCode":0,"errorMsg":"","endpoints":[{"endpoint":"fwu/version","value":"12.2.0"}]}
[2026-07-20 12:06:39.706] 
[2026-07-20 12:06:39.766] [0;32mI (258964748) NL_LTPDU: BatchGet 880A64775B01: 6 eps, rsp=123 bytes[0m
[2026-07-20 12:06:39.766] 
[2026-07-20 12:06:40.264] free heap: 6300356, minimum free heap: 6033104, Internal 8bit free heap: 72144, 8bit free heap: 6300356The current date/time is: Mon Jul 20 04:06:36 2026
[2026-07-20 12:06:40.264] 
[2026-07-20 12:06:40.264] 
[2026-07-20 12:06:41.122] Nanoleaf MQTT payload: {"msgType":"control","requestID":"d8b46069-444f-4881-9ce0-591d759d3221","deviceId":"880A64775B01","endpoint":"fwu/trigger","method":"POST","value":"1"}
[2026-07-20 12:06:41.122] [0;32mI (258966090) NL_LTPDU: BatchGet 3E0AE0494182: 6 eps, rsp=118 bytes[0m
[2026-07-20 12:06:41.122] [0;32mI (258966109) NL_LTPDU: BatchGet 6A76B95FD1DB: 6 eps, rsp=118 bytes[0m
[2026-07-20 12:06:41.122] 
[2026-07-20 12:06:41.294] [0;32mI (258966271) NL_LTPDU: BatchGet 85854B476379: 6 eps, rsp=118 bytes[0m
[2026-07-20 12:06:41.294] 
[2026-07-20 12:06:41.387] [0;32mI (258966371) NL_LTPDU: SendCmd POST → 880A64775B01 ep=fwu/trigger[0m
[2026-07-20 12:06:41.387] 
[2026-07-20 12:06:41.759] pTopic:switchlink/B0E9FEC6718C/link_to_nanoleaf_func_resp
[2026-07-20 12:06:41.759] pData:{"msgType":"respond","requestID":"d8b46069-444f-4881-9ce0-591d759d3221","deviceId":"880A64775B01","success":true,"errorCode":0,"errorMsg":""}
[2026-07-20 12:06:41.759] [0;32mI (258966750) NL_LTPDU: BatchGet 880A64775B01: 6 eps, rsp=123 bytes[0m
[2026-07-20 12:06:41.759] 
[2026-07-20 12:06:46.330] [0;32mI (258971289) NL_LTPDU: BatchGet 3E0AE0494182: 6 eps, rsp=118 bytes[0m
[2026-07-20 12:06:46.330] [0;32mI (258971319) NL_LTPDU: BatchGet 6A76B95FD1DB: 6 eps, rsp=118 bytes[0m
[2026-07-20 12:06:46.330] 
[2026-07-20 12:06:46.377] [0;32mI (258971355) NL_LTPDU: BatchGet 85854B476379: 6 eps, rsp=118 bytes[0m
[2026-07-20 12:06:46.377] 
[2026-07-20 12:06:46.934] [0;32mI (258971914) NL_LTPDU: BatchGet 880A64775B01: 6 eps, rsp=123 bytes[0m
[2026-07-20 12:06:46.934] 
[2026-07-20 12:06:48.266] free heap: 6300224, minimum free heap: 6033104, Internal 8bit free heap: 72012, 8bit free heap: 6300224The current date/time is: Mon Jul 20 04:06:44 2026
[2026-07-20 12:06:48.266] 
[2026-07-20 12:06:48.266] 
[2026-07-20 12:06:51.051] [0;32mI (258976029) NL_LTPDU: BatchGet 3E0AE0494182: 6 eps, rsp=118 bytes[0m
[2026-07-20 12:06:51.051] 
[2026-07-20 12:06:51.128] [0;32mI (258976072) NL_LTPDU: BatchGet 6A76B95FD1DB: 6 eps, rsp=118 bytes[0m
[2026-07-20 12:06:51.128] [0;32mI (258976112) NL_LTPDU: BatchGet 85854B476379: 6 eps, rsp=118 bytes[0m
[2026-07-20 12:06:51.128] 
[2026-07-20 12:06:52.168] [0;32mI (258977150) NL_LTPDU: BatchGet 880A64775B01: 6 eps, rsp=123 bytes[0m
[2026-07-20 12:06:52.168] [0;32mI (258977150) TASK_NL: [1] Status changed: on=1 br=48 ct=2187 hu=0 sa=0 eff="我的涂鸦"[0m
[2026-07-20 12:06:52.168] 
[2026-07-20 12:06:52.261] pTopic:switchlink/B0E9FEC6718C/link_to_nanoleaf_property
[2026-07-20 12:06:52.261] pData:{"msgType":"status","deviceId":"880A64775B01","timestamp":1784520412,"endpoints":[{"endpoint":"lb/0/oo","value":true},{"endpoint":"lb/0/pb","value":48},{"endpoint":"lb/0/ct","value":2187},{"endpoint":"lb/0/hu","value":0},{"endpoint":"lb/0/sa","value":0},{"endpoint":"effect/select","value":"我的涂鸦"}]}
[2026-07-20 12:06:52.261] 
[2026-07-20 12:06:56.210] [0;32mI (258981164) NL_LTPDU: BatchGet 3E0AE0494182: 6 eps, rsp=118 bytes[0m
[2026-07-20 12:06:56.210] [0;32mI (258981194) NL_LTPDU: BatchGet 6A76B95FD1DB: 6 eps, rsp=118 bytes[0m
[2026-07-20 12:06:56.210] 
[2026-07-20 12:06:56.301] [0;32mI (258981253) NL_LTPDU: BatchGet 85854B476379: 6 eps, rsp=118 bytes[0m
[2026-07-20 12:06:56.301] free heap: 6300320, minimum free heap: 6033104, Internal 8bit free heap: 72108, 8bit free heap: 6300320The current date/time is: Mon Jul 20 04:06:52 2026
[2026-07-20 12:06:56.301] 
[2026-07-20 12:06:56.301] 
[2026-07-20 12:06:56.894] [0;32mI (258981880) NL_LTPDU: BatchGet 880A64775B01: 6 eps, rsp=123 bytes[0m
[2026-07-20 12:06:56.894] 
[2026-07-20 12:07:01.406] [0;32mI (258986371) NL_LTPDU: BatchGet 3E0AE0494182: 6 eps, rsp=118 bytes[0m
[2026-07-20 12:07:01.406] [0;32mI (258986401) NL_LTPDU: BatchGet 6A76B95FD1DB: 6 eps, rsp=118 bytes[0m
[2026-07-20 12:07:01.406] 
[2026-07-20 12:07:01.468] [0;32mI (258986448) NL_LTPDU: BatchGet 85854B476379: 6 eps, rsp=118 bytes[0m
[2026-07-20 12:07:01.468] 
[2026-07-20 12:07:01.932] [0;32mI (258986916) NL_LTPDU: BatchGet 880A64775B01: 6 eps, rsp=123 bytes[0m
[2026-07-20 12:07:01.932] 
[2026-07-20 12:07:04.298] free heap: 6300356, minimum free heap: 6033104, Internal 8bit free heap: 72144, 8bit free heap: 6300356The current date/time is: Mon Jul 20 04:07:00 2026
[2026-07-20 12:07:04.298] 
[2026-07-20 12:07:04.298] 
[2026-07-20 12:07:06.477] [0;32mI (258991460) NL_LTPDU: BatchGet 3E0AE0494182: 6 eps, rsp=118 bytes[0m
[2026-07-20 12:07:06.477] 
[2026-07-20 12:07:06.555] [0;32mI (258991539) NL_LTPDU: BatchGet 6A76B95FD1DB: 6 eps, rsp=118 bytes[0m
[2026-07-20 12:07:06.555] 
[2026-07-20 12:07:06.646] [0;32mI (258991632) NL_LTPDU: BatchGet 85854B476379: 6 eps, rsp=118 bytes[0m
[2026-07-20 12:07:06.646] 
[2026-07-20 12:07:07.048] [0;32mI (258992034) NL_LTPDU: BatchGet 880A64775B01: 6 eps, rsp=123 bytes[0m
[2026-07-20 12:07:07.048] 
[2026-07-20 12:07:11.271] [0;32mI (258996254) NL_LTPDU: BatchGet 3E0AE0494182: 6 eps, rsp=118 bytes[0m
[2026-07-20 12:07:11.271] 
[2026-07-20 12:07:11.363] [0;32mI (258996317) NL_LTPDU: BatchGet 6A76B95FD1DB: 6 eps, rsp=118 bytes[0m
[2026-07-20 12:07:11.363] [0;32mI (258996346) NL_LTPDU: BatchGet 85854B476379: 6 eps, rsp=118 bytes[0m
[2026-07-20 12:07:11.363] 
[2026-07-20 12:07:12.343] [0;32mI (258997315) NL_LTPDU: BatchGet 880A64775B01: 6 eps, rsp=123 bytes[0m
[2026-07-20 12:07:12.343] free heap: 6300172, minimum free heap: 6033104, Internal 8bit free heap: 71976, 8bit free heap: 6300172The current date/time is: Mon Jul 20 04:07:08 2026
[2026-07-20 12:07:12.343] 
[2026-07-20 12:07:12.343] 
[2026-07-20 12:07:16.409] [0;32mI (259001398) NL_LTPDU: BatchGet 3E0AE0494182: 6 eps, rsp=118 bytes[0m
[2026-07-20 12:07:16.409] 
[2026-07-20 12:07:16.486] [0;32mI (259001471) NL_LTPDU: BatchGet 6A76B95FD1DB: 6 eps, rsp=118 bytes[0m
[2026-07-20 12:07:16.486] 
[2026-07-20 12:07:16.564] [0;32mI (259001540) NL_LTPDU: BatchGet 85854B476379: 6 eps, rsp=118 bytes[0m
[2026-07-20 12:07:16.564] 
[2026-07-20 12:07:17.338] [0;32mI (259002321) NL_LTPDU: BatchGet 880A64775B01: 6 eps, rsp=123 bytes[0m
[2026-07-20 12:07:17.338] 
[2026-07-20 12:07:20.354] free heap: 6300356, minimum free heap: 6033104, Internal 8bit free heap: 72144, 8bit free heap: 6300356The current date/time is: Mon Jul 20 04:07:16 2026
[2026-07-20 12:07:20.354] 
[2026-07-20 12:07:20.354] 
[2026-07-20 12:07:21.330] [0;32mI (259006281) NL_LTPDU: BatchGet 3E0AE0494182: 6 eps, rsp=118 bytes[0m
[2026-07-20 12:07:21.330] [0;32mI (259006308) NL_LTPDU: BatchGet 6A76B95FD1DB: 6 eps, rsp=118 bytes[0m
[2026-07-20 12:07:21.330] [0;32mI (259006325) NL_LTPDU: BatchGet 85854B476379: 6 eps, rsp=118 bytes[0m
[2026-07-20 12:07:21.330] 
[2026-07-20 12:07:22.186] [0;32mI (259007169) NL_LTPDU: BatchGet 880A64775B01: 6 eps, rsp=123 bytes[0m
[2026-07-20 12:07:22.186] 
[2026-07-20 12:07:26.410] [0;32mI (259011397) NL_LTPDU: BatchGet 3E0AE0494182: 6 eps, rsp=118 bytes[0m
[2026-07-20 12:07:26.410] 
[2026-07-20 12:07:26.829] [0;32mI (259011805) NL_LTPDU: BatchGet 6A76B95FD1DB: 6 eps, rsp=118 bytes[0m
[2026-07-20 12:07:26.829] 
[2026-07-20 12:07:26.875] [0;32mI (259011857) NL_LTPDU: BatchGet 85854B476379: 6 eps, rsp=118 bytes[0m
[2026-07-20 12:07:26.875] 
[2026-07-20 12:07:27.372] [0;32mI (259012350) ROUTE_HOOK: Ignore invalid ICMP packet[0m
[2026-07-20 12:07:27.372] [0;32mI (259012361) NL_LTPDU: BatchGet 880A64775B01: 6 eps, rsp=123 bytes[0m
[2026-07-20 12:07:27.372] 
[2026-07-20 12:07:27.573] [0;32mI (259012559) ROUTE_HOOK: Received RIO[0m
[2026-07-20 12:07:27.573] [0;32mI (259012560) ROUTE_HOOK: prefix FDEA:C98F:38B2:1:: lifetime 1800[0m
[2026-07-20 12:07:27.573] 
[2026-07-20 12:07:28.365] free heap: 6300356, minimum free heap: 6033104, Internal 8bit free heap: 72144, 8bit free heap: 6300356The current date/time is: Mon Jul 20 04:07:24 2026
[2026-07-20 12:07:28.365] 
[2026-07-20 12:07:28.365] 
[2026-07-20 12:07:31.602] [0;32mI (259016589) NL_LTPDU: BatchGet 3E0AE0494182: 6 eps, rsp=118 bytes[0m
[2026-07-20 12:07:31.602] 
[2026-07-20 12:07:31.882] [0;32mI (259016870) NL_LTPDU: BatchGet 6A76B95FD1DB: 6 eps, rsp=118 bytes[0m
[2026-07-20 12:07:31.882] 
[2026-07-20 12:07:31.991] [0;32mI (259016973) NL_LTPDU: BatchGet 85854B476379: 6 eps, rsp=118 bytes[0m
[2026-07-20 12:07:31.991] 
[2026-07-20 12:07:32.487] [0;32mI (259017468) NL_LTPDU: BatchGet 880A64775B01: 6 eps, rsp=123 bytes[0m
[2026-07-20 12:07:32.487] [0;32mI (259017469) TASK_NL: [1] Status changed: on=1 br=49 ct=2187 hu=0 sa=0 eff="我的涂鸦"[0m
[2026-07-20 12:07:32.487] 
[2026-07-20 12:07:32.658] pTopic:switchlink/B0E9FEC6718C/link_to_nanoleaf_property
[2026-07-20 12:07:32.658] pData:{"msgType":"status","deviceId":"880A64775B01","timestamp":1784520452,"endpoints":[{"endpoint":"lb/0/oo","value":true},{"endpoint":"lb/0/pb","value":49},{"endpoint":"lb/0/ct","value":2187},{"endpoint":"lb/0/hu","value":0},{"endpoint":"lb/0/sa","value":0},{"endpoint":"effect/select","value":"我的涂鸦"}]}
[2026-07-20 12:07:32.658] 
[2026-07-20 12:07:36.368] free heap: 6300188, minimum free heap: 6033104, Internal 8bit free heap: 71976, 8bit free heap: 6300188The current date/time is: Mon Jul 20 04:07:32 2026
[2026-07-20 12:07:36.368] 
[2026-07-20 12:07:36.368] 
[2026-07-20 12:07:36.846] [0;32mI (259021834) NL_LTPDU: BatchGet 3E0AE0494182: 6 eps, rsp=118 bytes[0m
[2026-07-20 12:07:36.846] 
[2026-07-20 12:07:37.218] [0;32mI (259022203) NL_LTPDU: BatchGet 6A76B95FD1DB: 6 eps, rsp=118 bytes[0m
[2026-07-20 12:07:37.218] 
[2026-07-20 12:07:37.264] [0;32mI (259022253) NL_LTPDU: BatchGet 85854B476379: 6 eps, rsp=118 bytes[0m
[2026-07-20 12:07:37.264] 
[2026-07-20 12:07:37.606] [0;32mI (259022593) NL_LTPDU: BatchGet 880A64775B01: 6 eps, rsp=123 bytes[0m
[2026-07-20 12:07:37.606] 
[2026-07-20 12:07:41.569] [0;32mI (259026554) NL_LTPDU: BatchGet 3E0AE0494182: 6 eps, rsp=118 bytes[0m
[2026-07-20 12:07:41.569] 
[2026-07-20 12:07:41.631] [0;32mI (259026595) NL_LTPDU: BatchGet 6A76B95FD1DB: 6 eps, rsp=118 bytes[0m
[2026-07-20 12:07:41.631] [0;32mI (259026627) NL_LTPDU: BatchGet 85854B476379: 6 eps, rsp=118 bytes[0m
[2026-07-20 12:07:41.631] 
[2026-07-20 12:07:42.733] [0;32mI (259027721) NL_LTPDU: BatchGet 880A64775B01: 6 eps, rsp=123 bytes[0m
[2026-07-20 12:07:42.733] 
[2026-07-20 12:07:44.381] free heap: 6300360, minimum free heap: 6033104, Internal 8bit free heap: 72144, 8bit free heap: 6300360The current date/time is: Mon Jul 20 04:07:40 2026
[2026-07-20 12:07:44.381] 
[2026-07-20 12:07:44.381] 
[2026-07-20 12:07:46.787] [0;32mI (259031765) NL_LTPDU: BatchGet 3E0AE0494182: 6 eps, rsp=118 bytes[0m
[2026-07-20 12:07:46.787] [0;32mI (259031775) NL_LTPDU: BatchGet 6A76B95FD1DB: 6 eps, rsp=118 bytes[0m
[2026-07-20 12:07:46.787] [0;32mI (259031782) NL_LTPDU: BatchGet 85854B476379: 6 eps, rsp=118 bytes[0m
[2026-07-20 12:07:46.787] 
[2026-07-20 12:07:47.519] [0;32mI (259032498) NL_LTPDU: BatchGet 880A64775B01: 6 eps, rsp=123 bytes[0m
[2026-07-20 12:07:47.519] 
[2026-07-20 12:07:51.949] [0;32mI (259036935) NL_LTPDU: BatchGet 3E0AE0494182: 6 eps, rsp=118 bytes[0m
[2026-07-20 12:07:51.949] [0;32mI (259036935) TASK_NL: [0] Status changed: on=1 br=41 ct=6500 hu=0 sa=100 eff="*Solid*"[0m
[2026-07-20 12:07:51.949] 
[2026-07-20 12:07:52.057] [0;32mI (259036971) NL_LTPDU: BatchGet 6A76B95FD1DB: 6 eps, rsp=118 bytes[0m
[2026-07-20 12:07:52.057] [0;32mI (259036997) NL_LTPDU: BatchGet 85854B476379: 6 eps, rsp=118 bytes[0m
[2026-07-20 12:07:52.057] pTopic:switchlink/B0E9FEC6718C/link_to_nanoleaf_property
[2026-07-20 12:07:52.057] pData:{"msgType":"status","deviceId":"3E0AE0494182","timestamp":1784520471,"endpoints":[{"endpoint":"lb/0/oo","value":true},{"endpoint":"lb/0/pb","value":41},{"endpoint":"lb/0/ct","value":6500},{"endpoint":"lb/0/hu","value":0},{"endpoint":"lb/0/sa","value":100},{"endpoint":"effect/select","value":"*Solid*"}]}
[2026-07-20 12:07:52.057] 
[2026-07-20 12:07:52.385] free heap: 6298744, minimum free heap: 6033104, Internal 8bit free heap: 72012, 8bit free heap: 6298744The current date/time is: Mon Jul 20 04:07:48 2026
[2026-07-20 12:07:52.385] 
[2026-07-20 12:07:52.385] 
[2026-07-20 12:07:52.994] [0;32mI (259037981) NL_LTPDU: BatchGet 880A64775B01: 6 eps, rsp=123 bytes[0m
[2026-07-20 12:07:52.994] 
[2026-07-20 12:07:56.719] [0;32mI (259041683) NL_LTPDU: BatchGet 3E0AE0494182: 6 eps, rsp=118 bytes[0m
[2026-07-20 12:07:56.719] [0;32mI (259041704) NL_LTPDU: BatchGet 6A76B95FD1DB: 6 eps, rsp=118 bytes[0m
[2026-07-20 12:07:56.719] [0;32mI (259041712) NL_LTPDU: BatchGet 85854B476379: 6 eps, rsp=118 bytes[0m
[2026-07-20 12:07:56.719] 
[2026-07-20 12:07:57.540] [0;33mW (259042512) NL_LTPDU: socket 58: peer closed (FIN detected)[0m
[2026-07-20 12:07:57.540] [0;33mW (259042513) TASK_NL: [1] TCP fail → re-auth (CISS)[0m
[2026-07-20 12:07:57.540] [0;32mI (259042523) NL_LTPDU: CISS: recovered session to 192.168.50.119 (counter=429, ver=V3.0)[0m
[2026-07-20 12:07:57.540] 
[2026-07-20 12:08:00.395] free heap: 6246956, minimum free heap: 6033104, Internal 8bit free heap: 72012, 8bit free heap: 6246956The current date/time is: Mon Jul 20 04:07:56 2026
[2026-07-20 12:08:00.395] 
[2026-07-20 12:08:00.395] 
[2026-07-20 12:08:01.857] [0;32mI (259046836) NL_LTPDU: BatchGet 3E0AE0494182: 6 eps, rsp=118 bytes[0m
[2026-07-20 12:08:01.857] [0;32mI (259046837) TASK_NL: [0] Status changed: on=1 br=41 ct=6500 hu=48 sa=2 eff="*Solid*"[0m
[2026-07-20 12:08:01.857] 
[2026-07-20 12:08:01.981] pTopic:switchlink/B0E9FEC6718C/link_to_nanoleaf_property
[2026-07-20 12:08:01.981] pData:{"msgType":"status","deviceId":"3E0AE0494182","timestamp":1784520481,"endpoints":[{"endpoint":"lb/0/oo","value":true},{"endpoint":"lb/0/pb","value":41},{"endpoint":"lb/0/ct","value":6500},{"endpoint":"lb/0/hu","value":48},{"endpoint":"lb/0/sa","value":2},{"endpoint":"effect/select","value":"*Solid*"}]}
[2026-07-20 12:08:01.981] 
[2026-07-20 12:08:02.042] [0;32mI (259047029) NL_LTPDU: BatchGet 6A76B95FD1DB: 6 eps, rsp=118 bytes[0m
[2026-07-20 12:08:02.042] 
[2026-07-20 12:08:02.260] [0;32mI (259047242) NL_LTPDU: BatchGet 85854B476379: 6 eps, rsp=118 bytes[0m
[2026-07-20 12:08:02.260] 
[2026-07-20 12:08:02.540] [0;31mE (259047524) NL_LTPDU: recv failed: no data (errno=11, timeout=5000ms)[0m
[2026-07-20 12:08:02.540] [0;33mW (259047524) TASK_NL: [1] CISS TCP fail, skip SRP → yield[0m
[2026-07-20 12:08:02.540] [0;33mW (259047526) TASK_NL: [1] Auth failed (err=3, retry=1/3)[0m
[2026-07-20 12:08:02.540] 
[2026-07-20 12:08:07.061] [0;32mI (259052021) NL_LTPDU: BatchGet 3E0AE0494182: 6 eps, rsp=118 bytes[0m
[2026-07-20 12:08:07.061] [0;32mI (259052021) TASK_NL: [0] Status changed: on=1 br=100 ct=6500 hu=48 sa=2 eff="*Solid*"[0m
[2026-07-20 12:08:07.061] [0;32mI (259052045) NL_LTPDU: BatchGet 6A76B95FD1DB: 6 eps, rsp=118 bytes[0m
[2026-07-20 12:08:07.061] 
[2026-07-20 12:08:07.107] [0;32mI (259052085) NL_LTPDU: BatchGet 85854B476379: 6 eps, rsp=118 bytes[0m
[2026-07-20 12:08:07.107] 
[2026-07-20 12:08:07.245] pTopic:switchlink/B0E9FEC6718C/link_to_nanoleaf_property
[2026-07-20 12:08:07.245] pData:{"msgType":"status","deviceId":"3E0AE0494182","timestamp":1784520486,"endpoints":[{"endpoint":"lb/0/oo","value":true},{"endpoint":"lb/0/pb","value":100},{"endpoint":"lb/0/ct","value":6500},{"endpoint":"lb/0/hu","value":48},{"endpoint":"lb/0/sa","value":2},{"endpoint":"effect/select","value":"*Solid*"}]}
[2026-07-20 12:08:07.245] 
[2026-07-20 12:08:08.394] free heap: 6299772, minimum free heap: 6033104, Internal 8bit free heap: 72012, 8bit free heap: 6299772The current date/time is: Mon Jul 20 04:08:04 2026
[2026-07-20 12:08:08.394] 
[2026-07-20 12:08:08.394] 
[2026-07-20 12:08:10.160] uart: 11 AT+MOTION 0
[2026-07-20 12:08:10.160] 
[2026-07-20 12:08:10.160] 
[2026-07-20 12:08:10.160] btn on press
[2026-07-20 12:08:10.160] uart: 130 AT+BCDS ff04000206a5d9f25 0010B940B0E9FEC6718C48ca43a5b6dc0F09ce000a08973e4c000000000000ff0cfe00000000000000000000000000000000ff06
[2026-07-20 12:08:10.160] 
[2026-07-20 12:08:10.160] 
[2026-07-20 12:08:10.160] 
[2026-07-20 12:08:10.285] pTopic:$aws/rules/bi_wifi_data_report/switchlink/B0E9FEC6718C/link_to_shadow
[2026-07-20 12:08:10.285] pData:BCD ff04000206a5d9f25 0010B940B0E9FEC6718C48ca43a5b6dc0F09ce000a08973e4c000000000000ff0cfe00000000000000000000000000000000ff06
[2026-07-20 12:08:10.285] 
[2026-07-20 12:08:11.947] [0;32mI (259056846) NL_LTPDU: BatchGet 3E0AE0494182: 6 eps, rsp=118 bytes[0m
[2026-07-20 12:08:11.947] [0;32mI (259056847) TASK_NL: [0] Status changed: on=1 br=1 ct=6500 hu=48 sa=2 eff="*Solid*"[0m
[2026-07-20 12:08:11.947] [0;32mI (259056868) NL_LTPDU: BatchGet 6A76B95FD1DB: 6 eps, rsp=118 bytes[0m
[2026-07-20 12:08:11.947] pTopic:switchlink/B0E9FEC6718C/link_to_nanoleaf_property
[2026-07-20 12:08:11.947] pData:{"msgType":"status","deviceId":"3E0AE0494182","timestamp":1784520491,"endpoints":[{"endpoint":"lb/0/oo","value":true},{"endpoint":"lb/0/pb","value":1},{"endpoint":"lb/0/ct","value":6500},{"endpoint":"lb/0/hu","value":48},{"endpoint":"lb/0/sa","value":2},{"endpoint":"effect/select","value":"*Solid*"}]}
[2026-07-20 12:08:11.947] [0;32mI (259056934) NL_LTPDU: BatchGet 85854B476379: 6 eps, rsp=118 bytes[0m
[2026-07-20 12:08:11.947] 
[2026-07-20 12:08:16.393] free heap: 6299748, minimum free heap: 6033104, Internal 8bit free heap: 72012, 8bit free heap: 6299748The current date/time is: Mon Jul 20 04:08:12 2026
[2026-07-20 12:08:16.393] 
[2026-07-20 12:08:16.393] 
[2026-07-20 12:08:17.060] [0;32mI (259062049) NL_LTPDU: BatchGet 3E0AE0494182: 6 eps, rsp=118 bytes[0m
[2026-07-20 12:08:17.060] [0;32mI (259062049) TASK_NL: [0] Status changed: on=1 br=46 ct=2700 hu=28 sa=66 eff="*Solid*"[0m
[2026-07-20 12:08:17.060] 
[2026-07-20 12:08:17.106] [0;32mI (259062084) NL_LTPDU: BatchGet 6A76B95FD1DB: 6 eps, rsp=118 bytes[0m
[2026-07-20 12:08:17.106] [0;32mI (259062092) NL_LTPDU: BatchGet 85854B476379: 6 eps, rsp=118 bytes[0m
[2026-07-20 12:08:17.106] 
[2026-07-20 12:08:17.185] pTopic:switchlink/B0E9FEC6718C/link_to_nanoleaf_property
[2026-07-20 12:08:17.185] pData:{"msgType":"status","deviceId":"3E0AE0494182","timestamp":1784520496,"endpoints":[{"endpoint":"lb/0/oo","value":true},{"endpoint":"lb/0/pb","value":46},{"endpoint":"lb/0/ct","value":2700},{"endpoint":"lb/0/hu","value":28},{"endpoint":"lb/0/sa","value":66},{"endpoint":"effect/select","value":"*Solid*"}]}
[2026-07-20 12:08:17.185] 
[2026-07-20 12:08:21.038] [0;31mE (259066019) NL_LTPDU: CISS: connect 192.168.50.119:12566 failed: errno=113[0m
[2026-07-20 12:08:21.038] [0;33mW (259066019) TASK_NL: [1] CISS connect TCP fail, skip SRP → yield[0m
[2026-07-20 12:08:21.038] [0;33mW (259066023) TASK_NL: [1] Auth failed (err=3, retry=2/3)[0m
[2026-07-20 12:08:21.038] 
[2026-07-20 12:08:22.160] [0;32mI (259067148) NL_LTPDU: BatchGet 3E0AE0494182: 6 eps, rsp=118 bytes[0m
[2026-07-20 12:08:22.160] 
[2026-07-20 12:08:22.222] [0;32mI (259067201) NL_LTPDU: BatchGet 6A76B95FD1DB: 6 eps, rsp=118 bytes[0m
[2026-07-20 12:08:22.222] [0;32mI (259067209) NL_LTPDU: BatchGet 85854B476379: 6 eps, rsp=118 bytes[0m
[2026-07-20 12:08:22.222] 
[2026-07-20 12:08:24.401] free heap: 6300144, minimum free heap: 6033104, Internal 8bit free heap: 71964, 8bit free heap: 6300144The current date/time is: Mon Jul 20 04:08:20 2026
[2026-07-20 12:08:24.401] 
[2026-07-20 12:08:24.401] 
[2026-07-20 12:08:27.281] [0;32mI (259072262) NL_LTPDU: BatchGet 3E0AE0494182: 6 eps, rsp=118 bytes[0m
[2026-07-20 12:08:27.281] 
[2026-07-20 12:08:27.342] [0;32mI (259072324) NL_LTPDU: BatchGet 6A76B95FD1DB: 6 eps, rsp=118 bytes[0m
[2026-07-20 12:08:27.342] 
[2026-07-20 12:08:27.759] [0;32mI (259072741) NL_LTPDU: BatchGet 85854B476379: 6 eps, rsp=118 bytes[0m
[2026-07-20 12:08:27.759] 
[2026-07-20 12:08:32.148] [0;32mI (259077136) NL_LTPDU: BatchGet 3E0AE0494182: 6 eps, rsp=118 bytes[0m
[2026-07-20 12:08:32.148] 
[2026-07-20 12:08:32.241] [0;32mI (259077228) NL_LTPDU: BatchGet 6A76B95FD1DB: 6 eps, rsp=118 bytes[0m
[2026-07-20 12:08:32.241] 
[2026-07-20 12:08:32.396] free heap: 6246996, minimum free heap: 6033104, Internal 8bit free heap: 72096, 8bit free heap: 6246996The current date/time is: Mon Jul 20 04:08:28 2026
[2026-07-20 12:08:32.396] 
[2026-07-20 12:08:32.396] 
[2026-07-20 12:08:32.505] [0;32mI (259077494) NL_LTPDU: BatchGet 85854B476379: 6 eps, rsp=118 bytes[0m
[2026-07-20 12:08:32.505] 
[2026-07-20 12:08:37.324] [0;32mI (259082310) NL_LTPDU: BatchGet 3E0AE0494182: 6 eps, rsp=118 bytes[0m
[2026-07-20 12:08:37.324] 
[2026-07-20 12:08:37.370] [0;32mI (259082344) NL_LTPDU: BatchGet 6A76B95FD1DB: 6 eps, rsp=118 bytes[0m
[2026-07-20 12:08:37.370] [0;32mI (259082365) NL_LTPDU: BatchGet 85854B476379: 6 eps, rsp=118 bytes[0m
[2026-07-20 12:08:37.370] 
[2026-07-20 12:08:37.993] uart: 11 AT+MOTION 1
[2026-07-20 12:08:37.993] 
[2026-07-20 12:08:37.993] 
[2026-07-20 12:08:37.993] btn on press
[2026-07-20 12:08:37.993] uart: 130 AT+BCDS ff04000206a5d9f40 0010B940B0E9FEC6718C48ca43a5b6dc0F09cf200a08973e4c000000000000ff0cfd00000000000000000000000000000000ff06
[2026-07-20 12:08:37.993] 
[2026-07-20 12:08:37.993] 
[2026-07-20 12:08:37.993] 
[2026-07-20 12:08:38.195] pTopic:$aws/rules/bi_wifi_data_report/switchlink/B0E9FEC6718C/link_to_shadow
[2026-07-20 12:08:38.195] pData:BCD ff04000206a5d9f40 0010B940B0E9FEC6718C48ca43a5b6dc0F09cf200a08973e4c000000000000ff0cfd00000000000000000000000000000000ff06
[2026-07-20 12:08:38.195] 
[2026-07-20 12:08:40.408] free heap: 6299792, minimum free heap: 6033104, Internal 8bit free heap: 72012, 8bit free heap: 6299792The current date/time is: Mon Jul 20 04:08:36 2026
[2026-07-20 12:08:40.408] 
[2026-07-20 12:08:40.408] 
[2026-07-20 12:08:42.456] [0;32mI (259087431) NL_LTPDU: BatchGet 3E0AE0494182: 6 eps, rsp=118 bytes[0m
[2026-07-20 12:08:42.456] [0;32mI (259087432) TASK_NL: [0] Status changed: on=1 br=46 ct=6500 hu=28 sa=0 eff="*Solid*"[0m
[2026-07-20 12:08:42.456] 
[2026-07-20 12:08:42.517] [0;32mI (259087479) NL_LTPDU: BatchGet 6A76B95FD1DB: 6 eps, rsp=118 bytes[0m
[2026-07-20 12:08:42.517] [0;32mI (259087513) NL_LTPDU: BatchGet 85854B476379: 6 eps, rsp=118 bytes[0m
[2026-07-20 12:08:42.517] 
[2026-07-20 12:08:42.656] pTopic:switchlink/B0E9FEC6718C/link_to_nanoleaf_property
[2026-07-20 12:08:42.656] pData:{"msgType":"status","deviceId":"3E0AE0494182","timestamp":1784520522,"endpoints":[{"endpoint":"lb/0/oo","value":true},{"endpoint":"lb/0/pb","value":46},{"endpoint":"lb/0/ct","value":6500},{"endpoint":"lb/0/hu","value":28},{"endpoint":"lb/0/sa","value":0},{"endpoint":"effect/select","value":"*Solid*"}]}
[2026-07-20 12:08:42.656] 
[2026-07-20 12:08:47.564] [0;32mI (259092547) NL_LTPDU: BatchGet 3E0AE0494182: 6 eps, rsp=118 bytes[0m
[2026-07-20 12:08:47.564] [0;32mI (259092548) TASK_NL: [0] Status changed: on=1 br=46 ct=6500 hu=343 sa=0 eff="*Solid*"[0m
[2026-07-20 12:08:47.564] 
[2026-07-20 12:08:47.611] [0;32mI (259092603) NL_LTPDU: BatchGet 6A76B95FD1DB: 6 eps, rsp=118 bytes[0m
[2026-07-20 12:08:47.611] 
[2026-07-20 12:08:47.733] pTopic:switchlink/B0E9FEC6718C/link_to_nanoleaf_property
[2026-07-20 12:08:47.733] pData:{"msgType":"status","deviceId":"3E0AE0494182","timestamp":1784520527,"endpoints":[{"endpoint":"lb/0/oo","value":true},{"endpoint":"lb/0/pb","value":46},{"endpoint":"lb/0/ct","value":6500},{"endpoint":"lb/0/hu","value":343},{"endpoint":"lb/0/sa","value":0},{"endpoint":"effect/select","value":"*Solid*"}]}
[2026-07-20 12:08:47.733] 
[2026-07-20 12:08:47.779] [0;32mI (259092754) NL_LTPDU: BatchGet 85854B476379: 6 eps, rsp=118 bytes[0m
[2026-07-20 12:08:47.779] 
[2026-07-20 12:08:48.399] free heap: 6299784, minimum free heap: 6033104, Internal 8bit free heap: 72012, 8bit free heap: 6299784The current date/time is: Mon Jul 20 04:08:44 2026
[2026-07-20 12:08:48.399] 
[2026-07-20 12:08:48.399] 
[2026-07-20 12:08:51.042] [0;31mE (259096019) NL_LTPDU: CISS: connect 192.168.50.119:12566 failed: errno=113[0m
[2026-07-20 12:08:51.042] [0;33mW (259096019) TASK_NL: [1] CISS connect TCP fail, skip SRP → yield[0m
[2026-07-20 12:08:51.042] [0;33mW (259096023) TASK_NL: [1] Auth failed (err=3, retry=3/3)[0m
[2026-07-20 12:08:51.042] 
[2026-07-20 12:08:51.167] pTopic:switchlink/B0E9FEC6718C/link_to_nanoleaf_property
[2026-07-20 12:08:51.167] pData:{"msgType":"online","deviceId":"880A64775B01","timestamp":1784520530,"online":false,"reason":"tcp_disconnected"}
[2026-07-20 12:08:51.167] 
[2026-07-20 12:08:52.331] [0;32mI (259097306) NL_LTPDU: BatchGet 3E0AE0494182: 6 eps, rsp=118 bytes[0m
[2026-07-20 12:08:52.331] [0;32mI (259097307) TASK_NL: [0] Status changed: on=1 br=46 ct=6500 hu=343 sa=90 eff="*Solid*"[0m
[2026-07-20 12:08:52.331] 
[2026-07-20 12:08:52.424] pTopic:switchlink/B0E9FEC6718C/link_to_nanoleaf_property
[2026-07-20 12:08:52.424] pData:{"msgType":"status","deviceId":"3E0AE0494182","timestamp":1784520532,"endpoints":[{"endpoint":"lb/0/oo","value":true},{"endpoint":"lb/0/pb","value":46},{"endpoint":"lb/0/ct","value":6500},{"endpoint":"lb/0/hu","value":343},{"endpoint":"lb/0/sa","value":90},{"endpoint":"effect/select","value":"*Solid*"}]}
[2026-07-20 12:08:52.424] [0;32mI (259097367) NL_LTPDU: BatchGet 6A76B95FD1DB: 6 eps, rsp=118 bytes[0m
[2026-07-20 12:08:52.424] [0;32mI (259097412) NL_LTPDU: BatchGet 85854B476379: 6 eps, rsp=118 bytes[0m
[2026-07-20 12:08:52.424] 
[2026-07-20 12:08:56.413] free heap: 6300180, minimum free heap: 6033104, Internal 8bit free heap: 72000, 8bit free heap: 6300180The current date/time is: Mon Jul 20 04:08:52 2026
[2026-07-20 12:08:56.413] 
[2026-07-20 12:08:56.413] 
[2026-07-20 12:08:57.498] [0;32mI (259102478) NL_LTPDU: BatchGet 3E0AE0494182: 6 eps, rsp=118 bytes[0m
[2026-07-20 12:08:57.498] [0;32mI (259102493) NL_LTPDU: BatchGet 6A76B95FD1DB: 6 eps, rsp=118 bytes[0m
[2026-07-20 12:08:57.498] 
[2026-07-20 12:08:57.544] [0;32mI (259102530) NL_LTPDU: BatchGet 85854B476379: 6 eps, rsp=118 bytes[0m
[2026-07-20 12:08:57.544] 
[2026-07-20 12:09:02.833] [0;32mI (259107807) NL_LTPDU: BatchGet 3E0AE0494182: 6 eps, rsp=118 bytes[0m
[2026-07-20 12:09:02.833] [0;32mI (259107817) NL_LTPDU: BatchGet 6A76B95FD1DB: 6 eps, rsp=118 bytes[0m
[2026-07-20 12:09:02.833] [0;32mI (259107831) NL_LTPDU: BatchGet 85854B476379: 6 eps, rsp=118 bytes[0m
[2026-07-20 12:09:02.833] 
[2026-07-20 12:09:04.416] free heap: 6300312, minimum free heap: 6033104, Internal 8bit free heap: 72132, 8bit free heap: 6300312The current date/time is: Mon Jul 20 04:09:00 2026
[2026-07-20 12:09:04.416] 
[2026-07-20 12:09:04.416] 
[2026-07-20 12:09:07.390] [0;32mI (259112371) NL_LTPDU: BatchGet 3E0AE0494182: 6 eps, rsp=118 bytes[0m
[2026-07-20 12:09:07.390] 
[2026-07-20 12:09:07.638] [0;32mI (259112614) NL_LTPDU: BatchGet 6A76B95FD1DB: 6 eps, rsp=118 bytes[0m
[2026-07-20 12:09:07.638] [0;32mI (259112635) NL_LTPDU: BatchGet 85854B476379: 6 eps, rsp=118 bytes[0m
[2026-07-20 12:09:07.638] 
[2026-07-20 12:09:12.410] free heap: 6245424, minimum free heap: 6033104, Internal 8bit free heap: 72096, 8bit free heap: 6245424The current date/time is: Mon Jul 20 04:09:08 2026
[2026-07-20 12:09:12.410] 
[2026-07-20 12:09:12.410] 
[2026-07-20 12:09:12.567] [0;32mI (259117555) NL_LTPDU: BatchGet 3E0AE0494182: 6 eps, rsp=118 bytes[0m
[2026-07-20 12:09:12.567] 
[2026-07-20 12:09:12.907] [0;32mI (259117892) NL_LTPDU: BatchGet 6A76B95FD1DB: 6 eps, rsp=118 bytes[0m
[2026-07-20 12:09:12.907] 
[2026-07-20 12:09:12.954] [0;32mI (259117937) NL_LTPDU: BatchGet 85854B476379: 6 eps, rsp=118 bytes[0m
[2026-07-20 12:09:12.954] 
[2026-07-20 12:09:17.403] [0;32mI (259122390) NL_LTPDU: BatchGet 3E0AE0494182: 6 eps, rsp=118 bytes[0m
[2026-07-20 12:09:17.403] [0;32mI (259122401) NL_LTPDU: BatchGet 6A76B95FD1DB: 6 eps, rsp=118 bytes[0m
[2026-07-20 12:09:17.403] 
[2026-07-20 12:09:17.651] [0;32mI (259122639) NL_LTPDU: BatchGet 85854B476379: 6 eps, rsp=118 bytes[0m
[2026-07-20 12:09:17.651] 
[2026-07-20 12:09:20.414] free heap: 6300312, minimum free heap: 6033104, Internal 8bit free heap: 72132, 8bit free heap: 6300312The current date/time is: Mon Jul 20 04:09:16 2026
[2026-07-20 12:09:20.414] 
[2026-07-20 12:09:20.414] 
[2026-07-20 12:09:22.541] [0;32mI (259127528) NL_LTPDU: BatchGet 3E0AE0494182: 6 eps, rsp=118 bytes[0m
[2026-07-20 12:09:22.541] 
[2026-07-20 12:09:22.742] [0;32mI (259127732) NL_LTPDU: BatchGet 6A76B95FD1DB: 6 eps, rsp=118 bytes[0m
[2026-07-20 12:09:22.742] 
[2026-07-20 12:09:22.881] [0;32mI (259127870) NL_LTPDU: BatchGet 85854B476379: 6 eps, rsp=118 bytes[0m
[2026-07-20 12:09:22.881] 
[2026-07-20 12:09:27.688] [0;32mI (259132679) NL_LTPDU: BatchGet 3E0AE0494182: 6 eps, rsp=118 bytes[0m
[2026-07-20 12:09:27.688] 
[2026-07-20 12:09:27.905] [0;32mI (259132891) NL_LTPDU: BatchGet 6A76B95FD1DB: 6 eps, rsp=118 bytes[0m
[2026-07-20 12:09:27.905] 
[2026-07-20 12:09:27.966] [0;32mI (259132951) NL_LTPDU: BatchGet 85854B476379: 6 eps, rsp=118 bytes[0m
[2026-07-20 12:09:27.966] 
[2026-07-20 12:09:28.291] [0;32mI (259133283) ROUTE_HOOK: Received RIO[0m
[2026-07-20 12:09:28.291] [0;32mI (259133283) ROUTE_HOOK: prefix FDEA:C98F:38B2:1:: lifetime 1800[0m
[2026-07-20 12:09:28.291] 
[2026-07-20 12:09:28.464] free heap: 6300180, minimum free heap: 6033104, Internal 8bit free heap: 72000, 8bit free heap: 6300180The current date/time is: Mon Jul 20 04:09:24 2026
[2026-07-20 12:09:28.464] 
[2026-07-20 12:09:28.464] 
[2026-07-20 12:09:32.513] [0;32mI (259137503) NL_LTPDU: BatchGet 3E0AE0494182: 6 eps, rsp=118 bytes[0m
[2026-07-20 12:09:32.513] [0;32mI (259137504) TASK_NL: [0] Status changed: on=0 br=46 ct=6500 hu=343 sa=90 eff="*Solid*"[0m
[2026-07-20 12:09:32.513] 
[2026-07-20 12:09:32.607] [0;32mI (259137552) NL_LTPDU: BatchGet 6A76B95FD1DB: 6 eps, rsp=118 bytes[0m
[2026-07-20 12:09:32.607] pTopic:switchlink/B0E9FEC6718C/link_to_nanoleaf_property
[2026-07-20 12:09:32.607] pData:{"msgType":"status","deviceId":"3E0AE0494182","timestamp":1784520572,"endpoints":[{"endpoint":"lb/0/oo","value":false},{"endpoint":"lb/0/pb","value":46},{"endpoint":"lb/0/ct","value":6500},{"endpoint":"lb/0/hu","value":343},{"endpoint":"lb/0/sa","value":90},{"endpoint":"effect/select","value":"*Solid*"}]}
[2026-07-20 12:09:32.607] 
[2026-07-20 12:09:32.670] [0;32mI (259137658) NL_LTPDU: BatchGet 85854B476379: 6 eps, rsp=118 bytes[0m
[2026-07-20 12:09:32.670] 
[2026-07-20 12:09:36.455] free heap: 6300312, minimum free heap: 6033104, Internal 8bit free heap: 72132, 8bit free heap: 6300312The current date/time is: Mon Jul 20 04:09:32 2026
[2026-07-20 12:09:36.455] 
[2026-07-20 12:09:36.455] 
[2026-07-20 12:09:37.635] [0;32mI (259142617) NL_LTPDU: BatchGet 3E0AE0494182: 6 eps, rsp=118 bytes[0m
[2026-07-20 12:09:37.635] 
[2026-07-20 12:09:37.681] [0;32mI (259142666) NL_LTPDU: BatchGet 6A76B95FD1DB: 6 eps, rsp=118 bytes[0m
[2026-07-20 12:09:37.681] 
[2026-07-20 12:09:37.789] [0;32mI (259142777) NL_LTPDU: BatchGet 85854B476379: 6 eps, rsp=118 bytes[0m
[2026-07-20 12:09:37.789] 
[2026-07-20 12:09:40.146] uart: 11 AT+MOTION 0
[2026-07-20 12:09:40.146] 
[2026-07-20 12:09:40.146] 
[2026-07-20 12:09:40.146] btn on press
[2026-07-20 12:09:40.146] uart: 130 AT+BCDS ff04000206a5d9f7f 0010B940B0E9FEC6718C48ca43a5b6dc0F09d0000a08973e4c000000000000ff0d0200000000000000000000000000000000ff06
[2026-07-20 12:09:40.146] 
[2026-07-20 12:09:40.146] 
[2026-07-20 12:09:40.146] 
[2026-07-20 12:09:40.285] pTopic:$aws/rules/bi_wifi_data_report/switchlink/B0E9FEC6718C/link_to_shadow
[2026-07-20 12:09:40.285] pData:BCD ff04000206a5d9f7f 0010B940B0E9FEC6718C48ca43a5b6dc0F09d0000a08973e4c000000000000ff0d0200000000000000000000000000000000ff06
[2026-07-20 12:09:40.285] 
[2026-07-20 12:09:42.764] [0;32mI (259147752) NL_LTPDU: BatchGet 3E0AE0494182: 6 eps, rsp=118 bytes[0m
[2026-07-20 12:09:42.764] 
[2026-07-20 12:09:42.857] [0;32mI (259147842) NL_LTPDU: BatchGet 6A76B95FD1DB: 6 eps, rsp=118 bytes[0m
[2026-07-20 12:09:42.857] 
[2026-07-20 12:09:42.965] [0;32mI (259147958) NL_LTPDU: BatchGet 85854B476379: 6 eps, rsp=118 bytes[0m
[2026-07-20 12:09:42.965] 
[2026-07-20 12:09:44.457] free heap: 6300276, minimum free heap: 6033104, Internal 8bit free heap: 72096, 8bit free heap: 6300276The current date/time is: Mon Jul 20 04:09:40 2026
[2026-07-20 12:09:44.457] 
[2026-07-20 12:09:44.457] 
[2026-07-20 12:09:47.149] uart: 11 AT+MOTION 1
[2026-07-20 12:09:47.149] 
[2026-07-20 12:09:47.149] 
[2026-07-20 12:09:47.149] btn on press
[2026-07-20 12:09:47.149] uart: 130 AT+BCDS ff04000206a5d9f85 0010B940B0E9FEC6718C48ca43a5b6dc0F09d1200a08973e4c000000000000ff0cfe00000000000000000000000000000000ff06
[2026-07-20 12:09:47.149] 
[2026-07-20 12:09:47.149] 
[2026-07-20 12:09:47.149] pTopic:$aws/rules/bi_wifi_data_report/switchlink/B0E9FEC6718C/link_to_shadow
[2026-07-20 12:09:47.149] pData:BCD ff04000206a5d9f85 0010B940B0E9FEC6718C48ca43a5b6dc0F09d1200a08973e4c000000000000ff0cfe00000000000000000000000000000000ff06
[2026-07-20 12:09:47.149] 
[2026-07-20 12:09:47.612] [0;32mI (259152603) NL_LTPDU: BatchGet 3E0AE0494182: 6 eps, rsp=118 bytes[0m
[2026-07-20 12:09:47.612] 
[2026-07-20 12:09:47.673] [0;32mI (259152668) NL_LTPDU: BatchGet 6A76B95FD1DB: 6 eps, rsp=118 bytes[0m
[2026-07-20 12:09:47.673] 
[2026-07-20 12:09:47.735] [0;32mI (259152715) NL_LTPDU: BatchGet 85854B476379: 6 eps, rsp=118 bytes[0m
[2026-07-20 12:09:47.735] 
[2026-07-20 12:09:52.466] free heap: 6300156, minimum free heap: 6033104, Internal 8bit free heap: 72000, 8bit free heap: 6300156The current date/time is: Mon Jul 20 04:09:48 2026
[2026-07-20 12:09:52.466] 
[2026-07-20 12:09:52.466] 
[2026-07-20 12:09:52.729] [0;32mI (259157719) NL_LTPDU: BatchGet 3E0AE0494182: 6 eps, rsp=118 bytes[0m
[2026-07-20 12:09:52.729] 
[2026-07-20 12:09:52.806] [0;32mI (259157793) NL_LTPDU: BatchGet 6A76B95FD1DB: 6 eps, rsp=118 bytes[0m
[2026-07-20 12:09:52.806] 
[2026-07-20 12:09:52.931] [0;32mI (259157921) NL_LTPDU: BatchGet 85854B476379: 6 eps, rsp=118 bytes[0m
[2026-07-20 12:09:52.931] 
[2026-07-20 12:09:57.863] [0;32mI (259162844) NL_LTPDU: BatchGet 3E0AE0494182: 6 eps, rsp=118 bytes[0m
[2026-07-20 12:09:57.863] 
[2026-07-20 12:09:58.002] [0;32mI (259162983) NL_LTPDU: BatchGet 6A76B95FD1DB: 6 eps, rsp=118 bytes[0m
[2026-07-20 12:09:58.002] 
[2026-07-20 12:09:58.049] [0;32mI (259163039) NL_LTPDU: BatchGet 85854B476379: 6 eps, rsp=118 bytes[0m
[2026-07-20 12:09:58.049] 
[2026-07-20 12:10:00.505] free heap: 6300180, minimum free heap: 6033104, Internal 8bit free heap: 72000, 8bit free heap: 6300180The current date/time is: Mon Jul 20 04:09:56 2026
[2026-07-20 12:10:00.505] 
[2026-07-20 12:10:00.505] 
[2026-07-20 12:10:02.969] [0;32mI (259167959) NL_LTPDU: BatchGet 3E0AE0494182: 6 eps, rsp=118 bytes[0m
[2026-07-20 12:10:02.969] 
[2026-07-20 12:10:03.046] [0;32mI (259168027) NL_LTPDU: BatchGet 6A76B95FD1DB: 6 eps, rsp=118 bytes[0m
[2026-07-20 12:10:03.046] 
[2026-07-20 12:10:03.230] [0;32mI (259168214) NL_LTPDU: BatchGet 85854B476379: 6 eps, rsp=118 bytes[0m
[2026-07-20 12:10:03.230] 
[2026-07-20 12:10:08.153] [0;32mI (259173135) NL_LTPDU: BatchGet 3E0AE0494182: 6 eps, rsp=118 bytes[0m
[2026-07-20 12:10:08.153] 
[2026-07-20 12:10:08.445] [0;32mI (259173438) NL_LTPDU: BatchGet 6A76B95FD1DB: 6 eps, rsp=118 bytes[0m
[2026-07-20 12:10:08.445] 
[2026-07-20 12:10:08.508] [0;32mI (259173483) NL_LTPDU: BatchGet 85854B476379: 6 eps, rsp=118 bytes[0m
[2026-07-20 12:10:08.508] free heap: 6300276, minimum free heap: 6033104, Internal 8bit free heap: 72096, 8bit free heap: 6300276The current date/time is: Mon Jul 20 04:10:04 2026
[2026-07-20 12:10:08.508] 
[2026-07-20 12:10:08.508] 
[2026-07-20 12:10:12.979] [0;32mI (259177933) NL_LTPDU: BatchGet 3E0AE0494182: 6 eps, rsp=118 bytes[0m
[2026-07-20 12:10:12.979] [0;32mI (259177948) NL_LTPDU: BatchGet 6A76B95FD1DB: 6 eps, rsp=118 bytes[0m
[2026-07-20 12:10:12.979] [0;32mI (259177969) NL_LTPDU: BatchGet 85854B476379: 6 eps, rsp=118 bytes[0m
[2026-07-20 12:10:12.979] 
[2026-07-20 12:10:16.527] free heap: 6300312, minimum free heap: 6033104, Internal 8bit free heap: 72132, 8bit free heap: 6300312The current date/time is: Mon Jul 20 04:10:12 2026
[2026-07-20 12:10:16.527] 
[2026-07-20 12:10:16.527] 
[2026-07-20 12:10:18.110] [0;32mI (259183049) NL_LTPDU: BatchGet 3E0AE0494182: 6 eps, rsp=118 bytes[0m
[2026-07-20 12:10:18.110] [0;32mI (259183068) NL_LTPDU: BatchGet 6A76B95FD1DB: 6 eps, rsp=118 bytes[0m
[2026-07-20 12:10:18.110] [0;32mI (259183096) NL_LTPDU: BatchGet 85854B476379: 6 eps, rsp=118 bytes[0m
[2026-07-20 12:10:18.110] [0;32mI (259183097) TASK_NL: [3] Status changed: on=1 br=100 ct=2378 hu=29 sa=80 eff="*Solid*"[0m
[2026-07-20 12:10:18.110] 
[2026-07-20 12:10:18.264] pTopic:switchlink/B0E9FEC6718C/link_to_nanoleaf_property
[2026-07-20 12:10:18.264] pData:{"msgType":"status","deviceId":"85854B476379","timestamp":1784520618,"endpoints":[{"endpoint":"lb/0/oo","value":true},{"endpoint":"lb/0/pb","value":100},{"endpoint":"lb/0/ct","value":2378},{"endpoint":"lb/0/hu","value":29},{"endpoint":"lb/0/sa","value":80},{"endpoint":"effect/select","value":"*Solid*"}]}
[2026-07-20 12:10:18.264] 
[2026-07-20 12:10:23.287] [0;32mI (259188273) NL_LTPDU: BatchGet 3E0AE0494182: 6 eps, rsp=118 bytes[0m
[2026-07-20 12:10:23.287] 
[2026-07-20 12:10:23.738] [0;32mI (259188700) NL_LTPDU: BatchGet 6A76B95FD1DB: 6 eps, rsp=118 bytes[0m
[2026-07-20 12:10:23.738] [0;32mI (259188728) NL_LTPDU: BatchGet 85854B476379: 6 eps, rsp=118 bytes[0m
[2026-07-20 12:10:23.738] [0;32mI (259188728) TASK_NL: [3] Status changed: on=0 br=100 ct=2378 hu=29 sa=80 eff="*Solid*"[0m
[2026-07-20 12:10:23.738] 
[2026-07-20 12:10:23.940] pTopic:switchlink/B0E9FEC6718C/link_to_nanoleaf_property
[2026-07-20 12:10:23.940] pData:{"msgType":"status","deviceId":"85854B476379","timestamp":1784520623,"endpoints":[{"endpoint":"lb/0/oo","value":false},{"endpoint":"lb/0/pb","value":100},{"endpoint":"lb/0/ct","value":2378},{"endpoint":"lb/0/hu","value":29},{"endpoint":"lb/0/sa","value":80},{"endpoint":"effect/select","value":"*Solid*"}]}
[2026-07-20 12:10:23.940] 
[2026-07-20 12:10:24.546] free heap: 6300180, minimum free heap: 6033104, Internal 8bit free heap: 72000, 8bit free heap: 6300180The current date/time is: Mon Jul 20 04:10:20 2026
[2026-07-20 12:10:24.546] 
[2026-07-20 12:10:24.546] 
[2026-07-20 12:10:28.407] [0;32mI (259193397) NL_LTPDU: BatchGet 3E0AE0494182: 6 eps, rsp=118 bytes[0m
[2026-07-20 12:10:28.407] 
[2026-07-20 12:10:28.468] [0;32mI (259193438) NL_LTPDU: BatchGet 6A76B95FD1DB: 6 eps, rsp=118 bytes[0m
[2026-07-20 12:10:28.468] [0;32mI (259193460) NL_LTPDU: BatchGet 85854B476379: 6 eps, rsp=118 bytes[0m
[2026-07-20 12:10:28.468] 
[2026-07-20 12:10:29.150] uart: 11 AT+MOTION 0
[2026-07-20 12:10:29.150] 
[2026-07-20 12:10:29.150] 
[2026-07-20 12:10:29.150] btn on press
[2026-07-20 12:10:29.150] uart: 130 AT+BCDS ff04000206a5d9fb0 0010B940B0E9FEC6718C48ca43a5b6dc0F09d2000a08973e4c000000000000ff0cfe00000000000000000000000000000000ff06
[2026-07-20 12:10:29.150] 
[2026-07-20 12:10:29.150] 
[2026-07-20 12:10:29.150] 
[2026-07-20 12:10:29.197] pTopic:$aws/rules/bi_wifi_data_report/switchlink/B0E9FEC6718C/link_to_shadow
[2026-07-20 12:10:29.197] pData:BCD ff04000206a5d9fb0 0010B940B0E9FEC6718C48ca43a5b6dc0F09d2000a08973e4c000000000000ff0cfe00000000000000000000000000000000ff06
[2026-07-20 12:10:29.197] 
[2026-07-20 12:10:32.535] free heap: 6300288, minimum free heap: 6033104, Internal 8bit free heap: 72132, 8bit free heap: 6300288The current date/time is: Mon Jul 20 04:10:28 2026
[2026-07-20 12:10:32.535] 
[2026-07-20 12:10:32.535] 
[2026-07-20 12:10:33.588] [0;32mI (259198516) NL_LTPDU: BatchGet 3E0AE0494182: 6 eps, rsp=118 bytes[0m
[2026-07-20 12:10:33.588] [0;32mI (259198548) NL_LTPDU: BatchGet 6A76B95FD1DB: 6 eps, rsp=118 bytes[0m
[2026-07-20 12:10:33.588] [0;32mI (259198575) NL_LTPDU: BatchGet 85854B476379: 6 eps, rsp=118 bytes[0m
[2026-07-20 12:10:33.588] 
[2026-07-20 12:10:36.831] uart: 11 AT+MOTION 1
[2026-07-20 12:10:36.831] 
[2026-07-20 12:10:36.831] 
[2026-07-20 12:10:36.831] btn on press
[2026-07-20 12:10:36.831] uart: 130 AT+BCDS ff04000206a5d9fb7 0010B940B0E9FEC6718C48ca43a5b6dc0F09d3200a08973e4c000000000000ff0cfc00000000000000000000000000000000ff06
[2026-07-20 12:10:36.831] 
[2026-07-20 12:10:36.831] 
[2026-07-20 12:10:36.831] 
[2026-07-20 12:10:36.877] pTopic:$aws/rules/bi_wifi_data_report/switchlink/B0E9FEC6718C/link_to_shadow
[2026-07-20 12:10:36.877] pData:BCD ff04000206a5d9fb7 0010B940B0E9FEC6718C48ca43a5b6dc0F09d3200a08973e4c000000000000ff0cfc00000000000000000000000000000000ff06
[2026-07-20 12:10:36.877] 
[2026-07-20 12:10:36.940] [0;32mI (259201929) chip[DL]: NVS set: chip-counters/total-hours = 222 (0xDE)[0m
[2026-07-20 12:10:36.940] 
[2026-07-20 12:10:38.273] [0;32mI (259203265) NL_LTPDU: BatchGet 3E0AE0494182: 6 eps, rsp=118 bytes[0m
[2026-07-20 12:10:38.273] 
[2026-07-20 12:10:38.319] [0;32mI (259203306) NL_LTPDU: BatchGet 6A76B95FD1DB: 6 eps, rsp=118 bytes[0m
[2026-07-20 12:10:38.319] 
[2026-07-20 12:10:38.366] [0;32mI (259203356) NL_LTPDU: BatchGet 85854B476379: 6 eps, rsp=118 bytes[0m
[2026-07-20 12:10:38.366] 
[2026-07-20 12:10:40.538] free heap: 6300440, minimum free heap: 6033104, Internal 8bit free heap: 72260, 8bit free heap: 6300440The current date/time is: Mon Jul 20 04:10:36 2026
[2026-07-20 12:10:40.538] 
[2026-07-20 12:10:40.538] 
[2026-07-20 12:10:43.162] Nanoleaf MQTT payload: {"msgType":"control","requestID":"513967e8-41a2-40f9-9800-13b84b05059b","deviceId":"880A64775B01","endpoint":"di","method":"GET","value":""}
[2026-07-20 12:10:43.162] 
[2026-07-20 12:10:43.208] [0;32mI (259208189) TASK_NL: [1] Cmd triggers reconnect for 880A64775B01 (→AUTH)[0m
[2026-07-20 12:10:43.208] [0;32mI (259208189) TASK_NL: ExecuteScan: trigger=cmd_reconnect[0m
[2026-07-20 12:10:43.208] 
[2026-07-20 12:10:46.297] [0;32mI (259211222) TASK_NL: Scan[0]: name=4D FEB8 ip=192.168.50.160 id=6A:76:B9:5F:D1:DB model=NL69 fw=12.3.6[0m
[2026-07-20 12:10:46.297] [0;32mI (259211223) TASK_NL: Scan[1]: name=Elements 88E6 ip=192.168.50.16 id=85:85:4B:47:63:79 model=NL52 fw=12.2.3[0m
[2026-07-20 12:10:46.297] [0;32mI (259211232) TASK_NL: Scan[2]: name=Lines B5D2 ip=192.168.50.201 id=3E:0A:E0:49:41:82 model=NL59 fw=12.2.3[0m
[2026-07-20 12:10:46.297] [0;32mI (259211243) TASK_NL: ExecuteScan: found 3 devices, publishing[0m
[2026-07-20 12:10:46.297] [0;32mI (259211269) NL_LTPDU: BatchGet 3E0AE0494182: 6 eps, rsp=118 bytes[0m
[2026-07-20 12:10:46.297] [0;32mI (259211286) NL_LTPDU: BatchGet 6A76B95FD1DB: 6 eps, rsp=118 bytes[0m
[2026-07-20 12:10:46.297] 
[2026-07-20 12:10:46.452] [0;32mI (259211344) NL_LTPDU: BatchGet 85854B476379: 6 eps, rsp=118 bytes[0m
[2026-07-20 12:10:46.452] pTopic:switchlink/B0E9FEC6718C/link_to_nanoleaf_property
[2026-07-20 12:10:46.452] pData:{"msgType":"online","deviceId":"880A64775B01","timestamp":1784520646,"online":false,"reason":"mdns_lost"}
[2026-07-20 12:10:46.452] pTopic:switchlink/B0E9FEC6718C/link_to_nanoleaf_maint
[2026-07-20 12:10:46.452] pData:{"msgType":"nanoleaf_scan","trigger":"cmd_reconnect","timestamp":1784520646,"managed":{"total":4,"devices":[{"deviceId":"3E0AE0494182","clientId":1,"state":"active","online":1},{"deviceId":"880A64775B01","clientId":1,"state":"auth","online":0},{"deviceId":"6A76B95FD1DB","clientId":5,"state":"active","online":1},{"deviceId":"85854B476379","clientId":1,"state":"active","online":1}]},"devices":[{"deviceId":"6A:76:B9:5F:D1:DB","ip":"192.168.50.160","port":12566,"model":"NL69","firmware":"12.3.6"},{"deviceId":"85:85:4B:47:63:79","ip":"192.168.50.16","port":12566,"model":"NL52","firmware":"12.2.3"},{"deviceId":"3E:0A:E0:49:41:82","ip":"192.168.50.201","port":12566,"model":"NL59","firmware":"12.2.3"}]}
[2026-07-20 12:10:46.452] pTopic:switchlink/B0E9FEC6718C/link_to_nanoleaf_func_resp
[2026-07-20 12:10:46.452] pData:{"msgType":"respond","requestID":"513967e8-41a2-40f9-9800-13b84b05059b","deviceId":"880A64775B01","success":false,"errorCode":2,"errorMsg":"device_not_connected"}
[2026-07-20 12:10:46.452] 
[2026-07-20 12:10:48.579] free heap: 6299996, minimum free heap: 6033104, Internal 8bit free heap: 72104, 8bit free heap: 6299996The current date/time is: Mon Jul 20 04:10:44 2026
[2026-07-20 12:10:48.579] 
[2026-07-20 12:10:48.579] 
[2026-07-20 12:10:51.476] [0;32mI (259216474) NL_LTPDU: BatchGet 3E0AE0494182: 6 eps, rsp=118 bytes[0m
[2026-07-20 12:10:51.476] 
[2026-07-20 12:10:52.174] [0;32mI (259217163) NL_LTPDU: BatchGet 6A76B95FD1DB: 6 eps, rsp=118 bytes[0m
[2026-07-20 12:10:52.174] 
[2026-07-20 12:10:52.297] [0;32mI (259217291) NL_LTPDU: BatchGet 85854B476379: 6 eps, rsp=118 bytes[0m
[2026-07-20 12:10:52.297] 
[2026-07-20 12:10:53.550] Nanoleaf MQTT payload: {"msgType":"control","requestID":"16ea4ffa-f282-43f2-a8c3-a1cf68eaabb9","deviceId":"880A64775B01","endpoint":"di","method":"GET","value":""}
[2026-07-20 12:10:53.550] 
[2026-07-20 12:10:53.736] pTopic:switchlink/B0E9FEC6718C/link_to_nanoleaf_func_resp
[2026-07-20 12:10:53.736] pData:{"msgType":"respond","requestID":"16ea4ffa-f282-43f2-a8c3-a1cf68eaabb9","deviceId":"880A64775B01","success":false,"errorCode":2,"errorMsg":"device_not_connected"}
[2026-07-20 12:10:53.736] 
[2026-07-20 12:10:56.582] free heap: 6246576, minimum free heap: 6033104, Internal 8bit free heap: 71972, 8bit free heap: 6246576The current date/time is: Mon Jul 20 04:10:52 2026
[2026-07-20 12:10:56.582] 
[2026-07-20 12:10:56.582] [0;32mI (259221575) NL_LTPDU: BatchGet 3E0AE0494182: 6 eps, rsp=118 bytes[0m
[2026-07-20 12:10:56.582] 
[2026-07-20 12:10:56.645] [0;32mI (259221629) NL_LTPDU: BatchGet 6A76B95FD1DB: 6 eps, rsp=118 bytes[0m
[2026-07-20 12:10:56.645] 
[2026-07-20 12:10:56.690] [0;32mI (259221686) NL_LTPDU: BatchGet 85854B476379: 6 eps, rsp=118 bytes[0m
[2026-07-20 12:10:56.690] 
[2026-07-20 12:10:59.775] [0;31mE (259224763) NL_LTPDU: CISS: connect 192.168.50.119:12566 failed: errno=104[0m
[2026-07-20 12:10:59.775] [0;33mW (259224763) TASK_NL: [1] CISS connect TCP fail, skip SRP → yield[0m
[2026-07-20 12:10:59.775] [0;33mW (259224767) TASK_NL: [1] Auth failed (err=3, retry=1/3)[0m
[2026-07-20 12:10:59.775] 
[2026-07-20 12:11:00.007] [0;31mE (259224986) NL_LTPDU: CISS: connect 192.168.50.119:12566 failed: errno=104[0m
[2026-07-20 12:11:00.007] [0;33mW (259224986) TASK_NL: [1] CISS connect TCP fail, skip SRP → yield[0m
[2026-07-20 12:11:00.007] [0;33mW (259224990) TASK_NL: [1] Auth failed (err=3, retry=2/3)[0m
[2026-07-20 12:11:00.007] 
[2026-07-20 12:11:00.486] Nanoleaf MQTT payload: {"msgType":"control","requestID":"c7d48af2-9fb5-488c-8d53-61db4a5de349","deviceId":"880A64775B01","endpoint":"di","method":"GET","value":""}
[2026-07-20 12:11:00.486] 
[2026-07-20 12:11:00.579] [0;32mI (259225565) TASK_NL: [1] Cmd triggers reconnect for 880A64775B01 (→AUTH)[0m
[2026-07-20 12:11:00.579] [0;32mI (259225565) TASK_NL: ExecuteScan: trigger=cmd_reconnect[0m
[2026-07-20 12:11:00.579] 
[2026-07-20 12:11:01.076] [0;32mI (259226060) ROUTE_HOOK: Ignore invalid ICMP packet[0m
[2026-07-20 12:11:01.076] 
[2026-07-20 12:11:01.681] [0;32mI (259226676) ROUTE_HOOK: Received RIO[0m
[2026-07-20 12:11:01.681] [0;32mI (259226676) ROUTE_HOOK: prefix FDEA:C98F:38B2:1:: lifetime 1800[0m
[2026-07-20 12:11:01.681] 
[2026-07-20 12:11:03.143] uart: 130 AT+BCDS ff04000206a5d9fd2 0010B940B0E9FEC6718C48ca43a5b6dc0F09d4200a08973e4c000000000000ff0cfb00000000000000000000000000000000ff27
[2026-07-20 12:11:03.143] 
[2026-07-20 12:11:03.143] 
[2026-07-20 12:11:03.143] 
[2026-07-20 12:11:03.235] pTopic:$aws/rules/bi_wifi_data_report/switchlink/B0E9FEC6718C/link_to_shadow
[2026-07-20 12:11:03.235] pData:BCD ff04000206a5d9fd2 0010B940B0E9FEC6718C48ca43a5b6dc0F09d4200a08973e4c000000000000ff0cfb00000000000000000000000000000000ff27
[2026-07-20 12:11:03.235] 
[2026-07-20 12:11:03.653] [0;32mI (259228622) TASK_NL: Scan[0]: name=Lines B5D2 ip=192.168.50.201 id=3E:0A:E0:49:41:82 model=NL59 fw=12.2.3[0m
[2026-07-20 12:11:03.653] [0;32mI (259228623) TASK_NL: Scan[1]: name=Elements 88E6 ip=192.168.50.16 id=85:85:4B:47:63:79 model=NL52 fw=12.2.3[0m
[2026-07-20 12:11:03.653] [0;32mI (259228633) TASK_NL: Scan[2]: name=4D FEB8 ip=192.168.50.160 id=6A:76:B9:5F:D1:DB model=NL69 fw=12.3.6[0m
[2026-07-20 12:11:03.653] [0;32mI (259228643) TASK_NL: ExecuteScan: found 3 devices, publishing[0m
[2026-07-20 12:11:03.653] 
[2026-07-20 12:11:03.699] [0;32mI (259228684) NL_LTPDU: BatchGet 3E0AE0494182: 6 eps, rsp=118 bytes[0m
[2026-07-20 12:11:03.699] 
[2026-07-20 12:11:03.962] [0;32mI (259228827) NL_LTPDU: BatchGet 6A76B95FD1DB: 6 eps, rsp=118 bytes[0m
[2026-07-20 12:11:03.962] pTopic:switchlink/B0E9FEC6718C/link_to_nanoleaf_property
[2026-07-20 12:11:03.962] pData:{"msgType":"online","deviceId":"880A64775B01","timestamp":1784520663,"online":false,"reason":"mdns_lost"}
[2026-07-20 12:11:03.962] pTopic:switchlink/B0E9FEC6718C/link_to_nanoleaf_maint
[2026-07-20 12:11:03.962] pData:{"msgType":"nanoleaf_scan","trigger":"cmd_reconnect","timestamp":1784520663,"managed":{"total":4,"devices":[{"deviceId":"3E0AE0494182","clientId":1,"state":"active","online":1},{"deviceId":"880A64775B01","clientId":1,"state":"auth","online":0},{"deviceId":"6A76B95FD1DB","clientId":5,"state":"active","online":1},{"deviceId":"85854B476379","clientId":1,"state":"active","online":1}]},"devices":[{"deviceId":"3E:0A:E0:49:41:82","ip":"192.168.50.201","port":12566,"model":"NL59","firmware":"12.2.3"},{"deviceId":"85:85:4B:47:63:79","ip":"192.168.50.16","port":12566,"model":"NL52","firmware":"12.2.3"},{"deviceId":"6A:76:B9:5F:D1:DB","ip":"192.168.50.160","port":12566,"model":"NL69","firmware":"12.3.6"}]}
[2026-07-20 12:11:03.962] [0;32mI (259228866) NL_LTPDU: BatchGet 85854B476379: 6 eps, rsp=118 bytes[0m
[2026-07-20 12:11:03.962] pTopic:switchlink/B0E9FEC6718C/link_to_nanoleaf_func_resp
[2026-07-20 12:11:03.962] pData:{"msgType":"respond","requestID":"c7d48af2-9fb5-488c-8d53-61db4a5de349","deviceId":"880A64775B01","success":false,"errorCode":2,"errorMsg":"device_not_connected"}
[2026-07-20 12:11:03.962] [0;31mE (259228936) NL_LTPDU: CISS: connect 192.168.50.119:12566 failed: errno=104[0m
[2026-07-20 12:11:03.962] [0;33mW (259228939) TASK_NL: [1] CISS connect TCP fail, skip SRP → yield[0m
[2026-07-20 12:11:03.962] [0;33mW (259228946) TASK_NL: [1] Auth failed (err=3, retry=1/3)[0m
[2026-07-20 12:11:03.962] 
[2026-07-20 12:11:04.102] [0;31mE (259229090) NL_LTPDU: CISS: connect 192.168.50.119:12566 failed: errno=104[0m
[2026-07-20 12:11:04.102] [0;33mW (259229091) TASK_NL: [1] CISS connect TCP fail, skip SRP → yield[0m
[2026-07-20 12:11:04.102] [0;33mW (259229094) TASK_NL: [1] Auth failed (err=3, retry=2/3)[0m
[2026-07-20 12:11:04.102] 
[2026-07-20 12:11:04.380] app_to_link:BCD 2004590407db86425 0010b940B0E9FEC6718C2a570f560f0700000000000000000000000000000000
[2026-07-20 12:11:04.380] uart: 40 AT+BCDI 200459010 0010b940B0E9FEC6718C01
[2026-07-20 12:11:04.380] 
[2026-07-20 12:11:04.380] 
[2026-07-20 12:11:04.380] 
[2026-07-20 12:11:04.580] pTopic:switchlink/B0E9FEC6718C/link_to_app
[2026-07-20 12:11:04.580] pData:BCD 200459010 0010b940B0E9FEC6718C01
[2026-07-20 12:11:04.580] free heap: 6298924, minimum free heap: 6033104, Internal 8bit free heap: 72092, 8bit free heap: 6298924The current date/time is: Mon Jul 20 04:11:00 2026
[2026-07-20 12:11:04.580] 
[2026-07-20 12:11:04.580] 
[2026-07-20 12:11:08.805] [0;32mI (259233800) NL_LTPDU: BatchGet 3E0AE0494182: 6 eps, rsp=118 bytes[0m
[2026-07-20 12:11:08.805] 
[2026-07-20 12:11:09.007] [0;32mI (259233976) NL_LTPDU: BatchGet 6A76B95FD1DB: 6 eps, rsp=118 bytes[0m
[2026-07-20 12:11:09.007] [0;32mI (259234001) NL_LTPDU: BatchGet 85854B476379: 6 eps, rsp=118 bytes[0m
[2026-07-20 12:11:09.007] 
[2026-07-20 12:11:10.282] Nanoleaf MQTT payload: {"msgType":"control","requestID":"d4a1da59-07fa-49fb-952c-fe051e121f26","deviceId":"880A64775B01","endpoint":"di","method":"GET","value":""}
[2026-07-20 12:11:10.282] 
[2026-07-20 12:11:10.344] [0;32mI (259235334) TASK_NL: [1] Cmd triggers reconnect for 880A64775B01 (→AUTH)[0m
[2026-07-20 12:11:10.344] [0;32mI (259235334) TASK_NL: ExecuteScan: trigger=cmd_reconnect[0m
[2026-07-20 12:11:10.344] 
[2026-07-20 12:11:12.593] free heap: 6248816, minimum free heap: 6033104, Internal 8bit free heap: 72032, 8bit free heap: 6248816The current date/time is: Mon Jul 20 04:11:08 2026
[2026-07-20 12:11:12.593] 
[2026-07-20 12:11:12.593] 
[2026-07-20 12:11:13.492] [0;32mI (259238422) TASK_NL: Scan[0]: name=Elements 88E6 ip=192.168.50.16 id=85:85:4B:47:63:79 model=NL52 fw=12.2.3[0m
[2026-07-20 12:11:13.492] [0;32mI (259238423) TASK_NL: Scan[1]: name=Lines B5D2 ip=192.168.50.201 id=3E:0A:E0:49:41:82 model=NL59 fw=12.2.3[0m
[2026-07-20 12:11:13.492] [0;32mI (259238432) TASK_NL: Scan[2]: name=4D FEB8 ip=192.168.50.160 id=6A:76:B9:5F:D1:DB model=NL69 fw=12.3.6[0m
[2026-07-20 12:11:13.492] [0;32mI (259238443) TASK_NL: ExecuteScan: found 3 devices, publishing[0m
[2026-07-20 12:11:13.492] [0;31mE (259238469) NL_LTPDU: CISS: connect 192.168.50.119:12566 failed: errno=104[0m
[2026-07-20 12:11:13.492] [0;33mW (259238469) TASK_NL: [1] CISS connect TCP fail, skip SRP → yield[0m
[2026-07-20 12:11:13.492] [0;33mW (259238473) TASK_NL: [1] Auth failed (err=3, retry=1/3)[0m
[2026-07-20 12:11:13.492] 
[2026-07-20 12:11:13.725] pTopic:switchlink/B0E9FEC6718C/link_to_nanoleaf_property
[2026-07-20 12:11:13.725] pData:{"msgType":"online","deviceId":"880A64775B01","timestamp":1784520673,"online":false,"reason":"mdns_lost"}
[2026-07-20 12:11:13.725] pTopic:switchlink/B0E9FEC6718C/link_to_nanoleaf_maint
[2026-07-20 12:11:13.725] pData:{"msgType":"nanoleaf_scan","trigger":"cmd_reconnect","timestamp":1784520673,"managed":{"total":4,"devices":[{"deviceId":"3E0AE0494182","clientId":1,"state":"active","online":1},{"deviceId":"880A64775B01","clientId":1,"state":"auth","online":0},{"deviceId":"6A76B95FD1DB","clientId":5,"state":"active","online":1},{"deviceId":"85854B476379","clientId":1,"state":"active","online":1}]},"devices":[{"deviceId":"85:85:4B:47:63:79","ip":"192.168.50.16","port":12566,"model":"NL52","firmware":"12.2.3"},{"deviceId":"3E:0A:E0:49:41:82","ip":"192.168.50.201","port":12566,"model":"NL59","firmware":"12.2.3"},{"deviceId":"6A:76:B9:5F:D1:DB","ip":"192.168.50.160","port":12566,"model":"NL69","firmware":"12.3.6"}]}
[2026-07-20 12:11:13.725] pTopic:switchlink/B0E9FEC6718C/link_to_nanoleaf_func_resp
[2026-07-20 12:11:13.725] pData:{"msgType":"respond","requestID":"d4a1da59-07fa-49fb-952c-fe051e121f26","deviceId":"880A64775B01","success":false,"errorCode":2,"errorMsg":"device_not_connected"}
[2026-07-20 12:11:13.725] 
[2026-07-20 12:11:13.850] [0;31mE (259238826) NL_LTPDU: CISS: connect 192.168.50.119:12566 failed: errno=104[0m
[2026-07-20 12:11:13.850] [0;33mW (259238826) TASK_NL: [1] CISS connect TCP fail, skip SRP → yield[0m
[2026-07-20 12:11:13.850] [0;33mW (259238830) TASK_NL: [1] Auth failed (err=3, retry=2/3)[0m
[2026-07-20 12:11:13.850] 
[2026-07-20 12:11:13.927] [0;32mI (259238918) NL_LTPDU: BatchGet 3E0AE0494182: 6 eps, rsp=118 bytes[0m
[2026-07-20 12:11:13.927] 
[2026-07-20 12:11:14.051] [0;32mI (259239037) NL_LTPDU: BatchGet 6A76B95FD1DB: 6 eps, rsp=118 bytes[0m
[2026-07-20 12:11:14.051] 
[2026-07-20 12:11:14.113] [0;32mI (259239105) NL_LTPDU: BatchGet 85854B476379: 6 eps, rsp=118 bytes[0m
[2026-07-20 12:11:14.113] 
[2026-07-20 12:11:19.212] [0;32mI (259244200) NL_LTPDU: BatchGet 3E0AE0494182: 6 eps, rsp=118 bytes[0m
[2026-07-20 12:11:19.212] 
[2026-07-20 12:11:19.320] [0;32mI (259244305) NL_LTPDU: BatchGet 6A76B95FD1DB: 6 eps, rsp=118 bytes[0m
[2026-07-20 12:11:19.320] 
[2026-07-20 12:11:19.367] [0;32mI (259244352) NL_LTPDU: BatchGet 85854B476379: 6 eps, rsp=118 bytes[0m
[2026-07-20 12:11:19.367] 
[2026-07-20 12:11:20.143] uart: 11 AT+MOTION 0
[2026-07-20 12:11:20.143] 
[2026-07-20 12:11:20.143] 
[2026-07-20 12:11:20.143] btn on press
[2026-07-20 12:11:20.143] uart: 130 AT+BCDS ff04000206a5d9fe3 0010B940B0E9FEC6718C48ca43a5b6dc0F09d5000a08973e4c000000000000ff0cfd00000000000000000000000000000000ff07
[2026-07-20 12:11:20.143] 
[2026-07-20 12:11:20.143] 
[2026-07-20 12:11:20.143] 
[2026-07-20 12:11:20.189] pTopic:$aws/rules/bi_wifi_data_report/switchlink/B0E9FEC6718C/link_to_shadow
[2026-07-20 12:11:20.189] pData:BCD ff04000206a5d9fe3 0010B940B0E9FEC6718C48ca43a5b6dc0F09d5000a08973e4c000000000000ff0cfd00000000000000000000000000000000ff07
[2026-07-20 12:11:20.189] 
[2026-07-20 12:11:20.299] Nanoleaf MQTT payload: {"msgType":"control","requestID":"46e3bbc0-b72b-4a14-8fb7-469ed744e4b3","deviceId":"880A64775B01","endpoint":"di","method":"GET","value":""}
[2026-07-20 12:11:20.299] [0;32mI (259245284) TASK_NL: [1] Cmd triggers reconnect for 880A64775B01 (→AUTH)[0m
[2026-07-20 12:11:20.299] [0;32mI (259245288) TASK_NL: ExecuteScan: trigger=cmd_reconnect[0m
[2026-07-20 12:11:20.299] 
[2026-07-20 12:11:20.592] free heap: 6247688, minimum free heap: 6033104, Internal 8bit free heap: 71996, 8bit free heap: 6247688The current date/time is: Mon Jul 20 04:11:16 2026
[2026-07-20 12:11:20.592] 
[2026-07-20 12:11:20.592] 
[2026-07-20 12:11:23.371] [0;32mI (259248322) TASK_NL: Scan[0]: name=4D FEB8 ip=192.168.50.160 id=6A:76:B9:5F:D1:DB model=NL69 fw=12.3.6[0m
[2026-07-20 12:11:23.371] [0;32mI (259248323) TASK_NL: Scan[1]: name=Shapes 2201 ip=192.168.50.119 id=88:0A:64:77:5B:01 model=NL42 fw=12.2.0[0m
[2026-07-20 12:11:23.371] [0;32mI (259248332) TASK_NL: Scan[2]: name=Elements 88E6 ip=192.168.50.16 id=85:85:4B:47:63:79 model=NL52 fw=12.2.3[0m
[2026-07-20 12:11:23.371] [0;32mI (259248343) TASK_NL: Scan[3]: name=Lines B5D2 ip=192.168.50.201 id=3E:0A:E0:49:41:82 model=NL59 fw=12.2.3[0m
[2026-07-20 12:11:23.371] [0;32mI (259248354) TASK_NL: ExecuteScan: found 4 devices, publishing[0m
[2026-07-20 12:11:23.371] 
[2026-07-20 12:11:23.526] pTopic:switchlink/B0E9FEC6718C/link_to_nanoleaf_property
[2026-07-20 12:11:23.526] pData:{"msgType":"online","deviceId":"880A64775B01","timestamp":1784520683,"online":false,"reason":"mdns_lost"}
[2026-07-20 12:11:23.526] pTopic:switchlink/B0E9FEC6718C/link_to_nanoleaf_maint
[2026-07-20 12:11:23.526] pData:{"msgType":"nanoleaf_scan","trigger":"cmd_reconnect","timestamp":1784520683,"managed":{"total":4,"devices":[{"deviceId":"3E0AE0494182","clientId":1,"state":"active","online":1},{"deviceId":"880A64775B01","clientId":1,"state":"auth","online":0},{"deviceId":"6A76B95FD1DB","clientId":5,"state":"active","online":1},{"deviceId":"85854B476379","clientId":1,"state":"active","online":1}]},"devices":[{"deviceId":"6A:76:B9:5F:D1:DB","ip":"192.168.50.160","port":12566,"model":"NL69","firmware":"12.3.6"},{"deviceId":"88:0A:64:77:5B:01","ip":"192.168.50.119","port":12566,"model":"NL42","firmware":"12.2.0"},{"deviceId":"85:85:4B:47:63:79","ip":"192.168.50.16","port":12566,"model":"NL52","firmware":"12.2.3"},{"deviceId":"3E:0A:E0:49:41:82","ip":"192.168.50.201","port":12566,"model":"NL59","firmware":"12.2.3"}]}
[2026-07-20 12:11:23.526] [0;32mI (259248440) NL_LTPDU: CISS: recovered session to 192.168.50.119 (counter=429, ver=V3.0)[0m
[2026-07-20 12:11:23.526] pTopic:switchlink/B0E9FEC6718C/link_to_nanoleaf_func_resp
[2026-07-20 12:11:23.526] pData:{"msgType":"respond","requestID":"46e3bbc0-b72b-4a14-8fb7-469ed744e4b3","deviceId":"880A64775B01","success":false,"errorCode":2,"errorMsg":"device_not_connected"}
[2026-07-20 12:11:23.526] 
[2026-07-20 12:11:23.571] [0;33mW (259248560) TASK_NL: [1] CISS verify failed (err=9), fallback SRP[0m
[2026-07-20 12:11:23.571] [0;32mI (259248560) NL_LTPDU: SRP reconnect: device=Shapes 2201 clientId=1[0m
[2026-07-20 12:11:23.571] 
[2026-07-20 12:11:23.602] [0;32mI (259248598) NL_LTPDU:   pubA[0:4]=7E0D1557[0m
[2026-07-20 12:11:23.602] 
[2026-07-20 12:11:23.680] [0;32mI (259248664) NL_LTPDU: TCP connected to 192.168.50.119:12566[0m
[2026-07-20 12:11:23.680] 
[2026-07-20 12:11:23.945] [0;32mI (259248931) NL_LTPDU: BatchGet 3E0AE0494182: 6 eps, rsp=118 bytes[0m
[2026-07-20 12:11:23.945] 
[2026-07-20 12:11:24.876] [0;32mI (259249846) NL_LTPDU:   step1 rsp: salt len=4, salt[0:4]=CFC9C708[0m
[2026-07-20 12:11:24.876] [0;32mI (259249846) NL_LTPDU:   step1 rsp: B[0:4]=96B9C212, B len=256[0m
[2026-07-20 12:11:24.876] [0;32mI (259249849) NL_LTPDU:   session_version: len=0 val=FFFF[0m
[2026-07-20 12:11:24.876] [0;32mI (259249855) NL_SRP:   k[0:8]=4CBA3FB2923E01FB[0m
[2026-07-20 12:11:24.876] [0;32mI (259249860) NL_SRP:   szA=256, szB=256[0m
[2026-07-20 12:11:24.876] [0;32mI (259249865) NL_SRP:   u[0:8]=A0C79D34FF26F002[0m
[2026-07-20 12:11:24.876] [0;32mI (259249870) NL_SRP:   x[0:8]=263F546B39BE2883[0m
[2026-07-20 12:11:24.876] 
[2026-07-20 12:11:25.016] [0;32mI (259249969) NL_SRP: SrpComputeSecret OK[0m
[2026-07-20 12:11:25.016] [0;32mI (259249969) NL_LTPDU:   SrpComputeSecret OK[0m
[2026-07-20 12:11:25.016] [0;33mW (259250000) NL_LTPDU: SRP auth done: iSock=58 (fd assigned)[0m
[2026-07-20 12:11:25.016] [0;32mI (259250000) NL_LTPDU:   using session ver: V3.0[0m
[2026-07-20 12:11:25.016] [0;32mI (259250001) NL_LTPDU: SRP token reconnect OK, ClientId=1[0m
[2026-07-20 12:11:25.016] [0;32mI (259250007) TASK_NL: [1] Auth OK → ACTIVE (192.168.50.119)[0m
[2026-07-20 12:11:25.016] 
[2026-07-20 12:11:25.155] pTopic:switchlink/B0E9FEC6718C/link_to_nanoleaf_property
[2026-07-20 12:11:25.155] pData:{"msgType":"online","deviceId":"880A64775B01","timestamp":1784520684,"online":true,"reason":"srp_connected"}
[2026-07-20 12:11:25.155] 
[2026-07-20 12:11:25.558] [0;32mI (259250556) NL_LTPDU: BatchGet 6A76B95FD1DB: 6 eps, rsp=118 bytes[0m
[2026-07-20 12:11:25.558] 
[2026-07-20 12:11:25.742] [0;32mI (259250738) NL_LTPDU: BatchGet 85854B476379: 6 eps, rsp=118 bytes[0m
[2026-07-20 12:11:25.742] 
[2026-07-20 12:11:26.081] [0;32mI (259251066) NL_LTPDU: BatchGet 880A64775B01: 6 eps, rsp=123 bytes[0m
[2026-07-20 12:11:26.081] [0;32mI (259251067) TASK_NL: [1] Status changed: on=1 br=49 ct=2187 hu=0 sa=0 eff="我的涂鸦"[0m
[2026-07-20 12:11:26.081] 
[2026-07-20 12:11:26.174] pTopic:switchlink/B0E9FEC6718C/link_to_nanoleaf_property
[2026-07-20 12:11:26.174] pData:{"msgType":"status","deviceId":"880A64775B01","timestamp":1784520686,"endpoints":[{"endpoint":"lb/0/oo","value":true},{"endpoint":"lb/0/pb","value":49},{"endpoint":"lb/0/ct","value":2187},{"endpoint":"lb/0/hu","value":0},{"endpoint":"lb/0/sa","value":0},{"endpoint":"effect/select","value":"我的涂鸦"}]}
[2026-07-20 12:11:26.174] 
[2026-07-20 12:11:28.006] Nanoleaf MQTT payload: {"msgType":"control","requestID":"0a6a0c15-3f31-429c-9c76-8dd46382e0b6","deviceId":"880A64775B01","endpoint":"ci","method":"POST","value":"{\"version\":\"2.0\",\"command\":\"requestAll\"}"}
[2026-07-20 12:11:28.006] 
[2026-07-20 12:11:28.084] [0;32mI (259253071) NL_LTPDU: SendCmd POST → 880A64775B01 ep=ci[0m
[2026-07-20 12:11:28.084] 
[2026-07-20 12:11:28.598] free heap: 6147952, minimum free heap: 6033104, Internal 8bit free heap: 71836, 8bit free heap: 6147952The current date/time is: Mon Jul 20 04:11:24 2026
[2026-07-20 12:11:28.598] 
[2026-07-20 12:11:28.598] 
[2026-07-20 12:11:29.828] [0;32mI (259253945) TASK_NL: [1] Cmd rsp(11617): {"animations":[{"version":"2.0","animName":"1","animType":"static","animData":"1 44637 1 52 198 89 0 20","palette":[{"hue":135,"saturation":74,"brightness":78,"probability":0.0}],"colorType":"HSB","logicalPanelsEnabled":true},{"version":"2.0","animName":"123","animType":"static","animData":"2 41127 1 254 203 0 0 20 44637 1 52 198 89 0 20","palette":[{"hue":48,"saturation":100,"brightness":100,"probability":0.0},{"hue":135,"saturation":74,"brightness":78,"probability":0.0}],"colorType":"HSB","logicalPanelsEnabled":true},{"version":"2.0","animName":"ABC","animType":"plugin","colorType":"HSB","palette":[{"hue":3,"saturation":81,"brightness":100,"probability":0.0},{"hue":135,"saturation":74,"brightness":78,"probability":0.0},{"hue":211,"saturation":100,"brightness":100,"probability":0.0}],"pluginType":"color","pluginUuid":"b3fd723a-aae8-4c99-bf2b-087159e0ef53","rhythmFeatureSource":1,"pluginOptions":[{"name":"delayTime","value":0},{"name":"loop","value":true},{"name":"transTime","value":90}],"hasOverlay":false,"logicalPanelsEnabled":true},{"version":"2.0","animName":"Blaze","animType":"plugin","colorType":"HSB","palette":[{"hue":36,"saturation":92,"brightness":92,"probability":0.0},{"hue":28,"saturation":93,"brightness":74,"probability":0.0},{"hue":29,"saturation":93,"brightness":52,"probability":0.0}],"pluginType":"color","pluginUuid":"ba632d3e-9c2b-4413-a965-510c839b3f71","rhythmFeatureSource":1,"pluginOptions":[{"name":"delayTime","value":0},{"name":"transTime","value":20}],"hasOverlay":false,"logicalPanelsEnabled":true},{"version":"2.0","animName":"Cocoa Beach","animType":"plugin","colorType":"HSB","palette":[{"hue":192,"saturation":22,"brightness":73,"probability":0.0},{"hue":191,"saturation":20,"brightness":87,"probability":0.0},{"hue":0,"saturation":0,"brightness":100,"probability":0.0},{"hue":30,"saturation":53,"brightness":90,"probability":0.0},{"hue":25,"saturation":60,"brightness":61,"probability":0.0},{"hue":20,"saturation":52,"brightness":35,"probability":0.0}],"pluginType":"color","pluginUuid":"70b7c636-6bf8-491f-89c1-f4103508d642","rhythmFeatureSource":1,"pluginOptions":[{"name":"delayTime","value":0},{"name":"mainColorProb","value":20.989999344348904},{"name":"transTime","value":24}],"hasOverlay":false,"logicalPanelsEnabled":true},{"version":"2.0","animName":"Cotton Candy","animType":"plugin","colorType":"HSB","palette":[{"hue":182,"saturation":17,"brightness":100,"probability":0.0},{"hue":187,"saturation":21,"brightness":89,"probability":0.0},{"hue":201,"saturation":64,"brightness":96,"probability":0.0},{"hue":18,"saturation":55,"brightness":95,"probability":0.0},{"hue":46,"saturation":33,"brightness":98,"probability":0.0}],"pluginType":"rhythm","pluginUuid":"30018343-7587-4152-8d97-1c349ccc3e68","rhythmFeatureSource":1,"pluginOptions":[{"name":"transTime","value":24}],"hasOverlay":false,"logicalPanelsEnabled":true},{"version":"2.0","animName":"Date Night","animType":"plugin","colorType":"HSB","palette":[{"hue":10,"saturation":40,"brightness":98,"probability":0.0},{"hue":13,"saturation":12,"brightness":100,"probability":0.0},{"hue":348,"saturation":79,"brightness":54,"probability":0.0},{"hue":10,"saturation":56,"brightness":74,"probability":0.0}],"pluginType":"color","pluginUuid":"ba632d3e-9c2b-4413-a965-510c839b3f71","rhythmFeatureSource":1,"pluginOptions":[{"name":"delayTime","value":0},{"name":"transTime","value":24}],"hasOverlay":false,"logicalPanelsEnabled":true},{"version":"2.0","animName":"Hh","animType":"plugin","colorType":"HSB","palette":[{"hue":3,"saturation":81,"brightness":100,"probability":0.0},{"hue":135,"saturation":74,"brightness":78,"probability":0.0},{"hue":211,"saturation":100,"brightness":100,"probability":0.0}],"pluginType":"color","pluginUuid":"a2f3fcdc-dbe2-45cf-ac8b-2a9e5144ac24","rhythmFeatureSource":1,"pluginOptions":[{"name":"delayTime","value":8},{"name":"loop","value":true},{"name":"transTime","value":8}],"hasOverlay":false,"logicalPanelsEnabled":true},{"version":"2.0","animName":"Hip Hop","animType":"plugin","colorType":"HSB","palette":[{"hue":307,"saturation":100,"brightness":100,"probability":0.0},{"hue":291,"saturation":100,"brightness":100,"probability":0.0},{"hue":270,"saturation":100,"brightness":100,"probability":0.0},{"hue":248,"saturation":100,"brightness":100,"probability":0.0},{"hue":206,"saturation":100,"brightness":100,"probability":0.0}],"pluginType":"rhythm","pluginUuid":"5cec763a-6f32-45cf-a691-b81e176b6b4a","rhythmFeatureSource":1,"hasOverlay":false,"logicalPanelsEnabled":true},{"version":"2.0","animName":"Hot Sauce","animType":"plugin","colorType":"HSB","palette":[{"hue":0,"saturation":100,"brightness":89,"probability":0.0},{"hue":27,"saturation":100,"brightness":100,"probability":0.0}],"pluginType":"rhythm","pluginUuid":"60333927-cc36-4a5a-a682-9bd114de8bff","rhythmFeatureSource":1,"hasOverlay":false,"logicalPanelsEnabled":true},{"version":"2.0","animName":"Jungle","animType":"plugin","colorType":"HSB","palette":[{"hue":70,"saturation":25,"brightness":100,"probability":0.0},{"hue":104,"saturation":36,"brightness":69,"probability":0.0},{"hue":82,"saturation":66,"brightness":100,"probability":0.0},{"hue":90,"saturation":100,"brightness":33,"probability":0.0}],"pluginType":"color","pluginUuid":"ba632d3e-9c2b-4413-a965-510c839b3f71","rhythmFeatureSource":1,"pluginOptions":[{"name":"delayTime","value":0},{"name":"transTime","value":15}],"hasOverlay":false,"logicalPanelsEnabled":true},{"version":"2.0","animName":"Kk","animType":"static","animData":"2 44637 1 0 0 0 0 20 30927 1 254 0 0 0 20","palette":[{"hue":0,"saturation":0,"brightness":0,"probability":0.0},{"hue":0,"saturation":100,"brightness":100,"probability":0.0}],"colorType":"HSB","logicalPanelsEnabled":true},{"version":"2.0","animName":"Lightscape","animType":"plugin","colorType":"HSB","palette":[{"hue":158,"saturation":100,"brightness":100,"probability":0.0},{"hue":206,"saturation":100,"brightness":100,"probability":0.0},{"hue":273,"saturation":100,"brightness":100,"probability":0.0}],"pluginType":"color","pluginUuid":"027842e4-e1d6-4a4c-a731-be74a1ebd4cf","rhythmFeatureSource":1,"pluginOptions":[{"name":"delayTime","value":0},{"name":"linDirection","value":"up"},{"name":"loop","value":true},{"name":"transTime","value":24}],"hasOverlay":false,"logicalPanelsEnabled":true},{"version":"2.0","animName":"Morning Sky","animType":"plugin","colorType":"HSB","palette":[{"hue":193,"saturation":27,"brightness":94,"probability":0.0},{"hue":192,"saturation":9,"brightness":98,"probability":0.0},{"hue":0,"saturation":0,"brightness":100,"probability":0.0}],"pluginType":"color","pluginUuid":"713518c1-d560-47db-8991-de780af71d1e","rhythmFeatureSource":1,"pluginOptions":[{"name":"delayTime","value":0},{"name":"loop","value":true},{"name":"transTime","value":43}],"hasOverlay":false,"logicalPanelsEnabled":true},{"version":"2.0","animName":"Northern Lights","animType":"plugin","colorType":"HSB","palette":[{"hue":227,"saturation":100,"brightness":99,"probability":0.0},{"hue":182,"saturation":100,"brightness":100,"probability":0.0},{"hue":125,"saturation":100,"brightness":93,"probability":0.0},{"hue":62,"saturation":100,"brightness":100,"probability":0.0},{"hue":31,"saturation":100,"brightness":100,"probability":0.0},{"hue":2,"saturation":100,"brightness":100,"probability":0.0},{"hue":307,"saturation":100,"brightness":100,"probability":0.0}],"pluginType":"color","pluginUuid":"6970681a-20b5-4c5e-8813-bdaebc4ee4fa","rhythmFeatureSource":1,"pluginOptions":[{"name":"linDirection","value":"right"},{"name":"loop","value":true},{"name":"nColorsPerFrame","value":2},{"name":"transTime","value":20}],"hasOverlay":false,"logicalPanelsEnabled":true},{"version":"2.0","animName":"Pop Rocks","animType":"plugin","colorType":"HSB","palette":[{"hue":0,"saturation":0,"brightness":92,"probability":0.0},{"hue":186,"saturation":90,"brightness":94,"probability":0.0},{"hue":48,"saturation":77,"brightness":98,"probability":0.0},{"hue":180,"saturation":20,"brightness":94,"probability":0.0},{"hue":240,"saturation":100,"brightness":60,"probability":0.0}],"pluginType":"rhythm","pluginUuid":"bc6fe7e0-36d4-4f95-aa21-52a386daa9dc","rhythmFeatureSource":1,"hasOverlay":false,"logicalPanelsEnabled":true},{"version":"2.0","animName":"Prism","animType":"plugin","colorType":"HSB","palette":[{"hue":111,"saturation":96,"brightness":100,"probability":0.0},{"hue":58,"saturation":100,"brightness":98,"probability":0.0},{"hue":36,"saturation":96,"brightness":98,"probability":0.0},{"hue":295,"saturation":100,"brightness":98,"probability":0.0},{"hue":1,"saturation":96,"brightness":98,"probability":0.0},{"hue":222,"saturation":87,"brightness":98,"probability":0.0}],"pluginType":"rhythm","pluginUuid":"fa0ce428-ad3a-40a9-84e4-1c9316644852","rhythmFeatureSource":1,"hasOverlay":false,"logicalPanelsEnabled":true},{"version":"2.0","animName":"Starlight","animType":"plugin","colorType":"HSB","palette":[{"hue":224,"saturation":74,"brightness":56,"probability":0.0},{"hue":214,"saturation":53,"brightness":67,"probability":0.0},{"hue":57,"saturation":28,"brightness":81,"probability":0.0},{"hue":47,"saturation":84,"brightness":83,"probability":0.0}],"pluginType":"color","pluginUuid":"70b7c636-6bf8-491f-89c1-f4103508d642","rhythmFeatureSource":1,"pluginOptions":[{"name":"delayTime","value":15},{"name":"mainColorProb","value":79.99},{"name":"transTime","value":24}],"hasOverlay":false,"logicalPanelsEnabled":true},{"version":"2.0","animName":"Sundown","animType":"plugin","colorType":"HSB","palette":[{"hue":352,"saturation":95,"brightness":100,"probability":0.0},{"hue":30,"saturation":100,"brightness":100,"probability":0.0},{"hue":43,"saturation":83,"brightness":100,"probability":0.0}],"pluginType":"color","pluginUuid":"6970681a-20b5-4c5e-8813-bdaebc4ee4fa","rhythmFeatureSource":1,"pluginOptions":[{"name":"linDirection","value":"down"},{"name":"loop","value":true},{"name":"nColorsPerFrame","value":3},{"name":"transTime","value":24}],"hasOverlay":false,"logicalPanelsEnabled":true},{"version":"2.0","animName":"Vibrant Sunrise","animType":"plugin","colorType":"HSB","palette":[{"hue":254,"saturation":100,"brightness":34,"probability":0.0},{"hue":261,"saturation":100,"brightness":28,"probability":0.0},{"hue":6,"saturation":100,"brightne
[2026-07-20 12:11:30.759] ss":40,"probability":0.0},{"hue":6,"saturation":100,"brightness":68,"probability":0.0},{"hue":14,"saturation":100,"brightness":79,"probability":0.0},{"hue":25,"saturation":100,"brightness":93,"probability":0.0},{"hue":34,"saturation":100,"brightness":100,"probability":0.0},{"hue":52,"saturation":100,"brightness":100,"probability":0.0},{"hue":0,"saturation":0,"brightness":100,"probability":0.0}],"pluginType":"color","pluginUuid":"027842e4-e1d6-4a4c-a731-be74a1ebd4cf","rhythmFeatureSource":1,"pluginOptions":[{"name":"delayTime","value":0},{"name":"linDirection","value":"right"},{"name":"loop","value":false},{"name":"transTime","value":24}],"hasOverlay":false,"logicalPanelsEnabled":true},{"version":"2.0","animName":"Waterfall","animType":"plugin","colorType":"HSB","palette":[{"hue":0,"saturation":0,"brightness":100,"probability":0.0},{"hue":166,"saturation":36,"brightness":100,"probability":0.0},{"hue":220,"saturation":49,"brightness":100,"probability":0.0}],"pluginType":"rhythm","pluginUuid":"23e70ff4-458c-4852-826f-9315d89ee6ed","rhythmFeatureSource":1,"hasOverlay":false,"logicalPanelsEnabled":true},{"version":"2.0","animName":"我的涂鸦","animType":"static","animData":"2 41127 1 254 148 0 0 20 44637 1 254 148 0 0 20","palette":[{"hue":35,"saturation":100,"brightness":100,"probability":0.0}],"colorType":"HSB","logicalPanelsEnabled":true}]}[0m
[2026-07-20 12:11:30.759] [0;32mI (259254950) NL_MQTT: PublishRespondData: len=13409, pushing to MQTT queue[0m
[2026-07-20 12:11:30.759] [0;32mI (259254980) NL_LTPDU: BatchGet 3E0AE0494182: 6 eps, rsp=118 bytes[0m
[2026-07-20 12:11:30.759] [0;32mI (259255003) NL_LTPDU: BatchGet 880A64775B01: 6 eps, rsp=123 bytes[0m
[2026-07-20 12:11:30.759] [0;32mI (259255016) NL_LTPDU: BatchGet 6A76B95FD1DB: 6 eps, rsp=118 bytes[0m
[2026-07-20 12:11:30.759] pTopic:switchlink/B0E9FEC6718C/link_to_nanoleaf_func_resp
[2026-07-20 12:11:30.759] pData:{"msgType":"respond","requestID":"0a6a0c15-3f31-429c-9c76-8dd46382e0b6","deviceId":"880A64775B01","success":true,"errorCode":0,"errorMsg":"","endpoints":[{"endpoint":"ci","value":"{\"animations\":[{\"version\":\"2.0\",\"animName\":\"1\",\"animType\":\"static\",\"animData\":\"1 44637 1 52 198 89 0 20\",\"palette\":[{\"hue\":135,\"saturation\":74,\"brightness\":78,\"probability\":0.0}],\"colorType\":\"HSB\",\"logicalPanelsEnabled\":true},{\"version\":\"2.0\",\"animName\":\"123\",\"animType\":\"static\",\"animData\":\"2 41127 1 254 203 0 0 20 44637 1 52 198 89 0 20\",\"palette\":[{\"hue\":48,\"saturation\":100,\"brightness\":100,\"probability\":0.0},{\"hue\":135,\"saturation\":74,\"brightness\":78,\"probability\":0.0}],\"colorType\":\"HSB\",\"logicalPanelsEnabled\":true},{\"version\":\"2.0\",\"animName\":\"ABC\",\"animType\":\"plugin\",\"colorType\":\"HSB\",\"palette\":[{\"hue\":3,\"saturation\":81,\"brightness\":100,\"probability\":0.0},{\"hue\":135,\"saturation\":74,\"brightness\":78,\"probability\":0.0},{\"hue\":211,\"saturation\":100,\"brightness\":100,\"probability\":0.0}],\"pluginType\":\"color\",\"pluginUuid\":\"b3fd723a-aae8-4c99-bf2b-087159e0ef53\",\"rhythmFeatureSource\":1,\"pluginOptions\":[{\"name\":\"delayTime\",\"value\":0},{\"name\":\"loop\",\"value\":true},{\"name\":\"transTime\",\"value\":90}],\"hasOverlay\":false,\"logicalPanelsEnabled\":true},{\"version\":\"2.0\",\"animName\":\"Blaze\",\"animType\":\"plugin\",\"colorType\":\"HSB\",\"palette\":[{\"hue\":36,\"saturation\":92,\"brightness\":92,\"probability\":0.0},{\"hue\":28,\"saturation\":93,\"brightness\":74,\"probability\":0.0},{\"hue\":29,\"saturation\":93,\"brightness\":52,\"probability\":0.0}],\"pluginType\":\"color\",\"pluginUuid\":\"ba632d3e-9c2b-4413-a965-510c839b3f71\",\"rhythmFeatureSource\":1,\"pluginOptions\":[{\"name\":\"delayTime\",\"value\":0},{\"name\":\"transTime\",\"value\":20}],\"hasOverlay\":false,\"logicalPanelsEnabled\":true},{\"version\":\"2.0\",\"animName\":\"Cocoa Beach\",\"animType\":\"plugin\",\"colorType\":\"HSB\",\"palette\":[{\"hue\":192,\"saturation\":22,\"brightness\":73,\"probability\":0.0},{\"hue\":191,\"saturation\":20,\"brightness\":87,\"probability\":0.0},{\"hue\":0,\"saturation\":0,\"brightness\":100,\"probability\":0.0},{\"hue\":30,\"saturation\":53,\"brightness\":90,\"probability\":0.0},{\"hue\":25,\"saturation\":60,\"brightness\":61,\"probability\":0.0},{\"hue\":20,\"saturation\":52,\"brightness\":35,\"probability\":0.0}],\"pluginType\":\"color\",\"pluginUuid\":\"70b7c636-6bf8-491f-89c1-f4103508d642\",\"rhythmFeatureSource\":1,\"pluginOptions\":[{\"name\":\"delayTime\",\"value\":0},{\"name\":\"mainColorProb\",\"value\":20.989999344348904},{\"name\":\"transTime\",\"value\":24}],\"hasOverlay\":false,\"logicalPanelsEnabled\":true},{\"version\":\"2.0\",\"animName\":\"Cotton Candy\",\"animType\":\"plugin\",\"colorType\":\"HSB\",\"palette\":[{\"hue\":182,\"saturation\":17,\"brightness\":100,\"probability\":0.0},{\"hue\":187,\"saturation\":21,\"brightness\":89,\"probability\":0.0},{\"hue\":201,\"saturation\":64,\"brightness\":96,\"probability\":0.0},{\"hue\":18,\"saturation\":55,\"brightness\":95,\"probability\":0.0},{\"hue\":46,\"saturation\":33,\"brightness\":98,\"probability\":0.0}],\"pluginType\":\"rhythm\",\"pluginUuid\":\"30018343-7587-4152-8d97-1c349ccc3e68\",\"rhythmFeatureSource\":1,\"pluginOptions\":[{\"name\":\"transTime\",\"value\":24}],\"hasOverlay\":false,\"logicalPanelsEnabled\":true},{\"version\":\"2.0\",\"animName\":\"Date Night\",\"animType\":\"plugin\",\"colorType\":\"HSB\",\"palette\":[{\"hue\":10,\"saturation\":40,\"brightness\":98,\"probability\":0.0},{\"hue\":13,\"saturation\":12,\"brightness\":100,\"probability\":0.0},{\"hue\":348,\"saturation\":79,\"brightness\":54,\"probability\":0.0},{\"hue\":10,\"saturation\":56,\"brightness\":74,\"probability\":0.0}],\"pluginType\":\"color\",\"pluginUuid\":\"ba632d3e-9c2b-4413-a965-510c839b3f71\",\"rhythmFeatureSource\":1,\"pluginOptions\":[{\"name\":\"delayTime\",\"value\":0},{\"name\":\"transTime\",\"value\":24}],\"hasOverlay\":false,\"logicalPanelsEnabled\":true},{\"version\":\"2.0\",\"animName\":\"Hh\",\"animType\":\"plugin\",\"colorType\":\"HSB\",\"palette\":[{\"hue\":3,\"saturation\":81,\"brightness\":100,\"probability\":0.0},{\"hue\":135,\"saturation\":74,\"brightness\":78,\"probability\":0.0},{\"hue\":211,\"saturation\":100,\"brightness\":100,\"probability\":0.0}],\"pluginType\":\"color\",\"pluginUuid\":\"a2f3fcdc-dbe2-45cf-ac8b-2a9e5144ac24\",\"rhythmFeatureSource\":1,\"pluginOptions\":[{\"name\":\"delayTime\",\"value\":8},{\"name\":\"loop\",\"value\":true},{\"name\":\"transTime\",\"value\":8}],\"hasOverlay\":false,\"logicalPanelsEnabled\":true},{\"version\":\"2.0\",\"animName\":\"Hip Hop\",\"animType\":\"plugin\",\"colorType\":\"HSB\",\"palette\":[{\"hue\":307,\"saturation\":100,\"brightness\":100,\"probability\":0.0},{\"hue\":291,\"saturation\":100,\"brightness\":100,\"probability\":0.0},{\"hue\":270,\"saturation\":100,\"brightness\":100,\"probability\":0.0},{\"hue\":248,\"saturation\":100,\"brightness\":100,\"probability\":0.0},{\"hue\":206,\"saturation\":100,\"brightness\":100,\"probability\":0.0}],\"pluginType\":\"rhythm\",\"pluginUuid\":\"5cec763a-6f32-45cf-a691-b81e176b6b4a\",\"rhythmFeatureSource\":1,\"hasOverlay\":false,\"logicalPanelsEnabled\":true},{\"version\":\"2.0\",\"animName\":\"Hot Sauce\",\"animType\":\"plugin\",\"colorType\":\"HSB\",\"palette\":[{\"hue\":0,\"saturation\":100,\"brightness\":89,\"probability\":0.0},{\"hue\":27,\"saturation\":100,\"brightness\":100,\"probability\":0.0}],\"pluginType\":\"rhythm\",\"pluginUuid\":\"60333927-cc36-4a5a-a682-9bd114de8bff\",\"rhythmFeatureSource\":1,\"hasOverlay\":false,\"logicalPanelsEnabled\":true},{\"version\":\"2.0\",\"animName\":\"Jungle\",\"animType\":\"plugin\",\"colorType\":\"HSB\",\"palette\":[{\"hue\":70,\"saturation\":25,\"brightness\":100,\"probability\":0.0},{\"hue\":104,\"saturation\":36,\"brightness\":69,\"probability\":0.0},{\"hue\":82,\"saturation\":66,\"brightness\":100,\"probability\":0.0},{\"hue\":90,\"saturation\":100,\"brightness\":33,\"probability\":0.0}],\"pluginType\":\"color\",\"pluginUuid\":\"ba632d3e-9c2b-4413-a965-510c839b3f71\",\"rhythmFeatureSource\":1,\"pluginOptions\":[{\"name\":\"delayTime\",\"value\":0},{\"name\":\"transTime\",\"value\":15}],\"hasOverlay\":false,\"logicalPanelsEnabled\":true},{\"version\":\"2.0\",\"animName\":\"Kk\",\"animType\":\"static\",\"animData\":\"2 44637 1 0 0 0 0 20 30927 1 254 0 0 0 20\",\"palette\":[{\"hue\":0,\"saturation\":0,\"brightness\":0,\"probability\":0.0},{\"hue\":0,\"saturation\":100,\"brightness\":100,\"probability\":0.0}],\"colorType\":\"HSB\",\"logicalPanelsEnabled\":true},{\"version\":\"2.0\",\"animName\":\"Lightscape\",\"animType\":\"plugin\",\"colorType\":\"HSB\",\"palette\":[{\"hue\":158,\"saturation\":100,\"brightness\":100,\"probability\":0.0},{\"hue\":206,\"saturation\":100,\"brightness\":100,\"probability\":0.0},{\"hue\":273,\"saturation\":100,\"brightness\":100,\"probability\":0.0}],\"pluginType\":\"color\",\"pluginUuid\":\"027842e4-e1d6-4a4c-a731-be74a1ebd4cf\",\"rhythmFeatureSource\":1,\"pluginOptions\":[{\"name\":\"delayTime\",\"value\":0},{\"name\":\"linDirection\",\"value\":\"up\"},{\"name\":\"loop\",\"value\":true},{\"name\":\"transTime\",\"value\":24}],\"hasOverlay\":false,\"logicalPanelsEnabled\":true},{\"version\":\"2.0\",\"animName\":\"Morning Sky\",\"animType\":\"plugin\",\"colorType\":\"HSB\",\"palette\":[{\"hue\":193,\"saturation\":27,\"brightness\":94,\"probability\":0.0},{\"hue\":192,\"saturation\":9,\"brightness\":98,\"probability\":0.0},{\"hue\":0,\"saturation\":0,\"brightness\":100,\"probability\":0.0}],\"pluginType\":\"color\",\"pluginUuid\":\"713518c1-d560-47db-8991-de780af71d1e\",\"rhythmFeatureSource\":1,\"pluginOptions\":[{\"name\":\"delayTime\",\"value\":0},{\"name\":\"loop\",\"value\":true},{\"name\":\"transTime\",\"value\":43}],\"hasOverlay\":false,\"logicalPanelsEnabled\":true},{\"version\":\"2.0\",\"animName\":\"Northern Lights\",\"animType\":\"plugin\",\"colorType\":\"HSB\",\"palette\":[{\"hue\":227,\"saturation\":100,\"brightness\":99,\"probability\":0.0},{\"hue\":182,\"saturation\":100,\"brightness\":100,\"probability\":0.0},{\"hue\":125,\"saturation\":100,\"brightness\":93,\"probability\":0.0},{\"hue\":62,\"saturation\":100,\"brightness\":100,\"probability\":0.0},{\"hue\":31,\"saturation\":100,\"brightness\":100,\"probability\":0.0},{\"hue\":2,\"saturation\":100,\"brightness\":100,\"probability\":0.0},{\"hue\":307,\"saturation\":100,\"brightness\":100,\"
[2026-07-20 12:11:31.192] probability\":0.0}],\"pluginType\":\"color\",\"pluginUuid\":\"6970681a-20b5-4c5e-8813-bdaebc4ee4fa\",\"rhythmFeatureSource\":1,\"pluginOptions\":[{\"name\":\"linDirection\",\"value\":\"right\"},{\"name\":\"loop\",\"value\":true},{\"name\":\"nColorsPerFrame\",\"value\":2},{\"name\":\"transTime\",\"value\":20}],\"hasOverlay\":false,\"logicalPanelsEnabled\":true},{\"version\":\"2.0\",\"animName\":\"Pop Rocks\",\"animType\":\"plugin\",\"colorType\":\"HSB\",\"palette\":[{\"hue\":0,\"saturation\":0,\"brightness\":92,\"probability\":0.0},{\"hue\":186,\"saturation\":90,\"brightness\":94,\"probability\":0.0},{\"hue\":48,\"saturation\":77,\"brightness\":98,\"probability\":0.0},{\"hue\":180,\"saturation\":20,\"brightness\":94,\"probability\":0.0},{\"hue\":240,\"saturation\":100,\"brightness\":60,\"probability\":0.0}],\"pluginType\":\"rhythm\",\"pluginUuid\":\"bc6fe7e0-36d4-4f95-aa21-52a386daa9dc\",\"rhythmFeatureSource\":1,\"hasOverlay\":false,\"logicalPanelsEnabled\":true},{\"version\":\"2.0\",\"animName\":\"Prism\",\"animType\":\"plugin\",\"colorType\":\"HSB\",\"palette\":[{\"hue\":111,\"saturation\":96,\"brightness\":100,\"probability\":0.0},{\"hue\":58,\"saturation\":100,\"brightness\":98,\"probability\":0.0},{\"hue\":36,\"saturation\":96,\"brightness\":98,\"probability\":0.0},{\"hue\":295,\"saturation\":100,\"brightness\":98,\"probability\":0.0},{\"hue\":1,\"saturation\":96,\"brightness\":98,\"probability\":0.0},{\"hue\":222,\"saturation\":87,\"brightness\":98,\"probability\":0.0}],\"pluginType\":\"rhythm\",\"pluginUuid\":\"fa0ce428-ad3a-40a9-84e4-1c9316644852\",\"rhythmFeatureSource\":1,\"hasOverlay\":false,\"logicalPanelsEnabled\":true},{\"version\":\"2.0\",\"animName\":\"Starlight\",\"animType\":\"plugin\",\"colorType\":\"HSB\",\"palette\":[{\"hue\":224,\"saturation\":74,\"brightness\":56,\"probability\":0.0},{\"hue\":214,\"saturation\":53,\"brightness\":67,\"probability\":0.0},{\"hue\":57,\"saturation\":28,\"brightness\":81,\"probability\":0.0},{\"hue\":47,\"saturation\":84,\"brightness\":83,\"probability\":0.0}],\"pluginType\":\"color\",\"pluginUuid\":\"70b7c636-6bf8-491f-89c1-f4103508d642\",\"rhythmFeatureSource\":1,\"pluginOptions\":[{\"name\":\"delayTime\",\"value\":15},{\"name\":\"mainColorProb\",\"value\":79.99},{\"name\":\"transTime\",\"value\":24}],\"hasOverlay\":false,\"logicalPanelsEnabled\":true},{\"version\":\"2.0\",\"animName\":\"Sundown\",\"animType\":\"plugin\",\"colorType\":\"HSB\",\"palette\":[{\"hue\":352,\"saturation\":95,\"brightness\":100,\"probability\":0.0},{\"hue\":30,\"saturation\":100,\"brightness\":100,\"probability\":0.0},{\"hue\":43,\"saturation\":83,\"brightness\":100,\"probability\":0.0}],\"pluginType\":\"color\",\"pluginUuid\":\"6970681a-20b5-4c5e-8813-bdaebc4ee4fa\",\"rhythmFeatureSource\":1,\"pluginOptions\":[{\"name\":\"linDirection\",\"value\":\"down\"},{\"name\":\"loop\",\"value\":true},{\"name\":\"nColorsPerFrame\",\"value\":3},{\"name\":\"transTime\",\"value\":24}],\"hasOverlay\":false,\"logicalPanelsEnabled\":true},{\"version\":\"2.0\",\"animName\":\"Vibrant Sunrise\",\"animType\":\"plugin\",\"colorType\":\"HSB\",\"palette\":[{\"hue\":254,\"saturation\":100,\"brightness\":34,\"probability\":0.0},{\"hue\":261,\"saturation\":100,\"brightness\":28,\"probability\":0.0},{\"hue\":6,\"saturation\":100,\"brightness\":40,\"probability\":0.0},{\"hue\":6,\"saturation\":100,\"brightness\":68,\"probability\":0.0},{\"hue\":14,\"saturation\":100,\"brightness\":79,\"probability\":0.0},{\"hue\":25,\"saturation\":100,\"brightness\":93,\"probability\":0.0},{\"hue\":34,\"saturation\":100,\"brightness\":100,\"probability\":0.0},{\"hue\":52,\"saturation\":100,\"brightness\":100,\"probability\":0.0},{\"hue\":0,\"saturation\":0,\"brightness\":100,\"probability\":0.0}],\"pluginType\":\"color\",\"pluginUuid\":\"027842e4-e1d6-4a4c-a731-be74a1ebd4cf\",\"rhythmFeatureSource\":1,\"pluginOptions\":[{\"name\":\"delayTime\",\"value\":0},{\"name\":\"linDirection\",\"value\":\"right\"},{\"name\":\"loop\",\"value\":false},{\"name\":\"transTime\",\"value\":24}],\"hasOverlay\":false,\"logicalPanelsEnabled\":true},{\"version\":\"2.0\",\"animName\":\"Waterfall\",\"animType\":\"plugin\",\"colorType\":\"HSB\",\"palette\":[{\"hue\":0,\"saturation\":0,\"brightness\":100,\"probability\":0.0},{\"hue\":166,\"saturation\":36,\"brightness\":100,\"probability\":0.0},{\"hue\":220,\"saturation\":49,\"brightness\":100,\"probability\":0.0}],\"pluginType\":\"rhythm\",\"pluginUuid\":\"23e70ff4-458c-4852-826f-9315d89ee6ed\",\"rhythmFeatureSource\":1,\"hasOverlay\":false,\"logicalPanelsEnabled\":true},{\"version\":\"2.0\",\"animName\":\"我的涂鸦\",\"animType\":\"static\",\"animData\":\"2 41127 1 254 148 0 0 20 44637 1 254 148 0 0 20\",\"palette\":[{\"hue\":35,\"saturation\":100,\"brightness\":100,\"probability\":0.0}],\"colorType\":\"HSB\",\"logicalPanelsEnabled\":true}]}"}]}
[2026-07-20 12:11:31.192] [0;32mI (259255070) NL_LTPDU: BatchGet 85854B476379: 6 eps, rsp=118 bytes[0m
[2026-07-20 12:11:31.192] 
[2026-07-20 12:11:32.188] Nanoleaf MQTT payload: {"msgType":"control","requestID":"314faa47-14f9-4d0a-bf61-04d8cb4b209e","deviceId":"880A64775B01","endpoint":"di","method":"GET","value":""}
[2026-07-20 12:11:32.188] [0;32mI (259257178) NL_LTPDU: SendCmd POST → 880A64775B01 ep=di[0m
[2026-07-20 12:11:32.188] 
[2026-07-20 12:11:32.685] [0;32mI (259257675) TASK_NL: [1] Cmd rsp(43): [0m
[2026-07-20 12:11:32.685] [0;32mI (259257675) NL_MQTT: PublishRespondData: len=294, pushing to MQTT queue[0m
[2026-07-20 12:11:32.685] 
[2026-07-20 12:11:32.795] pTopic:switchlink/B0E9FEC6718C/link_to_nanoleaf_func_resp
[2026-07-20 12:11:32.795] pData:{"msgType":"respond","requestID":"314faa47-14f9-4d0a-bf61-04d8cb4b209e","deviceId":"880A64775B01","success":true,"errorCode":0,"errorMsg":"","endpoints":[{"endpoint":"di","value":"{\"hwVer\":\"1.6-0\",\"serialNo\":\"S26110H3131\",\"model\":\"2201\",\"boardRev\":\"42\",\"fwVer\":\"12.2.0\"}"}]}
[2026-07-20 12:11:32.795] 
[2026-07-20 12:11:32.919] [0;32mI (259257912) NL_LTPDU: BatchGet 880A64775B01: 6 eps, rsp=123 bytes[0m
[2026-07-20 12:11:32.919] 
[2026-07-20 12:11:35.183] [0;32mI (259260175) NL_LTPDU: BatchGet 3E0AE0494182: 6 eps, rsp=118 bytes[0m
[2026-07-20 12:11:35.183] 
[2026-07-20 12:11:35.586] [0;32mI (259260580) NL_LTPDU: BatchGet 6A76B95FD1DB: 6 eps, rsp=118 bytes[0m
[2026-07-20 12:11:35.586] 
[2026-07-20 12:11:35.647] [0;32mI (259260636) NL_LTPDU: BatchGet 85854B476379: 6 eps, rsp=118 bytes[0m
[2026-07-20 12:11:35.647] 
[2026-07-20 12:11:36.577] free heap: 6299804, minimum free heap: 6033104, Internal 8bit free heap: 72140, 8bit free heap: 6299804The current date/time is: Mon Jul 20 04:11:32 2026
[2026-07-20 12:11:36.577] 
[2026-07-20 12:11:36.577] 
[2026-07-20 12:11:37.770] [0;32mI (259262763) NL_LTPDU: BatchGet 880A64775B01: 6 eps, rsp=123 bytes[0m
[2026-07-20 12:11:37.770] [0;32mI (259262763) TASK_NL: [1] Status changed: on=1 br=50 ct=2187 hu=0 sa=0 eff="我的涂鸦"[0m
[2026-07-20 12:11:37.770] 
[2026-07-20 12:11:37.863] pTopic:switchlink/B0E9FEC6718C/link_to_nanoleaf_property
[2026-07-20 12:11:37.863] pData:{"msgType":"status","deviceId":"880A64775B01","timestamp":1784520697,"endpoints":[{"endpoint":"lb/0/oo","value":true},{"endpoint":"lb/0/pb","value":50},{"endpoint":"lb/0/ct","value":2187},{"endpoint":"lb/0/hu","value":0},{"endpoint":"lb/0/sa","value":0},{"endpoint":"effect/select","value":"我的涂鸦"}]}
[2026-07-20 12:11:37.863] 
[2026-07-20 12:11:42.748] [0;32mI (259267738) NL_LTPDU: BatchGet 3E0AE0494182: 6 eps, rsp=118 bytes[0m
[2026-07-20 12:11:42.748] 
[2026-07-20 12:11:42.811] [0;32mI (259267795) NL_LTPDU: BatchGet 6A76B95FD1DB: 6 eps, rsp=118 bytes[0m
[2026-07-20 12:11:42.811] [0;32mI (259267814) NL_LTPDU: BatchGet 85854B476379: 6 eps, rsp=118 bytes[0m
[2026-07-20 12:11:42.811] 
[2026-07-20 12:11:42.997] [0;32mI (259267984) NL_LTPDU: BatchGet 880A64775B01: 6 eps, rsp=123 bytes[0m
[2026-07-20 12:11:42.997] 
[2026-07-20 12:11:43.136] uart: 130 AT+BCDS ff04000206a5d9ffa 0010B940B0E9FEC6718C48ca43a5b6dc0F09d6000a08973e0d000000000000ff0d0000000000000000000000000000000000ff07
[2026-07-20 12:11:43.136] 
[2026-07-20 12:11:43.136] 
[2026-07-20 12:11:43.136] 
[2026-07-20 12:11:43.324] pTopic:$aws/rules/bi_wifi_data_report/switchlink/B0E9FEC6718C/link_to_shadow
[2026-07-20 12:11:43.324] pData:BCD ff04000206a5d9ffa 0010B940B0E9FEC6718C48ca43a5b6dc0F09d6000a08973e0d000000000000ff0d0000000000000000000000000000000000ff07
[2026-07-20 12:11:43.324] 
[2026-07-20 12:11:44.581] free heap: 6299788, minimum free heap: 6033104, Internal 8bit free heap: 72104, 8bit free heap: 6299788The current date/time is: Mon Jul 20 04:11:40 2026
[2026-07-20 12:11:44.581] 
[2026-07-20 12:11:44.581] 
[2026-07-20 12:11:44.815] [0;32mI (259269785) ROUTE_HOOK: Ignore invalid ICMP packet[0m
[2026-07-20 12:11:44.815] app_to_link:BCD 7304f90307db90214 0010b940B0E9FEC6718C1a570f7205010204964c02970396
[2026-07-20 12:11:44.815] uart: 40 AT+BCDI 7304f9010 0010b940B0E9FEC6718C01
[2026-07-20 12:11:44.815] 
[2026-07-20 12:11:44.815] 
[2026-07-20 12:11:44.815] 
[2026-07-20 12:11:44.940] pTopic:switchlink/B0E9FEC6718C/link_to_app
[2026-07-20 12:11:44.940] pData:BCD 7304f9010 0010b940B0E9FEC6718C01
[2026-07-20 12:11:44.940] 
[2026-07-20 12:11:45.171] [0;32mI (259270156) NL_LTPDU: BatchGet 3E0AE0494182: 6 eps, rsp=118 bytes[0m
[2026-07-20 12:11:45.171] [0;32mI (259270169) NL_LTPDU: BatchGet 6A76B95FD1DB: 6 eps, rsp=118 bytes[0m
[2026-07-20 12:11:45.171] 
[2026-07-20 12:11:45.264] [0;32mI (259270261) NL_LTPDU: BatchGet 85854B476379: 6 eps, rsp=118 bytes[0m
[2026-07-20 12:11:45.264] 
[2026-07-20 12:11:48.184] [0;32mI (259273182) NL_LTPDU: BatchGet 880A64775B01: 6 eps, rsp=123 bytes[0m
[2026-07-20 12:11:48.184] 
[2026-07-20 12:11:50.340] [0;32mI (259275331) NL_LTPDU: BatchGet 3E0AE0494182: 6 eps, rsp=118 bytes[0m
[2026-07-20 12:11:50.340] 
[2026-07-20 12:11:50.389] [0;32mI (259275381) NL_LTPDU: BatchGet 6A76B95FD1DB: 6 eps, rsp=118 bytes[0m
[2026-07-20 12:11:50.389] [0;32mI (259275389) NL_LTPDU: BatchGet 85854B476379: 6 eps, rsp=118 bytes[0m
[2026-07-20 12:11:50.389] 
[2026-07-20 12:11:52.600] free heap: 6299636, minimum free heap: 6033104, Internal 8bit free heap: 71972, 8bit free heap: 6299636The current date/time is: Mon Jul 20 04:11:48 2026
[2026-07-20 12:11:52.600] 
[2026-07-20 12:11:52.600] 
[2026-07-20 12:11:53.296] [0;32mI (259278283) NL_LTPDU: BatchGet 880A64775B01: 6 eps, rsp=123 bytes[0m
[2026-07-20 12:11:53.296] 
[2026-07-20 12:11:55.391] [0;32mI (259280386) NL_LTPDU: BatchGet 3E0AE0494182: 6 eps, rsp=118 bytes[0m
[2026-07-20 12:11:55.391] 
[2026-07-20 12:11:55.562] [0;32mI (259280549) NL_LTPDU: BatchGet 6A76B95FD1DB: 6 eps, rsp=118 bytes[0m
[2026-07-20 12:11:55.562] 
[2026-07-20 12:11:55.608] [0;32mI (259280602) NL_LTPDU: BatchGet 85854B476379: 6 eps, rsp=118 bytes[0m
[2026-07-20 12:11:55.608] 
[2026-07-20 12:11:58.412] [0;32mI (259283406) NL_LTPDU: BatchGet 880A64775B01: 6 eps, rsp=123 bytes[0m
[2026-07-20 12:11:58.412] 
[2026-07-20 12:11:59.895] uart: 79 AT+TEST shadow BCD|010211038|6a5da00a|35b0e9fe527e8301014a6405983c003b01b700|9c
[2026-07-20 12:11:59.895] 
[2026-07-20 12:11:59.895] 
[2026-07-20 12:11:59.895] pTopic:$aws/rules/bi_ble_data_report_arch2/switchlink/B0E9FEC6718C/link_to_status
[2026-07-20 12:11:59.895] pData:{"protocolVersion":1,"count":1,"messages":[{"id":"ccd22831-acef-44c9-9339-0bc5cef2e9e2","eventType":"Wo.Device.DataReport","data":{"deviceID":"b0e9fe527e83","createTime":1784520714,"contentVersion":2,"contentType":"hex","content":"35b0e9fe527e8301014a6405983c003b01b700","seq":156}}]}
[2026-07-20 12:11:59.895] 
[2026-07-20 12:12:00.234] [0;32mI (259285220) NL_LTPDU: BatchGet 3E0AE0494182: 6 eps, rsp=118 bytes[0m
[2026-07-20 12:12:00.234] 
[2026-07-20 12:12:00.312] [0;32mI (259285283) NL_LTPDU: BatchGet 6A76B95FD1DB: 6 eps, rsp=118 bytes[0m
[2026-07-20 12:12:00.312] [0;32mI (259285314) NL_LTPDU: BatchGet 85854B476379: 6 eps, rsp=118 bytes[0m
[2026-07-20 12:12:00.312] 
[2026-07-20 12:12:00.593] free heap: 6299780, minimum free heap: 6033104, Internal 8bit free heap: 72096, 8bit free heap: 6299780The current date/time is: Mon Jul 20 04:11:56 2026
[2026-07-20 12:12:00.593] 
[2026-07-20 12:12:00.593] 
[2026-07-20 12:12:03.210] [0;32mI (259288195) NL_LTPDU: BatchGet 880A64775B01: 6 eps, rsp=123 bytes[0m
[2026-07-20 12:12:03.210] 
[2026-07-20 12:12:05.369] [0;32mI (259290365) NL_LTPDU: BatchGet 3E0AE0494182: 6 eps, rsp=118 bytes[0m
[2026-07-20 12:12:05.369] 
[2026-07-20 12:12:05.524] [0;32mI (259290500) NL_LTPDU: BatchGet 6A76B95FD1DB: 6 eps, rsp=118 bytes[0m
[2026-07-20 12:12:05.524] [0;32mI (259290527) NL_LTPDU: BatchGet 85854B476379: 6 eps, rsp=118 bytes[0m
[2026-07-20 12:12:05.524] 
[2026-07-20 12:12:08.347] [0;32mI (259293344) NL_LTPDU: BatchGet 880A64775B01: 6 eps, rsp=123 bytes[0m
[2026-07-20 12:12:08.347] 
[2026-07-20 12:12:08.597] free heap: 6299784, minimum free heap: 6033104, Internal 8bit free heap: 72096, 8bit free heap: 6299784The current date/time is: Mon Jul 20 04:12:04 2026
[2026-07-20 12:12:08.597] 
[2026-07-20 12:12:08.597] 
[2026-07-20 12:12:10.535] [0;32mI (259295527) NL_LTPDU: BatchGet 3E0AE0494182: 6 eps, rsp=118 bytes[0m
[2026-07-20 12:12:10.535] 
[2026-07-20 12:12:10.705] [0;32mI (259295706) NL_LTPDU: BatchGet 6A76B95FD1DB: 6 eps, rsp=118 bytes[0m
[2026-07-20 12:12:10.705] 
[2026-07-20 12:12:10.736] [0;32mI (259295734) NL_LTPDU: BatchGet 85854B476379: 6 eps, rsp=118 bytes[0m
[2026-07-20 12:12:10.736] 
[2026-07-20 12:12:13.231] [0;32mI (259298221) NL_LTPDU: BatchGet 880A64775B01: 6 eps, rsp=123 bytes[0m
[2026-07-20 12:12:13.231] 
[2026-07-20 12:12:15.743] [0;32mI (259300708) NL_LTPDU: BatchGet 3E0AE0494182: 6 eps, rsp=118 bytes[0m
[2026-07-20 12:12:15.743] [0;32mI (259300738) NL_LTPDU: BatchGet 6A76B95FD1DB: 6 eps, rsp=118 bytes[0m
[2026-07-20 12:12:15.743] 
[2026-07-20 12:12:16.331] [0;32mI (259301322) NL_LTPDU: BatchGet 85854B476379: 6 eps, rsp=118 bytes[0m
[2026-07-20 12:12:16.331] 
[2026-07-20 12:12:16.596] free heap: 6299660, minimum free heap: 6033104, Internal 8bit free heap: 71972, 8bit free heap: 6299660The current date/time is: Mon Jul 20 04:12:12 2026
[2026-07-20 12:12:16.596] 
[2026-07-20 12:12:16.596] 
[2026-07-20 12:12:18.392] [0;32mI (259303383) NL_LTPDU: BatchGet 880A64775B01: 6 eps, rsp=123 bytes[0m
[2026-07-20 12:12:18.392] 
[2026-07-20 12:12:20.494] [0;32mI (259305492) NL_LTPDU: BatchGet 3E0AE0494182: 6 eps, rsp=118 bytes[0m
[2026-07-20 12:12:20.494] 
[2026-07-20 12:12:20.572] [0;32mI (259305553) NL_LTPDU: BatchGet 6A76B95FD1DB: 6 eps, rsp=118 bytes[0m
[2026-07-20 12:12:20.572] [0;32mI (259305564) NL_LTPDU: BatchGet 85854B476379: 6 eps, rsp=118 bytes[0m
[2026-07-20 12:12:20.572] 
[2026-07-20 12:12:23.537] [0;32mI (259308489) NL_LTPDU: BatchGet 880A64775B01: 6 eps, rsp=123 bytes[0m
[2026-07-20 12:12:23.537] [0;32mI (259308489) TASK_NL: [1] Status changed: on=1 br=51 ct=2187 hu=0 sa=0 eff="我的涂鸦"[0m
[2026-07-20 12:12:23.537] pTopic:switchlink/B0E9FEC6718C/link_to_nanoleaf_property
[2026-07-20 12:12:23.537] pData:{"msgType":"status","deviceId":"880A64775B01","timestamp":1784520743,"endpoints":[{"endpoint":"lb/0/oo","value":true},{"endpoint":"lb/0/pb","value":51},{"endpoint":"lb/0/ct","value":2187},{"endpoint":"lb/0/hu","value":0},{"endpoint":"lb/0/sa","value":0},{"endpoint":"effect/select","value":"我的涂鸦"}]}
[2026-07-20 12:12:23.537] 
[2026-07-20 12:12:24.621] free heap: 6300104, minimum free heap: 6033104, Internal 8bit free heap: 72088, 8bit free heap: 6300104The current date/time is: Mon Jul 20 04:12:20 2026
[2026-07-20 12:12:24.621] 
[2026-07-20 12:12:24.621] 
[2026-07-20 12:12:25.617] [0;32mI (259310608) NL_LTPDU: BatchGet 3E0AE0494182: 6 eps, rsp=118 bytes[0m
[2026-07-20 12:12:25.617] [0;32mI (259310617) NL_LTPDU: BatchGet 6A76B95FD1DB: 6 eps, rsp=118 bytes[0m
[2026-07-20 12:12:25.617] 
[2026-07-20 12:12:25.694] [0;32mI (259310685) NL_LTPDU: BatchGet 85854B476379: 6 eps, rsp=118 bytes[0m
[2026-07-20 12:12:25.694] 
[2026-07-20 12:12:28.642] [0;32mI (259313629) NL_LTPDU: BatchGet 880A64775B01: 6 eps, rsp=123 bytes[0m
[2026-07-20 12:12:28.642] 
[2026-07-20 12:12:29.743] uart: 11 AT+MOTION 1
[2026-07-20 12:12:29.743] 
[2026-07-20 12:12:29.743] 
[2026-07-20 12:12:29.743] btn on press
[2026-07-20 12:12:29.743] uart: 130 AT+BCDS ff04000206a5da028 0010B940B0E9FEC6718C48ca43a5b6dc0F09d7200a08973e4d000000000000ff0cff00000000000000000000000000000000ff07
[2026-07-20 12:12:29.743] 
[2026-07-20 12:12:29.743] 
[2026-07-20 12:12:29.743] 
[2026-07-20 12:12:29.806] pTopic:$aws/rules/bi_wifi_data_report/switchlink/B0E9FEC6718C/link_to_shadow
[2026-07-20 12:12:29.806] pData:BCD ff04000206a5da028 0010B940B0E9FEC6718C48ca43a5b6dc0F09d7200a08973e4d000000000000ff0cff00000000000000000000000000000000ff07
[2026-07-20 12:12:29.806] 
[2026-07-20 12:12:30.800] [0;32mI (259315776) NL_LTPDU: BatchGet 3E0AE0494182: 6 eps, rsp=118 bytes[0m
[2026-07-20 12:12:30.800] [0;32mI (259315804) NL_LTPDU: BatchGet 6A76B95FD1DB: 6 eps, rsp=118 bytes[0m
[2026-07-20 12:12:30.800] 
[2026-07-20 12:12:30.846] [0;32mI (259315834) NL_LTPDU: BatchGet 85854B476379: 6 eps, rsp=118 bytes[0m
[2026-07-20 12:12:30.846] 
[2026-07-20 12:12:32.643] free heap: 6300104, minimum free heap: 6033104, Internal 8bit free heap: 72088, 8bit free heap: 6300104The current date/time is: Mon Jul 20 04:12:28 2026
[2026-07-20 12:12:32.643] 
[2026-07-20 12:12:32.643] 
[2026-07-20 12:12:33.404] [0;32mI (259318396) NL_LTPDU: BatchGet 880A64775B01: 6 eps, rsp=123 bytes[0m
[2026-07-20 12:12:33.404] 
[2026-07-20 12:12:35.892] [0;32mI (259320879) NL_LTPDU: BatchGet 3E0AE0494182: 6 eps, rsp=118 bytes[0m
[2026-07-20 12:12:35.892] 
[2026-07-20 12:12:35.969] [0;32mI (259320941) NL_LTPDU: BatchGet 6A76B95FD1DB: 6 eps, rsp=118 bytes[0m
[2026-07-20 12:12:35.969] [0;32mI (259320956) NL_LTPDU: BatchGet 85854B476379: 6 eps, rsp=118 bytes[0m
[2026-07-20 12:12:35.969] [0;32mI (259320957) TASK_NL: [3] Status changed: on=1 br=100 ct=2378 hu=29 sa=80 eff="*Solid*"[0m
[2026-07-20 12:12:35.969] 
[2026-07-20 12:12:36.092] pTopic:switchlink/B0E9FEC6718C/link_to_nanoleaf_property
[2026-07-20 12:12:36.092] pData:{"msgType":"status","deviceId":"85854B476379","timestamp":1784520755,"endpoints":[{"endpoint":"lb/0/oo","value":true},{"endpoint":"lb/0/pb","value":100},{"endpoint":"lb/0/ct","value":2378},{"endpoint":"lb/0/hu","value":29},{"endpoint":"lb/0/sa","value":80},{"endpoint":"effect/select","value":"*Solid*"}]}
[2026-07-20 12:12:36.092] 
[2026-07-20 12:12:38.512] [0;32mI (259323507) NL_LTPDU: BatchGet 880A64775B01: 6 eps, rsp=123 bytes[0m
[2026-07-20 12:12:38.512] [0;32mI (259323507) TASK_NL: [1] Status changed: on=1 br=49 ct=2187 hu=0 sa=0 eff="我的涂鸦"[0m
[2026-07-20 12:12:38.512] 
[2026-07-20 12:12:38.730] pTopic:switchlink/B0E9FEC6718C/link_to_nanoleaf_property
[2026-07-20 12:12:38.730] pData:{"msgType":"status","deviceId":"880A64775B01","timestamp":1784520758,"endpoints":[{"endpoint":"lb/0/oo","value":true},{"endpoint":"lb/0/pb","value":49},{"endpoint":"lb/0/ct","value":2187},{"endpoint":"lb/0/hu","value":0},{"endpoint":"lb/0/sa","value":0},{"endpoint":"effect/select","value":"我的涂鸦"}]}
[2026-07-20 12:12:38.730] 
[2026-07-20 12:12:40.671] free heap: 6246720, minimum free heap: 6033104, Internal 8bit free heap: 71972, 8bit free heap: 6246720The current date/time is: Mon Jul 20 04:12:36 2026
[2026-07-20 12:12:40.671] 
[2026-07-20 12:12:40.671] [0;32mI (259325647) NL_LTPDU: BatchGet 3E0AE0494182: 6 eps, rsp=118 bytes[0m
[2026-07-20 12:12:40.671] [0;32mI (259325659) NL_LTPDU: BatchGet 6A76B95FD1DB: 6 eps, rsp=118 bytes[0m
[2026-07-20 12:12:40.671] [0;32mI (259325668) NL_LTPDU: BatchGet 85854B476379: 6 eps, rsp=118 bytes[0m
[2026-07-20 12:12:40.671] [0;32mI (259325668) TASK_NL: [3] Status changed: on=1 br=90 ct=2378 hu=29 sa=80 eff="*Solid*"[0m
[2026-07-20 12:12:40.671] 
[2026-07-20 12:12:40.780] pTopic:switchlink/B0E9FEC6718C/link_to_nanoleaf_property
[2026-07-20 12:12:40.780] pData:{"msgType":"status","deviceId":"85854B476379","timestamp":1784520760,"endpoints":[{"endpoint":"lb/0/oo","value":true},{"endpoint":"lb/0/pb","value":90},{"endpoint":"lb/0/ct","value":2378},{"endpoint":"lb/0/hu","value":29},{"endpoint":"lb/0/sa","value":80},{"endpoint":"effect/select","value":"*Solid*"}]}
[2026-07-20 12:12:40.780] 
[2026-07-20 12:12:43.715] [0;32mI (259328703) NL_LTPDU: BatchGet 880A64775B01: 6 eps, rsp=123 bytes[0m
[2026-07-20 12:12:43.715] [0;32mI (259328703) TASK_NL: [1] Status changed: on=1 br=50 ct=2187 hu=0 sa=0 eff="我的涂鸦"[0m
[2026-07-20 12:12:43.715] 
[2026-07-20 12:12:43.822] pTopic:switchlink/B0E9FEC6718C/link_to_nanoleaf_property
[2026-07-20 12:12:43.822] pData:{"msgType":"status","deviceId":"880A64775B01","timestamp":1784520763,"endpoints":[{"endpoint":"lb/0/oo","value":true},{"endpoint":"lb/0/pb","value":50},{"endpoint":"lb/0/ct","value":2187},{"endpoint":"lb/0/hu","value":0},{"endpoint":"lb/0/sa","value":0},{"endpoint":"effect/select","value":"我的涂鸦"}]}
[2026-07-20 12:12:43.822] 
[2026-07-20 12:12:45.767] [0;32mI (259330765) NL_LTPDU: BatchGet 3E0AE0494182: 6 eps, rsp=118 bytes[0m
[2026-07-20 12:12:45.767] 
[2026-07-20 12:12:45.813] [0;32mI (259330813) NL_LTPDU: BatchGet 6A76B95FD1DB: 6 eps, rsp=118 bytes[0m
[2026-07-20 12:12:45.813] 
[2026-07-20 12:12:45.891] [0;32mI (259330888) NL_LTPDU: BatchGet 85854B476379: 6 eps, rsp=118 bytes[0m
[2026-07-20 12:12:45.891] 
[2026-07-20 12:12:48.557] [0;32mI (259333552) NL_LTPDU: BatchGet 880A64775B01: 6 eps, rsp=123 bytes[0m
[2026-07-20 12:12:48.557] [0;32mI (259333552) TASK_NL: [1] Status changed: on=1 br=51 ct=2187 hu=0 sa=0 eff="我的涂鸦"[0m
[2026-07-20 12:12:48.557] 
[2026-07-20 12:12:48.697] free heap: 6300132, minimum free heap: 6033104, Internal 8bit free heap: 72132, 8bit free heap: 6300132The current date/time is: Mon Jul 20 04:12:44 2026
[2026-07-20 12:12:48.697] 
[2026-07-20 12:12:48.697] pTopic:switchlink/B0E9FEC6718C/link_to_nanoleaf_property
[2026-07-20 12:12:48.697] pData:{"msgType":"status","deviceId":"880A64775B01","timestamp":1784520768,"endpoints":[{"endpoint":"lb/0/oo","value":true},{"endpoint":"lb/0/pb","value":51},{"endpoint":"lb/0/ct","value":2187},{"endpoint":"lb/0/hu","value":0},{"endpoint":"lb/0/sa","value":0},{"endpoint":"effect/select","value":"我的涂鸦"}]}
[2026-07-20 12:12:48.697] 
[2026-07-20 12:12:50.950] [0;32mI (259335930) NL_LTPDU: BatchGet 3E0AE0494182: 6 eps, rsp=118 bytes[0m
[2026-07-20 12:12:50.950] [0;32mI (259335952) NL_LTPDU: BatchGet 6A76B95FD1DB: 6 eps, rsp=118 bytes[0m
[2026-07-20 12:12:50.950] 
[2026-07-20 12:12:51.059] [0;32mI (259336055) NL_LTPDU: BatchGet 85854B476379: 6 eps, rsp=118 bytes[0m
[2026-07-20 12:12:51.059] 
[2026-07-20 12:12:53.835] [0;32mI (259338826) NL_LTPDU: BatchGet 880A64775B01: 6 eps, rsp=123 bytes[0m
[2026-07-20 12:12:53.835] 
[2026-07-20 12:12:56.037] [0;32mI (259341027) NL_LTPDU: BatchGet 3E0AE0494182: 6 eps, rsp=118 bytes[0m
[2026-07-20 12:12:56.037] 
[2026-07-20 12:12:56.100] [0;32mI (259341092) NL_LTPDU: BatchGet 6A76B95FD1DB: 6 eps, rsp=118 bytes[0m
[2026-07-20 12:12:56.100] 
[2026-07-20 12:12:56.131] [0;32mI (259341129) NL_LTPDU: BatchGet 85854B476379: 6 eps, rsp=118 bytes[0m
[2026-07-20 12:12:56.131] 
[2026-07-20 12:12:56.643] free heap: 6300108, minimum free heap: 6033104, Internal 8bit free heap: 72132, 8bit free heap: 6300108The current date/time is: Mon Jul 20 04:12:52 2026
[2026-07-20 12:12:56.643] 
[2026-07-20 12:12:56.643] 
[2026-07-20 12:12:58.971] [0;32mI (259343964) NL_LTPDU: BatchGet 880A64775B01: 6 eps, rsp=123 bytes[0m
[2026-07-20 12:12:58.971] 
[2026-07-20 12:13:00.907] [0;32mI (259345904) NL_LTPDU: BatchGet 3E0AE0494182: 6 eps, rsp=118 bytes[0m
[2026-07-20 12:13:00.907] 
[2026-07-20 12:13:00.985] [0;32mI (259345977) NL_LTPDU: BatchGet 6A76B95FD1DB: 6 eps, rsp=118 bytes[0m
[2026-07-20 12:13:00.985] 
[2026-07-20 12:13:01.031] [0;32mI (259346029) NL_LTPDU: BatchGet 85854B476379: 6 eps, rsp=118 bytes[0m
[2026-07-20 12:13:01.031] 
[2026-07-20 12:13:03.772] [0;32mI (259348766) NL_LTPDU: BatchGet 880A64775B01: 6 eps, rsp=123 bytes[0m
[2026-07-20 12:13:03.772] 
[2026-07-20 12:13:04.686] free heap: 6300008, minimum free heap: 6033104, Internal 8bit free heap: 72008, 8bit free heap: 6300008The current date/time is: Mon Jul 20 04:13:00 2026
[2026-07-20 12:13:04.686] 
[2026-07-20 12:13:04.686] 
[2026-07-20 12:13:06.100] [0;32mI (259351099) NL_LTPDU: BatchGet 3E0AE0494182: 6 eps, rsp=118 bytes[0m
[2026-07-20 12:13:06.100] 
[2026-07-20 12:13:06.193] [0;32mI (259351193) NL_LTPDU: BatchGet 6A76B95FD1DB: 6 eps, rsp=118 bytes[0m
[2026-07-20 12:13:06.193] 
[2026-07-20 12:13:06.271] [0;32mI (259351266) NL_LTPDU: BatchGet 85854B476379: 6 eps, rsp=118 bytes[0m
[2026-07-20 12:13:06.271] 
[2026-07-20 12:13:08.902] [0;32mI (259353897) NL_LTPDU: BatchGet 880A64775B01: 6 eps, rsp=123 bytes[0m
[2026-07-20 12:13:08.902] 
[2026-07-20 12:13:09.151] uart: 11 AT+MOTION 0
[2026-07-20 12:13:09.151] 
[2026-07-20 12:13:09.151] 
[2026-07-20 12:13:09.151] btn on press
[2026-07-20 12:13:09.151] uart: 130 AT+BCDS ff04000206a5da050 0010B940B0E9FEC6718C48ca43a5b6dc0F09d8000a08973e4d000000000000ff0cfc00000000000000000000000000000000ff07
[2026-07-20 12:13:09.151] 
[2026-07-20 12:13:09.151] 
[2026-07-20 12:13:09.151] 
[2026-07-20 12:13:09.293] pTopic:$aws/rules/bi_wifi_data_report/switchlink/B0E9FEC6718C/link_to_shadow
[2026-07-20 12:13:09.293] pData:BCD ff04000206a5da050 0010B940B0E9FEC6718C48ca43a5b6dc0F09d8000a08973e4d000000000000ff0cfc00000000000000000000000000000000ff07
[2026-07-20 12:13:09.293] 
[2026-07-20 12:13:10.981] [0;32mI (259355923) NL_LTPDU: BatchGet 3E0AE0494182: 6 eps, rsp=118 bytes[0m
[2026-07-20 12:13:10.981] [0;32mI (259355963) NL_LTPDU: BatchGet 6A76B95FD1DB: 6 eps, rsp=118 bytes[0m
[2026-07-20 12:13:10.981] [0;32mI (259355975) NL_LTPDU: BatchGet 85854B476379: 6 eps, rsp=118 bytes[0m
[2026-07-20 12:13:10.981] 
[2026-07-20 12:13:12.701] free heap: 6300108, minimum free heap: 6033104, Internal 8bit free heap: 72132, 8bit free heap: 6300108The current date/time is: Mon Jul 20 04:13:08 2026
[2026-07-20 12:13:12.701] 
[2026-07-20 12:13:12.701] 
[2026-07-20 12:13:14.083] [0;32mI (259359076) NL_LTPDU: BatchGet 880A64775B01: 6 eps, rsp=123 bytes[0m
[2026-07-20 12:13:14.083] 
[2026-07-20 12:13:15.134] uart: 19 AT+TEMPHUMI +236 61
[2026-07-20 12:13:15.134] 
[2026-07-20 12:13:15.134] 
[2026-07-20 12:13:15.134] temp_ep:65535,temp_data:2360 humi_ep:65535,humi_data:6100
[2026-07-20 12:13:15.134] 
[2026-07-20 12:13:15.134] 
[2026-07-20 12:13:16.063] [0;32mI (259361059) NL_LTPDU: BatchGet 3E0AE0494182: 6 eps, rsp=118 bytes[0m
[2026-07-20 12:13:16.063] 
[2026-07-20 12:13:16.202] [0;32mI (259361167) NL_LTPDU: BatchGet 6A76B95FD1DB: 6 eps, rsp=118 bytes[0m
[2026-07-20 12:13:16.202] [0;32mI (259361198) NL_LTPDU: BatchGet 85854B476379: 6 eps, rsp=118 bytes[0m
[2026-07-20 12:13:16.202] 
[2026-07-20 12:13:18.864] [0;32mI (259363860) NL_LTPDU: BatchGet 880A64775B01: 6 eps, rsp=123 bytes[0m
[2026-07-20 12:13:18.864] [0;32mI (259363860) TASK_NL: [1] Status changed: on=1 br=52 ct=2187 hu=0 sa=0 eff="我的涂鸦"[0m
[2026-07-20 12:13:18.864] 
[2026-07-20 12:13:19.019] pTopic:switchlink/B0E9FEC6718C/link_to_nanoleaf_property
[2026-07-20 12:13:19.019] pData:{"msgType":"status","deviceId":"880A64775B01","timestamp":1784520798,"endpoints":[{"endpoint":"lb/0/oo","value":true},{"endpoint":"lb/0/pb","value":52},{"endpoint":"lb/0/ct","value":2187},{"endpoint":"lb/0/hu","value":0},{"endpoint":"lb/0/sa","value":0},{"endpoint":"effect/select","value":"我的涂鸦"}]}
[2026-07-20 12:13:19.019] 
[2026-07-20 12:13:20.712] free heap: 6300008, minimum free heap: 6033104, Internal 8bit free heap: 72008, 8bit free heap: 6300008The current date/time is: Mon Jul 20 04:13:16 2026
[2026-07-20 12:13:20.712] 
[2026-07-20 12:13:20.712] 
[2026-07-20 12:13:21.257] [0;32mI (259366259) NL_LTPDU: BatchGet 3E0AE0494182: 6 eps, rsp=118 bytes[0m
[2026-07-20 12:13:21.257] 
[2026-07-20 12:13:21.288] [0;32mI (259366287) NL_LTPDU: BatchGet 6A76B95FD1DB: 6 eps, rsp=118 bytes[0m
[2026-07-20 12:13:21.288] 
[2026-07-20 12:13:21.319] [0;32mI (259366317) NL_LTPDU: BatchGet 85854B476379: 6 eps, rsp=118 bytes[0m
[2026-07-20 12:13:21.319] 
[2026-07-20 12:13:23.987] [0;32mI (259368981) NL_LTPDU: BatchGet 880A64775B01: 6 eps, rsp=123 bytes[0m
[2026-07-20 12:13:23.987] 
[2026-07-20 12:13:26.007] uart: 11 AT+MOTION 1
[2026-07-20 12:13:26.007] 
[2026-07-20 12:13:26.007] 
[2026-07-20 12:13:26.007] btn on press
[2026-07-20 12:13:26.007] uart: 130 AT+BCDS ff04000206a5da060 0010B940B0E9FEC6718C48ca43a5b6dc0F09d9200a06973d4d000000000000ff0d0000000000000000000000000000000000ff07
[2026-07-20 12:13:26.007] 
[2026-07-20 12:13:26.007] 
[2026-07-20 12:13:26.007] 
[2026-07-20 12:13:26.098] pTopic:$aws/rules/bi_wifi_data_report/switchlink/B0E9FEC6718C/link_to_shadow
[2026-07-20 12:13:26.098] pData:BCD ff04000206a5da060 0010B940B0E9FEC6718C48ca43a5b6dc0F09d9200a06973d4d000000000000ff0d0000000000000000000000000000000000ff07
[2026-07-20 12:13:26.098] 
[2026-07-20 12:13:26.409] [0;32mI (259371397) NL_LTPDU: BatchGet 3E0AE0494182: 6 eps, rsp=118 bytes[0m
[2026-07-20 12:13:26.409] 
[2026-07-20 12:13:26.918] [0;32mI (259371895) NL_LTPDU: BatchGet 6A76B95FD1DB: 6 eps, rsp=118 bytes[0m
[2026-07-20 12:13:26.918] [0;32mI (259371915) NL_LTPDU: BatchGet 85854B476379: 6 eps, rsp=118 bytes[0m
[2026-07-20 12:13:26.918] 
[2026-07-20 12:13:28.717] free heap: 6300316, minimum free heap: 6033104, Internal 8bit free heap: 72104, 8bit free heap: 6300316The current date/time is: Mon Jul 20 04:13:24 2026
[2026-07-20 12:13:28.717] 
[2026-07-20 12:13:28.717] 
[2026-07-20 12:13:29.134] [0;32mI (259374132) NL_LTPDU: BatchGet 880A64775B01: 6 eps, rsp=123 bytes[0m
[2026-07-20 12:13:29.134] 
[2026-07-20 12:13:31.196] [0;32mI (259376199) NL_LTPDU: BatchGet 3E0AE0494182: 6 eps, rsp=118 bytes[0m
[2026-07-20 12:13:31.196] 
[2026-07-20 12:13:31.243] [0;32mI (259376235) NL_LTPDU: BatchGet 6A76B95FD1DB: 6 eps, rsp=118 bytes[0m
[2026-07-20 12:13:31.243] [0;32mI (259376246) NL_LTPDU: BatchGet 85854B476379: 6 eps, rsp=118 bytes[0m
[2026-07-20 12:13:31.243] 
[2026-07-20 12:13:34.021] [0;32mI (259379010) NL_LTPDU: BatchGet 880A64775B01: 6 eps, rsp=123 bytes[0m
[2026-07-20 12:13:34.021] [0;32mI (259379011) TASK_NL: [1] Status changed: on=1 br=53 ct=2187 hu=0 sa=0 eff="我的涂鸦"[0m
[2026-07-20 12:13:34.021] 
[2026-07-20 12:13:34.191] pTopic:switchlink/B0E9FEC6718C/link_to_nanoleaf_property
[2026-07-20 12:13:34.191] pData:{"msgType":"status","deviceId":"880A64775B01","timestamp":1784520813,"endpoints":[{"endpoint":"lb/0/oo","value":true},{"endpoint":"lb/0/pb","value":53},{"endpoint":"lb/0/ct","value":2187},{"endpoint":"lb/0/hu","value":0},{"endpoint":"lb/0/sa","value":0},{"endpoint":"effect/select","value":"我的涂鸦"}]}
[2026-07-20 12:13:34.191] 
[2026-07-20 12:13:36.435] [0;32mI (259381400) NL_LTPDU: BatchGet 3E0AE0494182: 6 eps, rsp=118 bytes[0m
[2026-07-20 12:13:36.435] [0;32mI (259381419) NL_LTPDU: BatchGet 6A76B95FD1DB: 6 eps, rsp=118 bytes[0m
[2026-07-20 12:13:36.435] [0;32mI (259381428) NL_LTPDU: BatchGet 85854B476379: 6 eps, rsp=118 bytes[0m
[2026-07-20 12:13:36.435] 
[2026-07-20 12:13:36.716] free heap: 6300284, minimum free heap: 6033104, Internal 8bit free heap: 72096, 8bit free heap: 6300284The current date/time is: Mon Jul 20 04:13:32 2026
[2026-07-20 12:13:36.716] 
[2026-07-20 12:13:36.716] 
[2026-07-20 12:13:39.120] [0;32mI (259384122) NL_LTPDU: BatchGet 880A64775B01: 6 eps, rsp=123 bytes[0m
[2026-07-20 12:13:39.120] 
[2026-07-20 12:13:41.274] [0;32mI (259386274) NL_LTPDU: BatchGet 3E0AE0494182: 6 eps, rsp=118 bytes[0m
[2026-07-20 12:13:41.274] 
[2026-07-20 12:13:41.351] [0;32mI (259386353) NL_LTPDU: BatchGet 6A76B95FD1DB: 6 eps, rsp=118 bytes[0m
[2026-07-20 12:13:41.351] 
[2026-07-20 12:13:41.567] [0;32mI (259386556) NL_LTPDU: BatchGet 85854B476379: 6 eps, rsp=118 bytes[0m
[2026-07-20 12:13:41.567] 
[2026-07-20 12:13:44.295] [0;32mI (259389287) NL_LTPDU: BatchGet 880A64775B01: 6 eps, rsp=123 bytes[0m
[2026-07-20 12:13:44.295] 
[2026-07-20 12:13:44.713] free heap: 6300220, minimum free heap: 6033104, Internal 8bit free heap: 72008, 8bit free heap: 6300220The current date/time is: Mon Jul 20 04:13:40 2026
[2026-07-20 12:13:44.713] 
[2026-07-20 12:13:44.713] 
[2026-07-20 12:13:46.491] [0;32mI (259391466) NL_LTPDU: BatchGet 3E0AE0494182: 6 eps, rsp=118 bytes[0m
[2026-07-20 12:13:46.491] [0;32mI (259391488) NL_LTPDU: BatchGet 6A76B95FD1DB: 6 eps, rsp=118 bytes[0m
[2026-07-20 12:13:46.491] 
[2026-07-20 12:13:46.768] [0;32mI (259391757) NL_LTPDU: BatchGet 85854B476379: 6 eps, rsp=118 bytes[0m
[2026-07-20 12:13:46.768] 
[2026-07-20 12:13:49.409] [0;32mI (259394408) NL_LTPDU: BatchGet 880A64775B01: 6 eps, rsp=123 bytes[0m
[2026-07-20 12:13:49.409] 
[2026-07-20 12:13:51.518] [0;32mI (259396521) NL_LTPDU: BatchGet 3E0AE0494182: 6 eps, rsp=118 bytes[0m
[2026-07-20 12:13:51.518] 
[2026-07-20 12:13:51.674] [0;32mI (259396676) NL_LTPDU: BatchGet 6A76B95FD1DB: 6 eps, rsp=118 bytes[0m
[2026-07-20 12:13:51.674] 
[2026-07-20 12:13:52.278] [0;32mI (259397269) NL_LTPDU: BatchGet 85854B476379: 6 eps, rsp=118 bytes[0m
[2026-07-20 12:13:52.278] 
[2026-07-20 12:13:52.729] free heap: 6300196, minimum free heap: 6033104, Internal 8bit free heap: 72008, 8bit free heap: 6300196The current date/time is: Mon Jul 20 04:13:48 2026
[2026-07-20 12:13:52.729] 
[2026-07-20 12:13:52.729] 
[2026-07-20 12:13:54.022] Nanoleaf MQTT payload: {"msgType":"control","requestID":"db52b657-dd6b-4792-921d-7d181cd885c5","deviceId":"880A64775B01","endpoint":"lb/0/oo","method":"POST","value":false}
[2026-07-20 12:13:54.022] 
[2026-07-20 12:13:54.115] [0;32mI (259399112) NL_LTPDU: SendCmd POST → 880A64775B01 ep=lb/0/oo[0m
[2026-07-20 12:13:54.115] 
[2026-07-20 12:13:54.591] pTopic:switchlink/B0E9FEC6718C/link_to_nanoleaf_func_resp
[2026-07-20 12:13:54.591] pData:{"msgType":"respond","requestID":"db52b657-dd6b-4792-921d-7d181cd885c5","deviceId":"880A64775B01","success":true,"errorCode":0,"errorMsg":""}
[2026-07-20 12:13:54.591] 
[2026-07-20 12:13:55.210] [0;32mI (259400152) NL_LTPDU: BatchGet 880A64775B01: 6 eps, rsp=123 bytes[0m
[2026-07-20 12:13:55.210] [0;32mI (259400152) TASK_NL: [1] Status changed: on=0 br=53 ct=2187 hu=0 sa=0 eff="我的涂鸦"[0m
[2026-07-20 12:13:55.210] pTopic:switchlink/B0E9FEC6718C/link_to_nanoleaf_property
[2026-07-20 12:13:55.210] pData:{"msgType":"status","deviceId":"880A64775B01","timestamp":1784520835,"endpoints":[{"endpoint":"lb/0/oo","value":false},{"endpoint":"lb/0/pb","value":53},{"endpoint":"lb/0/ct","value":2187},{"endpoint":"lb/0/hu","value":0},{"endpoint":"lb/0/sa","value":0},{"endpoint":"effect/select","value":"我的涂鸦"}]}
[2026-07-20 12:13:55.210] 
[2026-07-20 12:13:56.418] [0;32mI (259401410) NL_LTPDU: BatchGet 3E0AE0494182: 6 eps, rsp=118 bytes[0m
[2026-07-20 12:13:56.418] 
[2026-07-20 12:13:56.511] [0;32mI (259401508) NL_LTPDU: BatchGet 6A76B95FD1DB: 6 eps, rsp=118 bytes[0m
[2026-07-20 12:13:56.511] 
[2026-07-20 12:13:56.557] [0;32mI (259401546) NL_LTPDU: BatchGet 85854B476379: 6 eps, rsp=118 bytes[0m
[2026-07-20 12:13:56.557] 
[2026-07-20 12:13:58.787] Nanoleaf MQTT payload: {"msgType":"control","requestID":"eb798e6f-2cd4-4700-b5ba-f112ef17c184","deviceId":"85854B476379","endpoint":"lb/0/oo","method":"POST","value":false}
[2026-07-20 12:13:58.787] 
[2026-07-20 12:13:58.849] [0;32mI (259403846) NL_LTPDU: SendCmd POST → 85854B476379 ep=lb/0/oo[0m
[2026-07-20 12:13:58.849] 
[2026-07-20 12:13:59.266] pTopic:switchlink/B0E9FEC6718C/link_to_nanoleaf_func_resp
[2026-07-20 12:13:59.266] pData:{"msgType":"respond","requestID":"eb798e6f-2cd4-4700-b5ba-f112ef17c184","deviceId":"85854B476379","success":true,"errorCode":0,"errorMsg":""}
[2026-07-20 12:13:59.266] 
[2026-07-20 12:13:59.389] [0;32mI (259404376) NL_LTPDU: BatchGet 85854B476379: 6 eps, rsp=118 bytes[0m
[2026-07-20 12:13:59.389] [0;32mI (259404377) TASK_NL: [3] Status changed: on=0 br=90 ct=2378 hu=29 sa=80 eff="*Solid*"[0m
[2026-07-20 12:13:59.389] 
[2026-07-20 12:13:59.482] pTopic:switchlink/B0E9FEC6718C/link_to_nanoleaf_property
[2026-07-20 12:13:59.482] pData:{"msgType":"status","deviceId":"85854B476379","timestamp":1784520839,"endpoints":[{"endpoint":"lb/0/oo","value":false},{"endpoint":"lb/0/pb","value":90},{"endpoint":"lb/0/ct","value":2378},{"endpoint":"lb/0/hu","value":29},{"endpoint":"lb/0/sa","value":80},{"endpoint":"effect/select","value":"*Solid*"}]}
[2026-07-20 12:13:59.482] 
[2026-07-20 12:13:59.650] [0;32mI (259404654) NL_LTPDU: BatchGet 880A64775B01: 6 eps, rsp=123 bytes[0m
[2026-07-20 12:13:59.650] 
[2026-07-20 12:14:00.732] free heap: 6300344, minimum free heap: 6033104, Internal 8bit free heap: 72132, 8bit free heap: 6300344The current date/time is: Mon Jul 20 04:13:56 2026
[2026-07-20 12:14:00.732] 
[2026-07-20 12:14:00.732] 
[2026-07-20 12:14:01.529] [0;32mI (259406529) NL_LTPDU: BatchGet 3E0AE0494182: 6 eps, rsp=118 bytes[0m
[2026-07-20 12:14:01.529] 
[2026-07-20 12:14:01.698] [0;32mI (259406696) NL_LTPDU: BatchGet 6A76B95FD1DB: 6 eps, rsp=118 bytes[0m
[2026-07-20 12:14:01.698] 
[2026-07-20 12:14:04.117] [0;32mI (259409120) NL_LTPDU: BatchGet 85854B476379: 6 eps, rsp=118 bytes[0m
[2026-07-20 12:14:04.117] 
[2026-07-20 12:14:05.419] [0;32mI (259410423) NL_LTPDU: BatchGet 880A64775B01: 6 eps, rsp=123 bytes[0m
[2026-07-20 12:14:05.419] 
[2026-07-20 12:14:06.735] [0;32mI (259411709) NL_LTPDU: BatchGet 3E0AE0494182: 6 eps, rsp=118 bytes[0m
[2026-07-20 12:14:06.735] [0;32mI (259411732) NL_LTPDU: BatchGet 6A76B95FD1DB: 6 eps, rsp=118 bytes[0m
[2026-07-20 12:14:06.735] 
[2026-07-20 12:14:07.165] uart: 11 AT+MOTION 0
[2026-07-20 12:14:07.165] 
[2026-07-20 12:14:07.165] 
[2026-07-20 12:14:07.165] btn on press
[2026-07-20 12:14:07.165] uart: 130 AT+BCDS ff04000206a5da08a 0010B940B0E9FEC6718C48ca43a5b6dc0F09da000a06973d4d000000000000ff0cfe00000000000000000000000000000000ff07
[2026-07-20 12:14:07.165] 
[2026-07-20 12:14:07.165] 
[2026-07-20 12:14:07.165] pTopic:$aws/rules/bi_wifi_data_report/switchlink/B0E9FEC6718C/link_to_shadow
[2026-07-20 12:14:07.165] pData:BCD ff04000206a5da08a 0010B940B0E9FEC6718C48ca43a5b6dc0F09da000a06973d4d000000000000ff0cfe00000000000000000000000000000000ff07
[2026-07-20 12:14:07.165] 
[2026-07-20 12:14:08.758] free heap: 6300220, minimum free heap: 6033104, Internal 8bit free heap: 72008, 8bit free heap: 6300220The current date/time is: Mon Jul 20 04:14:04 2026
[2026-07-20 12:14:08.758] 
[2026-07-20 12:14:08.758] 
[2026-07-20 12:14:09.237] [0;32mI (259414233) NL_LTPDU: BatchGet 85854B476379: 6 eps, rsp=118 bytes[0m
[2026-07-20 12:14:09.237] 
[2026-07-20 12:14:09.314] uart: 11 AT+MOTION 1
[2026-07-20 12:14:09.314] 
[2026-07-20 12:14:09.314] 
[2026-07-20 12:14:09.314] btn on press
[2026-07-20 12:14:09.314] uart: 130 AT+BCDS ff04000206a5da08c 0010B940B0E9FEC6718C48ca43a5b6dc0F09db200a06973d4d000000000000ff0cfb00000000000000000000000000000000ff07
[2026-07-20 12:14:09.314] 
[2026-07-20 12:14:09.314] 
[2026-07-20 12:14:09.314] 
[2026-07-20 12:14:09.391] pTopic:$aws/rules/bi_wifi_data_report/switchlink/B0E9FEC6718C/link_to_shadow
[2026-07-20 12:14:09.391] pData:BCD ff04000206a5da08c 0010B940B0E9FEC6718C48ca43a5b6dc0F09db200a06973d4d000000000000ff0cfb00000000000000000000000000000000ff07
[2026-07-20 12:14:09.391] 
[2026-07-20 12:14:09.655] [0;32mI (259414645) NL_LTPDU: BatchGet 880A64775B01: 6 eps, rsp=123 bytes[0m
[2026-07-20 12:14:09.655] 
[2026-07-20 12:14:11.859] [0;32mI (259416850) NL_LTPDU: BatchGet 3E0AE0494182: 6 eps, rsp=118 bytes[0m
[2026-07-20 12:14:11.859] 
[2026-07-20 12:14:11.907] [0;32mI (259416909) NL_LTPDU: BatchGet 6A76B95FD1DB: 6 eps, rsp=118 bytes[0m
[2026-07-20 12:14:11.907] 
[2026-07-20 12:14:14.500] [0;32mI (259419494) NL_LTPDU: BatchGet 85854B476379: 6 eps, rsp=118 bytes[0m
[2026-07-20 12:14:14.500] 
[2026-07-20 12:14:14.807] [0;32mI (259419803) NL_LTPDU: BatchGet 880A64775B01: 6 eps, rsp=123 bytes[0m
[2026-07-20 12:14:14.807] 
[2026-07-20 12:14:16.682] [0;32mI (259421652) NL_LTPDU: BatchGet 3E0AE0494182: 6 eps, rsp=118 bytes[0m
[2026-07-20 12:14:16.682] [0;32mI (259421681) NL_LTPDU: BatchGet 6A76B95FD1DB: 6 eps, rsp=118 bytes[0m
[2026-07-20 12:14:16.682] 
[2026-07-20 12:14:16.759] free heap: 6300312, minimum free heap: 6033104, Internal 8bit free heap: 72124, 8bit free heap: 6300312The current date/time is: Mon Jul 20 04:14:12 2026
[2026-07-20 12:14:16.759] 
[2026-07-20 12:14:16.759] 
[2026-07-20 12:14:19.518] [0;32mI (259424519) NL_LTPDU: BatchGet 85854B476379: 6 eps, rsp=118 bytes[0m
[2026-07-20 12:14:19.518] 
[2026-07-20 12:14:19.921] [0;32mI (259424923) NL_LTPDU: BatchGet 880A64775B01: 6 eps, rsp=123 bytes[0m
[2026-07-20 12:14:19.921] 
[2026-07-20 12:14:21.810] [0;32mI (259426801) NL_LTPDU: BatchGet 3E0AE0494182: 6 eps, rsp=118 bytes[0m
[2026-07-20 12:14:21.810] 
[2026-07-20 12:14:21.871] [0;32mI (259426875) NL_LTPDU: BatchGet 6A76B95FD1DB: 6 eps, rsp=118 bytes[0m
[2026-07-20 12:14:21.871] 
[2026-07-20 12:14:24.671] [0;32mI (259429664) NL_LTPDU: BatchGet 85854B476379: 6 eps, rsp=118 bytes[0m
[2026-07-20 12:14:24.671] 
[2026-07-20 12:14:24.763] free heap: 6300336, minimum free heap: 6033104, Internal 8bit free heap: 72124, 8bit free heap: 6300336The current date/time is: Mon Jul 20 04:14:20 2026
[2026-07-20 12:14:24.763] 
[2026-07-20 12:14:24.763] 
[2026-07-20 12:14:25.057] [0;32mI (259430056) NL_LTPDU: BatchGet 880A64775B01: 6 eps, rsp=123 bytes[0m
[2026-07-20 12:14:25.057] 
[2026-07-20 12:14:26.997] [0;32mI (259432000) NL_LTPDU: BatchGet 3E0AE0494182: 6 eps, rsp=118 bytes[0m
[2026-07-20 12:14:26.997] 
[2026-07-20 12:14:27.106] [0;32mI (259432097) NL_LTPDU: BatchGet 6A76B95FD1DB: 6 eps, rsp=118 bytes[0m
[2026-07-20 12:14:27.106] 
[2026-07-20 12:14:29.447] [0;32mI (259434409) NL_LTPDU: BatchGet 85854B476379: 6 eps, rsp=118 bytes[0m
[2026-07-20 12:14:29.447] [0;32mI (259434445) ROUTE_HOOK: Received RIO[0m
[2026-07-20 12:14:29.447] [0;32mI (259434445) ROUTE_HOOK: prefix FDEA:C98F:38B2:1:: lifetime 1800[0m
[2026-07-20 12:14:29.447] 
[2026-07-20 12:14:29.899] [0;32mI (259434889) NL_LTPDU: BatchGet 880A64775B01: 6 eps, rsp=123 bytes[0m
[2026-07-20 12:14:29.899] 
[2026-07-20 12:14:32.130] [0;32mI (259437120) NL_LTPDU: BatchGet 3E0AE0494182: 6 eps, rsp=118 bytes[0m
[2026-07-20 12:14:32.130] 
[2026-07-20 12:14:32.596] [0;32mI (259437591) NL_LTPDU: BatchGet 6A76B95FD1DB: 6 eps, rsp=118 bytes[0m
[2026-07-20 12:14:32.596] 
[2026-07-20 12:14:32.766] free heap: 6300188, minimum free heap: 6033104, Internal 8bit free heap: 72000, 8bit free heap: 6300188The current date/time is: Mon Jul 20 04:14:28 2026
[2026-07-20 12:14:32.766] 
[2026-07-20 12:14:32.766] 
[2026-07-20 12:14:35.018] [0;32mI (259440013) NL_LTPDU: BatchGet 85854B476379: 6 eps, rsp=118 bytes[0m
[2026-07-20 12:14:35.018] 
[2026-07-20 12:14:35.902] [0;32mI (259440894) NL_LTPDU: BatchGet 880A64775B01: 6 eps, rsp=123 bytes[0m
[2026-07-20 12:14:35.902] 
[2026-07-20 12:14:36.830] [0;32mI (259441830) NL_LTPDU: BatchGet 3E0AE0494182: 6 eps, rsp=118 bytes[0m
[2026-07-20 12:14:36.830] 
[2026-07-20 12:14:36.892] [0;32mI (259441893) NL_LTPDU: BatchGet 6A76B95FD1DB: 6 eps, rsp=118 bytes[0m
[2026-07-20 12:14:36.892] 
[2026-07-20 12:14:39.682] [0;32mI (259444687) NL_LTPDU: BatchGet 85854B476379: 6 eps, rsp=118 bytes[0m
[2026-07-20 12:14:39.682] 
[2026-07-20 12:14:40.253] [0;32mI (259445254) NL_LTPDU: BatchGet 880A64775B01: 6 eps, rsp=123 bytes[0m
[2026-07-20 12:14:40.253] 
[2026-07-20 12:14:40.765] free heap: 6300348, minimum free heap: 6033104, Internal 8bit free heap: 72132, 8bit free heap: 6300348The current date/time is: Mon Jul 20 04:14:36 2026
[2026-07-20 12:14:40.765] 
[2026-07-20 12:14:40.765] 
[2026-07-20 12:14:41.940] [0;32mI (259446936) NL_LTPDU: BatchGet 3E0AE0494182: 6 eps, rsp=118 bytes[0m
[2026-07-20 12:14:41.940] 
[2026-07-20 12:14:42.018] [0;32mI (259447017) NL_LTPDU: BatchGet 6A76B95FD1DB: 6 eps, rsp=118 bytes[0m
[2026-07-20 12:14:42.018] 
[2026-07-20 12:14:44.560] [0;32mI (259449559) NL_LTPDU: BatchGet 85854B476379: 6 eps, rsp=118 bytes[0m
[2026-07-20 12:14:44.560] 
[2026-07-20 12:14:45.380] [0;32mI (259450373) NL_LTPDU: BatchGet 880A64775B01: 6 eps, rsp=123 bytes[0m
[2026-07-20 12:14:45.380] 
[2026-07-20 12:14:46.820] [0;32mI (259451815) NL_LTPDU: BatchGet 3E0AE0494182: 6 eps, rsp=118 bytes[0m
[2026-07-20 12:14:46.820] 
[2026-07-20 12:14:46.912] [0;32mI (259451908) NL_LTPDU: BatchGet 6A76B95FD1DB: 6 eps, rsp=118 bytes[0m
[2026-07-20 12:14:46.912] 
[2026-07-20 12:14:48.789] free heap: 6300348, minimum free heap: 6033104, Internal 8bit free heap: 72132, 8bit free heap: 6300348The current date/time is: Mon Jul 20 04:14:44 2026
[2026-07-20 12:14:48.789] 
[2026-07-20 12:14:48.789] 
[2026-07-20 12:14:49.737] [0;32mI (259454736) NL_LTPDU: BatchGet 85854B476379: 6 eps, rsp=118 bytes[0m
[2026-07-20 12:14:49.737] 
[2026-07-20 12:14:50.605] [0;32mI (259455595) NL_LTPDU: BatchGet 880A64775B01: 6 eps, rsp=123 bytes[0m
[2026-07-20 12:14:50.605] 
[2026-07-20 12:14:51.982] [0;32mI (259456986) NL_LTPDU: BatchGet 3E0AE0494182: 6 eps, rsp=118 bytes[0m
[2026-07-20 12:14:51.982] 
[2026-07-20 12:14:52.107] [0;32mI (259457097) NL_LTPDU: BatchGet 6A76B95FD1DB: 6 eps, rsp=118 bytes[0m
[2026-07-20 12:14:52.107] 
[2026-07-20 12:14:54.836] [0;32mI (259459840) NL_LTPDU: BatchGet 85854B476379: 6 eps, rsp=118 bytes[0m
[2026-07-20 12:14:54.836] 
[2026-07-20 12:14:55.655] [0;32mI (259460658) NL_LTPDU: BatchGet 880A64775B01: 6 eps, rsp=123 bytes[0m
[2026-07-20 12:14:55.655] 
[2026-07-20 12:14:56.819] free heap: 6300224, minimum free heap: 6033104, Internal 8bit free heap: 72008, 8bit free heap: 6300224The current date/time is: Mon Jul 20 04:14:52 2026
[2026-07-20 12:14:56.819] 
[2026-07-20 12:14:56.819] 
[2026-07-20 12:14:57.115] [0;32mI (259462109) NL_LTPDU: BatchGet 3E0AE0494182: 6 eps, rsp=118 bytes[0m
[2026-07-20 12:14:57.115] 
[2026-07-20 12:14:57.162] [0;32mI (259462161) NL_LTPDU: BatchGet 6A76B95FD1DB: 6 eps, rsp=118 bytes[0m
[2026-07-20 12:14:57.162] 
[2026-07-20 12:14:57.480] �
